bus_100011,bus_100221,bus_100251,bus_100331,bus_100351,bus_100931,bus_102281,bus_103441,bus_105251,bus_105581,bus_105701,bus_106001,bus_106771,bus_107501,bus_110161,bus_130001,bus_131751,bus_133661,bus_134201,bus_134461,bus_135041,bus_200001,bus_200071,bus_200261,bus_201361,bus_204901,bus_211211,bus_211651,bus_216471,bus_230171,bus_230541,bus_230601,bus_232301,bus_232631,bus_233771,bus_251601,bus_252891,bus_253751,bus_253851,bus_254001,bus_254031,bus_254391,bus_255951,bus_255981,bus_256181,bus_256751,bus_257141,bus_257301,bus_258301,bus_261001,bus_261161,bus_261331,bus_262011,bus_280781,bus_280991,bus_281221,bus_283651,bus_284011,bus_284741,bus_285491,bus_286671,bus_300011,bus_301441,bus_301461,bus_301721,bus_301741,bus_302051,bus_302071,bus_302201,bus_302211,bus_303741,bus_400011,bus_400031,bus_400041,bus_400061,bus_400071,bus_400081,bus_400501,bus_401601,bus_401621,bus_401681,bus_401691,bus_402791,bus_402811,bus_403671,bus_403691,bus_403911,bus_405951,bus_406021,bus_406911,bus_407871,bus_408441,bus_408811,bus_409611,bus_409941,bus_500001,bus_500071,bus_500241,bus_500991,bus_501961,bus_503161,bus_530001,bus_530021,bus_530121,bus_532171,bus_600001,bus_600031,bus_601941,bus_605141,bus_605771,bus_606631,bus_700001,bus_700161,bus_700631,bus_701551,bus_701721,bus_740011,bus_740531,bus_741041,bus_741321,bus_742351,bus_770011,bus_771731,bus_772611,bus_800071
0.0,0.0,0.0,2339.3376,0.0,45478.65120000001,17388.8664,1119.9432,0.0,1741.4640000000002,291.91200000000003,0.0,2528.4768000000004,66942.4752,94917.52320000001,1568.3424,0.0,6971.6184,0.0,20230.7088,125266.5936,0.0,1211.9712,4467.9408,15486.427199999996,0.0,0.0,0.0,0.0,0.0,1186.3536000000001,3747.0887999999995,2067.3168,0.0,0.0,0.0,0.0,0.0,0.0,0.0,0.0,0.0,0.0,0.0,0.0,0.0,0.0,0.0,0.0,0.0,0.0,0.0,0.0,0.0,0.0,0.0,0.0,88.8072,549.7367999999999,0.0,0.0,658.8096,0.0,0.0,0.0,0.0,0.0,0.0,10561.9608,0.0,0.0,0.0,0.0,92.23680000000002,992.2752,0.0,2605.2048,0.0,0.0,0.0,0.0,0.0,0.0,0.0,0.0,0.0,0.0,0.0,0.0,0.0,7829.3112,0.0,0.0,0.0,0.0,0.0,824.6687999999999,0.0,0.0144,1775.6112,1573.6607999999999,0.0,0.0,0.0,678.2376,113.64000000000001,905.2968000000001,228.22799999999998,22.317600000000002,0.0,166.0416,1968.1008,0.0,0.0,0.0,705.3335999999999,1987.6584000000003,1783.4184,1412.5056,568.2048,16945.4712,0.0,0.0,4697.7528,0.0912
0.0,0.0,0.0,2339.3376,0.0,45478.65120000001,17388.8664,1119.9432,0.0,1741.4640000000002,291.91200000000003,0.0,2528.4768000000004,66942.4752,94917.52320000001,1568.3424,0.0,6971.6184,0.0,20230.7088,125266.5936,0.0,1211.9712,4467.9408,15486.427199999996,0.0,0.0,0.0,0.0,0.0,1186.3536000000001,3747.0887999999995,2067.3168,0.0,0.0,0.0,0.0,0.0,0.0,0.0,0.0,0.0,0.0,0.0,0.0,0.0,0.0,0.0,0.0,0.0,0.0,0.0,0.0,0.0,0.0,0.0,0.0,88.8072,549.7367999999999,0.0,0.0,658.8096,0.0,0.0,0.0,0.0,0.0,0.0,10561.9608,0.0,0.0,0.0,0.0,92.23680000000002,992.2752,0.0,2605.2048,0.0,0.0,0.0,0.0,0.0,0.0,0.0,0.0,0.0,0.0,0.0,0.0,0.0,7829.3112,0.0,0.0,0.0,0.0,0.0,824.6687999999999,0.0,0.0144,1775.6112,1573.6607999999999,0.0,0.0,0.0,678.2376,113.64000000000001,905.2968000000001,228.22799999999998,22.317600000000002,0.0,166.0416,1968.1008,0.0,0.0,0.0,705.3335999999999,1987.6584000000003,1783.4184,1412.5056,568.2048,16945.4712,0.0,0.0,4697.7528,0.0912
0.0,0.0,0.0,2339.3376,0.0,45478.65120000001,17388.8664,1119.9432,0.0,1741.4640000000002,291.91200000000003,0.0,2528.4768000000004,66942.4752,94917.52320000001,1568.3424,0.0,6971.6184,0.0,20230.7088,125266.5936,0.0,1211.9712,4467.9408,15486.427199999996,0.0,0.0,0.0,0.0,0.0,1186.3536000000001,3747.0887999999995,2067.3168,0.0,0.0,0.0,0.0,0.0,0.0,0.0,0.0,0.0,0.0,0.0,0.0,0.0,0.0,0.0,0.0,0.0,0.0,0.0,0.0,0.0,0.0,0.0,0.0,88.8072,549.7367999999999,0.0,0.0,658.8096,0.0,0.0,0.0,0.0,0.0,0.0,10561.9608,0.0,0.0,0.0,0.0,92.23680000000002,992.2752,0.0,2605.2048,0.0,0.0,0.0,0.0,0.0,0.0,0.0,0.0,0.0,0.0,0.0,0.0,0.0,7829.3112,0.0,0.0,0.0,0.0,0.0,824.6687999999999,0.0,0.0144,1775.6112,1573.6607999999999,0.0,0.0,0.0,678.2376,113.64000000000001,905.2968000000001,228.22799999999998,22.317600000000002,0.0,166.0416,1968.1008,0.0,0.0,0.0,705.3335999999999,1987.6584000000003,1783.4184,1412.5056,568.2048,16945.4712,0.0,0.0,4697.7528,0.0912
0.0,0.0,0.0,2339.3376,0.0,45478.65120000001,17388.8664,1119.9432,0.0,1741.4640000000002,291.91200000000003,0.0,2528.4768000000004,66942.4752,94917.52320000001,1568.3424,0.0,6971.6184,0.0,20230.7088,125266.5936,0.0,1211.9712,4467.9408,15486.427199999996,0.0,0.0,0.0,0.0,0.0,1186.3536000000001,3747.0887999999995,2067.3168,0.0,0.0,0.0,0.0,0.0,0.0,0.0,0.0,0.0,0.0,0.0,0.0,0.0,0.0,0.0,0.0,0.0,0.0,0.0,0.0,0.0,0.0,0.0,0.0,88.8072,549.7367999999999,0.0,0.0,658.8096,0.0,0.0,0.0,0.0,0.0,0.0,10561.9608,0.0,0.0,0.0,0.0,92.23680000000002,992.2752,0.0,2605.2048,0.0,0.0,0.0,0.0,0.0,0.0,0.0,0.0,0.0,0.0,0.0,0.0,0.0,7829.3112,0.0,0.0,0.0,0.0,0.0,824.6687999999999,0.0,0.0144,1775.6112,1573.6607999999999,0.0,0.0,0.0,678.2376,113.64000000000001,905.2968000000001,228.22799999999998,22.317600000000002,0.0,166.0416,1968.1008,0.0,0.0,0.0,705.3335999999999,1987.6584000000003,1783.4184,1412.5056,568.2048,16945.4712,0.0,0.0,4697.7528,0.0912
0.0,0.0,0.0,2339.3376,0.0,45478.65120000001,17388.8664,1119.9432,0.0,1741.4640000000002,291.91200000000003,0.0,2528.4768000000004,66942.4752,94917.52320000001,1568.3424,0.0,6971.6184,0.0,20230.7088,125266.5936,0.0,1211.9712,4467.9408,15486.427199999996,0.0,0.0,0.0,0.0,0.0,1186.3536000000001,3747.0887999999995,2067.3168,0.0,0.0,0.0,0.0,0.0,0.0,0.0,0.0,0.0,0.0,0.0,0.0,0.0,0.0,0.0,0.0,0.0,0.0,0.0,0.0,0.0,0.0,0.0,0.0,88.8072,549.7367999999999,0.0,0.0,658.8096,0.0,0.0,0.0,0.0,0.0,0.0,10561.9608,0.0,0.0,0.0,0.0,92.23680000000002,992.2752,0.0,2605.2048,0.0,0.0,0.0,0.0,0.0,0.0,0.0,0.0,0.0,0.0,0.0,0.0,0.0,7829.3112,0.0,0.0,0.0,0.0,0.0,824.6687999999999,0.0,0.0144,1775.6112,1573.6607999999999,0.0,0.0,0.0,678.2376,113.64000000000001,905.2968000000001,228.22799999999998,22.317600000000002,0.0,166.0416,1968.1008,0.0,0.0,0.0,705.3335999999999,1987.6584000000003,1783.4184,1412.5056,568.2048,16945.4712,0.0,0.0,4697.7528,0.0912
0.0,0.0,0.0,2339.3376,0.0,45478.65120000001,17388.8664,1119.9432,0.0,1741.4640000000002,291.91200000000003,0.0,2528.4768000000004,66942.4752,94917.52320000001,1568.3424,0.0,6971.6184,0.0,20230.7088,125266.5936,0.0,1211.9712,4467.9408,15486.427199999996,0.0,0.0,0.0,0.0,0.0,1186.3536000000001,3747.0887999999995,2067.3168,0.0,0.0,0.0,0.0,0.0,0.0,0.0,0.0,0.0,0.0,0.0,0.0,0.0,0.0,0.0,0.0,0.0,0.0,0.0,0.0,0.0,0.0,0.0,0.0,88.8072,549.7367999999999,0.0,0.0,658.8096,0.0,0.0,0.0,0.0,0.0,0.0,10561.9608,0.0,0.0,0.0,0.0,92.23680000000002,992.2752,0.0,2605.2048,0.0,0.0,0.0,0.0,0.0,0.0,0.0,0.0,0.0,0.0,0.0,0.0,0.0,7829.3112,0.0,0.0,0.0,0.0,0.0,824.6687999999999,0.0,0.0144,1775.6112,1573.6607999999999,0.0,0.0,0.0,678.2376,113.64000000000001,905.2968000000001,228.22799999999998,22.317600000000002,0.0,166.0416,1968.1008,0.0,0.0,0.0,705.3335999999999,1987.6584000000003,1783.4184,1412.5056,568.2048,16945.4712,0.0,0.0,4697.7528,0.0912
0.0,0.0,0.0,2339.3376,0.0,45478.65120000001,17388.8664,1119.9432,0.0,1741.4640000000002,291.91200000000003,0.0,2528.4768000000004,66942.4752,94917.52320000001,1568.3424,0.0,6971.6184,0.0,20230.7088,125266.5936,0.0,1211.9712,4467.9408,15486.427199999996,0.0,0.0,0.0,0.0,0.0,1186.3536000000001,3747.0887999999995,2067.3168,0.0,0.0,0.0,0.0,0.0,0.0,0.0,0.0,0.0,0.0,0.0,0.0,0.0,0.0,0.0,0.0,0.0,0.0,0.0,0.0,0.0,0.0,0.0,0.0,88.8072,549.7367999999999,0.0,0.0,658.8096,0.0,0.0,0.0,0.0,0.0,0.0,10561.9608,0.0,0.0,0.0,0.0,92.23680000000002,992.2752,0.0,2605.2048,0.0,0.0,0.0,0.0,0.0,0.0,0.0,0.0,0.0,0.0,0.0,0.0,0.0,7829.3112,0.0,0.0,0.0,0.0,0.0,824.6687999999999,0.0,0.0144,1775.6112,1573.6607999999999,0.0,0.0,0.0,678.2376,113.64000000000001,905.2968000000001,228.22799999999998,22.317600000000002,0.0,166.0416,1968.1008,0.0,0.0,0.0,705.3335999999999,1987.6584000000003,1783.4184,1412.5056,568.2048,16945.4712,0.0,0.0,4697.7528,0.0912
0.0,0.0,0.0,2007.2736,0.0,36050.57040000001,15000.369599999998,966.4416,0.0,1698.3336000000002,309.6,0.0,3086.2727999999997,65284.459200000005,94357.3392,982.7951999999999,0.0,5085.8592,0.0,23695.4232,131548.78319999998,0.0,696.54,3448.2384,12204.535199999998,0.0,0.0,0.0,0.0,0.0,1143.168,3610.6752000000006,2208.1464,0.0,0.0,0.0,0.0,0.0,0.0,0.0,0.0,0.0,0.0,0.0,0.0,0.0,0.0,0.0,0.0,0.0,0.0,0.0,0.0,0.0,0.0,0.0,0.0,102.92160000000001,561.4416000000001,0.0,0.0,570.6672,0.0,0.0,0.0,0.0,0.0,0.0,10781.380799999999,0.0,0.0,0.0,0.0,95.544,1012.8888,0.0,2659.3248,0.0,0.0,0.0,0.0,0.0,0.0,0.0,0.0,0.0,0.0,0.0,0.0,0.0,14592.7824,0.0,0.0,0.0,0.0,0.0,842.8464,0.0,0.1488,1827.3240000000005,1597.6704,0.0,0.0,0.0,716.1216,123.52320000000002,952.3488,228.36,22.332,0.0,194.25360000000003,2011.4784,0.0,0.0,0.0,691.1736,2195.0399999999995,2167.9344,1443.6432,526.3368,20683.739999999998,0.0,0.0,4464.1464,0.0888
0.0,0.0,0.0,2007.2736,0.0,36050.57040000001,15000.369599999998,966.4416,0.0,1698.3336000000002,309.6,0.0,3086.2727999999997,65284.459200000005,94357.3392,982.7951999999999,0.0,5085.8592,0.0,23695.4232,131548.78319999998,0.0,696.54,3448.2384,12204.535199999998,0.0,0.0,0.0,0.0,0.0,1143.168,3610.6752000000006,2208.1464,0.0,0.0,0.0,0.0,0.0,0.0,0.0,0.0,0.0,0.0,0.0,0.0,0.0,0.0,0.0,0.0,0.0,0.0,0.0,0.0,0.0,0.0,0.0,0.0,102.92160000000001,561.4416000000001,0.0,0.0,570.6672,0.0,0.0,0.0,0.0,0.0,0.0,10781.380799999999,0.0,0.0,0.0,0.0,95.544,1012.8888,0.0,2659.3248,0.0,0.0,0.0,0.0,0.0,0.0,0.0,0.0,0.0,0.0,0.0,0.0,0.0,14592.7824,0.0,0.0,0.0,0.0,0.0,842.8464,0.0,0.1488,1827.3240000000005,1597.6704,0.0,0.0,0.0,716.1216,123.52320000000002,952.3488,228.36,22.332,0.0,194.25360000000003,2011.4784,0.0,0.0,0.0,691.1736,2195.0399999999995,2167.9344,1443.6432,526.3368,20683.739999999998,0.0,0.0,4464.1464,0.0888
0.0,0.0,0.0,2007.2736,0.0,36050.57040000001,15000.369599999998,966.4416,0.0,1698.3336000000002,309.6,0.0,3086.2727999999997,65284.459200000005,94357.3392,982.7951999999999,0.0,5085.8592,0.0,23695.4232,131548.78319999998,0.0,696.54,3448.2384,12204.535199999998,0.0,0.0,0.0,0.0,0.0,1143.168,3610.6752000000006,2208.1464,0.0,0.0,0.0,0.0,0.0,0.0,0.0,0.0,0.0,0.0,0.0,0.0,0.0,0.0,0.0,0.0,0.0,0.0,0.0,0.0,0.0,0.0,0.0,0.0,102.92160000000001,561.4416000000001,0.0,0.0,570.6672,0.0,0.0,0.0,0.0,0.0,0.0,10781.380799999999,0.0,0.0,0.0,0.0,95.544,1012.8888,0.0,2659.3248,0.0,0.0,0.0,0.0,0.0,0.0,0.0,0.0,0.0,0.0,0.0,0.0,0.0,14592.7824,0.0,0.0,0.0,0.0,0.0,842.8464,0.0,0.1488,1827.3240000000005,1597.6704,0.0,0.0,0.0,716.1216,123.52320000000002,952.3488,228.36,22.332,0.0,194.25360000000003,2011.4784,0.0,0.0,0.0,691.1736,2195.0399999999995,2167.9344,1443.6432,526.3368,20683.739999999998,0.0,0.0,4464.1464,0.0888
0.0,0.0,0.0,2007.2736,0.0,36050.57040000001,15000.369599999998,966.4416,0.0,1698.3336000000002,309.6,0.0,3086.2727999999997,65284.459200000005,94357.3392,982.7951999999999,0.0,5085.8592,0.0,23695.4232,131548.78319999998,0.0,696.54,3448.2384,12204.535199999998,0.0,0.0,0.0,0.0,0.0,1143.168,3610.6752000000006,2208.1464,0.0,0.0,0.0,0.0,0.0,0.0,0.0,0.0,0.0,0.0,0.0,0.0,0.0,0.0,0.0,0.0,0.0,0.0,0.0,0.0,0.0,0.0,0.0,0.0,102.92160000000001,561.4416000000001,0.0,0.0,570.6672,0.0,0.0,0.0,0.0,0.0,0.0,10781.380799999999,0.0,0.0,0.0,0.0,95.544,1012.8888,0.0,2659.3248,0.0,0.0,0.0,0.0,0.0,0.0,0.0,0.0,0.0,0.0,0.0,0.0,0.0,14592.7824,0.0,0.0,0.0,0.0,0.0,842.8464,0.0,0.1488,1827.3240000000005,1597.6704,0.0,0.0,0.0,716.1216,123.52320000000002,952.3488,228.36,22.332,0.0,194.25360000000003,2011.4784,0.0,0.0,0.0,691.1736,2195.0399999999995,2167.9344,1443.6432,526.3368,20683.739999999998,0.0,0.0,4464.1464,0.0888
0.0,0.0,0.0,2007.2736,0.0,36050.57040000001,15000.369599999998,966.4416,0.0,1698.3336000000002,309.6,0.0,3086.2727999999997,65284.459200000005,94357.3392,982.7951999999999,0.0,5085.8592,0.0,23695.4232,131548.78319999998,0.0,696.54,3448.2384,12204.535199999998,0.0,0.0,0.0,0.0,0.0,1143.168,3610.6752000000006,2208.1464,0.0,0.0,0.0,0.0,0.0,0.0,0.0,0.0,0.0,0.0,0.0,0.0,0.0,0.0,0.0,0.0,0.0,0.0,0.0,0.0,0.0,0.0,0.0,0.0,102.92160000000001,561.4416000000001,0.0,0.0,570.6672,0.0,0.0,0.0,0.0,0.0,0.0,10781.380799999999,0.0,0.0,0.0,0.0,95.544,1012.8888,0.0,2659.3248,0.0,0.0,0.0,0.0,0.0,0.0,0.0,0.0,0.0,0.0,0.0,0.0,0.0,14592.7824,0.0,0.0,0.0,0.0,0.0,842.8464,0.0,0.1488,1827.3240000000005,1597.6704,0.0,0.0,0.0,716.1216,123.52320000000002,952.3488,228.36,22.332,0.0,194.25360000000003,2011.4784,0.0,0.0,0.0,691.1736,2195.0399999999995,2167.9344,1443.6432,526.3368,20683.739999999998,0.0,0.0,4464.1464,0.0888
0.0,0.0,0.0,2007.2736,0.0,36050.57040000001,15000.369599999998,966.4416,0.0,1698.3336000000002,309.6,0.0,3086.2727999999997,65284.459200000005,94357.3392,982.7951999999999,0.0,5085.8592,0.0,23695.4232,131548.78319999998,0.0,696.54,3448.2384,12204.535199999998,0.0,0.0,0.0,0.0,0.0,1143.168,3610.6752000000006,2208.1464,0.0,0.0,0.0,0.0,0.0,0.0,0.0,0.0,0.0,0.0,0.0,0.0,0.0,0.0,0.0,0.0,0.0,0.0,0.0,0.0,0.0,0.0,0.0,0.0,102.92160000000001,561.4416000000001,0.0,0.0,570.6672,0.0,0.0,0.0,0.0,0.0,0.0,10781.380799999999,0.0,0.0,0.0,0.0,95.544,1012.8888,0.0,2659.3248,0.0,0.0,0.0,0.0,0.0,0.0,0.0,0.0,0.0,0.0,0.0,0.0,0.0,14592.7824,0.0,0.0,0.0,0.0,0.0,842.8464,0.0,0.1488,1827.3240000000005,1597.6704,0.0,0.0,0.0,716.1216,123.52320000000002,952.3488,228.36,22.332,0.0,194.25360000000003,2011.4784,0.0,0.0,0.0,691.1736,2195.0399999999995,2167.9344,1443.6432,526.3368,20683.739999999998,0.0,0.0,4464.1464,0.0888
0.0,0.0,0.0,2007.2736,0.0,36050.57040000001,15000.369599999998,966.4416,0.0,1698.3336000000002,309.6,0.0,3086.2727999999997,65284.459200000005,94357.3392,982.7951999999999,0.0,5085.8592,0.0,23695.4232,131548.78319999998,0.0,696.54,3448.2384,12204.535199999998,0.0,0.0,0.0,0.0,0.0,1143.168,3610.6752000000006,2208.1464,0.0,0.0,0.0,0.0,0.0,0.0,0.0,0.0,0.0,0.0,0.0,0.0,0.0,0.0,0.0,0.0,0.0,0.0,0.0,0.0,0.0,0.0,0.0,0.0,102.92160000000001,561.4416000000001,0.0,0.0,570.6672,0.0,0.0,0.0,0.0,0.0,0.0,10781.380799999999,0.0,0.0,0.0,0.0,95.544,1012.8888,0.0,2659.3248,0.0,0.0,0.0,0.0,0.0,0.0,0.0,0.0,0.0,0.0,0.0,0.0,0.0,14592.7824,0.0,0.0,0.0,0.0,0.0,842.8464,0.0,0.1488,1827.3240000000005,1597.6704,0.0,0.0,0.0,716.1216,123.52320000000002,952.3488,228.36,22.332,0.0,194.25360000000003,2011.4784,0.0,0.0,0.0,691.1736,2195.0399999999995,2167.9344,1443.6432,526.3368,20683.739999999998,0.0,0.0,4464.1464,0.0888
0.0,0.0,0.0,2354.2224,0.0,45862.6152,15132.789599999998,969.6384,0.0,1784.5944,309.6,0.0,3646.7255999999998,68600.4936,100434.33599999998,1845.924,0.0,6639.0216,0.0,25429.692000000003,133795.33680000002,0.0,1496.7168,3284.1984000000007,10928.853599999999,0.0,0.0,0.0,0.0,0.0,1077.432,3403.0559999999996,2136.4992,0.0,0.0,0.0,0.0,0.0,0.0,0.0,0.0,0.0,0.0,0.0,0.0,0.0,0.0,0.0,0.0,0.0,0.0,0.0,0.0,0.0,0.0,0.0,0.0,92.8392,563.4624,0.0,0.0,524.3063999999999,0.0,0.0,0.0,0.0,0.0,0.0,10811.2992,0.0,0.0,0.0,0.0,98.07119999999999,1015.7016000000001,0.0,2666.7048,0.0,0.0,0.0,0.0,0.0,0.0,0.0,0.0,0.0,0.0,0.0,0.0,0.0,13698.004799999999,0.0,0.0,0.0,0.0,0.0,895.6632,0.0,0.0504,1929.7415999999998,1618.404,0.0,0.0,0.0,706.14,135.612,957.9192,286.87199999999996,28.0512,0.0,170.9232,2137.5311999999994,0.0,0.0,0.0,715.1591999999999,2362.0224000000003,2531.0784000000003,1534.104,759.5999999999999,24716.291999999998,0.0,0.0,5796.1656,0.0744
0.0,0.0,0.0,2354.2224,0.0,45862.6152,15132.789599999998,969.6384,0.0,1784.5944,309.6,0.0,3646.7255999999998,68600.4936,100434.33599999998,1845.924,0.0,6639.0216,0.0,25429.692000000003,133795.33680000002,0.0,1496.7168,3284.1984000000007,10928.853599999999,0.0,0.0,0.0,0.0,0.0,1077.432,3403.0559999999996,2136.4992,0.0,0.0,0.0,0.0,0.0,0.0,0.0,0.0,0.0,0.0,0.0,0.0,0.0,0.0,0.0,0.0,0.0,0.0,0.0,0.0,0.0,0.0,0.0,0.0,92.8392,563.4624,0.0,0.0,524.3063999999999,0.0,0.0,0.0,0.0,0.0,0.0,10811.2992,0.0,0.0,0.0,0.0,98.07119999999999,1015.7016000000001,0.0,2666.7048,0.0,0.0,0.0,0.0,0.0,0.0,0.0,0.0,0.0,0.0,0.0,0.0,0.0,13698.004799999999,0.0,0.0,0.0,0.0,0.0,895.6632,0.0,0.0504,1929.7415999999998,1618.404,0.0,0.0,0.0,706.14,135.612,957.9192,286.87199999999996,28.0512,0.0,170.9232,2137.5311999999994,0.0,0.0,0.0,715.1591999999999,2362.0224000000003,2531.0784000000003,1534.104,759.5999999999999,24716.291999999998,0.0,0.0,5796.1656,0.0744
0.0,0.0,0.0,2354.2224,0.0,45862.6152,15132.789599999998,969.6384,0.0,1784.5944,309.6,0.0,3646.7255999999998,68600.4936,100434.33599999998,1845.924,0.0,6639.0216,0.0,25429.692000000003,133795.33680000002,0.0,1496.7168,3284.1984000000007,10928.853599999999,0.0,0.0,0.0,0.0,0.0,1077.432,3403.0559999999996,2136.4992,0.0,0.0,0.0,0.0,0.0,0.0,0.0,0.0,0.0,0.0,0.0,0.0,0.0,0.0,0.0,0.0,0.0,0.0,0.0,0.0,0.0,0.0,0.0,0.0,92.8392,563.4624,0.0,0.0,524.3063999999999,0.0,0.0,0.0,0.0,0.0,0.0,10811.2992,0.0,0.0,0.0,0.0,98.07119999999999,1015.7016000000001,0.0,2666.7048,0.0,0.0,0.0,0.0,0.0,0.0,0.0,0.0,0.0,0.0,0.0,0.0,0.0,13698.004799999999,0.0,0.0,0.0,0.0,0.0,895.6632,0.0,0.0504,1929.7415999999998,1618.404,0.0,0.0,0.0,706.14,135.612,957.9192,286.87199999999996,28.0512,0.0,170.9232,2137.5311999999994,0.0,0.0,0.0,715.1591999999999,2362.0224000000003,2531.0784000000003,1534.104,759.5999999999999,24716.291999999998,0.0,0.0,5796.1656,0.0744
0.0,0.0,0.0,2354.2224,0.0,45862.6152,15132.789599999998,969.6384,0.0,1784.5944,309.6,0.0,3646.7255999999998,68600.4936,100434.33599999998,1845.924,0.0,6639.0216,0.0,25429.692000000003,133795.33680000002,0.0,1496.7168,3284.1984000000007,10928.853599999999,0.0,0.0,0.0,0.0,0.0,1077.432,3403.0559999999996,2136.4992,0.0,0.0,0.0,0.0,0.0,0.0,0.0,0.0,0.0,0.0,0.0,0.0,0.0,0.0,0.0,0.0,0.0,0.0,0.0,0.0,0.0,0.0,0.0,0.0,92.8392,563.4624,0.0,0.0,524.3063999999999,0.0,0.0,0.0,0.0,0.0,0.0,10811.2992,0.0,0.0,0.0,0.0,98.07119999999999,1015.7016000000001,0.0,2666.7048,0.0,0.0,0.0,0.0,0.0,0.0,0.0,0.0,0.0,0.0,0.0,0.0,0.0,13698.004799999999,0.0,0.0,0.0,0.0,0.0,895.6632,0.0,0.0504,1929.7415999999998,1618.404,0.0,0.0,0.0,706.14,135.612,957.9192,286.87199999999996,28.0512,0.0,170.9232,2137.5311999999994,0.0,0.0,0.0,715.1591999999999,2362.0224000000003,2531.0784000000003,1534.104,759.5999999999999,24716.291999999998,0.0,0.0,5796.1656,0.0744
0.0,0.0,0.0,2354.2224,0.0,45862.6152,15132.789599999998,969.6384,0.0,1784.5944,309.6,0.0,3646.7255999999998,68600.4936,100434.33599999998,1845.924,0.0,6639.0216,0.0,25429.692000000003,133795.33680000002,0.0,1496.7168,3284.1984000000007,10928.853599999999,0.0,0.0,0.0,0.0,0.0,1077.432,3403.0559999999996,2136.4992,0.0,0.0,0.0,0.0,0.0,0.0,0.0,0.0,0.0,0.0,0.0,0.0,0.0,0.0,0.0,0.0,0.0,0.0,0.0,0.0,0.0,0.0,0.0,0.0,92.8392,563.4624,0.0,0.0,524.3063999999999,0.0,0.0,0.0,0.0,0.0,0.0,10811.2992,0.0,0.0,0.0,0.0,98.07119999999999,1015.7016000000001,0.0,2666.7048,0.0,0.0,0.0,0.0,0.0,0.0,0.0,0.0,0.0,0.0,0.0,0.0,0.0,13698.004799999999,0.0,0.0,0.0,0.0,0.0,895.6632,0.0,0.0504,1929.7415999999998,1618.404,0.0,0.0,0.0,706.14,135.612,957.9192,286.87199999999996,28.0512,0.0,170.9232,2137.5311999999994,0.0,0.0,0.0,715.1591999999999,2362.0224000000003,2531.0784000000003,1534.104,759.5999999999999,24716.291999999998,0.0,0.0,5796.1656,0.0744
0.0,0.0,0.0,2354.2224,0.0,45862.6152,15132.789599999998,969.6384,0.0,1784.5944,309.6,0.0,3646.7255999999998,68600.4936,100434.33599999998,1845.924,0.0,6639.0216,0.0,25429.692000000003,133795.33680000002,0.0,1496.7168,3284.1984000000007,10928.853599999999,0.0,0.0,0.0,0.0,0.0,1077.432,3403.0559999999996,2136.4992,0.0,0.0,0.0,0.0,0.0,0.0,0.0,0.0,0.0,0.0,0.0,0.0,0.0,0.0,0.0,0.0,0.0,0.0,0.0,0.0,0.0,0.0,0.0,0.0,92.8392,563.4624,0.0,0.0,524.3063999999999,0.0,0.0,0.0,0.0,0.0,0.0,10811.2992,0.0,0.0,0.0,0.0,98.07119999999999,1015.7016000000001,0.0,2666.7048,0.0,0.0,0.0,0.0,0.0,0.0,0.0,0.0,0.0,0.0,0.0,0.0,0.0,13698.004799999999,0.0,0.0,0.0,0.0,0.0,895.6632,0.0,0.0504,1929.7415999999998,1618.404,0.0,0.0,0.0,706.14,135.612,957.9192,286.87199999999996,28.0512,0.0,170.9232,2137.5311999999994,0.0,0.0,0.0,715.1591999999999,2362.0224000000003,2531.0784000000003,1534.104,759.5999999999999,24716.291999999998,0.0,0.0,5796.1656,0.0744
0.0,0.0,0.0,2354.2224,0.0,45862.6152,15132.789599999998,969.6384,0.0,1784.5944,309.6,0.0,3646.7255999999998,68600.4936,100434.33599999998,1845.924,0.0,6639.0216,0.0,25429.692000000003,133795.33680000002,0.0,1496.7168,3284.1984000000007,10928.853599999999,0.0,0.0,0.0,0.0,0.0,1077.432,3403.0559999999996,2136.4992,0.0,0.0,0.0,0.0,0.0,0.0,0.0,0.0,0.0,0.0,0.0,0.0,0.0,0.0,0.0,0.0,0.0,0.0,0.0,0.0,0.0,0.0,0.0,0.0,92.8392,563.4624,0.0,0.0,524.3063999999999,0.0,0.0,0.0,0.0,0.0,0.0,10811.2992,0.0,0.0,0.0,0.0,98.07119999999999,1015.7016000000001,0.0,2666.7048,0.0,0.0,0.0,0.0,0.0,0.0,0.0,0.0,0.0,0.0,0.0,0.0,0.0,13698.004799999999,0.0,0.0,0.0,0.0,0.0,895.6632,0.0,0.0504,1929.7415999999998,1618.404,0.0,0.0,0.0,706.14,135.612,957.9192,286.87199999999996,28.0512,0.0,170.9232,2137.5311999999994,0.0,0.0,0.0,715.1591999999999,2362.0224000000003,2531.0784000000003,1534.104,759.5999999999999,24716.291999999998,0.0,0.0,5796.1656,0.0744
0.0,0.0,0.0,2220.252,0.0,42329.97840000001,18351.458400000003,1185.1848,0.0,1691.1432,309.6,0.0,3631.4255999999996,65008.11840000001,95631.3024,1144.0176000000001,0.0,5132.832,0.0,26146.5432,132820.5,0.0,902.04,3050.6976,10428.6864,0.0,0.0,0.0,0.0,0.0,946.4832000000001,2989.452,2144.1888,0.0,0.0,0.0,0.0,0.0,0.0,0.0,0.0,0.0,0.0,0.0,0.0,0.0,0.0,0.0,0.0,0.0,0.0,0.0,0.0,0.0,0.0,0.0,0.0,97.22160000000001,556.8984,0.0,0.0,480.12960000000004,0.0,0.0,0.0,0.0,0.0,0.0,10671.669600000001,0.0,0.0,0.0,0.0,100.27440000000001,1002.5831999999999,0.0,2632.2648,0.0,0.0,0.0,0.0,0.0,0.0,0.0,0.0,0.0,0.0,0.0,0.0,0.0,11329.4736,0.0,0.0,0.0,0.0,0.0,890.3471999999999,0.0,0.07919999999999999,1926.4344000000006,1633.6824,0.0,0.0,0.0,656.4264000000001,116.47920000000002,929.1528000000001,359.42639999999994,35.1456,0.0,163.32240000000002,2124.8424,0.0,0.0,0.0,679.7976,2292.0,2528.4456,1525.0032,921.5999999999999,24481.656,0.0,0.0,7107.1848,0.07680000000000001
0.0,0.0,0.0,2220.252,0.0,42329.97840000001,18351.458400000003,1185.1848,0.0,1691.1432,309.6,0.0,3631.4255999999996,65008.11840000001,95631.3024,1144.0176000000001,0.0,5132.832,0.0,26146.5432,132820.5,0.0,902.04,3050.6976,10428.6864,0.0,0.0,0.0,0.0,0.0,946.4832000000001,2989.452,2144.1888,0.0,0.0,0.0,0.0,0.0,0.0,0.0,0.0,0.0,0.0,0.0,0.0,0.0,0.0,0.0,0.0,0.0,0.0,0.0,0.0,0.0,0.0,0.0,0.0,97.22160000000001,556.8984,0.0,0.0,480.12960000000004,0.0,0.0,0.0,0.0,0.0,0.0,10671.669600000001,0.0,0.0,0.0,0.0,100.27440000000001,1002.5831999999999,0.0,2632.2648,0.0,0.0,0.0,0.0,0.0,0.0,0.0,0.0,0.0,0.0,0.0,0.0,0.0,11329.4736,0.0,0.0,0.0,0.0,0.0,890.3471999999999,0.0,0.07919999999999999,1926.4344000000006,1633.6824,0.0,0.0,0.0,656.4264000000001,116.47920000000002,929.1528000000001,359.42639999999994,35.1456,0.0,163.32240000000002,2124.8424,0.0,0.0,0.0,679.7976,2292.0,2528.4456,1525.0032,921.5999999999999,24481.656,0.0,0.0,7107.1848,0.07680000000000001
0.0,0.0,0.0,2220.252,0.0,42329.97840000001,18351.458400000003,1185.1848,0.0,1691.1432,309.6,0.0,3631.4255999999996,65008.11840000001,95631.3024,1144.0176000000001,0.0,5132.832,0.0,26146.5432,132820.5,0.0,902.04,3050.6976,10428.6864,0.0,0.0,0.0,0.0,0.0,946.4832000000001,2989.452,2144.1888,0.0,0.0,0.0,0.0,0.0,0.0,0.0,0.0,0.0,0.0,0.0,0.0,0.0,0.0,0.0,0.0,0.0,0.0,0.0,0.0,0.0,0.0,0.0,0.0,97.22160000000001,556.8984,0.0,0.0,480.12960000000004,0.0,0.0,0.0,0.0,0.0,0.0,10671.669600000001,0.0,0.0,0.0,0.0,100.27440000000001,1002.5831999999999,0.0,2632.2648,0.0,0.0,0.0,0.0,0.0,0.0,0.0,0.0,0.0,0.0,0.0,0.0,0.0,11329.4736,0.0,0.0,0.0,0.0,0.0,890.3471999999999,0.0,0.07919999999999999,1926.4344000000006,1633.6824,0.0,0.0,0.0,656.4264000000001,116.47920000000002,929.1528000000001,359.42639999999994,35.1456,0.0,163.32240000000002,2124.8424,0.0,0.0,0.0,679.7976,2292.0,2528.4456,1525.0032,921.5999999999999,24481.656,0.0,0.0,7107.1848,0.07680000000000001
0.0,0.0,0.0,2220.252,0.0,42329.97840000001,18351.458400000003,1185.1848,0.0,1691.1432,309.6,0.0,3631.4255999999996,65008.11840000001,95631.3024,1144.0176000000001,0.0,5132.832,0.0,26146.5432,132820.5,0.0,902.04,3050.6976,10428.6864,0.0,0.0,0.0,0.0,0.0,946.4832000000001,2989.452,2144.1888,0.0,0.0,0.0,0.0,0.0,0.0,0.0,0.0,0.0,0.0,0.0,0.0,0.0,0.0,0.0,0.0,0.0,0.0,0.0,0.0,0.0,0.0,0.0,0.0,97.22160000000001,556.8984,0.0,0.0,480.12960000000004,0.0,0.0,0.0,0.0,0.0,0.0,10671.669600000001,0.0,0.0,0.0,0.0,100.27440000000001,1002.5831999999999,0.0,2632.2648,0.0,0.0,0.0,0.0,0.0,0.0,0.0,0.0,0.0,0.0,0.0,0.0,0.0,11329.4736,0.0,0.0,0.0,0.0,0.0,890.3471999999999,0.0,0.07919999999999999,1926.4344000000006,1633.6824,0.0,0.0,0.0,656.4264000000001,116.47920000000002,929.1528000000001,359.42639999999994,35.1456,0.0,163.32240000000002,2124.8424,0.0,0.0,0.0,679.7976,2292.0,2528.4456,1525.0032,921.5999999999999,24481.656,0.0,0.0,7107.1848,0.07680000000000001
0.0,0.0,0.0,2220.252,0.0,42329.97840000001,18351.458400000003,1185.1848,0.0,1691.1432,309.6,0.0,3631.4255999999996,65008.11840000001,95631.3024,1144.0176000000001,0.0,5132.832,0.0,26146.5432,132820.5,0.0,902.04,3050.6976,10428.6864,0.0,0.0,0.0,0.0,0.0,946.4832000000001,2989.452,2144.1888,0.0,0.0,0.0,0.0,0.0,0.0,0.0,0.0,0.0,0.0,0.0,0.0,0.0,0.0,0.0,0.0,0.0,0.0,0.0,0.0,0.0,0.0,0.0,0.0,97.22160000000001,556.8984,0.0,0.0,480.12960000000004,0.0,0.0,0.0,0.0,0.0,0.0,10671.669600000001,0.0,0.0,0.0,0.0,100.27440000000001,1002.5831999999999,0.0,2632.2648,0.0,0.0,0.0,0.0,0.0,0.0,0.0,0.0,0.0,0.0,0.0,0.0,0.0,11329.4736,0.0,0.0,0.0,0.0,0.0,890.3471999999999,0.0,0.07919999999999999,1926.4344000000006,1633.6824,0.0,0.0,0.0,656.4264000000001,116.47920000000002,929.1528000000001,359.42639999999994,35.1456,0.0,163.32240000000002,2124.8424,0.0,0.0,0.0,679.7976,2292.0,2528.4456,1525.0032,921.5999999999999,24481.656,0.0,0.0,7107.1848,0.07680000000000001
0.0,0.0,0.0,2220.252,0.0,42329.97840000001,18351.458400000003,1185.1848,0.0,1691.1432,309.6,0.0,3631.4255999999996,65008.11840000001,95631.3024,1144.0176000000001,0.0,5132.832,0.0,26146.5432,132820.5,0.0,902.04,3050.6976,10428.6864,0.0,0.0,0.0,0.0,0.0,946.4832000000001,2989.452,2144.1888,0.0,0.0,0.0,0.0,0.0,0.0,0.0,0.0,0.0,0.0,0.0,0.0,0.0,0.0,0.0,0.0,0.0,0.0,0.0,0.0,0.0,0.0,0.0,0.0,97.22160000000001,556.8984,0.0,0.0,480.12960000000004,0.0,0.0,0.0,0.0,0.0,0.0,10671.669600000001,0.0,0.0,0.0,0.0,100.27440000000001,1002.5831999999999,0.0,2632.2648,0.0,0.0,0.0,0.0,0.0,0.0,0.0,0.0,0.0,0.0,0.0,0.0,0.0,11329.4736,0.0,0.0,0.0,0.0,0.0,890.3471999999999,0.0,0.07919999999999999,1926.4344000000006,1633.6824,0.0,0.0,0.0,656.4264000000001,116.47920000000002,929.1528000000001,359.42639999999994,35.1456,0.0,163.32240000000002,2124.8424,0.0,0.0,0.0,679.7976,2292.0,2528.4456,1525.0032,921.5999999999999,24481.656,0.0,0.0,7107.1848,0.07680000000000001
0.0,0.0,0.0,2220.252,0.0,42329.97840000001,18351.458400000003,1185.1848,0.0,1691.1432,309.6,0.0,3631.4255999999996,65008.11840000001,95631.3024,1144.0176000000001,0.0,5132.832,0.0,26146.5432,132820.5,0.0,902.04,3050.6976,10428.6864,0.0,0.0,0.0,0.0,0.0,946.4832000000001,2989.452,2144.1888,0.0,0.0,0.0,0.0,0.0,0.0,0.0,0.0,0.0,0.0,0.0,0.0,0.0,0.0,0.0,0.0,0.0,0.0,0.0,0.0,0.0,0.0,0.0,0.0,97.22160000000001,556.8984,0.0,0.0,480.12960000000004,0.0,0.0,0.0,0.0,0.0,0.0,10671.669600000001,0.0,0.0,0.0,0.0,100.27440000000001,1002.5831999999999,0.0,2632.2648,0.0,0.0,0.0,0.0,0.0,0.0,0.0,0.0,0.0,0.0,0.0,0.0,0.0,11329.4736,0.0,0.0,0.0,0.0,0.0,890.3471999999999,0.0,0.07919999999999999,1926.4344000000006,1633.6824,0.0,0.0,0.0,656.4264000000001,116.47920000000002,929.1528000000001,359.42639999999994,35.1456,0.0,163.32240000000002,2124.8424,0.0,0.0,0.0,679.7976,2292.0,2528.4456,1525.0032,921.5999999999999,24481.656,0.0,0.0,7107.1848,0.07680000000000001
0.0,0.0,0.0,2196.9431999999997,0.0,32983.115999999995,13561.298400000001,891.0336000000001,0.0,2056.8048,309.6,0.0,4036.8600000000006,72683.9256,106473.024,642.3768,0.0,3900.1007999999993,0.0,26496.040800000002,137157.18720000001,0.0,502.3416,2566.7304000000004,9868.939199999999,0.0,0.0,0.0,0.0,0.0,1615.1207999999997,2688.4439999999995,2582.1864,0.0,0.0,0.0,0.0,0.0,0.0,0.0,0.0,0.0,0.0,0.0,0.0,0.0,0.0,0.0,0.0,0.0,0.0,0.0,0.0,0.0,0.0,0.0,0.0,105.9528,553.9224,0.0,0.0,520.0632,0.0,0.0,0.0,0.0,0.0,0.0,10166.4624,0.0,0.0,0.0,0.0,100.52159999999999,1331.7144,0.0,3138.4655999999995,0.0,0.0,0.0,0.0,0.0,0.0,0.0,0.0,0.0,0.0,0.0,0.0,0.0,12731.9784,0.0,0.0,0.0,0.0,0.0,964.8144,0.0,0.09359999999999999,2135.2200000000003,1726.0272,0.0,0.0,0.0,547.3367999999999,160.8096,834.8231999999998,385.41119999999995,37.687200000000004,0.0,206.7432,2302.5624,0.0,0.0,0.0,734.9568,2331.2400000000002,2608.2696,1652.5512,921.5999999999999,27145.4304,0.0,0.0,6850.442400000001,0.1104
0.0,0.0,0.0,2196.9431999999997,0.0,32983.115999999995,13561.298400000001,891.0336000000001,0.0,2056.8048,309.6,0.0,4036.8600000000006,72683.9256,106473.024,642.3768,0.0,3900.1007999999993,0.0,26496.040800000002,137157.18720000001,0.0,502.3416,2566.7304000000004,9868.939199999999,0.0,0.0,0.0,0.0,0.0,1615.1207999999997,2688.4439999999995,2582.1864,0.0,0.0,0.0,0.0,0.0,0.0,0.0,0.0,0.0,0.0,0.0,0.0,0.0,0.0,0.0,0.0,0.0,0.0,0.0,0.0,0.0,0.0,0.0,0.0,105.9528,553.9224,0.0,0.0,520.0632,0.0,0.0,0.0,0.0,0.0,0.0,10166.4624,0.0,0.0,0.0,0.0,100.52159999999999,1331.7144,0.0,3138.4655999999995,0.0,0.0,0.0,0.0,0.0,0.0,0.0,0.0,0.0,0.0,0.0,0.0,0.0,12731.9784,0.0,0.0,0.0,0.0,0.0,964.8144,0.0,0.09359999999999999,2135.2200000000003,1726.0272,0.0,0.0,0.0,547.3367999999999,160.8096,834.8231999999998,385.41119999999995,37.687200000000004,0.0,206.7432,2302.5624,0.0,0.0,0.0,734.9568,2331.2400000000002,2608.2696,1652.5512,921.5999999999999,27145.4304,0.0,0.0,6850.442400000001,0.1104
0.0,0.0,0.0,2196.9431999999997,0.0,32983.115999999995,13561.298400000001,891.0336000000001,0.0,2056.8048,309.6,0.0,4036.8600000000006,72683.9256,106473.024,642.3768,0.0,3900.1007999999993,0.0,26496.040800000002,137157.18720000001,0.0,502.3416,2566.7304000000004,9868.939199999999,0.0,0.0,0.0,0.0,0.0,1615.1207999999997,2688.4439999999995,2582.1864,0.0,0.0,0.0,0.0,0.0,0.0,0.0,0.0,0.0,0.0,0.0,0.0,0.0,0.0,0.0,0.0,0.0,0.0,0.0,0.0,0.0,0.0,0.0,0.0,105.9528,553.9224,0.0,0.0,520.0632,0.0,0.0,0.0,0.0,0.0,0.0,10166.4624,0.0,0.0,0.0,0.0,100.52159999999999,1331.7144,0.0,3138.4655999999995,0.0,0.0,0.0,0.0,0.0,0.0,0.0,0.0,0.0,0.0,0.0,0.0,0.0,12731.9784,0.0,0.0,0.0,0.0,0.0,964.8144,0.0,0.09359999999999999,2135.2200000000003,1726.0272,0.0,0.0,0.0,547.3367999999999,160.8096,834.8231999999998,385.41119999999995,37.687200000000004,0.0,206.7432,2302.5624,0.0,0.0,0.0,734.9568,2331.2400000000002,2608.2696,1652.5512,921.5999999999999,27145.4304,0.0,0.0,6850.442400000001,0.1104
0.0,0.0,0.0,2196.9431999999997,0.0,32983.115999999995,13561.298400000001,891.0336000000001,0.0,2056.8048,309.6,0.0,4036.8600000000006,72683.9256,106473.024,642.3768,0.0,3900.1007999999993,0.0,26496.040800000002,137157.18720000001,0.0,502.3416,2566.7304000000004,9868.939199999999,0.0,0.0,0.0,0.0,0.0,1615.1207999999997,2688.4439999999995,2582.1864,0.0,0.0,0.0,0.0,0.0,0.0,0.0,0.0,0.0,0.0,0.0,0.0,0.0,0.0,0.0,0.0,0.0,0.0,0.0,0.0,0.0,0.0,0.0,0.0,105.9528,553.9224,0.0,0.0,520.0632,0.0,0.0,0.0,0.0,0.0,0.0,10166.4624,0.0,0.0,0.0,0.0,100.52159999999999,1331.7144,0.0,3138.4655999999995,0.0,0.0,0.0,0.0,0.0,0.0,0.0,0.0,0.0,0.0,0.0,0.0,0.0,12731.9784,0.0,0.0,0.0,0.0,0.0,964.8144,0.0,0.09359999999999999,2135.2200000000003,1726.0272,0.0,0.0,0.0,547.3367999999999,160.8096,834.8231999999998,385.41119999999995,37.687200000000004,0.0,206.7432,2302.5624,0.0,0.0,0.0,734.9568,2331.2400000000002,2608.2696,1652.5512,921.5999999999999,27145.4304,0.0,0.0,6850.442400000001,0.1104
0.0,0.0,0.0,2196.9431999999997,0.0,32983.115999999995,13561.298400000001,891.0336000000001,0.0,2056.8048,309.6,0.0,4036.8600000000006,72683.9256,106473.024,642.3768,0.0,3900.1007999999993,0.0,26496.040800000002,137157.18720000001,0.0,502.3416,2566.7304000000004,9868.939199999999,0.0,0.0,0.0,0.0,0.0,1615.1207999999997,2688.4439999999995,2582.1864,0.0,0.0,0.0,0.0,0.0,0.0,0.0,0.0,0.0,0.0,0.0,0.0,0.0,0.0,0.0,0.0,0.0,0.0,0.0,0.0,0.0,0.0,0.0,0.0,105.9528,553.9224,0.0,0.0,520.0632,0.0,0.0,0.0,0.0,0.0,0.0,10166.4624,0.0,0.0,0.0,0.0,100.52159999999999,1331.7144,0.0,3138.4655999999995,0.0,0.0,0.0,0.0,0.0,0.0,0.0,0.0,0.0,0.0,0.0,0.0,0.0,12731.9784,0.0,0.0,0.0,0.0,0.0,964.8144,0.0,0.09359999999999999,2135.2200000000003,1726.0272,0.0,0.0,0.0,547.3367999999999,160.8096,834.8231999999998,385.41119999999995,37.687200000000004,0.0,206.7432,2302.5624,0.0,0.0,0.0,734.9568,2331.2400000000002,2608.2696,1652.5512,921.5999999999999,27145.4304,0.0,0.0,6850.442400000001,0.1104
0.0,0.0,0.0,2196.9431999999997,0.0,32983.115999999995,13561.298400000001,891.0336000000001,0.0,2056.8048,309.6,0.0,4036.8600000000006,72683.9256,106473.024,642.3768,0.0,3900.1007999999993,0.0,26496.040800000002,137157.18720000001,0.0,502.3416,2566.7304000000004,9868.939199999999,0.0,0.0,0.0,0.0,0.0,1615.1207999999997,2688.4439999999995,2582.1864,0.0,0.0,0.0,0.0,0.0,0.0,0.0,0.0,0.0,0.0,0.0,0.0,0.0,0.0,0.0,0.0,0.0,0.0,0.0,0.0,0.0,0.0,0.0,0.0,105.9528,553.9224,0.0,0.0,520.0632,0.0,0.0,0.0,0.0,0.0,0.0,10166.4624,0.0,0.0,0.0,0.0,100.52159999999999,1331.7144,0.0,3138.4655999999995,0.0,0.0,0.0,0.0,0.0,0.0,0.0,0.0,0.0,0.0,0.0,0.0,0.0,12731.9784,0.0,0.0,0.0,0.0,0.0,964.8144,0.0,0.09359999999999999,2135.2200000000003,1726.0272,0.0,0.0,0.0,547.3367999999999,160.8096,834.8231999999998,385.41119999999995,37.687200000000004,0.0,206.7432,2302.5624,0.0,0.0,0.0,734.9568,2331.2400000000002,2608.2696,1652.5512,921.5999999999999,27145.4304,0.0,0.0,6850.442400000001,0.1104
0.0,0.0,0.0,2196.9431999999997,0.0,32983.115999999995,13561.298400000001,891.0336000000001,0.0,2056.8048,309.6,0.0,4036.8600000000006,72683.9256,106473.024,642.3768,0.0,3900.1007999999993,0.0,26496.040800000002,137157.18720000001,0.0,502.3416,2566.7304000000004,9868.939199999999,0.0,0.0,0.0,0.0,0.0,1615.1207999999997,2688.4439999999995,2582.1864,0.0,0.0,0.0,0.0,0.0,0.0,0.0,0.0,0.0,0.0,0.0,0.0,0.0,0.0,0.0,0.0,0.0,0.0,0.0,0.0,0.0,0.0,0.0,0.0,105.9528,553.9224,0.0,0.0,520.0632,0.0,0.0,0.0,0.0,0.0,0.0,10166.4624,0.0,0.0,0.0,0.0,100.52159999999999,1331.7144,0.0,3138.4655999999995,0.0,0.0,0.0,0.0,0.0,0.0,0.0,0.0,0.0,0.0,0.0,0.0,0.0,12731.9784,0.0,0.0,0.0,0.0,0.0,964.8144,0.0,0.09359999999999999,2135.2200000000003,1726.0272,0.0,0.0,0.0,547.3367999999999,160.8096,834.8231999999998,385.41119999999995,37.687200000000004,0.0,206.7432,2302.5624,0.0,0.0,0.0,734.9568,2331.2400000000002,2608.2696,1652.5512,921.5999999999999,27145.4304,0.0,0.0,6850.442400000001,0.1104
0.0,0.0,0.0,3258.0768,0.0,47142.7248,27819.52799999999,1742.784,0.0,2101.1544000000004,309.6,0.0,4539.0888,69846.7896,105203.544,2179.8792000000003,0.0,10098.9888,0.0,51536.457599999994,152529.1128,0.0,1716.3431999999998,5843.128799999999,21777.2904,0.0,0.0,0.0,0.0,0.0,2492.7072,2915.7312,3368.5631999999996,0.0,0.0,0.0,0.0,0.0,0.0,0.0,0.0,0.0,0.0,0.0,0.0,0.0,0.0,0.0,0.0,0.0,0.0,0.0,0.0,0.0,0.0,0.0,0.0,106.67039999999999,479.55600000000004,0.0,0.0,966.6143999999999,0.0,0.0,0.0,0.0,0.0,0.0,8472.002400000001,0.0,0.0,0.0,0.0,95.09280000000001,1373.0064000000002,0.0,3056.3256,0.0,0.0,0.0,0.0,0.0,0.0,0.0,0.0,0.0,0.0,0.0,0.0,0.0,9255.5496,0.0,0.0,0.0,0.0,0.0,1023.3335999999999,0.0,0.1032,2303.9016,1791.8328000000001,0.0,0.0,0.0,458.18399999999997,127.2696,722.2872,339.4488,33.1944,0.0,230.18399999999997,2442.2208,0.0,0.0,0.0,803.7503999999999,3533.4527999999996,2754.8232,1752.7872000000002,921.5999999999999,32331.239999999998,0.0,0.0,7025.548799999999,0.1392
0.0,0.0,0.0,3258.0768,0.0,47142.7248,27819.52799999999,1742.784,0.0,2101.1544000000004,309.6,0.0,4539.0888,69846.7896,105203.544,2179.8792000000003,0.0,10098.9888,0.0,51536.457599999994,152529.1128,0.0,1716.3431999999998,5843.128799999999,21777.2904,0.0,0.0,0.0,0.0,0.0,2492.7072,2915.7312,3368.5631999999996,0.0,0.0,0.0,0.0,0.0,0.0,0.0,0.0,0.0,0.0,0.0,0.0,0.0,0.0,0.0,0.0,0.0,0.0,0.0,0.0,0.0,0.0,0.0,0.0,106.67039999999999,479.55600000000004,0.0,0.0,966.6143999999999,0.0,0.0,0.0,0.0,0.0,0.0,8472.002400000001,0.0,0.0,0.0,0.0,95.09280000000001,1373.0064000000002,0.0,3056.3256,0.0,0.0,0.0,0.0,0.0,0.0,0.0,0.0,0.0,0.0,0.0,0.0,0.0,9255.5496,0.0,0.0,0.0,0.0,0.0,1023.3335999999999,0.0,0.1032,2303.9016,1791.8328000000001,0.0,0.0,0.0,458.18399999999997,127.2696,722.2872,339.4488,33.1944,0.0,230.18399999999997,2442.2208,0.0,0.0,0.0,803.7503999999999,3533.4527999999996,2754.8232,1752.7872000000002,921.5999999999999,32331.239999999998,0.0,0.0,7025.548799999999,0.1392
0.0,0.0,0.0,3258.0768,0.0,47142.7248,27819.52799999999,1742.784,0.0,2101.1544000000004,309.6,0.0,4539.0888,69846.7896,105203.544,2179.8792000000003,0.0,10098.9888,0.0,51536.457599999994,152529.1128,0.0,1716.3431999999998,5843.128799999999,21777.2904,0.0,0.0,0.0,0.0,0.0,2492.7072,2915.7312,3368.5631999999996,0.0,0.0,0.0,0.0,0.0,0.0,0.0,0.0,0.0,0.0,0.0,0.0,0.0,0.0,0.0,0.0,0.0,0.0,0.0,0.0,0.0,0.0,0.0,0.0,106.67039999999999,479.55600000000004,0.0,0.0,966.6143999999999,0.0,0.0,0.0,0.0,0.0,0.0,8472.002400000001,0.0,0.0,0.0,0.0,95.09280000000001,1373.0064000000002,0.0,3056.3256,0.0,0.0,0.0,0.0,0.0,0.0,0.0,0.0,0.0,0.0,0.0,0.0,0.0,9255.5496,0.0,0.0,0.0,0.0,0.0,1023.3335999999999,0.0,0.1032,2303.9016,1791.8328000000001,0.0,0.0,0.0,458.18399999999997,127.2696,722.2872,339.4488,33.1944,0.0,230.18399999999997,2442.2208,0.0,0.0,0.0,803.7503999999999,3533.4527999999996,2754.8232,1752.7872000000002,921.5999999999999,32331.239999999998,0.0,0.0,7025.548799999999,0.1392
0.0,0.0,0.0,3258.0768,0.0,47142.7248,27819.52799999999,1742.784,0.0,2101.1544000000004,309.6,0.0,4539.0888,69846.7896,105203.544,2179.8792000000003,0.0,10098.9888,0.0,51536.457599999994,152529.1128,0.0,1716.3431999999998,5843.128799999999,21777.2904,0.0,0.0,0.0,0.0,0.0,2492.7072,2915.7312,3368.5631999999996,0.0,0.0,0.0,0.0,0.0,0.0,0.0,0.0,0.0,0.0,0.0,0.0,0.0,0.0,0.0,0.0,0.0,0.0,0.0,0.0,0.0,0.0,0.0,0.0,106.67039999999999,479.55600000000004,0.0,0.0,966.6143999999999,0.0,0.0,0.0,0.0,0.0,0.0,8472.002400000001,0.0,0.0,0.0,0.0,95.09280000000001,1373.0064000000002,0.0,3056.3256,0.0,0.0,0.0,0.0,0.0,0.0,0.0,0.0,0.0,0.0,0.0,0.0,0.0,9255.5496,0.0,0.0,0.0,0.0,0.0,1023.3335999999999,0.0,0.1032,2303.9016,1791.8328000000001,0.0,0.0,0.0,458.18399999999997,127.2696,722.2872,339.4488,33.1944,0.0,230.18399999999997,2442.2208,0.0,0.0,0.0,803.7503999999999,3533.4527999999996,2754.8232,1752.7872000000002,921.5999999999999,32331.239999999998,0.0,0.0,7025.548799999999,0.1392
0.0,0.0,0.0,3258.0768,0.0,47142.7248,27819.52799999999,1742.784,0.0,2101.1544000000004,309.6,0.0,4539.0888,69846.7896,105203.544,2179.8792000000003,0.0,10098.9888,0.0,51536.457599999994,152529.1128,0.0,1716.3431999999998,5843.128799999999,21777.2904,0.0,0.0,0.0,0.0,0.0,2492.7072,2915.7312,3368.5631999999996,0.0,0.0,0.0,0.0,0.0,0.0,0.0,0.0,0.0,0.0,0.0,0.0,0.0,0.0,0.0,0.0,0.0,0.0,0.0,0.0,0.0,0.0,0.0,0.0,106.67039999999999,479.55600000000004,0.0,0.0,966.6143999999999,0.0,0.0,0.0,0.0,0.0,0.0,8472.002400000001,0.0,0.0,0.0,0.0,95.09280000000001,1373.0064000000002,0.0,3056.3256,0.0,0.0,0.0,0.0,0.0,0.0,0.0,0.0,0.0,0.0,0.0,0.0,0.0,9255.5496,0.0,0.0,0.0,0.0,0.0,1023.3335999999999,0.0,0.1032,2303.9016,1791.8328000000001,0.0,0.0,0.0,458.18399999999997,127.2696,722.2872,339.4488,33.1944,0.0,230.18399999999997,2442.2208,0.0,0.0,0.0,803.7503999999999,3533.4527999999996,2754.8232,1752.7872000000002,921.5999999999999,32331.239999999998,0.0,0.0,7025.548799999999,0.1392
0.0,0.0,0.0,3258.0768,0.0,47142.7248,27819.52799999999,1742.784,0.0,2101.1544000000004,309.6,0.0,4539.0888,69846.7896,105203.544,2179.8792000000003,0.0,10098.9888,0.0,51536.457599999994,152529.1128,0.0,1716.3431999999998,5843.128799999999,21777.2904,0.0,0.0,0.0,0.0,0.0,2492.7072,2915.7312,3368.5631999999996,0.0,0.0,0.0,0.0,0.0,0.0,0.0,0.0,0.0,0.0,0.0,0.0,0.0,0.0,0.0,0.0,0.0,0.0,0.0,0.0,0.0,0.0,0.0,0.0,106.67039999999999,479.55600000000004,0.0,0.0,966.6143999999999,0.0,0.0,0.0,0.0,0.0,0.0,8472.002400000001,0.0,0.0,0.0,0.0,95.09280000000001,1373.0064000000002,0.0,3056.3256,0.0,0.0,0.0,0.0,0.0,0.0,0.0,0.0,0.0,0.0,0.0,0.0,0.0,9255.5496,0.0,0.0,0.0,0.0,0.0,1023.3335999999999,0.0,0.1032,2303.9016,1791.8328000000001,0.0,0.0,0.0,458.18399999999997,127.2696,722.2872,339.4488,33.1944,0.0,230.18399999999997,2442.2208,0.0,0.0,0.0,803.7503999999999,3533.4527999999996,2754.8232,1752.7872000000002,921.5999999999999,32331.239999999998,0.0,0.0,7025.548799999999,0.1392
0.0,0.0,0.0,3258.0768,0.0,47142.7248,27819.52799999999,1742.784,0.0,2101.1544000000004,309.6,0.0,4539.0888,69846.7896,105203.544,2179.8792000000003,0.0,10098.9888,0.0,51536.457599999994,152529.1128,0.0,1716.3431999999998,5843.128799999999,21777.2904,0.0,0.0,0.0,0.0,0.0,2492.7072,2915.7312,3368.5631999999996,0.0,0.0,0.0,0.0,0.0,0.0,0.0,0.0,0.0,0.0,0.0,0.0,0.0,0.0,0.0,0.0,0.0,0.0,0.0,0.0,0.0,0.0,0.0,0.0,106.67039999999999,479.55600000000004,0.0,0.0,966.6143999999999,0.0,0.0,0.0,0.0,0.0,0.0,8472.002400000001,0.0,0.0,0.0,0.0,95.09280000000001,1373.0064000000002,0.0,3056.3256,0.0,0.0,0.0,0.0,0.0,0.0,0.0,0.0,0.0,0.0,0.0,0.0,0.0,9255.5496,0.0,0.0,0.0,0.0,0.0,1023.3335999999999,0.0,0.1032,2303.9016,1791.8328000000001,0.0,0.0,0.0,458.18399999999997,127.2696,722.2872,339.4488,33.1944,0.0,230.18399999999997,2442.2208,0.0,0.0,0.0,803.7503999999999,3533.4527999999996,2754.8232,1752.7872000000002,921.5999999999999,32331.239999999998,0.0,0.0,7025.548799999999,0.1392
0.0,0.0,0.0,3249.2016,0.0,44932.2096,17097.4272,1135.8432,0.0,2172.7848,309.6,0.0,4887.0312,72179.49119999999,115757.7768,1472.2152,0.0,8877.1992,0.0,53419.34640000001,162737.2152,0.0,1162.5432,6106.3968,23816.579999999994,0.0,0.0,0.0,0.0,0.0,2359.9392000000003,2760.432,3147.4775999999993,0.0,0.0,0.0,0.0,0.0,0.0,0.0,0.0,0.0,0.0,0.0,0.0,0.0,0.0,0.0,0.0,0.0,0.0,0.0,0.0,0.0,0.0,0.0,0.0,91.4328,463.32959999999997,0.0,0.0,1019.8968,0.0,0.0,0.0,0.0,0.0,0.0,8155.197600000001,0.0,0.0,0.0,0.0,99.84960000000001,1321.6607999999999,0.0,2942.0352000000003,0.0,0.0,0.0,0.0,0.0,0.0,0.0,0.0,0.0,0.0,0.0,0.0,0.0,8316.5808,0.0,0.0,0.0,0.0,0.0,1093.5816,0.0,0.09840000000000002,2424.6311999999994,1795.3608,0.0,0.0,0.0,392.10720000000003,111.03120000000001,586.0464,202.2264,19.773600000000002,0.0,220.43759999999997,2609.8656,0.0,0.0,0.0,788.4527999999999,2928.7728,3022.7328,1853.4887999999996,921.5999999999999,37523.3616,0.0,0.0,6607.615200000001,0.14400000000000002
0.0,0.0,0.0,3249.2016,0.0,44932.2096,17097.4272,1135.8432,0.0,2172.7848,309.6,0.0,4887.0312,72179.49119999999,115757.7768,1472.2152,0.0,8877.1992,0.0,53419.34640000001,162737.2152,0.0,1162.5432,6106.3968,23816.579999999994,0.0,0.0,0.0,0.0,0.0,2359.9392000000003,2760.432,3147.4775999999993,0.0,0.0,0.0,0.0,0.0,0.0,0.0,0.0,0.0,0.0,0.0,0.0,0.0,0.0,0.0,0.0,0.0,0.0,0.0,0.0,0.0,0.0,0.0,0.0,91.4328,463.32959999999997,0.0,0.0,1019.8968,0.0,0.0,0.0,0.0,0.0,0.0,8155.197600000001,0.0,0.0,0.0,0.0,99.84960000000001,1321.6607999999999,0.0,2942.0352000000003,0.0,0.0,0.0,0.0,0.0,0.0,0.0,0.0,0.0,0.0,0.0,0.0,0.0,8316.5808,0.0,0.0,0.0,0.0,0.0,1093.5816,0.0,0.09840000000000002,2424.6311999999994,1795.3608,0.0,0.0,0.0,392.10720000000003,111.03120000000001,586.0464,202.2264,19.773600000000002,0.0,220.43759999999997,2609.8656,0.0,0.0,0.0,788.4527999999999,2928.7728,3022.7328,1853.4887999999996,921.5999999999999,37523.3616,0.0,0.0,6607.615200000001,0.14400000000000002
0.0,0.0,0.0,3249.2016,0.0,44932.2096,17097.4272,1135.8432,0.0,2172.7848,309.6,0.0,4887.0312,72179.49119999999,115757.7768,1472.2152,0.0,8877.1992,0.0,53419.34640000001,162737.2152,0.0,1162.5432,6106.3968,23816.579999999994,0.0,0.0,0.0,0.0,0.0,2359.9392000000003,2760.432,3147.4775999999993,0.0,0.0,0.0,0.0,0.0,0.0,0.0,0.0,0.0,0.0,0.0,0.0,0.0,0.0,0.0,0.0,0.0,0.0,0.0,0.0,0.0,0.0,0.0,0.0,91.4328,463.32959999999997,0.0,0.0,1019.8968,0.0,0.0,0.0,0.0,0.0,0.0,8155.197600000001,0.0,0.0,0.0,0.0,99.84960000000001,1321.6607999999999,0.0,2942.0352000000003,0.0,0.0,0.0,0.0,0.0,0.0,0.0,0.0,0.0,0.0,0.0,0.0,0.0,8316.5808,0.0,0.0,0.0,0.0,0.0,1093.5816,0.0,0.09840000000000002,2424.6311999999994,1795.3608,0.0,0.0,0.0,392.10720000000003,111.03120000000001,586.0464,202.2264,19.773600000000002,0.0,220.43759999999997,2609.8656,0.0,0.0,0.0,788.4527999999999,2928.7728,3022.7328,1853.4887999999996,921.5999999999999,37523.3616,0.0,0.0,6607.615200000001,0.14400000000000002
0.0,0.0,0.0,3249.2016,0.0,44932.2096,17097.4272,1135.8432,0.0,2172.7848,309.6,0.0,4887.0312,72179.49119999999,115757.7768,1472.2152,0.0,8877.1992,0.0,53419.34640000001,162737.2152,0.0,1162.5432,6106.3968,23816.579999999994,0.0,0.0,0.0,0.0,0.0,2359.9392000000003,2760.432,3147.4775999999993,0.0,0.0,0.0,0.0,0.0,0.0,0.0,0.0,0.0,0.0,0.0,0.0,0.0,0.0,0.0,0.0,0.0,0.0,0.0,0.0,0.0,0.0,0.0,0.0,91.4328,463.32959999999997,0.0,0.0,1019.8968,0.0,0.0,0.0,0.0,0.0,0.0,8155.197600000001,0.0,0.0,0.0,0.0,99.84960000000001,1321.6607999999999,0.0,2942.0352000000003,0.0,0.0,0.0,0.0,0.0,0.0,0.0,0.0,0.0,0.0,0.0,0.0,0.0,8316.5808,0.0,0.0,0.0,0.0,0.0,1093.5816,0.0,0.09840000000000002,2424.6311999999994,1795.3608,0.0,0.0,0.0,392.10720000000003,111.03120000000001,586.0464,202.2264,19.773600000000002,0.0,220.43759999999997,2609.8656,0.0,0.0,0.0,788.4527999999999,2928.7728,3022.7328,1853.4887999999996,921.5999999999999,37523.3616,0.0,0.0,6607.615200000001,0.14400000000000002
0.0,0.0,0.0,3249.2016,0.0,44932.2096,17097.4272,1135.8432,0.0,2172.7848,309.6,0.0,4887.0312,72179.49119999999,115757.7768,1472.2152,0.0,8877.1992,0.0,53419.34640000001,162737.2152,0.0,1162.5432,6106.3968,23816.579999999994,0.0,0.0,0.0,0.0,0.0,2359.9392000000003,2760.432,3147.4775999999993,0.0,0.0,0.0,0.0,0.0,0.0,0.0,0.0,0.0,0.0,0.0,0.0,0.0,0.0,0.0,0.0,0.0,0.0,0.0,0.0,0.0,0.0,0.0,0.0,91.4328,463.32959999999997,0.0,0.0,1019.8968,0.0,0.0,0.0,0.0,0.0,0.0,8155.197600000001,0.0,0.0,0.0,0.0,99.84960000000001,1321.6607999999999,0.0,2942.0352000000003,0.0,0.0,0.0,0.0,0.0,0.0,0.0,0.0,0.0,0.0,0.0,0.0,0.0,8316.5808,0.0,0.0,0.0,0.0,0.0,1093.5816,0.0,0.09840000000000002,2424.6311999999994,1795.3608,0.0,0.0,0.0,392.10720000000003,111.03120000000001,586.0464,202.2264,19.773600000000002,0.0,220.43759999999997,2609.8656,0.0,0.0,0.0,788.4527999999999,2928.7728,3022.7328,1853.4887999999996,921.5999999999999,37523.3616,0.0,0.0,6607.615200000001,0.14400000000000002
0.0,0.0,0.0,3249.2016,0.0,44932.2096,17097.4272,1135.8432,0.0,2172.7848,309.6,0.0,4887.0312,72179.49119999999,115757.7768,1472.2152,0.0,8877.1992,0.0,53419.34640000001,162737.2152,0.0,1162.5432,6106.3968,23816.579999999994,0.0,0.0,0.0,0.0,0.0,2359.9392000000003,2760.432,3147.4775999999993,0.0,0.0,0.0,0.0,0.0,0.0,0.0,0.0,0.0,0.0,0.0,0.0,0.0,0.0,0.0,0.0,0.0,0.0,0.0,0.0,0.0,0.0,0.0,0.0,91.4328,463.32959999999997,0.0,0.0,1019.8968,0.0,0.0,0.0,0.0,0.0,0.0,8155.197600000001,0.0,0.0,0.0,0.0,99.84960000000001,1321.6607999999999,0.0,2942.0352000000003,0.0,0.0,0.0,0.0,0.0,0.0,0.0,0.0,0.0,0.0,0.0,0.0,0.0,8316.5808,0.0,0.0,0.0,0.0,0.0,1093.5816,0.0,0.09840000000000002,2424.6311999999994,1795.3608,0.0,0.0,0.0,392.10720000000003,111.03120000000001,586.0464,202.2264,19.773600000000002,0.0,220.43759999999997,2609.8656,0.0,0.0,0.0,788.4527999999999,2928.7728,3022.7328,1853.4887999999996,921.5999999999999,37523.3616,0.0,0.0,6607.615200000001,0.14400000000000002
0.0,0.0,0.0,3249.2016,0.0,44932.2096,17097.4272,1135.8432,0.0,2172.7848,309.6,0.0,4887.0312,72179.49119999999,115757.7768,1472.2152,0.0,8877.1992,0.0,53419.34640000001,162737.2152,0.0,1162.5432,6106.3968,23816.579999999994,0.0,0.0,0.0,0.0,0.0,2359.9392000000003,2760.432,3147.4775999999993,0.0,0.0,0.0,0.0,0.0,0.0,0.0,0.0,0.0,0.0,0.0,0.0,0.0,0.0,0.0,0.0,0.0,0.0,0.0,0.0,0.0,0.0,0.0,0.0,91.4328,463.32959999999997,0.0,0.0,1019.8968,0.0,0.0,0.0,0.0,0.0,0.0,8155.197600000001,0.0,0.0,0.0,0.0,99.84960000000001,1321.6607999999999,0.0,2942.0352000000003,0.0,0.0,0.0,0.0,0.0,0.0,0.0,0.0,0.0,0.0,0.0,0.0,0.0,8316.5808,0.0,0.0,0.0,0.0,0.0,1093.5816,0.0,0.09840000000000002,2424.6311999999994,1795.3608,0.0,0.0,0.0,392.10720000000003,111.03120000000001,586.0464,202.2264,19.773600000000002,0.0,220.43759999999997,2609.8656,0.0,0.0,0.0,788.4527999999999,2928.7728,3022.7328,1853.4887999999996,921.5999999999999,37523.3616,0.0,0.0,6607.615200000001,0.14400000000000002
0.0,0.0,0.0,2596.32,0.0,32962.64400000001,11774.563200000002,779.652,0.0,2300.1288,309.6,0.0,4709.1432,76326.51840000002,116566.296,619.7280000000001,0.0,4429.449599999999,0.0,38686.7568,147706.9656,0.0,476.53920000000005,3222.1104000000005,13289.243999999999,0.0,0.0,0.0,0.0,0.0,2266.392,2651.0135999999998,3007.1304000000005,0.0,0.0,0.0,0.0,0.0,0.0,0.0,0.0,0.0,0.0,0.0,0.0,0.0,0.0,0.0,0.0,0.0,0.0,0.0,0.0,0.0,0.0,0.0,0.0,97.1592,466.5864,0.0,0.0,683.2008,0.0,0.0,0.0,0.0,0.0,0.0,8185.8576,0.0,0.0,0.0,0.0,107.60400000000001,1326.6312,0.0,2953.0944,0.0,0.0,0.0,0.0,0.0,0.0,0.0,0.0,0.0,0.0,0.0,0.0,0.0,7908.578399999999,0.0,0.0,0.0,0.0,0.0,1148.6399999999999,0.0,0.096,2528.5679999999998,1793.0088,0.0,0.0,0.0,425.8248000000001,130.404,588.5112,111.6432,10.9176,0.0,210.00719999999998,2741.268,0.0,0.0,0.0,768.252,2577.8496,2852.6928,1930.4951999999998,802.0296000000001,35289.2592,0.0,0.0,6193.195199999998,0.09359999999999999
0.0,0.0,0.0,2596.32,0.0,32962.64400000001,11774.563200000002,779.652,0.0,2300.1288,309.6,0.0,4709.1432,76326.51840000002,116566.296,619.7280000000001,0.0,4429.449599999999,0.0,38686.7568,147706.9656,0.0,476.53920000000005,3222.1104000000005,13289.243999999999,0.0,0.0,0.0,0.0,0.0,2266.392,2651.0135999999998,3007.1304000000005,0.0,0.0,0.0,0.0,0.0,0.0,0.0,0.0,0.0,0.0,0.0,0.0,0.0,0.0,0.0,0.0,0.0,0.0,0.0,0.0,0.0,0.0,0.0,0.0,97.1592,466.5864,0.0,0.0,683.2008,0.0,0.0,0.0,0.0,0.0,0.0,8185.8576,0.0,0.0,0.0,0.0,107.60400000000001,1326.6312,0.0,2953.0944,0.0,0.0,0.0,0.0,0.0,0.0,0.0,0.0,0.0,0.0,0.0,0.0,0.0,7908.578399999999,0.0,0.0,0.0,0.0,0.0,1148.6399999999999,0.0,0.096,2528.5679999999998,1793.0088,0.0,0.0,0.0,425.8248000000001,130.404,588.5112,111.6432,10.9176,0.0,210.00719999999998,2741.268,0.0,0.0,0.0,768.252,2577.8496,2852.6928,1930.4951999999998,802.0296000000001,35289.2592,0.0,0.0,6193.195199999998,0.09359999999999999
0.0,0.0,0.0,2596.32,0.0,32962.64400000001,11774.563200000002,779.652,0.0,2300.1288,309.6,0.0,4709.1432,76326.51840000002,116566.296,619.7280000000001,0.0,4429.449599999999,0.0,38686.7568,147706.9656,0.0,476.53920000000005,3222.1104000000005,13289.243999999999,0.0,0.0,0.0,0.0,0.0,2266.392,2651.0135999999998,3007.1304000000005,0.0,0.0,0.0,0.0,0.0,0.0,0.0,0.0,0.0,0.0,0.0,0.0,0.0,0.0,0.0,0.0,0.0,0.0,0.0,0.0,0.0,0.0,0.0,0.0,97.1592,466.5864,0.0,0.0,683.2008,0.0,0.0,0.0,0.0,0.0,0.0,8185.8576,0.0,0.0,0.0,0.0,107.60400000000001,1326.6312,0.0,2953.0944,0.0,0.0,0.0,0.0,0.0,0.0,0.0,0.0,0.0,0.0,0.0,0.0,0.0,7908.578399999999,0.0,0.0,0.0,0.0,0.0,1148.6399999999999,0.0,0.096,2528.5679999999998,1793.0088,0.0,0.0,0.0,425.8248000000001,130.404,588.5112,111.6432,10.9176,0.0,210.00719999999998,2741.268,0.0,0.0,0.0,768.252,2577.8496,2852.6928,1930.4951999999998,802.0296000000001,35289.2592,0.0,0.0,6193.195199999998,0.09359999999999999
0.0,0.0,0.0,2596.32,0.0,32962.64400000001,11774.563200000002,779.652,0.0,2300.1288,309.6,0.0,4709.1432,76326.51840000002,116566.296,619.7280000000001,0.0,4429.449599999999,0.0,38686.7568,147706.9656,0.0,476.53920000000005,3222.1104000000005,13289.243999999999,0.0,0.0,0.0,0.0,0.0,2266.392,2651.0135999999998,3007.1304000000005,0.0,0.0,0.0,0.0,0.0,0.0,0.0,0.0,0.0,0.0,0.0,0.0,0.0,0.0,0.0,0.0,0.0,0.0,0.0,0.0,0.0,0.0,0.0,0.0,97.1592,466.5864,0.0,0.0,683.2008,0.0,0.0,0.0,0.0,0.0,0.0,8185.8576,0.0,0.0,0.0,0.0,107.60400000000001,1326.6312,0.0,2953.0944,0.0,0.0,0.0,0.0,0.0,0.0,0.0,0.0,0.0,0.0,0.0,0.0,0.0,7908.578399999999,0.0,0.0,0.0,0.0,0.0,1148.6399999999999,0.0,0.096,2528.5679999999998,1793.0088,0.0,0.0,0.0,425.8248000000001,130.404,588.5112,111.6432,10.9176,0.0,210.00719999999998,2741.268,0.0,0.0,0.0,768.252,2577.8496,2852.6928,1930.4951999999998,802.0296000000001,35289.2592,0.0,0.0,6193.195199999998,0.09359999999999999
0.0,0.0,0.0,2596.32,0.0,32962.64400000001,11774.563200000002,779.652,0.0,2300.1288,309.6,0.0,4709.1432,76326.51840000002,116566.296,619.7280000000001,0.0,4429.449599999999,0.0,38686.7568,147706.9656,0.0,476.53920000000005,3222.1104000000005,13289.243999999999,0.0,0.0,0.0,0.0,0.0,2266.392,2651.0135999999998,3007.1304000000005,0.0,0.0,0.0,0.0,0.0,0.0,0.0,0.0,0.0,0.0,0.0,0.0,0.0,0.0,0.0,0.0,0.0,0.0,0.0,0.0,0.0,0.0,0.0,0.0,97.1592,466.5864,0.0,0.0,683.2008,0.0,0.0,0.0,0.0,0.0,0.0,8185.8576,0.0,0.0,0.0,0.0,107.60400000000001,1326.6312,0.0,2953.0944,0.0,0.0,0.0,0.0,0.0,0.0,0.0,0.0,0.0,0.0,0.0,0.0,0.0,7908.578399999999,0.0,0.0,0.0,0.0,0.0,1148.6399999999999,0.0,0.096,2528.5679999999998,1793.0088,0.0,0.0,0.0,425.8248000000001,130.404,588.5112,111.6432,10.9176,0.0,210.00719999999998,2741.268,0.0,0.0,0.0,768.252,2577.8496,2852.6928,1930.4951999999998,802.0296000000001,35289.2592,0.0,0.0,6193.195199999998,0.09359999999999999
0.0,0.0,0.0,2596.32,0.0,32962.64400000001,11774.563200000002,779.652,0.0,2300.1288,309.6,0.0,4709.1432,76326.51840000002,116566.296,619.7280000000001,0.0,4429.449599999999,0.0,38686.7568,147706.9656,0.0,476.53920000000005,3222.1104000000005,13289.243999999999,0.0,0.0,0.0,0.0,0.0,2266.392,2651.0135999999998,3007.1304000000005,0.0,0.0,0.0,0.0,0.0,0.0,0.0,0.0,0.0,0.0,0.0,0.0,0.0,0.0,0.0,0.0,0.0,0.0,0.0,0.0,0.0,0.0,0.0,0.0,97.1592,466.5864,0.0,0.0,683.2008,0.0,0.0,0.0,0.0,0.0,0.0,8185.8576,0.0,0.0,0.0,0.0,107.60400000000001,1326.6312,0.0,2953.0944,0.0,0.0,0.0,0.0,0.0,0.0,0.0,0.0,0.0,0.0,0.0,0.0,0.0,7908.578399999999,0.0,0.0,0.0,0.0,0.0,1148.6399999999999,0.0,0.096,2528.5679999999998,1793.0088,0.0,0.0,0.0,425.8248000000001,130.404,588.5112,111.6432,10.9176,0.0,210.00719999999998,2741.268,0.0,0.0,0.0,768.252,2577.8496,2852.6928,1930.4951999999998,802.0296000000001,35289.2592,0.0,0.0,6193.195199999998,0.09359999999999999
0.0,0.0,0.0,2596.32,0.0,32962.64400000001,11774.563200000002,779.652,0.0,2300.1288,309.6,0.0,4709.1432,76326.51840000002,116566.296,619.7280000000001,0.0,4429.449599999999,0.0,38686.7568,147706.9656,0.0,476.53920000000005,3222.1104000000005,13289.243999999999,0.0,0.0,0.0,0.0,0.0,2266.392,2651.0135999999998,3007.1304000000005,0.0,0.0,0.0,0.0,0.0,0.0,0.0,0.0,0.0,0.0,0.0,0.0,0.0,0.0,0.0,0.0,0.0,0.0,0.0,0.0,0.0,0.0,0.0,0.0,97.1592,466.5864,0.0,0.0,683.2008,0.0,0.0,0.0,0.0,0.0,0.0,8185.8576,0.0,0.0,0.0,0.0,107.60400000000001,1326.6312,0.0,2953.0944,0.0,0.0,0.0,0.0,0.0,0.0,0.0,0.0,0.0,0.0,0.0,0.0,0.0,7908.578399999999,0.0,0.0,0.0,0.0,0.0,1148.6399999999999,0.0,0.096,2528.5679999999998,1793.0088,0.0,0.0,0.0,425.8248000000001,130.404,588.5112,111.6432,10.9176,0.0,210.00719999999998,2741.268,0.0,0.0,0.0,768.252,2577.8496,2852.6928,1930.4951999999998,802.0296000000001,35289.2592,0.0,0.0,6193.195199999998,0.09359999999999999
0.0,0.0,0.0,2117.8104,0.0,29151.8256,11110.235999999999,674.4624,0.0,1935.1728000000003,292.9344,0.0,4198.860000000001,68764.69440000001,99283.05119999999,404.87760000000003,0.0,3884.9952,0.0,28279.552800000005,126164.55119999999,0.0,318.672,3613.4015999999992,11614.970399999998,0.0,0.0,0.0,0.0,0.0,1922.9928,3530.5919999999996,2867.712,0.0,0.0,0.0,0.0,0.0,0.0,0.0,0.0,0.0,0.0,0.0,0.0,0.0,0.0,0.0,0.0,0.0,0.0,0.0,0.0,0.0,0.0,0.0,0.0,82.4496,465.5928,0.0,0.0,524.8728000000001,0.0,0.0,0.0,0.0,0.0,0.0,11550.052800000001,0.0,0.0,0.0,0.0,106.35840000000002,1647.72,0.0,3613.9152000000004,0.0,0.0,0.0,0.0,0.0,0.0,0.0,0.0,0.0,0.0,0.0,0.0,0.0,10668.909599999999,0.0,0.0,0.0,0.0,0.0,976.788,0.0,0.09840000000000002,2136.6695999999997,1685.6544000000001,0.0,0.0,0.0,371.196,203.91359999999997,538.4376,114.63360000000002,11.2104,0.0,176.4576,2331.1367999999998,0.0,0.0,0.0,856.4328,2493.2304,2643.0144,1673.0616,647.892,27997.329599999997,0.0,0.0,5342.9352,0.09359999999999999
0.0,0.0,0.0,2117.8104,0.0,29151.8256,11110.235999999999,674.4624,0.0,1935.1728000000003,292.9344,0.0,4198.860000000001,68764.69440000001,99283.05119999999,404.87760000000003,0.0,3884.9952,0.0,28279.552800000005,126164.55119999999,0.0,318.672,3613.4015999999992,11614.970399999998,0.0,0.0,0.0,0.0,0.0,1922.9928,3530.5919999999996,2867.712,0.0,0.0,0.0,0.0,0.0,0.0,0.0,0.0,0.0,0.0,0.0,0.0,0.0,0.0,0.0,0.0,0.0,0.0,0.0,0.0,0.0,0.0,0.0,0.0,82.4496,465.5928,0.0,0.0,524.8728000000001,0.0,0.0,0.0,0.0,0.0,0.0,11550.052800000001,0.0,0.0,0.0,0.0,106.35840000000002,1647.72,0.0,3613.9152000000004,0.0,0.0,0.0,0.0,0.0,0.0,0.0,0.0,0.0,0.0,0.0,0.0,0.0,10668.909599999999,0.0,0.0,0.0,0.0,0.0,976.788,0.0,0.09840000000000002,2136.6695999999997,1685.6544000000001,0.0,0.0,0.0,371.196,203.91359999999997,538.4376,114.63360000000002,11.2104,0.0,176.4576,2331.1367999999998,0.0,0.0,0.0,856.4328,2493.2304,2643.0144,1673.0616,647.892,27997.329599999997,0.0,0.0,5342.9352,0.09359999999999999
0.0,0.0,0.0,2117.8104,0.0,29151.8256,11110.235999999999,674.4624,0.0,1935.1728000000003,292.9344,0.0,4198.860000000001,68764.69440000001,99283.05119999999,404.87760000000003,0.0,3884.9952,0.0,28279.552800000005,126164.55119999999,0.0,318.672,3613.4015999999992,11614.970399999998,0.0,0.0,0.0,0.0,0.0,1922.9928,3530.5919999999996,2867.712,0.0,0.0,0.0,0.0,0.0,0.0,0.0,0.0,0.0,0.0,0.0,0.0,0.0,0.0,0.0,0.0,0.0,0.0,0.0,0.0,0.0,0.0,0.0,0.0,82.4496,465.5928,0.0,0.0,524.8728000000001,0.0,0.0,0.0,0.0,0.0,0.0,11550.052800000001,0.0,0.0,0.0,0.0,106.35840000000002,1647.72,0.0,3613.9152000000004,0.0,0.0,0.0,0.0,0.0,0.0,0.0,0.0,0.0,0.0,0.0,0.0,0.0,10668.909599999999,0.0,0.0,0.0,0.0,0.0,976.788,0.0,0.09840000000000002,2136.6695999999997,1685.6544000000001,0.0,0.0,0.0,371.196,203.91359999999997,538.4376,114.63360000000002,11.2104,0.0,176.4576,2331.1367999999998,0.0,0.0,0.0,856.4328,2493.2304,2643.0144,1673.0616,647.892,27997.329599999997,0.0,0.0,5342.9352,0.09359999999999999
0.0,0.0,0.0,2117.8104,0.0,29151.8256,11110.235999999999,674.4624,0.0,1935.1728000000003,292.9344,0.0,4198.860000000001,68764.69440000001,99283.05119999999,404.87760000000003,0.0,3884.9952,0.0,28279.552800000005,126164.55119999999,0.0,318.672,3613.4015999999992,11614.970399999998,0.0,0.0,0.0,0.0,0.0,1922.9928,3530.5919999999996,2867.712,0.0,0.0,0.0,0.0,0.0,0.0,0.0,0.0,0.0,0.0,0.0,0.0,0.0,0.0,0.0,0.0,0.0,0.0,0.0,0.0,0.0,0.0,0.0,0.0,82.4496,465.5928,0.0,0.0,524.8728000000001,0.0,0.0,0.0,0.0,0.0,0.0,11550.052800000001,0.0,0.0,0.0,0.0,106.35840000000002,1647.72,0.0,3613.9152000000004,0.0,0.0,0.0,0.0,0.0,0.0,0.0,0.0,0.0,0.0,0.0,0.0,0.0,10668.909599999999,0.0,0.0,0.0,0.0,0.0,976.788,0.0,0.09840000000000002,2136.6695999999997,1685.6544000000001,0.0,0.0,0.0,371.196,203.91359999999997,538.4376,114.63360000000002,11.2104,0.0,176.4576,2331.1367999999998,0.0,0.0,0.0,856.4328,2493.2304,2643.0144,1673.0616,647.892,27997.329599999997,0.0,0.0,5342.9352,0.09359999999999999
0.0,0.0,0.0,2117.8104,0.0,29151.8256,11110.235999999999,674.4624,0.0,1935.1728000000003,292.9344,0.0,4198.860000000001,68764.69440000001,99283.05119999999,404.87760000000003,0.0,3884.9952,0.0,28279.552800000005,126164.55119999999,0.0,318.672,3613.4015999999992,11614.970399999998,0.0,0.0,0.0,0.0,0.0,1922.9928,3530.5919999999996,2867.712,0.0,0.0,0.0,0.0,0.0,0.0,0.0,0.0,0.0,0.0,0.0,0.0,0.0,0.0,0.0,0.0,0.0,0.0,0.0,0.0,0.0,0.0,0.0,0.0,82.4496,465.5928,0.0,0.0,524.8728000000001,0.0,0.0,0.0,0.0,0.0,0.0,11550.052800000001,0.0,0.0,0.0,0.0,106.35840000000002,1647.72,0.0,3613.9152000000004,0.0,0.0,0.0,0.0,0.0,0.0,0.0,0.0,0.0,0.0,0.0,0.0,0.0,10668.909599999999,0.0,0.0,0.0,0.0,0.0,976.788,0.0,0.09840000000000002,2136.6695999999997,1685.6544000000001,0.0,0.0,0.0,371.196,203.91359999999997,538.4376,114.63360000000002,11.2104,0.0,176.4576,2331.1367999999998,0.0,0.0,0.0,856.4328,2493.2304,2643.0144,1673.0616,647.892,27997.329599999997,0.0,0.0,5342.9352,0.09359999999999999
0.0,0.0,0.0,2117.8104,0.0,29151.8256,11110.235999999999,674.4624,0.0,1935.1728000000003,292.9344,0.0,4198.860000000001,68764.69440000001,99283.05119999999,404.87760000000003,0.0,3884.9952,0.0,28279.552800000005,126164.55119999999,0.0,318.672,3613.4015999999992,11614.970399999998,0.0,0.0,0.0,0.0,0.0,1922.9928,3530.5919999999996,2867.712,0.0,0.0,0.0,0.0,0.0,0.0,0.0,0.0,0.0,0.0,0.0,0.0,0.0,0.0,0.0,0.0,0.0,0.0,0.0,0.0,0.0,0.0,0.0,0.0,82.4496,465.5928,0.0,0.0,524.8728000000001,0.0,0.0,0.0,0.0,0.0,0.0,11550.052800000001,0.0,0.0,0.0,0.0,106.35840000000002,1647.72,0.0,3613.9152000000004,0.0,0.0,0.0,0.0,0.0,0.0,0.0,0.0,0.0,0.0,0.0,0.0,0.0,10668.909599999999,0.0,0.0,0.0,0.0,0.0,976.788,0.0,0.09840000000000002,2136.6695999999997,1685.6544000000001,0.0,0.0,0.0,371.196,203.91359999999997,538.4376,114.63360000000002,11.2104,0.0,176.4576,2331.1367999999998,0.0,0.0,0.0,856.4328,2493.2304,2643.0144,1673.0616,647.892,27997.329599999997,0.0,0.0,5342.9352,0.09359999999999999
0.0,0.0,0.0,2117.8104,0.0,29151.8256,11110.235999999999,674.4624,0.0,1935.1728000000003,292.9344,0.0,4198.860000000001,68764.69440000001,99283.05119999999,404.87760000000003,0.0,3884.9952,0.0,28279.552800000005,126164.55119999999,0.0,318.672,3613.4015999999992,11614.970399999998,0.0,0.0,0.0,0.0,0.0,1922.9928,3530.5919999999996,2867.712,0.0,0.0,0.0,0.0,0.0,0.0,0.0,0.0,0.0,0.0,0.0,0.0,0.0,0.0,0.0,0.0,0.0,0.0,0.0,0.0,0.0,0.0,0.0,0.0,82.4496,465.5928,0.0,0.0,524.8728000000001,0.0,0.0,0.0,0.0,0.0,0.0,11550.052800000001,0.0,0.0,0.0,0.0,106.35840000000002,1647.72,0.0,3613.9152000000004,0.0,0.0,0.0,0.0,0.0,0.0,0.0,0.0,0.0,0.0,0.0,0.0,0.0,10668.909599999999,0.0,0.0,0.0,0.0,0.0,976.788,0.0,0.09840000000000002,2136.6695999999997,1685.6544000000001,0.0,0.0,0.0,371.196,203.91359999999997,538.4376,114.63360000000002,11.2104,0.0,176.4576,2331.1367999999998,0.0,0.0,0.0,856.4328,2493.2304,2643.0144,1673.0616,647.892,27997.329599999997,0.0,0.0,5342.9352,0.09359999999999999
0.0,0.0,0.0,1858.416,0.0,27757.176000000007,9366.163199999999,524.4744000000001,0.0,1888.8312,239.4984,0.0,3236.9952,70726.0152,95517.53280000002,251.54400000000004,0.0,3481.7808000000005,0.0,18557.9016,122794.70399999997,0.0,227.16959999999997,3766.0800000000004,10360.716000000002,0.0,0.0,0.0,0.0,0.0,1393.3583999999998,3303.4919999999993,2269.8768000000005,0.0,0.0,0.0,0.0,0.0,0.0,0.0,0.0,0.0,0.0,0.0,0.0,0.0,0.0,0.0,0.0,0.0,0.0,0.0,0.0,0.0,0.0,0.0,0.0,69.78479999999999,443.052,0.0,0.0,388.752,0.0,0.0,0.0,0.0,0.0,0.0,13701.117600000001,0.0,0.0,0.0,0.0,85.3008,1831.3272000000002,0.0,3982.9296,0.0,0.0,0.0,0.0,0.0,0.0,0.0,0.0,0.0,0.0,0.0,0.0,0.0,9455.8488,0.0,0.0,0.0,0.0,0.0,782.9975999999999,0.0,0.09840000000000002,1716.3048,1601.6783999999998,0.0,0.0,0.0,306.432,124.23599999999999,479.8416,149.9544,14.664,0.0,144.42239999999998,1868.652,0.0,0.0,0.0,952.8408,2352.4704,2269.2384,1341.1319999999998,840.72,18803.040000000005,0.0,0.0,6240.2735999999995,0.0912
0.0,0.0,0.0,1858.416,0.0,27757.176000000007,9366.163199999999,524.4744000000001,0.0,1888.8312,239.4984,0.0,3236.9952,70726.0152,95517.53280000002,251.54400000000004,0.0,3481.7808000000005,0.0,18557.9016,122794.70399999997,0.0,227.16959999999997,3766.0800000000004,10360.716000000002,0.0,0.0,0.0,0.0,0.0,1393.3583999999998,3303.4919999999993,2269.8768000000005,0.0,0.0,0.0,0.0,0.0,0.0,0.0,0.0,0.0,0.0,0.0,0.0,0.0,0.0,0.0,0.0,0.0,0.0,0.0,0.0,0.0,0.0,0.0,0.0,69.78479999999999,443.052,0.0,0.0,388.752,0.0,0.0,0.0,0.0,0.0,0.0,13701.117600000001,0.0,0.0,0.0,0.0,85.3008,1831.3272000000002,0.0,3982.9296,0.0,0.0,0.0,0.0,0.0,0.0,0.0,0.0,0.0,0.0,0.0,0.0,0.0,9455.8488,0.0,0.0,0.0,0.0,0.0,782.9975999999999,0.0,0.09840000000000002,1716.3048,1601.6783999999998,0.0,0.0,0.0,306.432,124.23599999999999,479.8416,149.9544,14.664,0.0,144.42239999999998,1868.652,0.0,0.0,0.0,952.8408,2352.4704,2269.2384,1341.1319999999998,840.72,18803.040000000005,0.0,0.0,6240.2735999999995,0.0912
0.0,0.0,0.0,1858.416,0.0,27757.176000000007,9366.163199999999,524.4744000000001,0.0,1888.8312,239.4984,0.0,3236.9952,70726.0152,95517.53280000002,251.54400000000004,0.0,3481.7808000000005,0.0,18557.9016,122794.70399999997,0.0,227.16959999999997,3766.0800000000004,10360.716000000002,0.0,0.0,0.0,0.0,0.0,1393.3583999999998,3303.4919999999993,2269.8768000000005,0.0,0.0,0.0,0.0,0.0,0.0,0.0,0.0,0.0,0.0,0.0,0.0,0.0,0.0,0.0,0.0,0.0,0.0,0.0,0.0,0.0,0.0,0.0,0.0,69.78479999999999,443.052,0.0,0.0,388.752,0.0,0.0,0.0,0.0,0.0,0.0,13701.117600000001,0.0,0.0,0.0,0.0,85.3008,1831.3272000000002,0.0,3982.9296,0.0,0.0,0.0,0.0,0.0,0.0,0.0,0.0,0.0,0.0,0.0,0.0,0.0,9455.8488,0.0,0.0,0.0,0.0,0.0,782.9975999999999,0.0,0.09840000000000002,1716.3048,1601.6783999999998,0.0,0.0,0.0,306.432,124.23599999999999,479.8416,149.9544,14.664,0.0,144.42239999999998,1868.652,0.0,0.0,0.0,952.8408,2352.4704,2269.2384,1341.1319999999998,840.72,18803.040000000005,0.0,0.0,6240.2735999999995,0.0912
0.0,0.0,0.0,1858.416,0.0,27757.176000000007,9366.163199999999,524.4744000000001,0.0,1888.8312,239.4984,0.0,3236.9952,70726.0152,95517.53280000002,251.54400000000004,0.0,3481.7808000000005,0.0,18557.9016,122794.70399999997,0.0,227.16959999999997,3766.0800000000004,10360.716000000002,0.0,0.0,0.0,0.0,0.0,1393.3583999999998,3303.4919999999993,2269.8768000000005,0.0,0.0,0.0,0.0,0.0,0.0,0.0,0.0,0.0,0.0,0.0,0.0,0.0,0.0,0.0,0.0,0.0,0.0,0.0,0.0,0.0,0.0,0.0,0.0,69.78479999999999,443.052,0.0,0.0,388.752,0.0,0.0,0.0,0.0,0.0,0.0,13701.117600000001,0.0,0.0,0.0,0.0,85.3008,1831.3272000000002,0.0,3982.9296,0.0,0.0,0.0,0.0,0.0,0.0,0.0,0.0,0.0,0.0,0.0,0.0,0.0,9455.8488,0.0,0.0,0.0,0.0,0.0,782.9975999999999,0.0,0.09840000000000002,1716.3048,1601.6783999999998,0.0,0.0,0.0,306.432,124.23599999999999,479.8416,149.9544,14.664,0.0,144.42239999999998,1868.652,0.0,0.0,0.0,952.8408,2352.4704,2269.2384,1341.1319999999998,840.72,18803.040000000005,0.0,0.0,6240.2735999999995,0.0912
0.0,0.0,0.0,1858.416,0.0,27757.176000000007,9366.163199999999,524.4744000000001,0.0,1888.8312,239.4984,0.0,3236.9952,70726.0152,95517.53280000002,251.54400000000004,0.0,3481.7808000000005,0.0,18557.9016,122794.70399999997,0.0,227.16959999999997,3766.0800000000004,10360.716000000002,0.0,0.0,0.0,0.0,0.0,1393.3583999999998,3303.4919999999993,2269.8768000000005,0.0,0.0,0.0,0.0,0.0,0.0,0.0,0.0,0.0,0.0,0.0,0.0,0.0,0.0,0.0,0.0,0.0,0.0,0.0,0.0,0.0,0.0,0.0,0.0,69.78479999999999,443.052,0.0,0.0,388.752,0.0,0.0,0.0,0.0,0.0,0.0,13701.117600000001,0.0,0.0,0.0,0.0,85.3008,1831.3272000000002,0.0,3982.9296,0.0,0.0,0.0,0.0,0.0,0.0,0.0,0.0,0.0,0.0,0.0,0.0,0.0,9455.8488,0.0,0.0,0.0,0.0,0.0,782.9975999999999,0.0,0.09840000000000002,1716.3048,1601.6783999999998,0.0,0.0,0.0,306.432,124.23599999999999,479.8416,149.9544,14.664,0.0,144.42239999999998,1868.652,0.0,0.0,0.0,952.8408,2352.4704,2269.2384,1341.1319999999998,840.72,18803.040000000005,0.0,0.0,6240.2735999999995,0.0912
0.0,0.0,0.0,1858.416,0.0,27757.176000000007,9366.163199999999,524.4744000000001,0.0,1888.8312,239.4984,0.0,3236.9952,70726.0152,95517.53280000002,251.54400000000004,0.0,3481.7808000000005,0.0,18557.9016,122794.70399999997,0.0,227.16959999999997,3766.0800000000004,10360.716000000002,0.0,0.0,0.0,0.0,0.0,1393.3583999999998,3303.4919999999993,2269.8768000000005,0.0,0.0,0.0,0.0,0.0,0.0,0.0,0.0,0.0,0.0,0.0,0.0,0.0,0.0,0.0,0.0,0.0,0.0,0.0,0.0,0.0,0.0,0.0,0.0,69.78479999999999,443.052,0.0,0.0,388.752,0.0,0.0,0.0,0.0,0.0,0.0,13701.117600000001,0.0,0.0,0.0,0.0,85.3008,1831.3272000000002,0.0,3982.9296,0.0,0.0,0.0,0.0,0.0,0.0,0.0,0.0,0.0,0.0,0.0,0.0,0.0,9455.8488,0.0,0.0,0.0,0.0,0.0,782.9975999999999,0.0,0.09840000000000002,1716.3048,1601.6783999999998,0.0,0.0,0.0,306.432,124.23599999999999,479.8416,149.9544,14.664,0.0,144.42239999999998,1868.652,0.0,0.0,0.0,952.8408,2352.4704,2269.2384,1341.1319999999998,840.72,18803.040000000005,0.0,0.0,6240.2735999999995,0.0912
0.0,0.0,0.0,1858.416,0.0,27757.176000000007,9366.163199999999,524.4744000000001,0.0,1888.8312,239.4984,0.0,3236.9952,70726.0152,95517.53280000002,251.54400000000004,0.0,3481.7808000000005,0.0,18557.9016,122794.70399999997,0.0,227.16959999999997,3766.0800000000004,10360.716000000002,0.0,0.0,0.0,0.0,0.0,1393.3583999999998,3303.4919999999993,2269.8768000000005,0.0,0.0,0.0,0.0,0.0,0.0,0.0,0.0,0.0,0.0,0.0,0.0,0.0,0.0,0.0,0.0,0.0,0.0,0.0,0.0,0.0,0.0,0.0,0.0,69.78479999999999,443.052,0.0,0.0,388.752,0.0,0.0,0.0,0.0,0.0,0.0,13701.117600000001,0.0,0.0,0.0,0.0,85.3008,1831.3272000000002,0.0,3982.9296,0.0,0.0,0.0,0.0,0.0,0.0,0.0,0.0,0.0,0.0,0.0,0.0,0.0,9455.8488,0.0,0.0,0.0,0.0,0.0,782.9975999999999,0.0,0.09840000000000002,1716.3048,1601.6783999999998,0.0,0.0,0.0,306.432,124.23599999999999,479.8416,149.9544,14.664,0.0,144.42239999999998,1868.652,0.0,0.0,0.0,952.8408,2352.4704,2269.2384,1341.1319999999998,840.72,18803.040000000005,0.0,0.0,6240.2735999999995,0.0912
0.0,0.0,0.0,1967.196,0.0,31428.746400000004,13448.846400000002,758.568,0.0,1579.7184000000002,294.1776,0.0,3492.1536000000006,59201.651999999995,82202.34,983.4839999999999,0.0,4455.6144,0.0,27660.182400000005,112384.3824,0.0,726.1296,3417.3576000000003,9339.384,0.0,0.0,0.0,0.0,0.0,1233.6504,2924.8464000000004,2122.655999999999,0.0,0.0,0.0,0.0,0.0,0.0,0.0,0.0,0.0,0.0,0.0,0.0,0.0,0.0,0.0,0.0,0.0,0.0,0.0,0.0,0.0,0.0,0.0,0.0,70.0464,431.2632,0.0,0.0,347.7744,0.0,0.0,0.0,0.0,0.0,0.0,13168.5672,0.0,0.0,0.0,0.0,108.4728,1760.1432000000002,0.0,3828.1175999999996,0.0,0.0,0.0,0.0,0.0,0.0,0.0,0.0,0.0,0.0,0.0,0.0,0.0,8947.596000000001,0.0,0.0,0.0,0.0,0.0,698.4552,0.0,0.1056,1537.9152000000001,1603.8504,0.0,0.0,0.0,329.75759999999997,92.61359999999999,504.8088,120.0,11.7336,0.0,146.6808,1666.8888,0.0,0.0,0.0,967.6608000000001,2275.968,2440.7352,1196.3304,810.4056,20285.227199999998,0.0,0.0,6216.208799999999,0.1056
0.0,0.0,0.0,1967.196,0.0,31428.746400000004,13448.846400000002,758.568,0.0,1579.7184000000002,294.1776,0.0,3492.1536000000006,59201.651999999995,82202.34,983.4839999999999,0.0,4455.6144,0.0,27660.182400000005,112384.3824,0.0,726.1296,3417.3576000000003,9339.384,0.0,0.0,0.0,0.0,0.0,1233.6504,2924.8464000000004,2122.655999999999,0.0,0.0,0.0,0.0,0.0,0.0,0.0,0.0,0.0,0.0,0.0,0.0,0.0,0.0,0.0,0.0,0.0,0.0,0.0,0.0,0.0,0.0,0.0,0.0,70.0464,431.2632,0.0,0.0,347.7744,0.0,0.0,0.0,0.0,0.0,0.0,13168.5672,0.0,0.0,0.0,0.0,108.4728,1760.1432000000002,0.0,3828.1175999999996,0.0,0.0,0.0,0.0,0.0,0.0,0.0,0.0,0.0,0.0,0.0,0.0,0.0,8947.596000000001,0.0,0.0,0.0,0.0,0.0,698.4552,0.0,0.1056,1537.9152000000001,1603.8504,0.0,0.0,0.0,329.75759999999997,92.61359999999999,504.8088,120.0,11.7336,0.0,146.6808,1666.8888,0.0,0.0,0.0,967.6608000000001,2275.968,2440.7352,1196.3304,810.4056,20285.227199999998,0.0,0.0,6216.208799999999,0.1056
0.0,0.0,0.0,1967.196,0.0,31428.746400000004,13448.846400000002,758.568,0.0,1579.7184000000002,294.1776,0.0,3492.1536000000006,59201.651999999995,82202.34,983.4839999999999,0.0,4455.6144,0.0,27660.182400000005,112384.3824,0.0,726.1296,3417.3576000000003,9339.384,0.0,0.0,0.0,0.0,0.0,1233.6504,2924.8464000000004,2122.655999999999,0.0,0.0,0.0,0.0,0.0,0.0,0.0,0.0,0.0,0.0,0.0,0.0,0.0,0.0,0.0,0.0,0.0,0.0,0.0,0.0,0.0,0.0,0.0,0.0,70.0464,431.2632,0.0,0.0,347.7744,0.0,0.0,0.0,0.0,0.0,0.0,13168.5672,0.0,0.0,0.0,0.0,108.4728,1760.1432000000002,0.0,3828.1175999999996,0.0,0.0,0.0,0.0,0.0,0.0,0.0,0.0,0.0,0.0,0.0,0.0,0.0,8947.596000000001,0.0,0.0,0.0,0.0,0.0,698.4552,0.0,0.1056,1537.9152000000001,1603.8504,0.0,0.0,0.0,329.75759999999997,92.61359999999999,504.8088,120.0,11.7336,0.0,146.6808,1666.8888,0.0,0.0,0.0,967.6608000000001,2275.968,2440.7352,1196.3304,810.4056,20285.227199999998,0.0,0.0,6216.208799999999,0.1056
0.0,0.0,0.0,1967.196,0.0,31428.746400000004,13448.846400000002,758.568,0.0,1579.7184000000002,294.1776,0.0,3492.1536000000006,59201.651999999995,82202.34,983.4839999999999,0.0,4455.6144,0.0,27660.182400000005,112384.3824,0.0,726.1296,3417.3576000000003,9339.384,0.0,0.0,0.0,0.0,0.0,1233.6504,2924.8464000000004,2122.655999999999,0.0,0.0,0.0,0.0,0.0,0.0,0.0,0.0,0.0,0.0,0.0,0.0,0.0,0.0,0.0,0.0,0.0,0.0,0.0,0.0,0.0,0.0,0.0,0.0,70.0464,431.2632,0.0,0.0,347.7744,0.0,0.0,0.0,0.0,0.0,0.0,13168.5672,0.0,0.0,0.0,0.0,108.4728,1760.1432000000002,0.0,3828.1175999999996,0.0,0.0,0.0,0.0,0.0,0.0,0.0,0.0,0.0,0.0,0.0,0.0,0.0,8947.596000000001,0.0,0.0,0.0,0.0,0.0,698.4552,0.0,0.1056,1537.9152000000001,1603.8504,0.0,0.0,0.0,329.75759999999997,92.61359999999999,504.8088,120.0,11.7336,0.0,146.6808,1666.8888,0.0,0.0,0.0,967.6608000000001,2275.968,2440.7352,1196.3304,810.4056,20285.227199999998,0.0,0.0,6216.208799999999,0.1056
0.0,0.0,0.0,1967.196,0.0,31428.746400000004,13448.846400000002,758.568,0.0,1579.7184000000002,294.1776,0.0,3492.1536000000006,59201.651999999995,82202.34,983.4839999999999,0.0,4455.6144,0.0,27660.182400000005,112384.3824,0.0,726.1296,3417.3576000000003,9339.384,0.0,0.0,0.0,0.0,0.0,1233.6504,2924.8464000000004,2122.655999999999,0.0,0.0,0.0,0.0,0.0,0.0,0.0,0.0,0.0,0.0,0.0,0.0,0.0,0.0,0.0,0.0,0.0,0.0,0.0,0.0,0.0,0.0,0.0,0.0,70.0464,431.2632,0.0,0.0,347.7744,0.0,0.0,0.0,0.0,0.0,0.0,13168.5672,0.0,0.0,0.0,0.0,108.4728,1760.1432000000002,0.0,3828.1175999999996,0.0,0.0,0.0,0.0,0.0,0.0,0.0,0.0,0.0,0.0,0.0,0.0,0.0,8947.596000000001,0.0,0.0,0.0,0.0,0.0,698.4552,0.0,0.1056,1537.9152000000001,1603.8504,0.0,0.0,0.0,329.75759999999997,92.61359999999999,504.8088,120.0,11.7336,0.0,146.6808,1666.8888,0.0,0.0,0.0,967.6608000000001,2275.968,2440.7352,1196.3304,810.4056,20285.227199999998,0.0,0.0,6216.208799999999,0.1056
0.0,0.0,0.0,1967.196,0.0,31428.746400000004,13448.846400000002,758.568,0.0,1579.7184000000002,294.1776,0.0,3492.1536000000006,59201.651999999995,82202.34,983.4839999999999,0.0,4455.6144,0.0,27660.182400000005,112384.3824,0.0,726.1296,3417.3576000000003,9339.384,0.0,0.0,0.0,0.0,0.0,1233.6504,2924.8464000000004,2122.655999999999,0.0,0.0,0.0,0.0,0.0,0.0,0.0,0.0,0.0,0.0,0.0,0.0,0.0,0.0,0.0,0.0,0.0,0.0,0.0,0.0,0.0,0.0,0.0,0.0,70.0464,431.2632,0.0,0.0,347.7744,0.0,0.0,0.0,0.0,0.0,0.0,13168.5672,0.0,0.0,0.0,0.0,108.4728,1760.1432000000002,0.0,3828.1175999999996,0.0,0.0,0.0,0.0,0.0,0.0,0.0,0.0,0.0,0.0,0.0,0.0,0.0,8947.596000000001,0.0,0.0,0.0,0.0,0.0,698.4552,0.0,0.1056,1537.9152000000001,1603.8504,0.0,0.0,0.0,329.75759999999997,92.61359999999999,504.8088,120.0,11.7336,0.0,146.6808,1666.8888,0.0,0.0,0.0,967.6608000000001,2275.968,2440.7352,1196.3304,810.4056,20285.227199999998,0.0,0.0,6216.208799999999,0.1056
0.0,0.0,0.0,1967.196,0.0,31428.746400000004,13448.846400000002,758.568,0.0,1579.7184000000002,294.1776,0.0,3492.1536000000006,59201.651999999995,82202.34,983.4839999999999,0.0,4455.6144,0.0,27660.182400000005,112384.3824,0.0,726.1296,3417.3576000000003,9339.384,0.0,0.0,0.0,0.0,0.0,1233.6504,2924.8464000000004,2122.655999999999,0.0,0.0,0.0,0.0,0.0,0.0,0.0,0.0,0.0,0.0,0.0,0.0,0.0,0.0,0.0,0.0,0.0,0.0,0.0,0.0,0.0,0.0,0.0,0.0,70.0464,431.2632,0.0,0.0,347.7744,0.0,0.0,0.0,0.0,0.0,0.0,13168.5672,0.0,0.0,0.0,0.0,108.4728,1760.1432000000002,0.0,3828.1175999999996,0.0,0.0,0.0,0.0,0.0,0.0,0.0,0.0,0.0,0.0,0.0,0.0,0.0,8947.596000000001,0.0,0.0,0.0,0.0,0.0,698.4552,0.0,0.1056,1537.9152000000001,1603.8504,0.0,0.0,0.0,329.75759999999997,92.61359999999999,504.8088,120.0,11.7336,0.0,146.6808,1666.8888,0.0,0.0,0.0,967.6608000000001,2275.968,2440.7352,1196.3304,810.4056,20285.227199999998,0.0,0.0,6216.208799999999,0.1056
0.0,0.0,0.0,2193.9168,0.0,33864.93840000001,12626.419199999998,708.6792,0.0,1754.0448000000001,307.38,0.0,4496.2992,65734.716,98534.04479999999,876.1776000000001,0.0,4168.68,0.0,38722.5744,136115.2416,0.0,640.1016,3133.7448,8391.561599999999,0.0,0.0,0.0,0.0,0.0,1160.5248,2751.4728,2001.5591999999997,0.0,0.0,0.0,0.0,0.0,0.0,0.0,0.0,0.0,0.0,0.0,0.0,0.0,0.0,0.0,0.0,0.0,0.0,0.0,0.0,0.0,0.0,0.0,0.0,60.67439999999999,414.6528,0.0,0.0,318.6648,0.0,0.0,0.0,0.0,0.0,0.0,12619.876799999998,0.0,0.0,0.0,0.0,110.5728,1686.804,0.0,3668.6112000000003,0.0,0.0,0.0,0.0,0.0,0.0,0.0,0.0,0.0,0.0,0.0,0.0,0.0,8211.220800000001,0.0,0.0,0.0,0.0,0.0,669.9888,0.0,0.096,1468.7136,1612.5384,0.0,0.0,0.0,405.56639999999993,123.0024,602.0616,88.46880000000002,8.6496,0.0,173.94959999999998,1598.9543999999999,0.0,0.0,0.0,984.0264,2415.9624000000003,2730.4248000000002,1147.5695999999998,777.1271999999999,34095.0576,0.0,0.0,6177.8496,0.12240000000000001
0.0,0.0,0.0,2193.9168,0.0,33864.93840000001,12626.419199999998,708.6792,0.0,1754.0448000000001,307.38,0.0,4496.2992,65734.716,98534.04479999999,876.1776000000001,0.0,4168.68,0.0,38722.5744,136115.2416,0.0,640.1016,3133.7448,8391.561599999999,0.0,0.0,0.0,0.0,0.0,1160.5248,2751.4728,2001.5591999999997,0.0,0.0,0.0,0.0,0.0,0.0,0.0,0.0,0.0,0.0,0.0,0.0,0.0,0.0,0.0,0.0,0.0,0.0,0.0,0.0,0.0,0.0,0.0,0.0,60.67439999999999,414.6528,0.0,0.0,318.6648,0.0,0.0,0.0,0.0,0.0,0.0,12619.876799999998,0.0,0.0,0.0,0.0,110.5728,1686.804,0.0,3668.6112000000003,0.0,0.0,0.0,0.0,0.0,0.0,0.0,0.0,0.0,0.0,0.0,0.0,0.0,8211.220800000001,0.0,0.0,0.0,0.0,0.0,669.9888,0.0,0.096,1468.7136,1612.5384,0.0,0.0,0.0,405.56639999999993,123.0024,602.0616,88.46880000000002,8.6496,0.0,173.94959999999998,1598.9543999999999,0.0,0.0,0.0,984.0264,2415.9624000000003,2730.4248000000002,1147.5695999999998,777.1271999999999,34095.0576,0.0,0.0,6177.8496,0.12240000000000001
0.0,0.0,0.0,2193.9168,0.0,33864.93840000001,12626.419199999998,708.6792,0.0,1754.0448000000001,307.38,0.0,4496.2992,65734.716,98534.04479999999,876.1776000000001,0.0,4168.68,0.0,38722.5744,136115.2416,0.0,640.1016,3133.7448,8391.561599999999,0.0,0.0,0.0,0.0,0.0,1160.5248,2751.4728,2001.5591999999997,0.0,0.0,0.0,0.0,0.0,0.0,0.0,0.0,0.0,0.0,0.0,0.0,0.0,0.0,0.0,0.0,0.0,0.0,0.0,0.0,0.0,0.0,0.0,0.0,60.67439999999999,414.6528,0.0,0.0,318.6648,0.0,0.0,0.0,0.0,0.0,0.0,12619.876799999998,0.0,0.0,0.0,0.0,110.5728,1686.804,0.0,3668.6112000000003,0.0,0.0,0.0,0.0,0.0,0.0,0.0,0.0,0.0,0.0,0.0,0.0,0.0,8211.220800000001,0.0,0.0,0.0,0.0,0.0,669.9888,0.0,0.096,1468.7136,1612.5384,0.0,0.0,0.0,405.56639999999993,123.0024,602.0616,88.46880000000002,8.6496,0.0,173.94959999999998,1598.9543999999999,0.0,0.0,0.0,984.0264,2415.9624000000003,2730.4248000000002,1147.5695999999998,777.1271999999999,34095.0576,0.0,0.0,6177.8496,0.12240000000000001
0.0,0.0,0.0,2193.9168,0.0,33864.93840000001,12626.419199999998,708.6792,0.0,1754.0448000000001,307.38,0.0,4496.2992,65734.716,98534.04479999999,876.1776000000001,0.0,4168.68,0.0,38722.5744,136115.2416,0.0,640.1016,3133.7448,8391.561599999999,0.0,0.0,0.0,0.0,0.0,1160.5248,2751.4728,2001.5591999999997,0.0,0.0,0.0,0.0,0.0,0.0,0.0,0.0,0.0,0.0,0.0,0.0,0.0,0.0,0.0,0.0,0.0,0.0,0.0,0.0,0.0,0.0,0.0,0.0,60.67439999999999,414.6528,0.0,0.0,318.6648,0.0,0.0,0.0,0.0,0.0,0.0,12619.876799999998,0.0,0.0,0.0,0.0,110.5728,1686.804,0.0,3668.6112000000003,0.0,0.0,0.0,0.0,0.0,0.0,0.0,0.0,0.0,0.0,0.0,0.0,0.0,8211.220800000001,0.0,0.0,0.0,0.0,0.0,669.9888,0.0,0.096,1468.7136,1612.5384,0.0,0.0,0.0,405.56639999999993,123.0024,602.0616,88.46880000000002,8.6496,0.0,173.94959999999998,1598.9543999999999,0.0,0.0,0.0,984.0264,2415.9624000000003,2730.4248000000002,1147.5695999999998,777.1271999999999,34095.0576,0.0,0.0,6177.8496,0.12240000000000001
0.0,0.0,0.0,2193.9168,0.0,33864.93840000001,12626.419199999998,708.6792,0.0,1754.0448000000001,307.38,0.0,4496.2992,65734.716,98534.04479999999,876.1776000000001,0.0,4168.68,0.0,38722.5744,136115.2416,0.0,640.1016,3133.7448,8391.561599999999,0.0,0.0,0.0,0.0,0.0,1160.5248,2751.4728,2001.5591999999997,0.0,0.0,0.0,0.0,0.0,0.0,0.0,0.0,0.0,0.0,0.0,0.0,0.0,0.0,0.0,0.0,0.0,0.0,0.0,0.0,0.0,0.0,0.0,0.0,60.67439999999999,414.6528,0.0,0.0,318.6648,0.0,0.0,0.0,0.0,0.0,0.0,12619.876799999998,0.0,0.0,0.0,0.0,110.5728,1686.804,0.0,3668.6112000000003,0.0,0.0,0.0,0.0,0.0,0.0,0.0,0.0,0.0,0.0,0.0,0.0,0.0,8211.220800000001,0.0,0.0,0.0,0.0,0.0,669.9888,0.0,0.096,1468.7136,1612.5384,0.0,0.0,0.0,405.56639999999993,123.0024,602.0616,88.46880000000002,8.6496,0.0,173.94959999999998,1598.9543999999999,0.0,0.0,0.0,984.0264,2415.9624000000003,2730.4248000000002,1147.5695999999998,777.1271999999999,34095.0576,0.0,0.0,6177.8496,0.12240000000000001
0.0,0.0,0.0,2193.9168,0.0,33864.93840000001,12626.419199999998,708.6792,0.0,1754.0448000000001,307.38,0.0,4496.2992,65734.716,98534.04479999999,876.1776000000001,0.0,4168.68,0.0,38722.5744,136115.2416,0.0,640.1016,3133.7448,8391.561599999999,0.0,0.0,0.0,0.0,0.0,1160.5248,2751.4728,2001.5591999999997,0.0,0.0,0.0,0.0,0.0,0.0,0.0,0.0,0.0,0.0,0.0,0.0,0.0,0.0,0.0,0.0,0.0,0.0,0.0,0.0,0.0,0.0,0.0,0.0,60.67439999999999,414.6528,0.0,0.0,318.6648,0.0,0.0,0.0,0.0,0.0,0.0,12619.876799999998,0.0,0.0,0.0,0.0,110.5728,1686.804,0.0,3668.6112000000003,0.0,0.0,0.0,0.0,0.0,0.0,0.0,0.0,0.0,0.0,0.0,0.0,0.0,8211.220800000001,0.0,0.0,0.0,0.0,0.0,669.9888,0.0,0.096,1468.7136,1612.5384,0.0,0.0,0.0,405.56639999999993,123.0024,602.0616,88.46880000000002,8.6496,0.0,173.94959999999998,1598.9543999999999,0.0,0.0,0.0,984.0264,2415.9624000000003,2730.4248000000002,1147.5695999999998,777.1271999999999,34095.0576,0.0,0.0,6177.8496,0.12240000000000001
0.0,0.0,0.0,2193.9168,0.0,33864.93840000001,12626.419199999998,708.6792,0.0,1754.0448000000001,307.38,0.0,4496.2992,65734.716,98534.04479999999,876.1776000000001,0.0,4168.68,0.0,38722.5744,136115.2416,0.0,640.1016,3133.7448,8391.561599999999,0.0,0.0,0.0,0.0,0.0,1160.5248,2751.4728,2001.5591999999997,0.0,0.0,0.0,0.0,0.0,0.0,0.0,0.0,0.0,0.0,0.0,0.0,0.0,0.0,0.0,0.0,0.0,0.0,0.0,0.0,0.0,0.0,0.0,0.0,60.67439999999999,414.6528,0.0,0.0,318.6648,0.0,0.0,0.0,0.0,0.0,0.0,12619.876799999998,0.0,0.0,0.0,0.0,110.5728,1686.804,0.0,3668.6112000000003,0.0,0.0,0.0,0.0,0.0,0.0,0.0,0.0,0.0,0.0,0.0,0.0,0.0,8211.220800000001,0.0,0.0,0.0,0.0,0.0,669.9888,0.0,0.096,1468.7136,1612.5384,0.0,0.0,0.0,405.56639999999993,123.0024,602.0616,88.46880000000002,8.6496,0.0,173.94959999999998,1598.9543999999999,0.0,0.0,0.0,984.0264,2415.9624000000003,2730.4248000000002,1147.5695999999998,777.1271999999999,34095.0576,0.0,0.0,6177.8496,0.12240000000000001
0.0,0.0,0.0,2465.6736,0.0,36488.712,16393.9488,935.0352,0.0,1817.784,290.1936,0.0,4599.5592,67283.4,104178.18239999999,924.4295999999999,0.0,4155.6288,0.0,50256.851999999984,147564.35520000002,0.0,670.9896000000001,3175.5455999999995,8609.215199999999,0.0,0.0,0.0,0.0,0.0,2658.1416,6309.528,2968.1712000000007,0.0,0.0,0.0,0.0,0.0,0.0,0.0,0.0,0.0,0.0,0.0,0.0,0.0,0.0,0.0,0.0,0.0,0.0,0.0,0.0,0.0,0.0,0.0,0.0,53.162400000000005,437.3808,0.0,0.0,501.4344,0.0,0.0,0.0,0.0,0.0,0.0,13527.155999999999,0.0,0.0,0.0,0.0,116.3664,1810.3919999999998,0.0,3969.0864,0.0,0.0,0.0,0.0,0.0,0.0,0.0,0.0,0.0,0.0,0.0,0.0,0.0,7697.028,0.0,0.0,0.0,0.0,0.0,686.8704,0.0,0.9672000000000001,1554.3647999999998,1640.0928,0.0,0.0,0.0,452.2488000000001,156.7704,617.1864,77.832,7.6104,0.0,153.96480000000003,1639.2384000000002,0.0,0.0,0.0,1286.04,2353.1232,2789.2992,1176.4823999999999,740.6976,37836.0864,0.0,0.0,6055.749600000001,0.1392
0.0,0.0,0.0,2465.6736,0.0,36488.712,16393.9488,935.0352,0.0,1817.784,290.1936,0.0,4599.5592,67283.4,104178.18239999999,924.4295999999999,0.0,4155.6288,0.0,50256.851999999984,147564.35520000002,0.0,670.9896000000001,3175.5455999999995,8609.215199999999,0.0,0.0,0.0,0.0,0.0,2658.1416,6309.528,2968.1712000000007,0.0,0.0,0.0,0.0,0.0,0.0,0.0,0.0,0.0,0.0,0.0,0.0,0.0,0.0,0.0,0.0,0.0,0.0,0.0,0.0,0.0,0.0,0.0,0.0,53.162400000000005,437.3808,0.0,0.0,501.4344,0.0,0.0,0.0,0.0,0.0,0.0,13527.155999999999,0.0,0.0,0.0,0.0,116.3664,1810.3919999999998,0.0,3969.0864,0.0,0.0,0.0,0.0,0.0,0.0,0.0,0.0,0.0,0.0,0.0,0.0,0.0,7697.028,0.0,0.0,0.0,0.0,0.0,686.8704,0.0,0.9672000000000001,1554.3647999999998,1640.0928,0.0,0.0,0.0,452.2488000000001,156.7704,617.1864,77.832,7.6104,0.0,153.96480000000003,1639.2384000000002,0.0,0.0,0.0,1286.04,2353.1232,2789.2992,1176.4823999999999,740.6976,37836.0864,0.0,0.0,6055.749600000001,0.1392
0.0,0.0,0.0,2465.6736,0.0,36488.712,16393.9488,935.0352,0.0,1817.784,290.1936,0.0,4599.5592,67283.4,104178.18239999999,924.4295999999999,0.0,4155.6288,0.0,50256.851999999984,147564.35520000002,0.0,670.9896000000001,3175.5455999999995,8609.215199999999,0.0,0.0,0.0,0.0,0.0,2658.1416,6309.528,2968.1712000000007,0.0,0.0,0.0,0.0,0.0,0.0,0.0,0.0,0.0,0.0,0.0,0.0,0.0,0.0,0.0,0.0,0.0,0.0,0.0,0.0,0.0,0.0,0.0,0.0,53.162400000000005,437.3808,0.0,0.0,501.4344,0.0,0.0,0.0,0.0,0.0,0.0,13527.155999999999,0.0,0.0,0.0,0.0,116.3664,1810.3919999999998,0.0,3969.0864,0.0,0.0,0.0,0.0,0.0,0.0,0.0,0.0,0.0,0.0,0.0,0.0,0.0,7697.028,0.0,0.0,0.0,0.0,0.0,686.8704,0.0,0.9672000000000001,1554.3647999999998,1640.0928,0.0,0.0,0.0,452.2488000000001,156.7704,617.1864,77.832,7.6104,0.0,153.96480000000003,1639.2384000000002,0.0,0.0,0.0,1286.04,2353.1232,2789.2992,1176.4823999999999,740.6976,37836.0864,0.0,0.0,6055.749600000001,0.1392
0.0,0.0,0.0,2465.6736,0.0,36488.712,16393.9488,935.0352,0.0,1817.784,290.1936,0.0,4599.5592,67283.4,104178.18239999999,924.4295999999999,0.0,4155.6288,0.0,50256.851999999984,147564.35520000002,0.0,670.9896000000001,3175.5455999999995,8609.215199999999,0.0,0.0,0.0,0.0,0.0,2658.1416,6309.528,2968.1712000000007,0.0,0.0,0.0,0.0,0.0,0.0,0.0,0.0,0.0,0.0,0.0,0.0,0.0,0.0,0.0,0.0,0.0,0.0,0.0,0.0,0.0,0.0,0.0,0.0,53.162400000000005,437.3808,0.0,0.0,501.4344,0.0,0.0,0.0,0.0,0.0,0.0,13527.155999999999,0.0,0.0,0.0,0.0,116.3664,1810.3919999999998,0.0,3969.0864,0.0,0.0,0.0,0.0,0.0,0.0,0.0,0.0,0.0,0.0,0.0,0.0,0.0,7697.028,0.0,0.0,0.0,0.0,0.0,686.8704,0.0,0.9672000000000001,1554.3647999999998,1640.0928,0.0,0.0,0.0,452.2488000000001,156.7704,617.1864,77.832,7.6104,0.0,153.96480000000003,1639.2384000000002,0.0,0.0,0.0,1286.04,2353.1232,2789.2992,1176.4823999999999,740.6976,37836.0864,0.0,0.0,6055.749600000001,0.1392
0.0,0.0,0.0,2465.6736,0.0,36488.712,16393.9488,935.0352,0.0,1817.784,290.1936,0.0,4599.5592,67283.4,104178.18239999999,924.4295999999999,0.0,4155.6288,0.0,50256.851999999984,147564.35520000002,0.0,670.9896000000001,3175.5455999999995,8609.215199999999,0.0,0.0,0.0,0.0,0.0,2658.1416,6309.528,2968.1712000000007,0.0,0.0,0.0,0.0,0.0,0.0,0.0,0.0,0.0,0.0,0.0,0.0,0.0,0.0,0.0,0.0,0.0,0.0,0.0,0.0,0.0,0.0,0.0,0.0,53.162400000000005,437.3808,0.0,0.0,501.4344,0.0,0.0,0.0,0.0,0.0,0.0,13527.155999999999,0.0,0.0,0.0,0.0,116.3664,1810.3919999999998,0.0,3969.0864,0.0,0.0,0.0,0.0,0.0,0.0,0.0,0.0,0.0,0.0,0.0,0.0,0.0,7697.028,0.0,0.0,0.0,0.0,0.0,686.8704,0.0,0.9672000000000001,1554.3647999999998,1640.0928,0.0,0.0,0.0,452.2488000000001,156.7704,617.1864,77.832,7.6104,0.0,153.96480000000003,1639.2384000000002,0.0,0.0,0.0,1286.04,2353.1232,2789.2992,1176.4823999999999,740.6976,37836.0864,0.0,0.0,6055.749600000001,0.1392
0.0,0.0,0.0,2465.6736,0.0,36488.712,16393.9488,935.0352,0.0,1817.784,290.1936,0.0,4599.5592,67283.4,104178.18239999999,924.4295999999999,0.0,4155.6288,0.0,50256.851999999984,147564.35520000002,0.0,670.9896000000001,3175.5455999999995,8609.215199999999,0.0,0.0,0.0,0.0,0.0,2658.1416,6309.528,2968.1712000000007,0.0,0.0,0.0,0.0,0.0,0.0,0.0,0.0,0.0,0.0,0.0,0.0,0.0,0.0,0.0,0.0,0.0,0.0,0.0,0.0,0.0,0.0,0.0,0.0,53.162400000000005,437.3808,0.0,0.0,501.4344,0.0,0.0,0.0,0.0,0.0,0.0,13527.155999999999,0.0,0.0,0.0,0.0,116.3664,1810.3919999999998,0.0,3969.0864,0.0,0.0,0.0,0.0,0.0,0.0,0.0,0.0,0.0,0.0,0.0,0.0,0.0,7697.028,0.0,0.0,0.0,0.0,0.0,686.8704,0.0,0.9672000000000001,1554.3647999999998,1640.0928,0.0,0.0,0.0,452.2488000000001,156.7704,617.1864,77.832,7.6104,0.0,153.96480000000003,1639.2384000000002,0.0,0.0,0.0,1286.04,2353.1232,2789.2992,1176.4823999999999,740.6976,37836.0864,0.0,0.0,6055.749600000001,0.1392
0.0,0.0,0.0,2465.6736,0.0,36488.712,16393.9488,935.0352,0.0,1817.784,290.1936,0.0,4599.5592,67283.4,104178.18239999999,924.4295999999999,0.0,4155.6288,0.0,50256.851999999984,147564.35520000002,0.0,670.9896000000001,3175.5455999999995,8609.215199999999,0.0,0.0,0.0,0.0,0.0,2658.1416,6309.528,2968.1712000000007,0.0,0.0,0.0,0.0,0.0,0.0,0.0,0.0,0.0,0.0,0.0,0.0,0.0,0.0,0.0,0.0,0.0,0.0,0.0,0.0,0.0,0.0,0.0,0.0,53.162400000000005,437.3808,0.0,0.0,501.4344,0.0,0.0,0.0,0.0,0.0,0.0,13527.155999999999,0.0,0.0,0.0,0.0,116.3664,1810.3919999999998,0.0,3969.0864,0.0,0.0,0.0,0.0,0.0,0.0,0.0,0.0,0.0,0.0,0.0,0.0,0.0,7697.028,0.0,0.0,0.0,0.0,0.0,686.8704,0.0,0.9672000000000001,1554.3647999999998,1640.0928,0.0,0.0,0.0,452.2488000000001,156.7704,617.1864,77.832,7.6104,0.0,153.96480000000003,1639.2384000000002,0.0,0.0,0.0,1286.04,2353.1232,2789.2992,1176.4823999999999,740.6976,37836.0864,0.0,0.0,6055.749600000001,0.1392
0.0,0.0,0.0,2327.3903999999998,0.0,26278.924799999997,10324.502400000001,620.6088,0.0,1868.2223999999997,252.8904,0.0,4460.2536,63695.85599999999,104149.2768,661.488,0.0,4272.936,0.0,34993.752,116991.39360000004,0.0,481.5,5370.852000000001,10350.950399999998,0.0,0.0,0.0,0.0,0.0,1960.9991999999997,4695.6528,1529.94,0.0,0.0,0.0,0.0,0.0,0.0,0.0,0.0,0.0,0.0,0.0,0.0,0.0,0.0,0.0,0.0,0.0,0.0,0.0,0.0,0.0,0.0,0.0,0.0,51.3648,422.9591999999999,0.0,0.0,449.6808,0.0,0.0,0.0,0.0,0.0,0.0,14257.655999999999,0.0,0.0,0.0,0.0,113.1192,1920.7536,0.0,4382.9136,0.0,0.0,0.0,0.0,0.0,0.0,0.0,0.0,0.0,0.0,0.0,0.0,0.0,10701.7992,0.0,0.0,0.0,0.0,0.0,757.8864000000001,0.0,5.436,1966.3608000000002,1428.5808,0.0,0.0,0.0,700.5432,320.028,777.8136000000001,73.2096,7.1592,0.0,203.9664,1808.7215999999999,0.0,0.0,0.0,3114.5135999999993,3150.3528,2709.8736,1298.1216,909.1823999999999,40659.8736,0.0,0.0,6626.8848,0.11280000000000001
0.0,0.0,0.0,2327.3903999999998,0.0,26278.924799999997,10324.502400000001,620.6088,0.0,1868.2223999999997,252.8904,0.0,4460.2536,63695.85599999999,104149.2768,661.488,0.0,4272.936,0.0,34993.752,116991.39360000004,0.0,481.5,5370.852000000001,10350.950399999998,0.0,0.0,0.0,0.0,0.0,1960.9991999999997,4695.6528,1529.94,0.0,0.0,0.0,0.0,0.0,0.0,0.0,0.0,0.0,0.0,0.0,0.0,0.0,0.0,0.0,0.0,0.0,0.0,0.0,0.0,0.0,0.0,0.0,0.0,51.3648,422.9591999999999,0.0,0.0,449.6808,0.0,0.0,0.0,0.0,0.0,0.0,14257.655999999999,0.0,0.0,0.0,0.0,113.1192,1920.7536,0.0,4382.9136,0.0,0.0,0.0,0.0,0.0,0.0,0.0,0.0,0.0,0.0,0.0,0.0,0.0,10701.7992,0.0,0.0,0.0,0.0,0.0,757.8864000000001,0.0,5.436,1966.3608000000002,1428.5808,0.0,0.0,0.0,700.5432,320.028,777.8136000000001,73.2096,7.1592,0.0,203.9664,1808.7215999999999,0.0,0.0,0.0,3114.5135999999993,3150.3528,2709.8736,1298.1216,909.1823999999999,40659.8736,0.0,0.0,6626.8848,0.11280000000000001
0.0,0.0,0.0,2327.3903999999998,0.0,26278.924799999997,10324.502400000001,620.6088,0.0,1868.2223999999997,252.8904,0.0,4460.2536,63695.85599999999,104149.2768,661.488,0.0,4272.936,0.0,34993.752,116991.39360000004,0.0,481.5,5370.852000000001,10350.950399999998,0.0,0.0,0.0,0.0,0.0,1960.9991999999997,4695.6528,1529.94,0.0,0.0,0.0,0.0,0.0,0.0,0.0,0.0,0.0,0.0,0.0,0.0,0.0,0.0,0.0,0.0,0.0,0.0,0.0,0.0,0.0,0.0,0.0,0.0,51.3648,422.9591999999999,0.0,0.0,449.6808,0.0,0.0,0.0,0.0,0.0,0.0,14257.655999999999,0.0,0.0,0.0,0.0,113.1192,1920.7536,0.0,4382.9136,0.0,0.0,0.0,0.0,0.0,0.0,0.0,0.0,0.0,0.0,0.0,0.0,0.0,10701.7992,0.0,0.0,0.0,0.0,0.0,757.8864000000001,0.0,5.436,1966.3608000000002,1428.5808,0.0,0.0,0.0,700.5432,320.028,777.8136000000001,73.2096,7.1592,0.0,203.9664,1808.7215999999999,0.0,0.0,0.0,3114.5135999999993,3150.3528,2709.8736,1298.1216,909.1823999999999,40659.8736,0.0,0.0,6626.8848,0.11280000000000001
0.0,0.0,0.0,2327.3903999999998,0.0,26278.924799999997,10324.502400000001,620.6088,0.0,1868.2223999999997,252.8904,0.0,4460.2536,63695.85599999999,104149.2768,661.488,0.0,4272.936,0.0,34993.752,116991.39360000004,0.0,481.5,5370.852000000001,10350.950399999998,0.0,0.0,0.0,0.0,0.0,1960.9991999999997,4695.6528,1529.94,0.0,0.0,0.0,0.0,0.0,0.0,0.0,0.0,0.0,0.0,0.0,0.0,0.0,0.0,0.0,0.0,0.0,0.0,0.0,0.0,0.0,0.0,0.0,0.0,51.3648,422.9591999999999,0.0,0.0,449.6808,0.0,0.0,0.0,0.0,0.0,0.0,14257.655999999999,0.0,0.0,0.0,0.0,113.1192,1920.7536,0.0,4382.9136,0.0,0.0,0.0,0.0,0.0,0.0,0.0,0.0,0.0,0.0,0.0,0.0,0.0,10701.7992,0.0,0.0,0.0,0.0,0.0,757.8864000000001,0.0,5.436,1966.3608000000002,1428.5808,0.0,0.0,0.0,700.5432,320.028,777.8136000000001,73.2096,7.1592,0.0,203.9664,1808.7215999999999,0.0,0.0,0.0,3114.5135999999993,3150.3528,2709.8736,1298.1216,909.1823999999999,40659.8736,0.0,0.0,6626.8848,0.11280000000000001
0.0,0.0,0.0,2327.3903999999998,0.0,26278.924799999997,10324.502400000001,620.6088,0.0,1868.2223999999997,252.8904,0.0,4460.2536,63695.85599999999,104149.2768,661.488,0.0,4272.936,0.0,34993.752,116991.39360000004,0.0,481.5,5370.852000000001,10350.950399999998,0.0,0.0,0.0,0.0,0.0,1960.9991999999997,4695.6528,1529.94,0.0,0.0,0.0,0.0,0.0,0.0,0.0,0.0,0.0,0.0,0.0,0.0,0.0,0.0,0.0,0.0,0.0,0.0,0.0,0.0,0.0,0.0,0.0,0.0,51.3648,422.9591999999999,0.0,0.0,449.6808,0.0,0.0,0.0,0.0,0.0,0.0,14257.655999999999,0.0,0.0,0.0,0.0,113.1192,1920.7536,0.0,4382.9136,0.0,0.0,0.0,0.0,0.0,0.0,0.0,0.0,0.0,0.0,0.0,0.0,0.0,10701.7992,0.0,0.0,0.0,0.0,0.0,757.8864000000001,0.0,5.436,1966.3608000000002,1428.5808,0.0,0.0,0.0,700.5432,320.028,777.8136000000001,73.2096,7.1592,0.0,203.9664,1808.7215999999999,0.0,0.0,0.0,3114.5135999999993,3150.3528,2709.8736,1298.1216,909.1823999999999,40659.8736,0.0,0.0,6626.8848,0.11280000000000001
0.0,0.0,0.0,2327.3903999999998,0.0,26278.924799999997,10324.502400000001,620.6088,0.0,1868.2223999999997,252.8904,0.0,4460.2536,63695.85599999999,104149.2768,661.488,0.0,4272.936,0.0,34993.752,116991.39360000004,0.0,481.5,5370.852000000001,10350.950399999998,0.0,0.0,0.0,0.0,0.0,1960.9991999999997,4695.6528,1529.94,0.0,0.0,0.0,0.0,0.0,0.0,0.0,0.0,0.0,0.0,0.0,0.0,0.0,0.0,0.0,0.0,0.0,0.0,0.0,0.0,0.0,0.0,0.0,0.0,51.3648,422.9591999999999,0.0,0.0,449.6808,0.0,0.0,0.0,0.0,0.0,0.0,14257.655999999999,0.0,0.0,0.0,0.0,113.1192,1920.7536,0.0,4382.9136,0.0,0.0,0.0,0.0,0.0,0.0,0.0,0.0,0.0,0.0,0.0,0.0,0.0,10701.7992,0.0,0.0,0.0,0.0,0.0,757.8864000000001,0.0,5.436,1966.3608000000002,1428.5808,0.0,0.0,0.0,700.5432,320.028,777.8136000000001,73.2096,7.1592,0.0,203.9664,1808.7215999999999,0.0,0.0,0.0,3114.5135999999993,3150.3528,2709.8736,1298.1216,909.1823999999999,40659.8736,0.0,0.0,6626.8848,0.11280000000000001
0.0,0.0,0.0,2327.3903999999998,0.0,26278.924799999997,10324.502400000001,620.6088,0.0,1868.2223999999997,252.8904,0.0,4460.2536,63695.85599999999,104149.2768,661.488,0.0,4272.936,0.0,34993.752,116991.39360000004,0.0,481.5,5370.852000000001,10350.950399999998,0.0,0.0,0.0,0.0,0.0,1960.9991999999997,4695.6528,1529.94,0.0,0.0,0.0,0.0,0.0,0.0,0.0,0.0,0.0,0.0,0.0,0.0,0.0,0.0,0.0,0.0,0.0,0.0,0.0,0.0,0.0,0.0,0.0,0.0,51.3648,422.9591999999999,0.0,0.0,449.6808,0.0,0.0,0.0,0.0,0.0,0.0,14257.655999999999,0.0,0.0,0.0,0.0,113.1192,1920.7536,0.0,4382.9136,0.0,0.0,0.0,0.0,0.0,0.0,0.0,0.0,0.0,0.0,0.0,0.0,0.0,10701.7992,0.0,0.0,0.0,0.0,0.0,757.8864000000001,0.0,5.436,1966.3608000000002,1428.5808,0.0,0.0,0.0,700.5432,320.028,777.8136000000001,73.2096,7.1592,0.0,203.9664,1808.7215999999999,0.0,0.0,0.0,3114.5135999999993,3150.3528,2709.8736,1298.1216,909.1823999999999,40659.8736,0.0,0.0,6626.8848,0.11280000000000001
0.0,0.0,0.0,1922.7287999999999,0.0,22282.987199999996,8989.7112,544.6007999999999,0.0,1567.1928,147.71280000000002,0.0,3887.2152000000006,53469.1464,84209.3352,588.1872,0.0,4111.4232,0.0,28187.361600000004,93656.9376,0.0,444.83519999999993,5328.647999999999,10543.6152,0.0,0.0,0.0,0.0,0.0,2700.4343999999996,6466.243200000001,1796.8008,0.0,0.0,0.0,0.0,0.0,0.0,0.0,0.0,0.0,0.0,0.0,0.0,0.0,0.0,0.0,0.0,0.0,0.0,0.0,0.0,0.0,0.0,0.0,0.0,49.69919999999999,418.37520000000006,0.0,0.0,553.7568,0.0,0.0,0.0,0.0,0.0,0.0,14058.144,0.0,0.0,0.0,0.0,118.04879999999999,1893.8760000000002,0.0,4321.5815999999995,0.0,0.0,0.0,0.0,0.0,0.0,0.0,0.0,0.0,0.0,0.0,0.0,0.0,7777.6584,0.0,0.0,0.0,0.0,0.0,740.8752000000001,0.0,3.9024,1927.8288,995.2847999999999,0.0,0.0,0.0,555.1416,204.20880000000002,613.26,52.7928,5.1624,0.0,151.04879999999997,1768.1255999999998,0.0,0.0,0.0,2772.108,2702.6615999999995,2576.1744000000003,1268.9832000000001,848.9784,31580.752800000002,0.0,0.0,6046.029599999999,0.1512
0.0,0.0,0.0,1922.7287999999999,0.0,22282.987199999996,8989.7112,544.6007999999999,0.0,1567.1928,147.71280000000002,0.0,3887.2152000000006,53469.1464,84209.3352,588.1872,0.0,4111.4232,0.0,28187.361600000004,93656.9376,0.0,444.83519999999993,5328.647999999999,10543.6152,0.0,0.0,0.0,0.0,0.0,2700.4343999999996,6466.243200000001,1796.8008,0.0,0.0,0.0,0.0,0.0,0.0,0.0,0.0,0.0,0.0,0.0,0.0,0.0,0.0,0.0,0.0,0.0,0.0,0.0,0.0,0.0,0.0,0.0,0.0,49.69919999999999,418.37520000000006,0.0,0.0,553.7568,0.0,0.0,0.0,0.0,0.0,0.0,14058.144,0.0,0.0,0.0,0.0,118.04879999999999,1893.8760000000002,0.0,4321.5815999999995,0.0,0.0,0.0,0.0,0.0,0.0,0.0,0.0,0.0,0.0,0.0,0.0,0.0,7777.6584,0.0,0.0,0.0,0.0,0.0,740.8752000000001,0.0,3.9024,1927.8288,995.2847999999999,0.0,0.0,0.0,555.1416,204.20880000000002,613.26,52.7928,5.1624,0.0,151.04879999999997,1768.1255999999998,0.0,0.0,0.0,2772.108,2702.6615999999995,2576.1744000000003,1268.9832000000001,848.9784,31580.752800000002,0.0,0.0,6046.029599999999,0.1512
0.0,0.0,0.0,1922.7287999999999,0.0,22282.987199999996,8989.7112,544.6007999999999,0.0,1567.1928,147.71280000000002,0.0,3887.2152000000006,53469.1464,84209.3352,588.1872,0.0,4111.4232,0.0,28187.361600000004,93656.9376,0.0,444.83519999999993,5328.647999999999,10543.6152,0.0,0.0,0.0,0.0,0.0,2700.4343999999996,6466.243200000001,1796.8008,0.0,0.0,0.0,0.0,0.0,0.0,0.0,0.0,0.0,0.0,0.0,0.0,0.0,0.0,0.0,0.0,0.0,0.0,0.0,0.0,0.0,0.0,0.0,0.0,49.69919999999999,418.37520000000006,0.0,0.0,553.7568,0.0,0.0,0.0,0.0,0.0,0.0,14058.144,0.0,0.0,0.0,0.0,118.04879999999999,1893.8760000000002,0.0,4321.5815999999995,0.0,0.0,0.0,0.0,0.0,0.0,0.0,0.0,0.0,0.0,0.0,0.0,0.0,7777.6584,0.0,0.0,0.0,0.0,0.0,740.8752000000001,0.0,3.9024,1927.8288,995.2847999999999,0.0,0.0,0.0,555.1416,204.20880000000002,613.26,52.7928,5.1624,0.0,151.04879999999997,1768.1255999999998,0.0,0.0,0.0,2772.108,2702.6615999999995,2576.1744000000003,1268.9832000000001,848.9784,31580.752800000002,0.0,0.0,6046.029599999999,0.1512
0.0,0.0,0.0,1922.7287999999999,0.0,22282.987199999996,8989.7112,544.6007999999999,0.0,1567.1928,147.71280000000002,0.0,3887.2152000000006,53469.1464,84209.3352,588.1872,0.0,4111.4232,0.0,28187.361600000004,93656.9376,0.0,444.83519999999993,5328.647999999999,10543.6152,0.0,0.0,0.0,0.0,0.0,2700.4343999999996,6466.243200000001,1796.8008,0.0,0.0,0.0,0.0,0.0,0.0,0.0,0.0,0.0,0.0,0.0,0.0,0.0,0.0,0.0,0.0,0.0,0.0,0.0,0.0,0.0,0.0,0.0,0.0,49.69919999999999,418.37520000000006,0.0,0.0,553.7568,0.0,0.0,0.0,0.0,0.0,0.0,14058.144,0.0,0.0,0.0,0.0,118.04879999999999,1893.8760000000002,0.0,4321.5815999999995,0.0,0.0,0.0,0.0,0.0,0.0,0.0,0.0,0.0,0.0,0.0,0.0,0.0,7777.6584,0.0,0.0,0.0,0.0,0.0,740.8752000000001,0.0,3.9024,1927.8288,995.2847999999999,0.0,0.0,0.0,555.1416,204.20880000000002,613.26,52.7928,5.1624,0.0,151.04879999999997,1768.1255999999998,0.0,0.0,0.0,2772.108,2702.6615999999995,2576.1744000000003,1268.9832000000001,848.9784,31580.752800000002,0.0,0.0,6046.029599999999,0.1512
0.0,0.0,0.0,1922.7287999999999,0.0,22282.987199999996,8989.7112,544.6007999999999,0.0,1567.1928,147.71280000000002,0.0,3887.2152000000006,53469.1464,84209.3352,588.1872,0.0,4111.4232,0.0,28187.361600000004,93656.9376,0.0,444.83519999999993,5328.647999999999,10543.6152,0.0,0.0,0.0,0.0,0.0,2700.4343999999996,6466.243200000001,1796.8008,0.0,0.0,0.0,0.0,0.0,0.0,0.0,0.0,0.0,0.0,0.0,0.0,0.0,0.0,0.0,0.0,0.0,0.0,0.0,0.0,0.0,0.0,0.0,0.0,49.69919999999999,418.37520000000006,0.0,0.0,553.7568,0.0,0.0,0.0,0.0,0.0,0.0,14058.144,0.0,0.0,0.0,0.0,118.04879999999999,1893.8760000000002,0.0,4321.5815999999995,0.0,0.0,0.0,0.0,0.0,0.0,0.0,0.0,0.0,0.0,0.0,0.0,0.0,7777.6584,0.0,0.0,0.0,0.0,0.0,740.8752000000001,0.0,3.9024,1927.8288,995.2847999999999,0.0,0.0,0.0,555.1416,204.20880000000002,613.26,52.7928,5.1624,0.0,151.04879999999997,1768.1255999999998,0.0,0.0,0.0,2772.108,2702.6615999999995,2576.1744000000003,1268.9832000000001,848.9784,31580.752800000002,0.0,0.0,6046.029599999999,0.1512
0.0,0.0,0.0,1922.7287999999999,0.0,22282.987199999996,8989.7112,544.6007999999999,0.0,1567.1928,147.71280000000002,0.0,3887.2152000000006,53469.1464,84209.3352,588.1872,0.0,4111.4232,0.0,28187.361600000004,93656.9376,0.0,444.83519999999993,5328.647999999999,10543.6152,0.0,0.0,0.0,0.0,0.0,2700.4343999999996,6466.243200000001,1796.8008,0.0,0.0,0.0,0.0,0.0,0.0,0.0,0.0,0.0,0.0,0.0,0.0,0.0,0.0,0.0,0.0,0.0,0.0,0.0,0.0,0.0,0.0,0.0,0.0,49.69919999999999,418.37520000000006,0.0,0.0,553.7568,0.0,0.0,0.0,0.0,0.0,0.0,14058.144,0.0,0.0,0.0,0.0,118.04879999999999,1893.8760000000002,0.0,4321.5815999999995,0.0,0.0,0.0,0.0,0.0,0.0,0.0,0.0,0.0,0.0,0.0,0.0,0.0,7777.6584,0.0,0.0,0.0,0.0,0.0,740.8752000000001,0.0,3.9024,1927.8288,995.2847999999999,0.0,0.0,0.0,555.1416,204.20880000000002,613.26,52.7928,5.1624,0.0,151.04879999999997,1768.1255999999998,0.0,0.0,0.0,2772.108,2702.6615999999995,2576.1744000000003,1268.9832000000001,848.9784,31580.752800000002,0.0,0.0,6046.029599999999,0.1512
0.0,0.0,0.0,1922.7287999999999,0.0,22282.987199999996,8989.7112,544.6007999999999,0.0,1567.1928,147.71280000000002,0.0,3887.2152000000006,53469.1464,84209.3352,588.1872,0.0,4111.4232,0.0,28187.361600000004,93656.9376,0.0,444.83519999999993,5328.647999999999,10543.6152,0.0,0.0,0.0,0.0,0.0,2700.4343999999996,6466.243200000001,1796.8008,0.0,0.0,0.0,0.0,0.0,0.0,0.0,0.0,0.0,0.0,0.0,0.0,0.0,0.0,0.0,0.0,0.0,0.0,0.0,0.0,0.0,0.0,0.0,0.0,49.69919999999999,418.37520000000006,0.0,0.0,553.7568,0.0,0.0,0.0,0.0,0.0,0.0,14058.144,0.0,0.0,0.0,0.0,118.04879999999999,1893.8760000000002,0.0,4321.5815999999995,0.0,0.0,0.0,0.0,0.0,0.0,0.0,0.0,0.0,0.0,0.0,0.0,0.0,7777.6584,0.0,0.0,0.0,0.0,0.0,740.8752000000001,0.0,3.9024,1927.8288,995.2847999999999,0.0,0.0,0.0,555.1416,204.20880000000002,613.26,52.7928,5.1624,0.0,151.04879999999997,1768.1255999999998,0.0,0.0,0.0,2772.108,2702.6615999999995,2576.1744000000003,1268.9832000000001,848.9784,31580.752800000002,0.0,0.0,6046.029599999999,0.1512
0.0,0.0,0.0,1634.0256,0.0,19495.344000000005,8824.8432,539.3112,0.0,1397.6399999999999,94.8432,0.0,2901.5663999999997,47684.4192,71458.68,516.2184,0.0,3632.1648000000005,0.0,30686.244,84350.91360000003,0.0,403.9344,4703.808000000001,9508.826399999998,0.0,0.0,0.0,0.0,0.0,2688.4776,6437.603999999998,1604.0472000000004,0.0,0.0,0.0,0.0,0.0,0.0,0.0,0.0,0.0,0.0,0.0,0.0,0.0,0.0,0.0,0.0,0.0,0.0,0.0,0.0,0.0,0.0,0.0,0.0,46.6536,419.2679999999999,0.0,0.0,533.8632,0.0,0.0,0.0,0.0,0.0,0.0,14095.091999999999,0.0,0.0,0.0,0.0,117.34080000000002,1898.8536,0.0,4332.9384,0.0,0.0,0.0,0.0,0.0,0.0,0.0,0.0,0.0,0.0,0.0,0.0,0.0,7732.5576,0.0,0.0,0.0,0.0,0.0,732.9024000000001,0.0,1.7016,2006.9663999999998,1046.3256000000001,0.0,0.0,0.0,654.9624,172.6536,724.0656000000001,53.8968,5.2703999999999995,0.0,194.50079999999997,1749.096,0.0,0.0,0.0,2324.664,2180.8056,2043.792,1255.3247999999999,722.844,21718.783199999998,0.0,0.0,5475.112799999999,0.1824
0.0,0.0,0.0,1634.0256,0.0,19495.344000000005,8824.8432,539.3112,0.0,1397.6399999999999,94.8432,0.0,2901.5663999999997,47684.4192,71458.68,516.2184,0.0,3632.1648000000005,0.0,30686.244,84350.91360000003,0.0,403.9344,4703.808000000001,9508.826399999998,0.0,0.0,0.0,0.0,0.0,2688.4776,6437.603999999998,1604.0472000000004,0.0,0.0,0.0,0.0,0.0,0.0,0.0,0.0,0.0,0.0,0.0,0.0,0.0,0.0,0.0,0.0,0.0,0.0,0.0,0.0,0.0,0.0,0.0,0.0,46.6536,419.2679999999999,0.0,0.0,533.8632,0.0,0.0,0.0,0.0,0.0,0.0,14095.091999999999,0.0,0.0,0.0,0.0,117.34080000000002,1898.8536,0.0,4332.9384,0.0,0.0,0.0,0.0,0.0,0.0,0.0,0.0,0.0,0.0,0.0,0.0,0.0,7732.5576,0.0,0.0,0.0,0.0,0.0,732.9024000000001,0.0,1.7016,2006.9663999999998,1046.3256000000001,0.0,0.0,0.0,654.9624,172.6536,724.0656000000001,53.8968,5.2703999999999995,0.0,194.50079999999997,1749.096,0.0,0.0,0.0,2324.664,2180.8056,2043.792,1255.3247999999999,722.844,21718.783199999998,0.0,0.0,5475.112799999999,0.1824
0.0,0.0,0.0,1634.0256,0.0,19495.344000000005,8824.8432,539.3112,0.0,1397.6399999999999,94.8432,0.0,2901.5663999999997,47684.4192,71458.68,516.2184,0.0,3632.1648000000005,0.0,30686.244,84350.91360000003,0.0,403.9344,4703.808000000001,9508.826399999998,0.0,0.0,0.0,0.0,0.0,2688.4776,6437.603999999998,1604.0472000000004,0.0,0.0,0.0,0.0,0.0,0.0,0.0,0.0,0.0,0.0,0.0,0.0,0.0,0.0,0.0,0.0,0.0,0.0,0.0,0.0,0.0,0.0,0.0,0.0,46.6536,419.2679999999999,0.0,0.0,533.8632,0.0,0.0,0.0,0.0,0.0,0.0,14095.091999999999,0.0,0.0,0.0,0.0,117.34080000000002,1898.8536,0.0,4332.9384,0.0,0.0,0.0,0.0,0.0,0.0,0.0,0.0,0.0,0.0,0.0,0.0,0.0,7732.5576,0.0,0.0,0.0,0.0,0.0,732.9024000000001,0.0,1.7016,2006.9663999999998,1046.3256000000001,0.0,0.0,0.0,654.9624,172.6536,724.0656000000001,53.8968,5.2703999999999995,0.0,194.50079999999997,1749.096,0.0,0.0,0.0,2324.664,2180.8056,2043.792,1255.3247999999999,722.844,21718.783199999998,0.0,0.0,5475.112799999999,0.1824
0.0,0.0,0.0,1634.0256,0.0,19495.344000000005,8824.8432,539.3112,0.0,1397.6399999999999,94.8432,0.0,2901.5663999999997,47684.4192,71458.68,516.2184,0.0,3632.1648000000005,0.0,30686.244,84350.91360000003,0.0,403.9344,4703.808000000001,9508.826399999998,0.0,0.0,0.0,0.0,0.0,2688.4776,6437.603999999998,1604.0472000000004,0.0,0.0,0.0,0.0,0.0,0.0,0.0,0.0,0.0,0.0,0.0,0.0,0.0,0.0,0.0,0.0,0.0,0.0,0.0,0.0,0.0,0.0,0.0,0.0,46.6536,419.2679999999999,0.0,0.0,533.8632,0.0,0.0,0.0,0.0,0.0,0.0,14095.091999999999,0.0,0.0,0.0,0.0,117.34080000000002,1898.8536,0.0,4332.9384,0.0,0.0,0.0,0.0,0.0,0.0,0.0,0.0,0.0,0.0,0.0,0.0,0.0,7732.5576,0.0,0.0,0.0,0.0,0.0,732.9024000000001,0.0,1.7016,2006.9663999999998,1046.3256000000001,0.0,0.0,0.0,654.9624,172.6536,724.0656000000001,53.8968,5.2703999999999995,0.0,194.50079999999997,1749.096,0.0,0.0,0.0,2324.664,2180.8056,2043.792,1255.3247999999999,722.844,21718.783199999998,0.0,0.0,5475.112799999999,0.1824
0.0,0.0,0.0,1634.0256,0.0,19495.344000000005,8824.8432,539.3112,0.0,1397.6399999999999,94.8432,0.0,2901.5663999999997,47684.4192,71458.68,516.2184,0.0,3632.1648000000005,0.0,30686.244,84350.91360000003,0.0,403.9344,4703.808000000001,9508.826399999998,0.0,0.0,0.0,0.0,0.0,2688.4776,6437.603999999998,1604.0472000000004,0.0,0.0,0.0,0.0,0.0,0.0,0.0,0.0,0.0,0.0,0.0,0.0,0.0,0.0,0.0,0.0,0.0,0.0,0.0,0.0,0.0,0.0,0.0,0.0,46.6536,419.2679999999999,0.0,0.0,533.8632,0.0,0.0,0.0,0.0,0.0,0.0,14095.091999999999,0.0,0.0,0.0,0.0,117.34080000000002,1898.8536,0.0,4332.9384,0.0,0.0,0.0,0.0,0.0,0.0,0.0,0.0,0.0,0.0,0.0,0.0,0.0,7732.5576,0.0,0.0,0.0,0.0,0.0,732.9024000000001,0.0,1.7016,2006.9663999999998,1046.3256000000001,0.0,0.0,0.0,654.9624,172.6536,724.0656000000001,53.8968,5.2703999999999995,0.0,194.50079999999997,1749.096,0.0,0.0,0.0,2324.664,2180.8056,2043.792,1255.3247999999999,722.844,21718.783199999998,0.0,0.0,5475.112799999999,0.1824
0.0,0.0,0.0,1634.0256,0.0,19495.344000000005,8824.8432,539.3112,0.0,1397.6399999999999,94.8432,0.0,2901.5663999999997,47684.4192,71458.68,516.2184,0.0,3632.1648000000005,0.0,30686.244,84350.91360000003,0.0,403.9344,4703.808000000001,9508.826399999998,0.0,0.0,0.0,0.0,0.0,2688.4776,6437.603999999998,1604.0472000000004,0.0,0.0,0.0,0.0,0.0,0.0,0.0,0.0,0.0,0.0,0.0,0.0,0.0,0.0,0.0,0.0,0.0,0.0,0.0,0.0,0.0,0.0,0.0,0.0,46.6536,419.2679999999999,0.0,0.0,533.8632,0.0,0.0,0.0,0.0,0.0,0.0,14095.091999999999,0.0,0.0,0.0,0.0,117.34080000000002,1898.8536,0.0,4332.9384,0.0,0.0,0.0,0.0,0.0,0.0,0.0,0.0,0.0,0.0,0.0,0.0,0.0,7732.5576,0.0,0.0,0.0,0.0,0.0,732.9024000000001,0.0,1.7016,2006.9663999999998,1046.3256000000001,0.0,0.0,0.0,654.9624,172.6536,724.0656000000001,53.8968,5.2703999999999995,0.0,194.50079999999997,1749.096,0.0,0.0,0.0,2324.664,2180.8056,2043.792,1255.3247999999999,722.844,21718.783199999998,0.0,0.0,5475.112799999999,0.1824
0.0,0.0,0.0,1634.0256,0.0,19495.344000000005,8824.8432,539.3112,0.0,1397.6399999999999,94.8432,0.0,2901.5663999999997,47684.4192,71458.68,516.2184,0.0,3632.1648000000005,0.0,30686.244,84350.91360000003,0.0,403.9344,4703.808000000001,9508.826399999998,0.0,0.0,0.0,0.0,0.0,2688.4776,6437.603999999998,1604.0472000000004,0.0,0.0,0.0,0.0,0.0,0.0,0.0,0.0,0.0,0.0,0.0,0.0,0.0,0.0,0.0,0.0,0.0,0.0,0.0,0.0,0.0,0.0,0.0,0.0,46.6536,419.2679999999999,0.0,0.0,533.8632,0.0,0.0,0.0,0.0,0.0,0.0,14095.091999999999,0.0,0.0,0.0,0.0,117.34080000000002,1898.8536,0.0,4332.9384,0.0,0.0,0.0,0.0,0.0,0.0,0.0,0.0,0.0,0.0,0.0,0.0,0.0,7732.5576,0.0,0.0,0.0,0.0,0.0,732.9024000000001,0.0,1.7016,2006.9663999999998,1046.3256000000001,0.0,0.0,0.0,654.9624,172.6536,724.0656000000001,53.8968,5.2703999999999995,0.0,194.50079999999997,1749.096,0.0,0.0,0.0,2324.664,2180.8056,2043.792,1255.3247999999999,722.844,21718.783199999998,0.0,0.0,5475.112799999999,0.1824
0.0,0.0,0.0,1616.2752,0.0,18828.3528,8816.9712,539.9736,0.0,1332.2712000000001,80.31360000000001,0.0,2525.0735999999997,45454.1616,67165.7664,359.0424,0.0,3395.500800000001,0.0,32268.600000000002,84919.6128,0.0,295.01520000000005,4700.148,9288.424799999999,0.0,0.0,0.0,0.0,0.0,1181.9328,2830.1544,1132.8936000000003,0.0,0.0,0.0,0.0,0.0,0.0,0.0,0.0,0.0,0.0,0.0,0.0,0.0,0.0,0.0,0.0,0.0,0.0,0.0,0.0,0.0,0.0,0.0,0.0,47.812799999999996,420.66959999999995,0.0,0.0,324.85679999999996,0.0,0.0,0.0,0.0,0.0,0.0,14168.9856,0.0,0.0,0.0,0.0,114.08640000000001,1908.8087999999998,0.0,4355.6544,0.0,0.0,0.0,0.0,0.0,0.0,0.0,0.0,0.0,0.0,0.0,0.0,0.0,7366.725600000001,0.0,0.0,0.0,0.0,0.0,733.6104,0.0,8.2512,1999.3607999999995,932.0952,0.0,0.0,0.0,565.3631999999999,151.6512,657.4584,138.5784,13.5504,0.0,169.34879999999998,1750.7856,0.0,0.0,0.0,1380.1896,2160.6984,1781.0207999999998,1256.5440000000003,408.59759999999994,18900.667200000004,0.0,0.0,3792.6072000000004,0.7152000000000001
0.0,0.0,0.0,1616.2752,0.0,18828.3528,8816.9712,539.9736,0.0,1332.2712000000001,80.31360000000001,0.0,2525.0735999999997,45454.1616,67165.7664,359.0424,0.0,3395.500800000001,0.0,32268.600000000002,84919.6128,0.0,295.01520000000005,4700.148,9288.424799999999,0.0,0.0,0.0,0.0,0.0,1181.9328,2830.1544,1132.8936000000003,0.0,0.0,0.0,0.0,0.0,0.0,0.0,0.0,0.0,0.0,0.0,0.0,0.0,0.0,0.0,0.0,0.0,0.0,0.0,0.0,0.0,0.0,0.0,0.0,47.812799999999996,420.66959999999995,0.0,0.0,324.85679999999996,0.0,0.0,0.0,0.0,0.0,0.0,14168.9856,0.0,0.0,0.0,0.0,114.08640000000001,1908.8087999999998,0.0,4355.6544,0.0,0.0,0.0,0.0,0.0,0.0,0.0,0.0,0.0,0.0,0.0,0.0,0.0,7366.725600000001,0.0,0.0,0.0,0.0,0.0,733.6104,0.0,8.2512,1999.3607999999995,932.0952,0.0,0.0,0.0,565.3631999999999,151.6512,657.4584,138.5784,13.5504,0.0,169.34879999999998,1750.7856,0.0,0.0,0.0,1380.1896,2160.6984,1781.0207999999998,1256.5440000000003,408.59759999999994,18900.667200000004,0.0,0.0,3792.6072000000004,0.7152000000000001
0.0,0.0,0.0,1616.2752,0.0,18828.3528,8816.9712,539.9736,0.0,1332.2712000000001,80.31360000000001,0.0,2525.0735999999997,45454.1616,67165.7664,359.0424,0.0,3395.500800000001,0.0,32268.600000000002,84919.6128,0.0,295.01520000000005,4700.148,9288.424799999999,0.0,0.0,0.0,0.0,0.0,1181.9328,2830.1544,1132.8936000000003,0.0,0.0,0.0,0.0,0.0,0.0,0.0,0.0,0.0,0.0,0.0,0.0,0.0,0.0,0.0,0.0,0.0,0.0,0.0,0.0,0.0,0.0,0.0,0.0,47.812799999999996,420.66959999999995,0.0,0.0,324.85679999999996,0.0,0.0,0.0,0.0,0.0,0.0,14168.9856,0.0,0.0,0.0,0.0,114.08640000000001,1908.8087999999998,0.0,4355.6544,0.0,0.0,0.0,0.0,0.0,0.0,0.0,0.0,0.0,0.0,0.0,0.0,0.0,7366.725600000001,0.0,0.0,0.0,0.0,0.0,733.6104,0.0,8.2512,1999.3607999999995,932.0952,0.0,0.0,0.0,565.3631999999999,151.6512,657.4584,138.5784,13.5504,0.0,169.34879999999998,1750.7856,0.0,0.0,0.0,1380.1896,2160.6984,1781.0207999999998,1256.5440000000003,408.59759999999994,18900.667200000004,0.0,0.0,3792.6072000000004,0.7152000000000001
0.0,0.0,0.0,1616.2752,0.0,18828.3528,8816.9712,539.9736,0.0,1332.2712000000001,80.31360000000001,0.0,2525.0735999999997,45454.1616,67165.7664,359.0424,0.0,3395.500800000001,0.0,32268.600000000002,84919.6128,0.0,295.01520000000005,4700.148,9288.424799999999,0.0,0.0,0.0,0.0,0.0,1181.9328,2830.1544,1132.8936000000003,0.0,0.0,0.0,0.0,0.0,0.0,0.0,0.0,0.0,0.0,0.0,0.0,0.0,0.0,0.0,0.0,0.0,0.0,0.0,0.0,0.0,0.0,0.0,0.0,47.812799999999996,420.66959999999995,0.0,0.0,324.85679999999996,0.0,0.0,0.0,0.0,0.0,0.0,14168.9856,0.0,0.0,0.0,0.0,114.08640000000001,1908.8087999999998,0.0,4355.6544,0.0,0.0,0.0,0.0,0.0,0.0,0.0,0.0,0.0,0.0,0.0,0.0,0.0,7366.725600000001,0.0,0.0,0.0,0.0,0.0,733.6104,0.0,8.2512,1999.3607999999995,932.0952,0.0,0.0,0.0,565.3631999999999,151.6512,657.4584,138.5784,13.5504,0.0,169.34879999999998,1750.7856,0.0,0.0,0.0,1380.1896,2160.6984,1781.0207999999998,1256.5440000000003,408.59759999999994,18900.667200000004,0.0,0.0,3792.6072000000004,0.7152000000000001
0.0,0.0,0.0,1616.2752,0.0,18828.3528,8816.9712,539.9736,0.0,1332.2712000000001,80.31360000000001,0.0,2525.0735999999997,45454.1616,67165.7664,359.0424,0.0,3395.500800000001,0.0,32268.600000000002,84919.6128,0.0,295.01520000000005,4700.148,9288.424799999999,0.0,0.0,0.0,0.0,0.0,1181.9328,2830.1544,1132.8936000000003,0.0,0.0,0.0,0.0,0.0,0.0,0.0,0.0,0.0,0.0,0.0,0.0,0.0,0.0,0.0,0.0,0.0,0.0,0.0,0.0,0.0,0.0,0.0,0.0,47.812799999999996,420.66959999999995,0.0,0.0,324.85679999999996,0.0,0.0,0.0,0.0,0.0,0.0,14168.9856,0.0,0.0,0.0,0.0,114.08640000000001,1908.8087999999998,0.0,4355.6544,0.0,0.0,0.0,0.0,0.0,0.0,0.0,0.0,0.0,0.0,0.0,0.0,0.0,7366.725600000001,0.0,0.0,0.0,0.0,0.0,733.6104,0.0,8.2512,1999.3607999999995,932.0952,0.0,0.0,0.0,565.3631999999999,151.6512,657.4584,138.5784,13.5504,0.0,169.34879999999998,1750.7856,0.0,0.0,0.0,1380.1896,2160.6984,1781.0207999999998,1256.5440000000003,408.59759999999994,18900.667200000004,0.0,0.0,3792.6072000000004,0.7152000000000001
0.0,0.0,0.0,1616.2752,0.0,18828.3528,8816.9712,539.9736,0.0,1332.2712000000001,80.31360000000001,0.0,2525.0735999999997,45454.1616,67165.7664,359.0424,0.0,3395.500800000001,0.0,32268.600000000002,84919.6128,0.0,295.01520000000005,4700.148,9288.424799999999,0.0,0.0,0.0,0.0,0.0,1181.9328,2830.1544,1132.8936000000003,0.0,0.0,0.0,0.0,0.0,0.0,0.0,0.0,0.0,0.0,0.0,0.0,0.0,0.0,0.0,0.0,0.0,0.0,0.0,0.0,0.0,0.0,0.0,0.0,47.812799999999996,420.66959999999995,0.0,0.0,324.85679999999996,0.0,0.0,0.0,0.0,0.0,0.0,14168.9856,0.0,0.0,0.0,0.0,114.08640000000001,1908.8087999999998,0.0,4355.6544,0.0,0.0,0.0,0.0,0.0,0.0,0.0,0.0,0.0,0.0,0.0,0.0,0.0,7366.725600000001,0.0,0.0,0.0,0.0,0.0,733.6104,0.0,8.2512,1999.3607999999995,932.0952,0.0,0.0,0.0,565.3631999999999,151.6512,657.4584,138.5784,13.5504,0.0,169.34879999999998,1750.7856,0.0,0.0,0.0,1380.1896,2160.6984,1781.0207999999998,1256.5440000000003,408.59759999999994,18900.667200000004,0.0,0.0,3792.6072000000004,0.7152000000000001
0.0,0.0,0.0,1616.2752,0.0,18828.3528,8816.9712,539.9736,0.0,1332.2712000000001,80.31360000000001,0.0,2525.0735999999997,45454.1616,67165.7664,359.0424,0.0,3395.500800000001,0.0,32268.600000000002,84919.6128,0.0,295.01520000000005,4700.148,9288.424799999999,0.0,0.0,0.0,0.0,0.0,1181.9328,2830.1544,1132.8936000000003,0.0,0.0,0.0,0.0,0.0,0.0,0.0,0.0,0.0,0.0,0.0,0.0,0.0,0.0,0.0,0.0,0.0,0.0,0.0,0.0,0.0,0.0,0.0,0.0,47.812799999999996,420.66959999999995,0.0,0.0,324.85679999999996,0.0,0.0,0.0,0.0,0.0,0.0,14168.9856,0.0,0.0,0.0,0.0,114.08640000000001,1908.8087999999998,0.0,4355.6544,0.0,0.0,0.0,0.0,0.0,0.0,0.0,0.0,0.0,0.0,0.0,0.0,0.0,7366.725600000001,0.0,0.0,0.0,0.0,0.0,733.6104,0.0,8.2512,1999.3607999999995,932.0952,0.0,0.0,0.0,565.3631999999999,151.6512,657.4584,138.5784,13.5504,0.0,169.34879999999998,1750.7856,0.0,0.0,0.0,1380.1896,2160.6984,1781.0207999999998,1256.5440000000003,408.59759999999994,18900.667200000004,0.0,0.0,3792.6072000000004,0.7152000000000001
0.0,0.0,0.0,1558.6032,0.0,15987.804,7094.8272,498.91200000000003,0.0,1418.5536,69.70320000000001,0.0,2175.0288,47373.46799999999,69300.79200000002,227.10719999999998,0.0,3503.8247999999994,0.0,32089.5816,82226.55120000002,0.0,194.6304,6453.892799999998,11309.464799999998,0.0,0.0,0.0,0.0,0.0,1857.3288,4311.3984,924.852,0.0,0.0,0.0,0.0,0.0,0.0,0.0,0.0,0.0,0.0,0.0,0.0,0.0,0.0,0.0,0.0,0.0,0.0,0.0,0.0,0.0,0.0,0.0,0.0,37.7712,440.5176,0.0,0.0,269.3016,0.0,0.0,0.0,0.0,0.0,0.0,11053.317599999998,0.0,0.0,0.0,0.0,112.5192,1482.9935999999998,0.0,3470.2872,0.0,0.0,0.0,0.0,0.0,0.0,0.0,0.0,0.0,0.0,0.0,0.0,0.0,6095.844,0.0,0.0,0.0,0.0,0.0,675.8328,0.0,0.8448,2215.2408,829.3488000000001,0.0,0.0,0.0,442.5744000000001,127.30559999999998,790.0151999999999,427.4376,41.7984,0.0,216.7344,1612.8936,0.0,0.0,0.0,462.18,2242.3272,1534.1183999999998,1157.5751999999998,380.0088,26113.533600000002,0.0,0.0,3565.3968,39.972
0.0,0.0,0.0,1558.6032,0.0,15987.804,7094.8272,498.91200000000003,0.0,1418.5536,69.70320000000001,0.0,2175.0288,47373.46799999999,69300.79200000002,227.10719999999998,0.0,3503.8247999999994,0.0,32089.5816,82226.55120000002,0.0,194.6304,6453.892799999998,11309.464799999998,0.0,0.0,0.0,0.0,0.0,1857.3288,4311.3984,924.852,0.0,0.0,0.0,0.0,0.0,0.0,0.0,0.0,0.0,0.0,0.0,0.0,0.0,0.0,0.0,0.0,0.0,0.0,0.0,0.0,0.0,0.0,0.0,0.0,37.7712,440.5176,0.0,0.0,269.3016,0.0,0.0,0.0,0.0,0.0,0.0,11053.317599999998,0.0,0.0,0.0,0.0,112.5192,1482.9935999999998,0.0,3470.2872,0.0,0.0,0.0,0.0,0.0,0.0,0.0,0.0,0.0,0.0,0.0,0.0,0.0,6095.844,0.0,0.0,0.0,0.0,0.0,675.8328,0.0,0.8448,2215.2408,829.3488000000001,0.0,0.0,0.0,442.5744000000001,127.30559999999998,790.0151999999999,427.4376,41.7984,0.0,216.7344,1612.8936,0.0,0.0,0.0,462.18,2242.3272,1534.1183999999998,1157.5751999999998,380.0088,26113.533600000002,0.0,0.0,3565.3968,39.972
0.0,0.0,0.0,1558.6032,0.0,15987.804,7094.8272,498.91200000000003,0.0,1418.5536,69.70320000000001,0.0,2175.0288,47373.46799999999,69300.79200000002,227.10719999999998,0.0,3503.8247999999994,0.0,32089.5816,82226.55120000002,0.0,194.6304,6453.892799999998,11309.464799999998,0.0,0.0,0.0,0.0,0.0,1857.3288,4311.3984,924.852,0.0,0.0,0.0,0.0,0.0,0.0,0.0,0.0,0.0,0.0,0.0,0.0,0.0,0.0,0.0,0.0,0.0,0.0,0.0,0.0,0.0,0.0,0.0,0.0,37.7712,440.5176,0.0,0.0,269.3016,0.0,0.0,0.0,0.0,0.0,0.0,11053.317599999998,0.0,0.0,0.0,0.0,112.5192,1482.9935999999998,0.0,3470.2872,0.0,0.0,0.0,0.0,0.0,0.0,0.0,0.0,0.0,0.0,0.0,0.0,0.0,6095.844,0.0,0.0,0.0,0.0,0.0,675.8328,0.0,0.8448,2215.2408,829.3488000000001,0.0,0.0,0.0,442.5744000000001,127.30559999999998,790.0151999999999,427.4376,41.7984,0.0,216.7344,1612.8936,0.0,0.0,0.0,462.18,2242.3272,1534.1183999999998,1157.5751999999998,380.0088,26113.533600000002,0.0,0.0,3565.3968,39.972
0.0,0.0,0.0,1558.6032,0.0,15987.804,7094.8272,498.91200000000003,0.0,1418.5536,69.70320000000001,0.0,2175.0288,47373.46799999999,69300.79200000002,227.10719999999998,0.0,3503.8247999999994,0.0,32089.5816,82226.55120000002,0.0,194.6304,6453.892799999998,11309.464799999998,0.0,0.0,0.0,0.0,0.0,1857.3288,4311.3984,924.852,0.0,0.0,0.0,0.0,0.0,0.0,0.0,0.0,0.0,0.0,0.0,0.0,0.0,0.0,0.0,0.0,0.0,0.0,0.0,0.0,0.0,0.0,0.0,0.0,37.7712,440.5176,0.0,0.0,269.3016,0.0,0.0,0.0,0.0,0.0,0.0,11053.317599999998,0.0,0.0,0.0,0.0,112.5192,1482.9935999999998,0.0,3470.2872,0.0,0.0,0.0,0.0,0.0,0.0,0.0,0.0,0.0,0.0,0.0,0.0,0.0,6095.844,0.0,0.0,0.0,0.0,0.0,675.8328,0.0,0.8448,2215.2408,829.3488000000001,0.0,0.0,0.0,442.5744000000001,127.30559999999998,790.0151999999999,427.4376,41.7984,0.0,216.7344,1612.8936,0.0,0.0,0.0,462.18,2242.3272,1534.1183999999998,1157.5751999999998,380.0088,26113.533600000002,0.0,0.0,3565.3968,39.972
0.0,0.0,0.0,1558.6032,0.0,15987.804,7094.8272,498.91200000000003,0.0,1418.5536,69.70320000000001,0.0,2175.0288,47373.46799999999,69300.79200000002,227.10719999999998,0.0,3503.8247999999994,0.0,32089.5816,82226.55120000002,0.0,194.6304,6453.892799999998,11309.464799999998,0.0,0.0,0.0,0.0,0.0,1857.3288,4311.3984,924.852,0.0,0.0,0.0,0.0,0.0,0.0,0.0,0.0,0.0,0.0,0.0,0.0,0.0,0.0,0.0,0.0,0.0,0.0,0.0,0.0,0.0,0.0,0.0,0.0,37.7712,440.5176,0.0,0.0,269.3016,0.0,0.0,0.0,0.0,0.0,0.0,11053.317599999998,0.0,0.0,0.0,0.0,112.5192,1482.9935999999998,0.0,3470.2872,0.0,0.0,0.0,0.0,0.0,0.0,0.0,0.0,0.0,0.0,0.0,0.0,0.0,6095.844,0.0,0.0,0.0,0.0,0.0,675.8328,0.0,0.8448,2215.2408,829.3488000000001,0.0,0.0,0.0,442.5744000000001,127.30559999999998,790.0151999999999,427.4376,41.7984,0.0,216.7344,1612.8936,0.0,0.0,0.0,462.18,2242.3272,1534.1183999999998,1157.5751999999998,380.0088,26113.533600000002,0.0,0.0,3565.3968,39.972
0.0,0.0,0.0,1558.6032,0.0,15987.804,7094.8272,498.91200000000003,0.0,1418.5536,69.70320000000001,0.0,2175.0288,47373.46799999999,69300.79200000002,227.10719999999998,0.0,3503.8247999999994,0.0,32089.5816,82226.55120000002,0.0,194.6304,6453.892799999998,11309.464799999998,0.0,0.0,0.0,0.0,0.0,1857.3288,4311.3984,924.852,0.0,0.0,0.0,0.0,0.0,0.0,0.0,0.0,0.0,0.0,0.0,0.0,0.0,0.0,0.0,0.0,0.0,0.0,0.0,0.0,0.0,0.0,0.0,0.0,37.7712,440.5176,0.0,0.0,269.3016,0.0,0.0,0.0,0.0,0.0,0.0,11053.317599999998,0.0,0.0,0.0,0.0,112.5192,1482.9935999999998,0.0,3470.2872,0.0,0.0,0.0,0.0,0.0,0.0,0.0,0.0,0.0,0.0,0.0,0.0,0.0,6095.844,0.0,0.0,0.0,0.0,0.0,675.8328,0.0,0.8448,2215.2408,829.3488000000001,0.0,0.0,0.0,442.5744000000001,127.30559999999998,790.0151999999999,427.4376,41.7984,0.0,216.7344,1612.8936,0.0,0.0,0.0,462.18,2242.3272,1534.1183999999998,1157.5751999999998,380.0088,26113.533600000002,0.0,0.0,3565.3968,39.972
0.0,0.0,0.0,1558.6032,0.0,15987.804,7094.8272,498.91200000000003,0.0,1418.5536,69.70320000000001,0.0,2175.0288,47373.46799999999,69300.79200000002,227.10719999999998,0.0,3503.8247999999994,0.0,32089.5816,82226.55120000002,0.0,194.6304,6453.892799999998,11309.464799999998,0.0,0.0,0.0,0.0,0.0,1857.3288,4311.3984,924.852,0.0,0.0,0.0,0.0,0.0,0.0,0.0,0.0,0.0,0.0,0.0,0.0,0.0,0.0,0.0,0.0,0.0,0.0,0.0,0.0,0.0,0.0,0.0,0.0,37.7712,440.5176,0.0,0.0,269.3016,0.0,0.0,0.0,0.0,0.0,0.0,11053.317599999998,0.0,0.0,0.0,0.0,112.5192,1482.9935999999998,0.0,3470.2872,0.0,0.0,0.0,0.0,0.0,0.0,0.0,0.0,0.0,0.0,0.0,0.0,0.0,6095.844,0.0,0.0,0.0,0.0,0.0,675.8328,0.0,0.8448,2215.2408,829.3488000000001,0.0,0.0,0.0,442.5744000000001,127.30559999999998,790.0151999999999,427.4376,41.7984,0.0,216.7344,1612.8936,0.0,0.0,0.0,462.18,2242.3272,1534.1183999999998,1157.5751999999998,380.0088,26113.533600000002,0.0,0.0,3565.3968,39.972
0.0,0.0,0.0,1463.3736,0.0,14902.9248,6784.634399999999,490.25519999999995,0.0,1284.0816,94.284,0.0,1927.9536,42757.7856,62623.24560000001,179.232,0.0,3656.2511999999997,0.0,30669.6096,76769.00159999999,0.0,166.524,7662.744000000001,13370.695199999998,0.0,0.0,0.0,0.0,0.0,2041.0967999999998,4727.2776,987.0935999999999,0.0,0.0,0.0,0.0,0.0,0.0,0.0,0.0,0.0,0.0,0.0,0.0,0.0,0.0,0.0,0.0,0.0,0.0,0.0,0.0,0.0,0.0,0.0,0.0,41.8968,459.9479999999999,0.0,0.0,292.2768,0.0,0.0,0.0,0.0,0.0,0.0,10924.548,0.0,0.0,0.0,0.0,109.0128,1464.3024,0.0,3446.7047999999995,0.0,0.0,0.0,0.0,0.0,0.0,0.0,0.0,0.0,0.0,0.0,0.0,0.0,6674.8607999999995,0.0,0.0,0.0,0.0,0.0,759.6768,0.0,4.0584,2245.2528000000007,1623.96,0.0,0.0,0.0,1256.8272000000002,159.8184,2050.0008,1091.9856,106.7832,0.0,374.1648,1812.9912,0.0,0.0,0.0,792.0816,2740.3559999999998,1359.8496,1301.1864,397.6368,24854.452799999995,0.0,0.0,3708.1511999999993,110.6904
0.0,0.0,0.0,1463.3736,0.0,14902.9248,6784.634399999999,490.25519999999995,0.0,1284.0816,94.284,0.0,1927.9536,42757.7856,62623.24560000001,179.232,0.0,3656.2511999999997,0.0,30669.6096,76769.00159999999,0.0,166.524,7662.744000000001,13370.695199999998,0.0,0.0,0.0,0.0,0.0,2041.0967999999998,4727.2776,987.0935999999999,0.0,0.0,0.0,0.0,0.0,0.0,0.0,0.0,0.0,0.0,0.0,0.0,0.0,0.0,0.0,0.0,0.0,0.0,0.0,0.0,0.0,0.0,0.0,0.0,41.8968,459.9479999999999,0.0,0.0,292.2768,0.0,0.0,0.0,0.0,0.0,0.0,10924.548,0.0,0.0,0.0,0.0,109.0128,1464.3024,0.0,3446.7047999999995,0.0,0.0,0.0,0.0,0.0,0.0,0.0,0.0,0.0,0.0,0.0,0.0,0.0,6674.8607999999995,0.0,0.0,0.0,0.0,0.0,759.6768,0.0,4.0584,2245.2528000000007,1623.96,0.0,0.0,0.0,1256.8272000000002,159.8184,2050.0008,1091.9856,106.7832,0.0,374.1648,1812.9912,0.0,0.0,0.0,792.0816,2740.3559999999998,1359.8496,1301.1864,397.6368,24854.452799999995,0.0,0.0,3708.1511999999993,110.6904
0.0,0.0,0.0,1463.3736,0.0,14902.9248,6784.634399999999,490.25519999999995,0.0,1284.0816,94.284,0.0,1927.9536,42757.7856,62623.24560000001,179.232,0.0,3656.2511999999997,0.0,30669.6096,76769.00159999999,0.0,166.524,7662.744000000001,13370.695199999998,0.0,0.0,0.0,0.0,0.0,2041.0967999999998,4727.2776,987.0935999999999,0.0,0.0,0.0,0.0,0.0,0.0,0.0,0.0,0.0,0.0,0.0,0.0,0.0,0.0,0.0,0.0,0.0,0.0,0.0,0.0,0.0,0.0,0.0,0.0,41.8968,459.9479999999999,0.0,0.0,292.2768,0.0,0.0,0.0,0.0,0.0,0.0,10924.548,0.0,0.0,0.0,0.0,109.0128,1464.3024,0.0,3446.7047999999995,0.0,0.0,0.0,0.0,0.0,0.0,0.0,0.0,0.0,0.0,0.0,0.0,0.0,6674.8607999999995,0.0,0.0,0.0,0.0,0.0,759.6768,0.0,4.0584,2245.2528000000007,1623.96,0.0,0.0,0.0,1256.8272000000002,159.8184,2050.0008,1091.9856,106.7832,0.0,374.1648,1812.9912,0.0,0.0,0.0,792.0816,2740.3559999999998,1359.8496,1301.1864,397.6368,24854.452799999995,0.0,0.0,3708.1511999999993,110.6904
0.0,0.0,0.0,1463.3736,0.0,14902.9248,6784.634399999999,490.25519999999995,0.0,1284.0816,94.284,0.0,1927.9536,42757.7856,62623.24560000001,179.232,0.0,3656.2511999999997,0.0,30669.6096,76769.00159999999,0.0,166.524,7662.744000000001,13370.695199999998,0.0,0.0,0.0,0.0,0.0,2041.0967999999998,4727.2776,987.0935999999999,0.0,0.0,0.0,0.0,0.0,0.0,0.0,0.0,0.0,0.0,0.0,0.0,0.0,0.0,0.0,0.0,0.0,0.0,0.0,0.0,0.0,0.0,0.0,0.0,41.8968,459.9479999999999,0.0,0.0,292.2768,0.0,0.0,0.0,0.0,0.0,0.0,10924.548,0.0,0.0,0.0,0.0,109.0128,1464.3024,0.0,3446.7047999999995,0.0,0.0,0.0,0.0,0.0,0.0,0.0,0.0,0.0,0.0,0.0,0.0,0.0,6674.8607999999995,0.0,0.0,0.0,0.0,0.0,759.6768,0.0,4.0584,2245.2528000000007,1623.96,0.0,0.0,0.0,1256.8272000000002,159.8184,2050.0008,1091.9856,106.7832,0.0,374.1648,1812.9912,0.0,0.0,0.0,792.0816,2740.3559999999998,1359.8496,1301.1864,397.6368,24854.452799999995,0.0,0.0,3708.1511999999993,110.6904
0.0,0.0,0.0,1463.3736,0.0,14902.9248,6784.634399999999,490.25519999999995,0.0,1284.0816,94.284,0.0,1927.9536,42757.7856,62623.24560000001,179.232,0.0,3656.2511999999997,0.0,30669.6096,76769.00159999999,0.0,166.524,7662.744000000001,13370.695199999998,0.0,0.0,0.0,0.0,0.0,2041.0967999999998,4727.2776,987.0935999999999,0.0,0.0,0.0,0.0,0.0,0.0,0.0,0.0,0.0,0.0,0.0,0.0,0.0,0.0,0.0,0.0,0.0,0.0,0.0,0.0,0.0,0.0,0.0,0.0,41.8968,459.9479999999999,0.0,0.0,292.2768,0.0,0.0,0.0,0.0,0.0,0.0,10924.548,0.0,0.0,0.0,0.0,109.0128,1464.3024,0.0,3446.7047999999995,0.0,0.0,0.0,0.0,0.0,0.0,0.0,0.0,0.0,0.0,0.0,0.0,0.0,6674.8607999999995,0.0,0.0,0.0,0.0,0.0,759.6768,0.0,4.0584,2245.2528000000007,1623.96,0.0,0.0,0.0,1256.8272000000002,159.8184,2050.0008,1091.9856,106.7832,0.0,374.1648,1812.9912,0.0,0.0,0.0,792.0816,2740.3559999999998,1359.8496,1301.1864,397.6368,24854.452799999995,0.0,0.0,3708.1511999999993,110.6904
0.0,0.0,0.0,1463.3736,0.0,14902.9248,6784.634399999999,490.25519999999995,0.0,1284.0816,94.284,0.0,1927.9536,42757.7856,62623.24560000001,179.232,0.0,3656.2511999999997,0.0,30669.6096,76769.00159999999,0.0,166.524,7662.744000000001,13370.695199999998,0.0,0.0,0.0,0.0,0.0,2041.0967999999998,4727.2776,987.0935999999999,0.0,0.0,0.0,0.0,0.0,0.0,0.0,0.0,0.0,0.0,0.0,0.0,0.0,0.0,0.0,0.0,0.0,0.0,0.0,0.0,0.0,0.0,0.0,0.0,41.8968,459.9479999999999,0.0,0.0,292.2768,0.0,0.0,0.0,0.0,0.0,0.0,10924.548,0.0,0.0,0.0,0.0,109.0128,1464.3024,0.0,3446.7047999999995,0.0,0.0,0.0,0.0,0.0,0.0,0.0,0.0,0.0,0.0,0.0,0.0,0.0,6674.8607999999995,0.0,0.0,0.0,0.0,0.0,759.6768,0.0,4.0584,2245.2528000000007,1623.96,0.0,0.0,0.0,1256.8272000000002,159.8184,2050.0008,1091.9856,106.7832,0.0,374.1648,1812.9912,0.0,0.0,0.0,792.0816,2740.3559999999998,1359.8496,1301.1864,397.6368,24854.452799999995,0.0,0.0,3708.1511999999993,110.6904
0.0,0.0,0.0,1463.3736,0.0,14902.9248,6784.634399999999,490.25519999999995,0.0,1284.0816,94.284,0.0,1927.9536,42757.7856,62623.24560000001,179.232,0.0,3656.2511999999997,0.0,30669.6096,76769.00159999999,0.0,166.524,7662.744000000001,13370.695199999998,0.0,0.0,0.0,0.0,0.0,2041.0967999999998,4727.2776,987.0935999999999,0.0,0.0,0.0,0.0,0.0,0.0,0.0,0.0,0.0,0.0,0.0,0.0,0.0,0.0,0.0,0.0,0.0,0.0,0.0,0.0,0.0,0.0,0.0,0.0,41.8968,459.9479999999999,0.0,0.0,292.2768,0.0,0.0,0.0,0.0,0.0,0.0,10924.548,0.0,0.0,0.0,0.0,109.0128,1464.3024,0.0,3446.7047999999995,0.0,0.0,0.0,0.0,0.0,0.0,0.0,0.0,0.0,0.0,0.0,0.0,0.0,6674.8607999999995,0.0,0.0,0.0,0.0,0.0,759.6768,0.0,4.0584,2245.2528000000007,1623.96,0.0,0.0,0.0,1256.8272000000002,159.8184,2050.0008,1091.9856,106.7832,0.0,374.1648,1812.9912,0.0,0.0,0.0,792.0816,2740.3559999999998,1359.8496,1301.1864,397.6368,24854.452799999995,0.0,0.0,3708.1511999999993,110.6904
0.0,0.0,0.0,1703.8344,0.0,17080.4448,7160.215200000001,514.2407999999999,0.0,1609.728,120.60719999999999,0.0,1957.6248,53601.3288,76107.06,182.54399999999998,0.0,3871.790400000001,0.0,36610.2552,91845.7056,0.0,171.42000000000002,8129.7696000000005,15300.8544,0.0,0.0,0.0,0.0,0.0,2009.1144,4653.2112,977.7888,0.0,0.0,0.0,0.0,0.0,0.0,0.0,0.0,0.0,0.0,0.0,0.0,0.0,0.0,0.0,0.0,0.0,0.0,0.0,0.0,0.0,0.0,0.0,0.0,41.14320000000001,458.68319999999994,0.0,0.0,317.46719999999993,0.0,0.0,0.0,0.0,0.0,0.0,10924.548,0.0,0.0,0.0,0.0,102.84720000000002,1464.3024,0.0,3446.7047999999995,0.0,0.0,0.0,0.0,0.0,0.0,0.0,0.0,0.0,0.0,0.0,0.0,0.0,17269.044,0.0,0.0,0.0,0.0,0.0,1046.5704,0.0,4.0440000000000005,2955.5256,3883.2000000000003,0.0,0.0,0.0,885.0912000000001,185.89919999999998,1607.4072,1892.6471999999999,188.3784,0.0,371.2128,2497.6752000000006,0.0,0.0,0.0,1958.8872000000001,3828.2903999999994,1380.78,1787.7384000000002,841.8575999999999,25236.9528,0.0,0.0,5996.162400000001,93.372
0.0,0.0,0.0,1703.8344,0.0,17080.4448,7160.215200000001,514.2407999999999,0.0,1609.728,120.60719999999999,0.0,1957.6248,53601.3288,76107.06,182.54399999999998,0.0,3871.790400000001,0.0,36610.2552,91845.7056,0.0,171.42000000000002,8129.7696000000005,15300.8544,0.0,0.0,0.0,0.0,0.0,2009.1144,4653.2112,977.7888,0.0,0.0,0.0,0.0,0.0,0.0,0.0,0.0,0.0,0.0,0.0,0.0,0.0,0.0,0.0,0.0,0.0,0.0,0.0,0.0,0.0,0.0,0.0,0.0,41.14320000000001,458.68319999999994,0.0,0.0,317.46719999999993,0.0,0.0,0.0,0.0,0.0,0.0,10924.548,0.0,0.0,0.0,0.0,102.84720000000002,1464.3024,0.0,3446.7047999999995,0.0,0.0,0.0,0.0,0.0,0.0,0.0,0.0,0.0,0.0,0.0,0.0,0.0,17269.044,0.0,0.0,0.0,0.0,0.0,1046.5704,0.0,4.0440000000000005,2955.5256,3883.2000000000003,0.0,0.0,0.0,885.0912000000001,185.89919999999998,1607.4072,1892.6471999999999,188.3784,0.0,371.2128,2497.6752000000006,0.0,0.0,0.0,1958.8872000000001,3828.2903999999994,1380.78,1787.7384000000002,841.8575999999999,25236.9528,0.0,0.0,5996.162400000001,93.372
0.0,0.0,0.0,1703.8344,0.0,17080.4448,7160.215200000001,514.2407999999999,0.0,1609.728,120.60719999999999,0.0,1957.6248,53601.3288,76107.06,182.54399999999998,0.0,3871.790400000001,0.0,36610.2552,91845.7056,0.0,171.42000000000002,8129.7696000000005,15300.8544,0.0,0.0,0.0,0.0,0.0,2009.1144,4653.2112,977.7888,0.0,0.0,0.0,0.0,0.0,0.0,0.0,0.0,0.0,0.0,0.0,0.0,0.0,0.0,0.0,0.0,0.0,0.0,0.0,0.0,0.0,0.0,0.0,0.0,41.14320000000001,458.68319999999994,0.0,0.0,317.46719999999993,0.0,0.0,0.0,0.0,0.0,0.0,10924.548,0.0,0.0,0.0,0.0,102.84720000000002,1464.3024,0.0,3446.7047999999995,0.0,0.0,0.0,0.0,0.0,0.0,0.0,0.0,0.0,0.0,0.0,0.0,0.0,17269.044,0.0,0.0,0.0,0.0,0.0,1046.5704,0.0,4.0440000000000005,2955.5256,3883.2000000000003,0.0,0.0,0.0,885.0912000000001,185.89919999999998,1607.4072,1892.6471999999999,188.3784,0.0,371.2128,2497.6752000000006,0.0,0.0,0.0,1958.8872000000001,3828.2903999999994,1380.78,1787.7384000000002,841.8575999999999,25236.9528,0.0,0.0,5996.162400000001,93.372
0.0,0.0,0.0,1703.8344,0.0,17080.4448,7160.215200000001,514.2407999999999,0.0,1609.728,120.60719999999999,0.0,1957.6248,53601.3288,76107.06,182.54399999999998,0.0,3871.790400000001,0.0,36610.2552,91845.7056,0.0,171.42000000000002,8129.7696000000005,15300.8544,0.0,0.0,0.0,0.0,0.0,2009.1144,4653.2112,977.7888,0.0,0.0,0.0,0.0,0.0,0.0,0.0,0.0,0.0,0.0,0.0,0.0,0.0,0.0,0.0,0.0,0.0,0.0,0.0,0.0,0.0,0.0,0.0,0.0,41.14320000000001,458.68319999999994,0.0,0.0,317.46719999999993,0.0,0.0,0.0,0.0,0.0,0.0,10924.548,0.0,0.0,0.0,0.0,102.84720000000002,1464.3024,0.0,3446.7047999999995,0.0,0.0,0.0,0.0,0.0,0.0,0.0,0.0,0.0,0.0,0.0,0.0,0.0,17269.044,0.0,0.0,0.0,0.0,0.0,1046.5704,0.0,4.0440000000000005,2955.5256,3883.2000000000003,0.0,0.0,0.0,885.0912000000001,185.89919999999998,1607.4072,1892.6471999999999,188.3784,0.0,371.2128,2497.6752000000006,0.0,0.0,0.0,1958.8872000000001,3828.2903999999994,1380.78,1787.7384000000002,841.8575999999999,25236.9528,0.0,0.0,5996.162400000001,93.372
0.0,0.0,0.0,1703.8344,0.0,17080.4448,7160.215200000001,514.2407999999999,0.0,1609.728,120.60719999999999,0.0,1957.6248,53601.3288,76107.06,182.54399999999998,0.0,3871.790400000001,0.0,36610.2552,91845.7056,0.0,171.42000000000002,8129.7696000000005,15300.8544,0.0,0.0,0.0,0.0,0.0,2009.1144,4653.2112,977.7888,0.0,0.0,0.0,0.0,0.0,0.0,0.0,0.0,0.0,0.0,0.0,0.0,0.0,0.0,0.0,0.0,0.0,0.0,0.0,0.0,0.0,0.0,0.0,0.0,41.14320000000001,458.68319999999994,0.0,0.0,317.46719999999993,0.0,0.0,0.0,0.0,0.0,0.0,10924.548,0.0,0.0,0.0,0.0,102.84720000000002,1464.3024,0.0,3446.7047999999995,0.0,0.0,0.0,0.0,0.0,0.0,0.0,0.0,0.0,0.0,0.0,0.0,0.0,17269.044,0.0,0.0,0.0,0.0,0.0,1046.5704,0.0,4.0440000000000005,2955.5256,3883.2000000000003,0.0,0.0,0.0,885.0912000000001,185.89919999999998,1607.4072,1892.6471999999999,188.3784,0.0,371.2128,2497.6752000000006,0.0,0.0,0.0,1958.8872000000001,3828.2903999999994,1380.78,1787.7384000000002,841.8575999999999,25236.9528,0.0,0.0,5996.162400000001,93.372
0.0,0.0,0.0,1703.8344,0.0,17080.4448,7160.215200000001,514.2407999999999,0.0,1609.728,120.60719999999999,0.0,1957.6248,53601.3288,76107.06,182.54399999999998,0.0,3871.790400000001,0.0,36610.2552,91845.7056,0.0,171.42000000000002,8129.7696000000005,15300.8544,0.0,0.0,0.0,0.0,0.0,2009.1144,4653.2112,977.7888,0.0,0.0,0.0,0.0,0.0,0.0,0.0,0.0,0.0,0.0,0.0,0.0,0.0,0.0,0.0,0.0,0.0,0.0,0.0,0.0,0.0,0.0,0.0,0.0,41.14320000000001,458.68319999999994,0.0,0.0,317.46719999999993,0.0,0.0,0.0,0.0,0.0,0.0,10924.548,0.0,0.0,0.0,0.0,102.84720000000002,1464.3024,0.0,3446.7047999999995,0.0,0.0,0.0,0.0,0.0,0.0,0.0,0.0,0.0,0.0,0.0,0.0,0.0,17269.044,0.0,0.0,0.0,0.0,0.0,1046.5704,0.0,4.0440000000000005,2955.5256,3883.2000000000003,0.0,0.0,0.0,885.0912000000001,185.89919999999998,1607.4072,1892.6471999999999,188.3784,0.0,371.2128,2497.6752000000006,0.0,0.0,0.0,1958.8872000000001,3828.2903999999994,1380.78,1787.7384000000002,841.8575999999999,25236.9528,0.0,0.0,5996.162400000001,93.372
0.0,0.0,0.0,1703.8344,0.0,17080.4448,7160.215200000001,514.2407999999999,0.0,1609.728,120.60719999999999,0.0,1957.6248,53601.3288,76107.06,182.54399999999998,0.0,3871.790400000001,0.0,36610.2552,91845.7056,0.0,171.42000000000002,8129.7696000000005,15300.8544,0.0,0.0,0.0,0.0,0.0,2009.1144,4653.2112,977.7888,0.0,0.0,0.0,0.0,0.0,0.0,0.0,0.0,0.0,0.0,0.0,0.0,0.0,0.0,0.0,0.0,0.0,0.0,0.0,0.0,0.0,0.0,0.0,0.0,41.14320000000001,458.68319999999994,0.0,0.0,317.46719999999993,0.0,0.0,0.0,0.0,0.0,0.0,10924.548,0.0,0.0,0.0,0.0,102.84720000000002,1464.3024,0.0,3446.7047999999995,0.0,0.0,0.0,0.0,0.0,0.0,0.0,0.0,0.0,0.0,0.0,0.0,0.0,17269.044,0.0,0.0,0.0,0.0,0.0,1046.5704,0.0,4.0440000000000005,2955.5256,3883.2000000000003,0.0,0.0,0.0,885.0912000000001,185.89919999999998,1607.4072,1892.6471999999999,188.3784,0.0,371.2128,2497.6752000000006,0.0,0.0,0.0,1958.8872000000001,3828.2903999999994,1380.78,1787.7384000000002,841.8575999999999,25236.9528,0.0,0.0,5996.162400000001,93.372
0.0,0.0,0.0,1817.1935999999998,0.0,18301.6752,7274.3279999999995,525.1128,0.0,1836.7128000000002,76.3944,0.0,1888.1976000000002,61140.3144,85035.12,134.9952,0.0,3558.696,0.0,33834.278399999996,99326.47200000001,0.0,152.1144,7991.383199999999,14850.273599999997,0.0,0.0,0.0,0.0,0.0,1785.2591999999997,4134.7416,983.4792000000001,0.0,0.0,0.0,0.0,0.0,0.0,0.0,0.0,0.0,0.0,0.0,0.0,0.0,0.0,0.0,0.0,0.0,0.0,0.0,0.0,0.0,0.0,0.0,0.0,36.4272,451.90319999999997,0.0,0.0,299.5464,0.0,0.0,0.0,0.0,0.0,0.0,10774.382399999999,0.0,0.0,0.0,0.0,99.12,1444.1736,0.0,3399.3264,0.0,0.0,0.0,0.0,0.0,0.0,0.0,0.0,0.0,0.0,0.0,0.0,0.0,8644.3464,0.0,0.0,0.0,0.0,0.0,1063.2048,0.0,3.6431999999999998,3205.4712,3540.4007999999994,0.0,0.0,0.0,1055.6664,360.18240000000003,1852.2863999999997,1863.1032,183.48,0.0,547.8768,2537.3712,0.0,0.0,0.0,3864.7128,4450.0848,1331.808,1811.004,921.5999999999999,24341.916,0.0,0.0,7993.8528000000015,228.0384
0.0,0.0,0.0,1817.1935999999998,0.0,18301.6752,7274.3279999999995,525.1128,0.0,1836.7128000000002,76.3944,0.0,1888.1976000000002,61140.3144,85035.12,134.9952,0.0,3558.696,0.0,33834.278399999996,99326.47200000001,0.0,152.1144,7991.383199999999,14850.273599999997,0.0,0.0,0.0,0.0,0.0,1785.2591999999997,4134.7416,983.4792000000001,0.0,0.0,0.0,0.0,0.0,0.0,0.0,0.0,0.0,0.0,0.0,0.0,0.0,0.0,0.0,0.0,0.0,0.0,0.0,0.0,0.0,0.0,0.0,0.0,36.4272,451.90319999999997,0.0,0.0,299.5464,0.0,0.0,0.0,0.0,0.0,0.0,10774.382399999999,0.0,0.0,0.0,0.0,99.12,1444.1736,0.0,3399.3264,0.0,0.0,0.0,0.0,0.0,0.0,0.0,0.0,0.0,0.0,0.0,0.0,0.0,8644.3464,0.0,0.0,0.0,0.0,0.0,1063.2048,0.0,3.6431999999999998,3205.4712,3540.4007999999994,0.0,0.0,0.0,1055.6664,360.18240000000003,1852.2863999999997,1863.1032,183.48,0.0,547.8768,2537.3712,0.0,0.0,0.0,3864.7128,4450.0848,1331.808,1811.004,921.5999999999999,24341.916,0.0,0.0,7993.8528000000015,228.0384
0.0,0.0,0.0,1817.1935999999998,0.0,18301.6752,7274.3279999999995,525.1128,0.0,1836.7128000000002,76.3944,0.0,1888.1976000000002,61140.3144,85035.12,134.9952,0.0,3558.696,0.0,33834.278399999996,99326.47200000001,0.0,152.1144,7991.383199999999,14850.273599999997,0.0,0.0,0.0,0.0,0.0,1785.2591999999997,4134.7416,983.4792000000001,0.0,0.0,0.0,0.0,0.0,0.0,0.0,0.0,0.0,0.0,0.0,0.0,0.0,0.0,0.0,0.0,0.0,0.0,0.0,0.0,0.0,0.0,0.0,0.0,36.4272,451.90319999999997,0.0,0.0,299.5464,0.0,0.0,0.0,0.0,0.0,0.0,10774.382399999999,0.0,0.0,0.0,0.0,99.12,1444.1736,0.0,3399.3264,0.0,0.0,0.0,0.0,0.0,0.0,0.0,0.0,0.0,0.0,0.0,0.0,0.0,8644.3464,0.0,0.0,0.0,0.0,0.0,1063.2048,0.0,3.6431999999999998,3205.4712,3540.4007999999994,0.0,0.0,0.0,1055.6664,360.18240000000003,1852.2863999999997,1863.1032,183.48,0.0,547.8768,2537.3712,0.0,0.0,0.0,3864.7128,4450.0848,1331.808,1811.004,921.5999999999999,24341.916,0.0,0.0,7993.8528000000015,228.0384
0.0,0.0,0.0,1817.1935999999998,0.0,18301.6752,7274.3279999999995,525.1128,0.0,1836.7128000000002,76.3944,0.0,1888.1976000000002,61140.3144,85035.12,134.9952,0.0,3558.696,0.0,33834.278399999996,99326.47200000001,0.0,152.1144,7991.383199999999,14850.273599999997,0.0,0.0,0.0,0.0,0.0,1785.2591999999997,4134.7416,983.4792000000001,0.0,0.0,0.0,0.0,0.0,0.0,0.0,0.0,0.0,0.0,0.0,0.0,0.0,0.0,0.0,0.0,0.0,0.0,0.0,0.0,0.0,0.0,0.0,0.0,36.4272,451.90319999999997,0.0,0.0,299.5464,0.0,0.0,0.0,0.0,0.0,0.0,10774.382399999999,0.0,0.0,0.0,0.0,99.12,1444.1736,0.0,3399.3264,0.0,0.0,0.0,0.0,0.0,0.0,0.0,0.0,0.0,0.0,0.0,0.0,0.0,8644.3464,0.0,0.0,0.0,0.0,0.0,1063.2048,0.0,3.6431999999999998,3205.4712,3540.4007999999994,0.0,0.0,0.0,1055.6664,360.18240000000003,1852.2863999999997,1863.1032,183.48,0.0,547.8768,2537.3712,0.0,0.0,0.0,3864.7128,4450.0848,1331.808,1811.004,921.5999999999999,24341.916,0.0,0.0,7993.8528000000015,228.0384
0.0,0.0,0.0,1817.1935999999998,0.0,18301.6752,7274.3279999999995,525.1128,0.0,1836.7128000000002,76.3944,0.0,1888.1976000000002,61140.3144,85035.12,134.9952,0.0,3558.696,0.0,33834.278399999996,99326.47200000001,0.0,152.1144,7991.383199999999,14850.273599999997,0.0,0.0,0.0,0.0,0.0,1785.2591999999997,4134.7416,983.4792000000001,0.0,0.0,0.0,0.0,0.0,0.0,0.0,0.0,0.0,0.0,0.0,0.0,0.0,0.0,0.0,0.0,0.0,0.0,0.0,0.0,0.0,0.0,0.0,0.0,36.4272,451.90319999999997,0.0,0.0,299.5464,0.0,0.0,0.0,0.0,0.0,0.0,10774.382399999999,0.0,0.0,0.0,0.0,99.12,1444.1736,0.0,3399.3264,0.0,0.0,0.0,0.0,0.0,0.0,0.0,0.0,0.0,0.0,0.0,0.0,0.0,8644.3464,0.0,0.0,0.0,0.0,0.0,1063.2048,0.0,3.6431999999999998,3205.4712,3540.4007999999994,0.0,0.0,0.0,1055.6664,360.18240000000003,1852.2863999999997,1863.1032,183.48,0.0,547.8768,2537.3712,0.0,0.0,0.0,3864.7128,4450.0848,1331.808,1811.004,921.5999999999999,24341.916,0.0,0.0,7993.8528000000015,228.0384
0.0,0.0,0.0,1817.1935999999998,0.0,18301.6752,7274.3279999999995,525.1128,0.0,1836.7128000000002,76.3944,0.0,1888.1976000000002,61140.3144,85035.12,134.9952,0.0,3558.696,0.0,33834.278399999996,99326.47200000001,0.0,152.1144,7991.383199999999,14850.273599999997,0.0,0.0,0.0,0.0,0.0,1785.2591999999997,4134.7416,983.4792000000001,0.0,0.0,0.0,0.0,0.0,0.0,0.0,0.0,0.0,0.0,0.0,0.0,0.0,0.0,0.0,0.0,0.0,0.0,0.0,0.0,0.0,0.0,0.0,0.0,36.4272,451.90319999999997,0.0,0.0,299.5464,0.0,0.0,0.0,0.0,0.0,0.0,10774.382399999999,0.0,0.0,0.0,0.0,99.12,1444.1736,0.0,3399.3264,0.0,0.0,0.0,0.0,0.0,0.0,0.0,0.0,0.0,0.0,0.0,0.0,0.0,8644.3464,0.0,0.0,0.0,0.0,0.0,1063.2048,0.0,3.6431999999999998,3205.4712,3540.4007999999994,0.0,0.0,0.0,1055.6664,360.18240000000003,1852.2863999999997,1863.1032,183.48,0.0,547.8768,2537.3712,0.0,0.0,0.0,3864.7128,4450.0848,1331.808,1811.004,921.5999999999999,24341.916,0.0,0.0,7993.8528000000015,228.0384
0.0,0.0,0.0,1817.1935999999998,0.0,18301.6752,7274.3279999999995,525.1128,0.0,1836.7128000000002,76.3944,0.0,1888.1976000000002,61140.3144,85035.12,134.9952,0.0,3558.696,0.0,33834.278399999996,99326.47200000001,0.0,152.1144,7991.383199999999,14850.273599999997,0.0,0.0,0.0,0.0,0.0,1785.2591999999997,4134.7416,983.4792000000001,0.0,0.0,0.0,0.0,0.0,0.0,0.0,0.0,0.0,0.0,0.0,0.0,0.0,0.0,0.0,0.0,0.0,0.0,0.0,0.0,0.0,0.0,0.0,0.0,36.4272,451.90319999999997,0.0,0.0,299.5464,0.0,0.0,0.0,0.0,0.0,0.0,10774.382399999999,0.0,0.0,0.0,0.0,99.12,1444.1736,0.0,3399.3264,0.0,0.0,0.0,0.0,0.0,0.0,0.0,0.0,0.0,0.0,0.0,0.0,0.0,8644.3464,0.0,0.0,0.0,0.0,0.0,1063.2048,0.0,3.6431999999999998,3205.4712,3540.4007999999994,0.0,0.0,0.0,1055.6664,360.18240000000003,1852.2863999999997,1863.1032,183.48,0.0,547.8768,2537.3712,0.0,0.0,0.0,3864.7128,4450.0848,1331.808,1811.004,921.5999999999999,24341.916,0.0,0.0,7993.8528000000015,228.0384
0.0,0.0,0.0,1738.7208,0.0,17611.1424,8098.6536,535.8575999999999,0.0,1680.1799999999998,66.3624,0.0,1916.5032,55057.59360000001,84976.416,113.5416,0.0,3453.1103999999996,0.0,30875.9712,91227.59520000001,0.0,136.43760000000003,8269.0056,15135.084,0.0,0.0,0.0,0.0,0.0,1626.12,4320.890399999999,2752.1208,0.0,0.0,0.0,0.0,0.0,0.0,0.0,0.0,0.0,0.0,0.0,0.0,0.0,0.0,0.0,0.0,0.0,0.0,0.0,0.0,0.0,0.0,0.0,0.0,28.0752,473.8248000000001,0.0,0.0,253.56480000000002,0.0,0.0,0.0,0.0,0.0,0.0,10553.443200000002,0.0,0.0,0.0,0.0,112.01039999999999,1485.1488,0.0,3324.24,0.0,0.0,0.0,0.0,0.0,0.0,0.0,0.0,0.0,0.0,0.0,0.0,0.0,6744.168,0.0,0.0,0.0,0.0,0.0,1015.8504,0.0,34.276799999999994,3179.604,1710.5208000000002,0.0,0.0,0.0,1186.308,294.94320000000005,2075.3687999999997,1950.7632,193.58159999999998,0.0,669.0192000000001,2424.3624,0.0,0.0,0.0,4798.296,4160.2848,1351.7736,1739.9663999999998,921.5999999999999,28901.3016,0.0,0.0,11412.931199999999,334.52880000000005
0.0,0.0,0.0,1738.7208,0.0,17611.1424,8098.6536,535.8575999999999,0.0,1680.1799999999998,66.3624,0.0,1916.5032,55057.59360000001,84976.416,113.5416,0.0,3453.1103999999996,0.0,30875.9712,91227.59520000001,0.0,136.43760000000003,8269.0056,15135.084,0.0,0.0,0.0,0.0,0.0,1626.12,4320.890399999999,2752.1208,0.0,0.0,0.0,0.0,0.0,0.0,0.0,0.0,0.0,0.0,0.0,0.0,0.0,0.0,0.0,0.0,0.0,0.0,0.0,0.0,0.0,0.0,0.0,0.0,28.0752,473.8248000000001,0.0,0.0,253.56480000000002,0.0,0.0,0.0,0.0,0.0,0.0,10553.443200000002,0.0,0.0,0.0,0.0,112.01039999999999,1485.1488,0.0,3324.24,0.0,0.0,0.0,0.0,0.0,0.0,0.0,0.0,0.0,0.0,0.0,0.0,0.0,6744.168,0.0,0.0,0.0,0.0,0.0,1015.8504,0.0,34.276799999999994,3179.604,1710.5208000000002,0.0,0.0,0.0,1186.308,294.94320000000005,2075.3687999999997,1950.7632,193.58159999999998,0.0,669.0192000000001,2424.3624,0.0,0.0,0.0,4798.296,4160.2848,1351.7736,1739.9663999999998,921.5999999999999,28901.3016,0.0,0.0,11412.931199999999,334.52880000000005
0.0,0.0,0.0,1738.7208,0.0,17611.1424,8098.6536,535.8575999999999,0.0,1680.1799999999998,66.3624,0.0,1916.5032,55057.59360000001,84976.416,113.5416,0.0,3453.1103999999996,0.0,30875.9712,91227.59520000001,0.0,136.43760000000003,8269.0056,15135.084,0.0,0.0,0.0,0.0,0.0,1626.12,4320.890399999999,2752.1208,0.0,0.0,0.0,0.0,0.0,0.0,0.0,0.0,0.0,0.0,0.0,0.0,0.0,0.0,0.0,0.0,0.0,0.0,0.0,0.0,0.0,0.0,0.0,0.0,28.0752,473.8248000000001,0.0,0.0,253.56480000000002,0.0,0.0,0.0,0.0,0.0,0.0,10553.443200000002,0.0,0.0,0.0,0.0,112.01039999999999,1485.1488,0.0,3324.24,0.0,0.0,0.0,0.0,0.0,0.0,0.0,0.0,0.0,0.0,0.0,0.0,0.0,6744.168,0.0,0.0,0.0,0.0,0.0,1015.8504,0.0,34.276799999999994,3179.604,1710.5208000000002,0.0,0.0,0.0,1186.308,294.94320000000005,2075.3687999999997,1950.7632,193.58159999999998,0.0,669.0192000000001,2424.3624,0.0,0.0,0.0,4798.296,4160.2848,1351.7736,1739.9663999999998,921.5999999999999,28901.3016,0.0,0.0,11412.931199999999,334.52880000000005
0.0,0.0,0.0,1738.7208,0.0,17611.1424,8098.6536,535.8575999999999,0.0,1680.1799999999998,66.3624,0.0,1916.5032,55057.59360000001,84976.416,113.5416,0.0,3453.1103999999996,0.0,30875.9712,91227.59520000001,0.0,136.43760000000003,8269.0056,15135.084,0.0,0.0,0.0,0.0,0.0,1626.12,4320.890399999999,2752.1208,0.0,0.0,0.0,0.0,0.0,0.0,0.0,0.0,0.0,0.0,0.0,0.0,0.0,0.0,0.0,0.0,0.0,0.0,0.0,0.0,0.0,0.0,0.0,0.0,28.0752,473.8248000000001,0.0,0.0,253.56480000000002,0.0,0.0,0.0,0.0,0.0,0.0,10553.443200000002,0.0,0.0,0.0,0.0,112.01039999999999,1485.1488,0.0,3324.24,0.0,0.0,0.0,0.0,0.0,0.0,0.0,0.0,0.0,0.0,0.0,0.0,0.0,6744.168,0.0,0.0,0.0,0.0,0.0,1015.8504,0.0,34.276799999999994,3179.604,1710.5208000000002,0.0,0.0,0.0,1186.308,294.94320000000005,2075.3687999999997,1950.7632,193.58159999999998,0.0,669.0192000000001,2424.3624,0.0,0.0,0.0,4798.296,4160.2848,1351.7736,1739.9663999999998,921.5999999999999,28901.3016,0.0,0.0,11412.931199999999,334.52880000000005
0.0,0.0,0.0,1738.7208,0.0,17611.1424,8098.6536,535.8575999999999,0.0,1680.1799999999998,66.3624,0.0,1916.5032,55057.59360000001,84976.416,113.5416,0.0,3453.1103999999996,0.0,30875.9712,91227.59520000001,0.0,136.43760000000003,8269.0056,15135.084,0.0,0.0,0.0,0.0,0.0,1626.12,4320.890399999999,2752.1208,0.0,0.0,0.0,0.0,0.0,0.0,0.0,0.0,0.0,0.0,0.0,0.0,0.0,0.0,0.0,0.0,0.0,0.0,0.0,0.0,0.0,0.0,0.0,0.0,28.0752,473.8248000000001,0.0,0.0,253.56480000000002,0.0,0.0,0.0,0.0,0.0,0.0,10553.443200000002,0.0,0.0,0.0,0.0,112.01039999999999,1485.1488,0.0,3324.24,0.0,0.0,0.0,0.0,0.0,0.0,0.0,0.0,0.0,0.0,0.0,0.0,0.0,6744.168,0.0,0.0,0.0,0.0,0.0,1015.8504,0.0,34.276799999999994,3179.604,1710.5208000000002,0.0,0.0,0.0,1186.308,294.94320000000005,2075.3687999999997,1950.7632,193.58159999999998,0.0,669.0192000000001,2424.3624,0.0,0.0,0.0,4798.296,4160.2848,1351.7736,1739.9663999999998,921.5999999999999,28901.3016,0.0,0.0,11412.931199999999,334.52880000000005
0.0,0.0,0.0,1738.7208,0.0,17611.1424,8098.6536,535.8575999999999,0.0,1680.1799999999998,66.3624,0.0,1916.5032,55057.59360000001,84976.416,113.5416,0.0,3453.1103999999996,0.0,30875.9712,91227.59520000001,0.0,136.43760000000003,8269.0056,15135.084,0.0,0.0,0.0,0.0,0.0,1626.12,4320.890399999999,2752.1208,0.0,0.0,0.0,0.0,0.0,0.0,0.0,0.0,0.0,0.0,0.0,0.0,0.0,0.0,0.0,0.0,0.0,0.0,0.0,0.0,0.0,0.0,0.0,0.0,28.0752,473.8248000000001,0.0,0.0,253.56480000000002,0.0,0.0,0.0,0.0,0.0,0.0,10553.443200000002,0.0,0.0,0.0,0.0,112.01039999999999,1485.1488,0.0,3324.24,0.0,0.0,0.0,0.0,0.0,0.0,0.0,0.0,0.0,0.0,0.0,0.0,0.0,6744.168,0.0,0.0,0.0,0.0,0.0,1015.8504,0.0,34.276799999999994,3179.604,1710.5208000000002,0.0,0.0,0.0,1186.308,294.94320000000005,2075.3687999999997,1950.7632,193.58159999999998,0.0,669.0192000000001,2424.3624,0.0,0.0,0.0,4798.296,4160.2848,1351.7736,1739.9663999999998,921.5999999999999,28901.3016,0.0,0.0,11412.931199999999,334.52880000000005
0.0,0.0,0.0,1738.7208,0.0,17611.1424,8098.6536,535.8575999999999,0.0,1680.1799999999998,66.3624,0.0,1916.5032,55057.59360000001,84976.416,113.5416,0.0,3453.1103999999996,0.0,30875.9712,91227.59520000001,0.0,136.43760000000003,8269.0056,15135.084,0.0,0.0,0.0,0.0,0.0,1626.12,4320.890399999999,2752.1208,0.0,0.0,0.0,0.0,0.0,0.0,0.0,0.0,0.0,0.0,0.0,0.0,0.0,0.0,0.0,0.0,0.0,0.0,0.0,0.0,0.0,0.0,0.0,0.0,28.0752,473.8248000000001,0.0,0.0,253.56480000000002,0.0,0.0,0.0,0.0,0.0,0.0,10553.443200000002,0.0,0.0,0.0,0.0,112.01039999999999,1485.1488,0.0,3324.24,0.0,0.0,0.0,0.0,0.0,0.0,0.0,0.0,0.0,0.0,0.0,0.0,0.0,6744.168,0.0,0.0,0.0,0.0,0.0,1015.8504,0.0,34.276799999999994,3179.604,1710.5208000000002,0.0,0.0,0.0,1186.308,294.94320000000005,2075.3687999999997,1950.7632,193.58159999999998,0.0,669.0192000000001,2424.3624,0.0,0.0,0.0,4798.296,4160.2848,1351.7736,1739.9663999999998,921.5999999999999,28901.3016,0.0,0.0,11412.931199999999,334.52880000000005
0.0,0.0,0.0,1617.4584,0.0,16426.202400000002,8832.8304,528.0768,0.0,1680.66,54.1464,0.0,1406.6328,53882.8536,87134.1768,103.24080000000001,0.0,3870.2904,0.0,29217.9816,87570.1632,0.0,119.98559999999999,10224.3096,19078.732799999998,0.0,0.0,0.0,0.0,0.0,1439.9976000000001,4339.2959999999985,4280.964,0.0,0.0,0.0,0.0,0.0,0.0,0.0,0.0,0.0,0.0,0.0,0.0,0.0,0.0,0.0,0.0,0.0,0.0,0.0,0.0,0.0,0.0,0.0,0.0,24.948,533.7648,0.0,0.0,245.0904,0.0,0.0,0.0,0.0,0.0,0.0,10909.4208,0.0,0.0,0.0,0.0,109.91040000000001,1648.5624,0.0,3427.7304000000004,0.0,0.0,0.0,0.0,0.0,0.0,0.0,0.0,0.0,0.0,0.0,0.0,0.0,21539.2536,0.0,0.0,0.0,0.0,0.0,1016.7767999999999,0.0,68.244,3084.0239999999994,1510.3176,0.0,0.0,0.0,1743.9791999999998,198.7992,2592.1776,1828.6152000000002,177.7584,0.0,969.5688,2426.5728,0.0,0.0,0.0,3324.1272,4006.0056,992.1456000000001,1741.5528,921.5999999999999,24958.0464,0.0,0.0,13363.199999999999,344.7672
0.0,0.0,0.0,1617.4584,0.0,16426.202400000002,8832.8304,528.0768,0.0,1680.66,54.1464,0.0,1406.6328,53882.8536,87134.1768,103.24080000000001,0.0,3870.2904,0.0,29217.9816,87570.1632,0.0,119.98559999999999,10224.3096,19078.732799999998,0.0,0.0,0.0,0.0,0.0,1439.9976000000001,4339.2959999999985,4280.964,0.0,0.0,0.0,0.0,0.0,0.0,0.0,0.0,0.0,0.0,0.0,0.0,0.0,0.0,0.0,0.0,0.0,0.0,0.0,0.0,0.0,0.0,0.0,0.0,24.948,533.7648,0.0,0.0,245.0904,0.0,0.0,0.0,0.0,0.0,0.0,10909.4208,0.0,0.0,0.0,0.0,109.91040000000001,1648.5624,0.0,3427.7304000000004,0.0,0.0,0.0,0.0,0.0,0.0,0.0,0.0,0.0,0.0,0.0,0.0,0.0,21539.2536,0.0,0.0,0.0,0.0,0.0,1016.7767999999999,0.0,68.244,3084.0239999999994,1510.3176,0.0,0.0,0.0,1743.9791999999998,198.7992,2592.1776,1828.6152000000002,177.7584,0.0,969.5688,2426.5728,0.0,0.0,0.0,3324.1272,4006.0056,992.1456000000001,1741.5528,921.5999999999999,24958.0464,0.0,0.0,13363.199999999999,344.7672
0.0,0.0,0.0,1617.4584,0.0,16426.202400000002,8832.8304,528.0768,0.0,1680.66,54.1464,0.0,1406.6328,53882.8536,87134.1768,103.24080000000001,0.0,3870.2904,0.0,29217.9816,87570.1632,0.0,119.98559999999999,10224.3096,19078.732799999998,0.0,0.0,0.0,0.0,0.0,1439.9976000000001,4339.2959999999985,4280.964,0.0,0.0,0.0,0.0,0.0,0.0,0.0,0.0,0.0,0.0,0.0,0.0,0.0,0.0,0.0,0.0,0.0,0.0,0.0,0.0,0.0,0.0,0.0,0.0,24.948,533.7648,0.0,0.0,245.0904,0.0,0.0,0.0,0.0,0.0,0.0,10909.4208,0.0,0.0,0.0,0.0,109.91040000000001,1648.5624,0.0,3427.7304000000004,0.0,0.0,0.0,0.0,0.0,0.0,0.0,0.0,0.0,0.0,0.0,0.0,0.0,21539.2536,0.0,0.0,0.0,0.0,0.0,1016.7767999999999,0.0,68.244,3084.0239999999994,1510.3176,0.0,0.0,0.0,1743.9791999999998,198.7992,2592.1776,1828.6152000000002,177.7584,0.0,969.5688,2426.5728,0.0,0.0,0.0,3324.1272,4006.0056,992.1456000000001,1741.5528,921.5999999999999,24958.0464,0.0,0.0,13363.199999999999,344.7672
0.0,0.0,0.0,1617.4584,0.0,16426.202400000002,8832.8304,528.0768,0.0,1680.66,54.1464,0.0,1406.6328,53882.8536,87134.1768,103.24080000000001,0.0,3870.2904,0.0,29217.9816,87570.1632,0.0,119.98559999999999,10224.3096,19078.732799999998,0.0,0.0,0.0,0.0,0.0,1439.9976000000001,4339.2959999999985,4280.964,0.0,0.0,0.0,0.0,0.0,0.0,0.0,0.0,0.0,0.0,0.0,0.0,0.0,0.0,0.0,0.0,0.0,0.0,0.0,0.0,0.0,0.0,0.0,0.0,24.948,533.7648,0.0,0.0,245.0904,0.0,0.0,0.0,0.0,0.0,0.0,10909.4208,0.0,0.0,0.0,0.0,109.91040000000001,1648.5624,0.0,3427.7304000000004,0.0,0.0,0.0,0.0,0.0,0.0,0.0,0.0,0.0,0.0,0.0,0.0,0.0,21539.2536,0.0,0.0,0.0,0.0,0.0,1016.7767999999999,0.0,68.244,3084.0239999999994,1510.3176,0.0,0.0,0.0,1743.9791999999998,198.7992,2592.1776,1828.6152000000002,177.7584,0.0,969.5688,2426.5728,0.0,0.0,0.0,3324.1272,4006.0056,992.1456000000001,1741.5528,921.5999999999999,24958.0464,0.0,0.0,13363.199999999999,344.7672
0.0,0.0,0.0,1617.4584,0.0,16426.202400000002,8832.8304,528.0768,0.0,1680.66,54.1464,0.0,1406.6328,53882.8536,87134.1768,103.24080000000001,0.0,3870.2904,0.0,29217.9816,87570.1632,0.0,119.98559999999999,10224.3096,19078.732799999998,0.0,0.0,0.0,0.0,0.0,1439.9976000000001,4339.2959999999985,4280.964,0.0,0.0,0.0,0.0,0.0,0.0,0.0,0.0,0.0,0.0,0.0,0.0,0.0,0.0,0.0,0.0,0.0,0.0,0.0,0.0,0.0,0.0,0.0,0.0,24.948,533.7648,0.0,0.0,245.0904,0.0,0.0,0.0,0.0,0.0,0.0,10909.4208,0.0,0.0,0.0,0.0,109.91040000000001,1648.5624,0.0,3427.7304000000004,0.0,0.0,0.0,0.0,0.0,0.0,0.0,0.0,0.0,0.0,0.0,0.0,0.0,21539.2536,0.0,0.0,0.0,0.0,0.0,1016.7767999999999,0.0,68.244,3084.0239999999994,1510.3176,0.0,0.0,0.0,1743.9791999999998,198.7992,2592.1776,1828.6152000000002,177.7584,0.0,969.5688,2426.5728,0.0,0.0,0.0,3324.1272,4006.0056,992.1456000000001,1741.5528,921.5999999999999,24958.0464,0.0,0.0,13363.199999999999,344.7672
0.0,0.0,0.0,1617.4584,0.0,16426.202400000002,8832.8304,528.0768,0.0,1680.66,54.1464,0.0,1406.6328,53882.8536,87134.1768,103.24080000000001,0.0,3870.2904,0.0,29217.9816,87570.1632,0.0,119.98559999999999,10224.3096,19078.732799999998,0.0,0.0,0.0,0.0,0.0,1439.9976000000001,4339.2959999999985,4280.964,0.0,0.0,0.0,0.0,0.0,0.0,0.0,0.0,0.0,0.0,0.0,0.0,0.0,0.0,0.0,0.0,0.0,0.0,0.0,0.0,0.0,0.0,0.0,0.0,24.948,533.7648,0.0,0.0,245.0904,0.0,0.0,0.0,0.0,0.0,0.0,10909.4208,0.0,0.0,0.0,0.0,109.91040000000001,1648.5624,0.0,3427.7304000000004,0.0,0.0,0.0,0.0,0.0,0.0,0.0,0.0,0.0,0.0,0.0,0.0,0.0,21539.2536,0.0,0.0,0.0,0.0,0.0,1016.7767999999999,0.0,68.244,3084.0239999999994,1510.3176,0.0,0.0,0.0,1743.9791999999998,198.7992,2592.1776,1828.6152000000002,177.7584,0.0,969.5688,2426.5728,0.0,0.0,0.0,3324.1272,4006.0056,992.1456000000001,1741.5528,921.5999999999999,24958.0464,0.0,0.0,13363.199999999999,344.7672
0.0,0.0,0.0,1617.4584,0.0,16426.202400000002,8832.8304,528.0768,0.0,1680.66,54.1464,0.0,1406.6328,53882.8536,87134.1768,103.24080000000001,0.0,3870.2904,0.0,29217.9816,87570.1632,0.0,119.98559999999999,10224.3096,19078.732799999998,0.0,0.0,0.0,0.0,0.0,1439.9976000000001,4339.2959999999985,4280.964,0.0,0.0,0.0,0.0,0.0,0.0,0.0,0.0,0.0,0.0,0.0,0.0,0.0,0.0,0.0,0.0,0.0,0.0,0.0,0.0,0.0,0.0,0.0,0.0,24.948,533.7648,0.0,0.0,245.0904,0.0,0.0,0.0,0.0,0.0,0.0,10909.4208,0.0,0.0,0.0,0.0,109.91040000000001,1648.5624,0.0,3427.7304000000004,0.0,0.0,0.0,0.0,0.0,0.0,0.0,0.0,0.0,0.0,0.0,0.0,0.0,21539.2536,0.0,0.0,0.0,0.0,0.0,1016.7767999999999,0.0,68.244,3084.0239999999994,1510.3176,0.0,0.0,0.0,1743.9791999999998,198.7992,2592.1776,1828.6152000000002,177.7584,0.0,969.5688,2426.5728,0.0,0.0,0.0,3324.1272,4006.0056,992.1456000000001,1741.5528,921.5999999999999,24958.0464,0.0,0.0,13363.199999999999,344.7672
0.0,0.0,0.0,1496.772,0.0,15156.628799999999,8025.6408,480.82079999999996,0.0,1611.9456,41.7624,0.0,790.3872,51679.907999999996,77158.74,74.1456,0.0,3320.7839999999997,0.0,20680.5864,77409.9072,0.0,100.2096,9045.5928,17169.8064,0.0,0.0,0.0,0.0,0.0,1007.7432,3036.7391999999995,3032.0279999999993,0.0,0.0,0.0,0.0,0.0,0.0,0.0,0.0,0.0,0.0,0.0,0.0,0.0,0.0,0.0,0.0,0.0,0.0,0.0,0.0,0.0,0.0,0.0,0.0,21.287999999999997,538.4015999999999,0.0,0.0,206.57280000000003,0.0,0.0,0.0,0.0,0.0,0.0,10975.74,0.0,0.0,0.0,0.0,117.37199999999999,1658.5847999999999,0.0,3448.5696000000003,0.0,0.0,0.0,0.0,0.0,0.0,0.0,0.0,0.0,0.0,0.0,0.0,0.0,21723.398400000002,0.0,0.0,0.0,0.0,0.0,934.2024,0.0,44.0112,3212.6711999999998,1506.2568,0.0,0.0,0.0,2765.8968,277.4088,3319.116,2117.7984,205.59359999999998,0.0,1082.0688,2229.504,0.0,0.0,0.0,3298.3296,2930.34,557.4864,1600.1183999999998,921.5999999999999,14590.430400000001,0.0,0.0,12169.440000000002,346.3512
0.0,0.0,0.0,1496.772,0.0,15156.628799999999,8025.6408,480.82079999999996,0.0,1611.9456,41.7624,0.0,790.3872,51679.907999999996,77158.74,74.1456,0.0,3320.7839999999997,0.0,20680.5864,77409.9072,0.0,100.2096,9045.5928,17169.8064,0.0,0.0,0.0,0.0,0.0,1007.7432,3036.7391999999995,3032.0279999999993,0.0,0.0,0.0,0.0,0.0,0.0,0.0,0.0,0.0,0.0,0.0,0.0,0.0,0.0,0.0,0.0,0.0,0.0,0.0,0.0,0.0,0.0,0.0,0.0,21.287999999999997,538.4015999999999,0.0,0.0,206.57280000000003,0.0,0.0,0.0,0.0,0.0,0.0,10975.74,0.0,0.0,0.0,0.0,117.37199999999999,1658.5847999999999,0.0,3448.5696000000003,0.0,0.0,0.0,0.0,0.0,0.0,0.0,0.0,0.0,0.0,0.0,0.0,0.0,21723.398400000002,0.0,0.0,0.0,0.0,0.0,934.2024,0.0,44.0112,3212.6711999999998,1506.2568,0.0,0.0,0.0,2765.8968,277.4088,3319.116,2117.7984,205.59359999999998,0.0,1082.0688,2229.504,0.0,0.0,0.0,3298.3296,2930.34,557.4864,1600.1183999999998,921.5999999999999,14590.430400000001,0.0,0.0,12169.440000000002,346.3512
0.0,0.0,0.0,1496.772,0.0,15156.628799999999,8025.6408,480.82079999999996,0.0,1611.9456,41.7624,0.0,790.3872,51679.907999999996,77158.74,74.1456,0.0,3320.7839999999997,0.0,20680.5864,77409.9072,0.0,100.2096,9045.5928,17169.8064,0.0,0.0,0.0,0.0,0.0,1007.7432,3036.7391999999995,3032.0279999999993,0.0,0.0,0.0,0.0,0.0,0.0,0.0,0.0,0.0,0.0,0.0,0.0,0.0,0.0,0.0,0.0,0.0,0.0,0.0,0.0,0.0,0.0,0.0,0.0,21.287999999999997,538.4015999999999,0.0,0.0,206.57280000000003,0.0,0.0,0.0,0.0,0.0,0.0,10975.74,0.0,0.0,0.0,0.0,117.37199999999999,1658.5847999999999,0.0,3448.5696000000003,0.0,0.0,0.0,0.0,0.0,0.0,0.0,0.0,0.0,0.0,0.0,0.0,0.0,21723.398400000002,0.0,0.0,0.0,0.0,0.0,934.2024,0.0,44.0112,3212.6711999999998,1506.2568,0.0,0.0,0.0,2765.8968,277.4088,3319.116,2117.7984,205.59359999999998,0.0,1082.0688,2229.504,0.0,0.0,0.0,3298.3296,2930.34,557.4864,1600.1183999999998,921.5999999999999,14590.430400000001,0.0,0.0,12169.440000000002,346.3512
0.0,0.0,0.0,1496.772,0.0,15156.628799999999,8025.6408,480.82079999999996,0.0,1611.9456,41.7624,0.0,790.3872,51679.907999999996,77158.74,74.1456,0.0,3320.7839999999997,0.0,20680.5864,77409.9072,0.0,100.2096,9045.5928,17169.8064,0.0,0.0,0.0,0.0,0.0,1007.7432,3036.7391999999995,3032.0279999999993,0.0,0.0,0.0,0.0,0.0,0.0,0.0,0.0,0.0,0.0,0.0,0.0,0.0,0.0,0.0,0.0,0.0,0.0,0.0,0.0,0.0,0.0,0.0,0.0,21.287999999999997,538.4015999999999,0.0,0.0,206.57280000000003,0.0,0.0,0.0,0.0,0.0,0.0,10975.74,0.0,0.0,0.0,0.0,117.37199999999999,1658.5847999999999,0.0,3448.5696000000003,0.0,0.0,0.0,0.0,0.0,0.0,0.0,0.0,0.0,0.0,0.0,0.0,0.0,21723.398400000002,0.0,0.0,0.0,0.0,0.0,934.2024,0.0,44.0112,3212.6711999999998,1506.2568,0.0,0.0,0.0,2765.8968,277.4088,3319.116,2117.7984,205.59359999999998,0.0,1082.0688,2229.504,0.0,0.0,0.0,3298.3296,2930.34,557.4864,1600.1183999999998,921.5999999999999,14590.430400000001,0.0,0.0,12169.440000000002,346.3512
0.0,0.0,0.0,1496.772,0.0,15156.628799999999,8025.6408,480.82079999999996,0.0,1611.9456,41.7624,0.0,790.3872,51679.907999999996,77158.74,74.1456,0.0,3320.7839999999997,0.0,20680.5864,77409.9072,0.0,100.2096,9045.5928,17169.8064,0.0,0.0,0.0,0.0,0.0,1007.7432,3036.7391999999995,3032.0279999999993,0.0,0.0,0.0,0.0,0.0,0.0,0.0,0.0,0.0,0.0,0.0,0.0,0.0,0.0,0.0,0.0,0.0,0.0,0.0,0.0,0.0,0.0,0.0,0.0,21.287999999999997,538.4015999999999,0.0,0.0,206.57280000000003,0.0,0.0,0.0,0.0,0.0,0.0,10975.74,0.0,0.0,0.0,0.0,117.37199999999999,1658.5847999999999,0.0,3448.5696000000003,0.0,0.0,0.0,0.0,0.0,0.0,0.0,0.0,0.0,0.0,0.0,0.0,0.0,21723.398400000002,0.0,0.0,0.0,0.0,0.0,934.2024,0.0,44.0112,3212.6711999999998,1506.2568,0.0,0.0,0.0,2765.8968,277.4088,3319.116,2117.7984,205.59359999999998,0.0,1082.0688,2229.504,0.0,0.0,0.0,3298.3296,2930.34,557.4864,1600.1183999999998,921.5999999999999,14590.430400000001,0.0,0.0,12169.440000000002,346.3512
0.0,0.0,0.0,1496.772,0.0,15156.628799999999,8025.6408,480.82079999999996,0.0,1611.9456,41.7624,0.0,790.3872,51679.907999999996,77158.74,74.1456,0.0,3320.7839999999997,0.0,20680.5864,77409.9072,0.0,100.2096,9045.5928,17169.8064,0.0,0.0,0.0,0.0,0.0,1007.7432,3036.7391999999995,3032.0279999999993,0.0,0.0,0.0,0.0,0.0,0.0,0.0,0.0,0.0,0.0,0.0,0.0,0.0,0.0,0.0,0.0,0.0,0.0,0.0,0.0,0.0,0.0,0.0,0.0,21.287999999999997,538.4015999999999,0.0,0.0,206.57280000000003,0.0,0.0,0.0,0.0,0.0,0.0,10975.74,0.0,0.0,0.0,0.0,117.37199999999999,1658.5847999999999,0.0,3448.5696000000003,0.0,0.0,0.0,0.0,0.0,0.0,0.0,0.0,0.0,0.0,0.0,0.0,0.0,21723.398400000002,0.0,0.0,0.0,0.0,0.0,934.2024,0.0,44.0112,3212.6711999999998,1506.2568,0.0,0.0,0.0,2765.8968,277.4088,3319.116,2117.7984,205.59359999999998,0.0,1082.0688,2229.504,0.0,0.0,0.0,3298.3296,2930.34,557.4864,1600.1183999999998,921.5999999999999,14590.430400000001,0.0,0.0,12169.440000000002,346.3512
0.0,0.0,0.0,1496.772,0.0,15156.628799999999,8025.6408,480.82079999999996,0.0,1611.9456,41.7624,0.0,790.3872,51679.907999999996,77158.74,74.1456,0.0,3320.7839999999997,0.0,20680.5864,77409.9072,0.0,100.2096,9045.5928,17169.8064,0.0,0.0,0.0,0.0,0.0,1007.7432,3036.7391999999995,3032.0279999999993,0.0,0.0,0.0,0.0,0.0,0.0,0.0,0.0,0.0,0.0,0.0,0.0,0.0,0.0,0.0,0.0,0.0,0.0,0.0,0.0,0.0,0.0,0.0,0.0,21.287999999999997,538.4015999999999,0.0,0.0,206.57280000000003,0.0,0.0,0.0,0.0,0.0,0.0,10975.74,0.0,0.0,0.0,0.0,117.37199999999999,1658.5847999999999,0.0,3448.5696000000003,0.0,0.0,0.0,0.0,0.0,0.0,0.0,0.0,0.0,0.0,0.0,0.0,0.0,21723.398400000002,0.0,0.0,0.0,0.0,0.0,934.2024,0.0,44.0112,3212.6711999999998,1506.2568,0.0,0.0,0.0,2765.8968,277.4088,3319.116,2117.7984,205.59359999999998,0.0,1082.0688,2229.504,0.0,0.0,0.0,3298.3296,2930.34,557.4864,1600.1183999999998,921.5999999999999,14590.430400000001,0.0,0.0,12169.440000000002,346.3512
0.0,0.0,0.0,1108.6752000000001,0.0,11650.819199999998,6977.856000000001,419.2224,0.0,1259.472,40.190400000000004,0.0,732.7536,40379.395200000006,61609.056,63.2616,0.0,3050.9183999999996,0.0,19943.680800000002,59669.0712,0.0,90.55680000000001,8400.384,16426.8,0.0,0.0,0.0,0.0,0.0,925.896,2790.0984000000003,2611.2456,0.0,0.0,0.0,0.0,0.0,0.0,0.0,0.0,0.0,0.0,0.0,0.0,0.0,0.0,0.0,0.0,0.0,0.0,0.0,0.0,0.0,0.0,0.0,0.0,13.3608,555.5663999999999,0.0,0.0,195.77519999999998,0.0,0.0,0.0,0.0,0.0,0.0,11362.6008,0.0,0.0,0.0,0.0,112.68,1717.0439999999999,0.0,3570.12,0.0,0.0,0.0,0.0,0.0,0.0,0.0,0.0,0.0,0.0,0.0,0.0,0.0,3624.2856,0.0,0.0,0.0,0.0,0.0,925.164,0.0,14.1528,3599.6543999999994,1494.0720000000001,0.0,0.0,0.0,3423.3383999999996,245.21760000000003,3463.2000000000003,1970.0832000000003,194.97119999999998,0.0,876.6887999999999,2207.9352,0.0,0.0,0.0,3113.4431999999997,2667.4752,516.8304,1584.6384,310.6656,13526.4264,0.0,0.0,8833.896,355.3344
0.0,0.0,0.0,1108.6752000000001,0.0,11650.819199999998,6977.856000000001,419.2224,0.0,1259.472,40.190400000000004,0.0,732.7536,40379.395200000006,61609.056,63.2616,0.0,3050.9183999999996,0.0,19943.680800000002,59669.0712,0.0,90.55680000000001,8400.384,16426.8,0.0,0.0,0.0,0.0,0.0,925.896,2790.0984000000003,2611.2456,0.0,0.0,0.0,0.0,0.0,0.0,0.0,0.0,0.0,0.0,0.0,0.0,0.0,0.0,0.0,0.0,0.0,0.0,0.0,0.0,0.0,0.0,0.0,0.0,13.3608,555.5663999999999,0.0,0.0,195.77519999999998,0.0,0.0,0.0,0.0,0.0,0.0,11362.6008,0.0,0.0,0.0,0.0,112.68,1717.0439999999999,0.0,3570.12,0.0,0.0,0.0,0.0,0.0,0.0,0.0,0.0,0.0,0.0,0.0,0.0,0.0,3624.2856,0.0,0.0,0.0,0.0,0.0,925.164,0.0,14.1528,3599.6543999999994,1494.0720000000001,0.0,0.0,0.0,3423.3383999999996,245.21760000000003,3463.2000000000003,1970.0832000000003,194.97119999999998,0.0,876.6887999999999,2207.9352,0.0,0.0,0.0,3113.4431999999997,2667.4752,516.8304,1584.6384,310.6656,13526.4264,0.0,0.0,8833.896,355.3344
0.0,0.0,0.0,1108.6752000000001,0.0,11650.819199999998,6977.856000000001,419.2224,0.0,1259.472,40.190400000000004,0.0,732.7536,40379.395200000006,61609.056,63.2616,0.0,3050.9183999999996,0.0,19943.680800000002,59669.0712,0.0,90.55680000000001,8400.384,16426.8,0.0,0.0,0.0,0.0,0.0,925.896,2790.0984000000003,2611.2456,0.0,0.0,0.0,0.0,0.0,0.0,0.0,0.0,0.0,0.0,0.0,0.0,0.0,0.0,0.0,0.0,0.0,0.0,0.0,0.0,0.0,0.0,0.0,0.0,13.3608,555.5663999999999,0.0,0.0,195.77519999999998,0.0,0.0,0.0,0.0,0.0,0.0,11362.6008,0.0,0.0,0.0,0.0,112.68,1717.0439999999999,0.0,3570.12,0.0,0.0,0.0,0.0,0.0,0.0,0.0,0.0,0.0,0.0,0.0,0.0,0.0,3624.2856,0.0,0.0,0.0,0.0,0.0,925.164,0.0,14.1528,3599.6543999999994,1494.0720000000001,0.0,0.0,0.0,3423.3383999999996,245.21760000000003,3463.2000000000003,1970.0832000000003,194.97119999999998,0.0,876.6887999999999,2207.9352,0.0,0.0,0.0,3113.4431999999997,2667.4752,516.8304,1584.6384,310.6656,13526.4264,0.0,0.0,8833.896,355.3344
0.0,0.0,0.0,1108.6752000000001,0.0,11650.819199999998,6977.856000000001,419.2224,0.0,1259.472,40.190400000000004,0.0,732.7536,40379.395200000006,61609.056,63.2616,0.0,3050.9183999999996,0.0,19943.680800000002,59669.0712,0.0,90.55680000000001,8400.384,16426.8,0.0,0.0,0.0,0.0,0.0,925.896,2790.0984000000003,2611.2456,0.0,0.0,0.0,0.0,0.0,0.0,0.0,0.0,0.0,0.0,0.0,0.0,0.0,0.0,0.0,0.0,0.0,0.0,0.0,0.0,0.0,0.0,0.0,0.0,13.3608,555.5663999999999,0.0,0.0,195.77519999999998,0.0,0.0,0.0,0.0,0.0,0.0,11362.6008,0.0,0.0,0.0,0.0,112.68,1717.0439999999999,0.0,3570.12,0.0,0.0,0.0,0.0,0.0,0.0,0.0,0.0,0.0,0.0,0.0,0.0,0.0,3624.2856,0.0,0.0,0.0,0.0,0.0,925.164,0.0,14.1528,3599.6543999999994,1494.0720000000001,0.0,0.0,0.0,3423.3383999999996,245.21760000000003,3463.2000000000003,1970.0832000000003,194.97119999999998,0.0,876.6887999999999,2207.9352,0.0,0.0,0.0,3113.4431999999997,2667.4752,516.8304,1584.6384,310.6656,13526.4264,0.0,0.0,8833.896,355.3344
0.0,0.0,0.0,1108.6752000000001,0.0,11650.819199999998,6977.856000000001,419.2224,0.0,1259.472,40.190400000000004,0.0,732.7536,40379.395200000006,61609.056,63.2616,0.0,3050.9183999999996,0.0,19943.680800000002,59669.0712,0.0,90.55680000000001,8400.384,16426.8,0.0,0.0,0.0,0.0,0.0,925.896,2790.0984000000003,2611.2456,0.0,0.0,0.0,0.0,0.0,0.0,0.0,0.0,0.0,0.0,0.0,0.0,0.0,0.0,0.0,0.0,0.0,0.0,0.0,0.0,0.0,0.0,0.0,0.0,13.3608,555.5663999999999,0.0,0.0,195.77519999999998,0.0,0.0,0.0,0.0,0.0,0.0,11362.6008,0.0,0.0,0.0,0.0,112.68,1717.0439999999999,0.0,3570.12,0.0,0.0,0.0,0.0,0.0,0.0,0.0,0.0,0.0,0.0,0.0,0.0,0.0,3624.2856,0.0,0.0,0.0,0.0,0.0,925.164,0.0,14.1528,3599.6543999999994,1494.0720000000001,0.0,0.0,0.0,3423.3383999999996,245.21760000000003,3463.2000000000003,1970.0832000000003,194.97119999999998,0.0,876.6887999999999,2207.9352,0.0,0.0,0.0,3113.4431999999997,2667.4752,516.8304,1584.6384,310.6656,13526.4264,0.0,0.0,8833.896,355.3344
0.0,0.0,0.0,1108.6752000000001,0.0,11650.819199999998,6977.856000000001,419.2224,0.0,1259.472,40.190400000000004,0.0,732.7536,40379.395200000006,61609.056,63.2616,0.0,3050.9183999999996,0.0,19943.680800000002,59669.0712,0.0,90.55680000000001,8400.384,16426.8,0.0,0.0,0.0,0.0,0.0,925.896,2790.0984000000003,2611.2456,0.0,0.0,0.0,0.0,0.0,0.0,0.0,0.0,0.0,0.0,0.0,0.0,0.0,0.0,0.0,0.0,0.0,0.0,0.0,0.0,0.0,0.0,0.0,0.0,13.3608,555.5663999999999,0.0,0.0,195.77519999999998,0.0,0.0,0.0,0.0,0.0,0.0,11362.6008,0.0,0.0,0.0,0.0,112.68,1717.0439999999999,0.0,3570.12,0.0,0.0,0.0,0.0,0.0,0.0,0.0,0.0,0.0,0.0,0.0,0.0,0.0,3624.2856,0.0,0.0,0.0,0.0,0.0,925.164,0.0,14.1528,3599.6543999999994,1494.0720000000001,0.0,0.0,0.0,3423.3383999999996,245.21760000000003,3463.2000000000003,1970.0832000000003,194.97119999999998,0.0,876.6887999999999,2207.9352,0.0,0.0,0.0,3113.4431999999997,2667.4752,516.8304,1584.6384,310.6656,13526.4264,0.0,0.0,8833.896,355.3344
0.0,0.0,0.0,1108.6752000000001,0.0,11650.819199999998,6977.856000000001,419.2224,0.0,1259.472,40.190400000000004,0.0,732.7536,40379.395200000006,61609.056,63.2616,0.0,3050.9183999999996,0.0,19943.680800000002,59669.0712,0.0,90.55680000000001,8400.384,16426.8,0.0,0.0,0.0,0.0,0.0,925.896,2790.0984000000003,2611.2456,0.0,0.0,0.0,0.0,0.0,0.0,0.0,0.0,0.0,0.0,0.0,0.0,0.0,0.0,0.0,0.0,0.0,0.0,0.0,0.0,0.0,0.0,0.0,0.0,13.3608,555.5663999999999,0.0,0.0,195.77519999999998,0.0,0.0,0.0,0.0,0.0,0.0,11362.6008,0.0,0.0,0.0,0.0,112.68,1717.0439999999999,0.0,3570.12,0.0,0.0,0.0,0.0,0.0,0.0,0.0,0.0,0.0,0.0,0.0,0.0,0.0,3624.2856,0.0,0.0,0.0,0.0,0.0,925.164,0.0,14.1528,3599.6543999999994,1494.0720000000001,0.0,0.0,0.0,3423.3383999999996,245.21760000000003,3463.2000000000003,1970.0832000000003,194.97119999999998,0.0,876.6887999999999,2207.9352,0.0,0.0,0.0,3113.4431999999997,2667.4752,516.8304,1584.6384,310.6656,13526.4264,0.0,0.0,8833.896,355.3344
0.0,0.0,0.0,1330.8528,0.0,13691.544,6964.5,407.1888,0.0,1571.5104000000001,42.489599999999996,0.0,681.7176,51282.770399999994,75503.8536,51.1776,0.0,2832.7200000000003,0.0,24781.6776,75066.8112,0.0,87.43679999999999,8194.7976,16272.9264,0.0,0.0,0.0,0.0,0.0,885.5256,2973.348,2871.1104000000005,0.0,0.0,0.0,0.0,0.0,0.0,0.0,0.0,0.0,0.0,0.0,0.0,0.0,0.0,0.0,0.0,0.0,0.0,0.0,0.0,0.0,0.0,0.0,0.0,11.280000000000001,562.0319999999999,0.0,0.0,187.40879999999999,0.0,0.0,0.0,0.0,0.0,0.0,10969.3464,0.0,0.0,0.0,0.0,113.74080000000001,1681.5167999999999,0.0,3458.3112,0.0,0.0,0.0,0.0,0.0,0.0,0.0,0.0,0.0,0.0,0.0,0.0,0.0,1081.3464,0.0,0.0,0.0,0.0,0.0,870.0672,0.0,6.8376,4081.2432000000003,1501.656,0.0,0.0,0.0,2648.2344000000003,158.34,3216.7560000000003,1588.7592,142.4928,0.0,917.7815999999999,2076.4416,0.0,0.0,0.0,2680.4352,2574.4536,480.8376,1490.2656000000002,119.9256,12581.6208,0.0,0.0,7050.2904,351.84000000000003
0.0,0.0,0.0,1330.8528,0.0,13691.544,6964.5,407.1888,0.0,1571.5104000000001,42.489599999999996,0.0,681.7176,51282.770399999994,75503.8536,51.1776,0.0,2832.7200000000003,0.0,24781.6776,75066.8112,0.0,87.43679999999999,8194.7976,16272.9264,0.0,0.0,0.0,0.0,0.0,885.5256,2973.348,2871.1104000000005,0.0,0.0,0.0,0.0,0.0,0.0,0.0,0.0,0.0,0.0,0.0,0.0,0.0,0.0,0.0,0.0,0.0,0.0,0.0,0.0,0.0,0.0,0.0,0.0,11.280000000000001,562.0319999999999,0.0,0.0,187.40879999999999,0.0,0.0,0.0,0.0,0.0,0.0,10969.3464,0.0,0.0,0.0,0.0,113.74080000000001,1681.5167999999999,0.0,3458.3112,0.0,0.0,0.0,0.0,0.0,0.0,0.0,0.0,0.0,0.0,0.0,0.0,0.0,1081.3464,0.0,0.0,0.0,0.0,0.0,870.0672,0.0,6.8376,4081.2432000000003,1501.656,0.0,0.0,0.0,2648.2344000000003,158.34,3216.7560000000003,1588.7592,142.4928,0.0,917.7815999999999,2076.4416,0.0,0.0,0.0,2680.4352,2574.4536,480.8376,1490.2656000000002,119.9256,12581.6208,0.0,0.0,7050.2904,351.84000000000003
0.0,0.0,0.0,1330.8528,0.0,13691.544,6964.5,407.1888,0.0,1571.5104000000001,42.489599999999996,0.0,681.7176,51282.770399999994,75503.8536,51.1776,0.0,2832.7200000000003,0.0,24781.6776,75066.8112,0.0,87.43679999999999,8194.7976,16272.9264,0.0,0.0,0.0,0.0,0.0,885.5256,2973.348,2871.1104000000005,0.0,0.0,0.0,0.0,0.0,0.0,0.0,0.0,0.0,0.0,0.0,0.0,0.0,0.0,0.0,0.0,0.0,0.0,0.0,0.0,0.0,0.0,0.0,0.0,11.280000000000001,562.0319999999999,0.0,0.0,187.40879999999999,0.0,0.0,0.0,0.0,0.0,0.0,10969.3464,0.0,0.0,0.0,0.0,113.74080000000001,1681.5167999999999,0.0,3458.3112,0.0,0.0,0.0,0.0,0.0,0.0,0.0,0.0,0.0,0.0,0.0,0.0,0.0,1081.3464,0.0,0.0,0.0,0.0,0.0,870.0672,0.0,6.8376,4081.2432000000003,1501.656,0.0,0.0,0.0,2648.2344000000003,158.34,3216.7560000000003,1588.7592,142.4928,0.0,917.7815999999999,2076.4416,0.0,0.0,0.0,2680.4352,2574.4536,480.8376,1490.2656000000002,119.9256,12581.6208,0.0,0.0,7050.2904,351.84000000000003
0.0,0.0,0.0,1330.8528,0.0,13691.544,6964.5,407.1888,0.0,1571.5104000000001,42.489599999999996,0.0,681.7176,51282.770399999994,75503.8536,51.1776,0.0,2832.7200000000003,0.0,24781.6776,75066.8112,0.0,87.43679999999999,8194.7976,16272.9264,0.0,0.0,0.0,0.0,0.0,885.5256,2973.348,2871.1104000000005,0.0,0.0,0.0,0.0,0.0,0.0,0.0,0.0,0.0,0.0,0.0,0.0,0.0,0.0,0.0,0.0,0.0,0.0,0.0,0.0,0.0,0.0,0.0,0.0,11.280000000000001,562.0319999999999,0.0,0.0,187.40879999999999,0.0,0.0,0.0,0.0,0.0,0.0,10969.3464,0.0,0.0,0.0,0.0,113.74080000000001,1681.5167999999999,0.0,3458.3112,0.0,0.0,0.0,0.0,0.0,0.0,0.0,0.0,0.0,0.0,0.0,0.0,0.0,1081.3464,0.0,0.0,0.0,0.0,0.0,870.0672,0.0,6.8376,4081.2432000000003,1501.656,0.0,0.0,0.0,2648.2344000000003,158.34,3216.7560000000003,1588.7592,142.4928,0.0,917.7815999999999,2076.4416,0.0,0.0,0.0,2680.4352,2574.4536,480.8376,1490.2656000000002,119.9256,12581.6208,0.0,0.0,7050.2904,351.84000000000003
0.0,0.0,0.0,1330.8528,0.0,13691.544,6964.5,407.1888,0.0,1571.5104000000001,42.489599999999996,0.0,681.7176,51282.770399999994,75503.8536,51.1776,0.0,2832.7200000000003,0.0,24781.6776,75066.8112,0.0,87.43679999999999,8194.7976,16272.9264,0.0,0.0,0.0,0.0,0.0,885.5256,2973.348,2871.1104000000005,0.0,0.0,0.0,0.0,0.0,0.0,0.0,0.0,0.0,0.0,0.0,0.0,0.0,0.0,0.0,0.0,0.0,0.0,0.0,0.0,0.0,0.0,0.0,0.0,11.280000000000001,562.0319999999999,0.0,0.0,187.40879999999999,0.0,0.0,0.0,0.0,0.0,0.0,10969.3464,0.0,0.0,0.0,0.0,113.74080000000001,1681.5167999999999,0.0,3458.3112,0.0,0.0,0.0,0.0,0.0,0.0,0.0,0.0,0.0,0.0,0.0,0.0,0.0,1081.3464,0.0,0.0,0.0,0.0,0.0,870.0672,0.0,6.8376,4081.2432000000003,1501.656,0.0,0.0,0.0,2648.2344000000003,158.34,3216.7560000000003,1588.7592,142.4928,0.0,917.7815999999999,2076.4416,0.0,0.0,0.0,2680.4352,2574.4536,480.8376,1490.2656000000002,119.9256,12581.6208,0.0,0.0,7050.2904,351.84000000000003
0.0,0.0,0.0,1330.8528,0.0,13691.544,6964.5,407.1888,0.0,1571.5104000000001,42.489599999999996,0.0,681.7176,51282.770399999994,75503.8536,51.1776,0.0,2832.7200000000003,0.0,24781.6776,75066.8112,0.0,87.43679999999999,8194.7976,16272.9264,0.0,0.0,0.0,0.0,0.0,885.5256,2973.348,2871.1104000000005,0.0,0.0,0.0,0.0,0.0,0.0,0.0,0.0,0.0,0.0,0.0,0.0,0.0,0.0,0.0,0.0,0.0,0.0,0.0,0.0,0.0,0.0,0.0,0.0,11.280000000000001,562.0319999999999,0.0,0.0,187.40879999999999,0.0,0.0,0.0,0.0,0.0,0.0,10969.3464,0.0,0.0,0.0,0.0,113.74080000000001,1681.5167999999999,0.0,3458.3112,0.0,0.0,0.0,0.0,0.0,0.0,0.0,0.0,0.0,0.0,0.0,0.0,0.0,1081.3464,0.0,0.0,0.0,0.0,0.0,870.0672,0.0,6.8376,4081.2432000000003,1501.656,0.0,0.0,0.0,2648.2344000000003,158.34,3216.7560000000003,1588.7592,142.4928,0.0,917.7815999999999,2076.4416,0.0,0.0,0.0,2680.4352,2574.4536,480.8376,1490.2656000000002,119.9256,12581.6208,0.0,0.0,7050.2904,351.84000000000003
0.0,0.0,0.0,1330.8528,0.0,13691.544,6964.5,407.1888,0.0,1571.5104000000001,42.489599999999996,0.0,681.7176,51282.770399999994,75503.8536,51.1776,0.0,2832.7200000000003,0.0,24781.6776,75066.8112,0.0,87.43679999999999,8194.7976,16272.9264,0.0,0.0,0.0,0.0,0.0,885.5256,2973.348,2871.1104000000005,0.0,0.0,0.0,0.0,0.0,0.0,0.0,0.0,0.0,0.0,0.0,0.0,0.0,0.0,0.0,0.0,0.0,0.0,0.0,0.0,0.0,0.0,0.0,0.0,11.280000000000001,562.0319999999999,0.0,0.0,187.40879999999999,0.0,0.0,0.0,0.0,0.0,0.0,10969.3464,0.0,0.0,0.0,0.0,113.74080000000001,1681.5167999999999,0.0,3458.3112,0.0,0.0,0.0,0.0,0.0,0.0,0.0,0.0,0.0,0.0,0.0,0.0,0.0,1081.3464,0.0,0.0,0.0,0.0,0.0,870.0672,0.0,6.8376,4081.2432000000003,1501.656,0.0,0.0,0.0,2648.2344000000003,158.34,3216.7560000000003,1588.7592,142.4928,0.0,917.7815999999999,2076.4416,0.0,0.0,0.0,2680.4352,2574.4536,480.8376,1490.2656000000002,119.9256,12581.6208,0.0,0.0,7050.2904,351.84000000000003
0.0,0.0,0.0,1201.1568,0.0,12147.763200000003,7452.5856,391.88640000000004,0.0,1479.0768,34.464,0.0,581.1744,53745.6648,78945.73199999999,40.3272,0.0,2789.9256,0.0,19587.7992,70268.55359999998,0.0,65.712,9020.6208,18679.377600000003,0.0,0.0,0.0,0.0,0.0,1023.0408,4991.901599999999,5910.331199999999,0.0,0.0,0.0,0.0,0.0,0.0,0.0,0.0,0.0,0.0,0.0,0.0,0.0,0.0,0.0,0.0,0.0,0.0,0.0,0.0,0.0,0.0,0.0,0.0,9.6432,667.5047999999999,0.0,0.0,186.78,0.0,0.0,0.0,0.0,0.0,0.0,9307.7832,0.0,0.0,0.0,0.0,119.00399999999999,1606.9559999999997,0.0,3023.0376,0.0,0.0,0.0,0.0,0.0,0.0,0.0,0.0,0.0,0.0,0.0,0.0,0.0,17950.5072,0.0,0.0,0.0,0.0,0.0,802.7184,0.0,23.275199999999998,3771.3624,1419.7464,0.0,0.0,0.0,1775.3759999999997,242.35679999999996,2311.2144,900.0695999999999,88.0152,0.0,1157.9976,1915.716,0.0,0.0,0.0,3457.4712,2545.3008,409.92479999999995,1374.9096,418.85040000000004,10714.423200000001,0.0,0.0,6804.4848,353.844
0.0,0.0,0.0,1201.1568,0.0,12147.763200000003,7452.5856,391.88640000000004,0.0,1479.0768,34.464,0.0,581.1744,53745.6648,78945.73199999999,40.3272,0.0,2789.9256,0.0,19587.7992,70268.55359999998,0.0,65.712,9020.6208,18679.377600000003,0.0,0.0,0.0,0.0,0.0,1023.0408,4991.901599999999,5910.331199999999,0.0,0.0,0.0,0.0,0.0,0.0,0.0,0.0,0.0,0.0,0.0,0.0,0.0,0.0,0.0,0.0,0.0,0.0,0.0,0.0,0.0,0.0,0.0,0.0,9.6432,667.5047999999999,0.0,0.0,186.78,0.0,0.0,0.0,0.0,0.0,0.0,9307.7832,0.0,0.0,0.0,0.0,119.00399999999999,1606.9559999999997,0.0,3023.0376,0.0,0.0,0.0,0.0,0.0,0.0,0.0,0.0,0.0,0.0,0.0,0.0,0.0,17950.5072,0.0,0.0,0.0,0.0,0.0,802.7184,0.0,23.275199999999998,3771.3624,1419.7464,0.0,0.0,0.0,1775.3759999999997,242.35679999999996,2311.2144,900.0695999999999,88.0152,0.0,1157.9976,1915.716,0.0,0.0,0.0,3457.4712,2545.3008,409.92479999999995,1374.9096,418.85040000000004,10714.423200000001,0.0,0.0,6804.4848,353.844
0.0,0.0,0.0,1201.1568,0.0,12147.763200000003,7452.5856,391.88640000000004,0.0,1479.0768,34.464,0.0,581.1744,53745.6648,78945.73199999999,40.3272,0.0,2789.9256,0.0,19587.7992,70268.55359999998,0.0,65.712,9020.6208,18679.377600000003,0.0,0.0,0.0,0.0,0.0,1023.0408,4991.901599999999,5910.331199999999,0.0,0.0,0.0,0.0,0.0,0.0,0.0,0.0,0.0,0.0,0.0,0.0,0.0,0.0,0.0,0.0,0.0,0.0,0.0,0.0,0.0,0.0,0.0,0.0,9.6432,667.5047999999999,0.0,0.0,186.78,0.0,0.0,0.0,0.0,0.0,0.0,9307.7832,0.0,0.0,0.0,0.0,119.00399999999999,1606.9559999999997,0.0,3023.0376,0.0,0.0,0.0,0.0,0.0,0.0,0.0,0.0,0.0,0.0,0.0,0.0,0.0,17950.5072,0.0,0.0,0.0,0.0,0.0,802.7184,0.0,23.275199999999998,3771.3624,1419.7464,0.0,0.0,0.0,1775.3759999999997,242.35679999999996,2311.2144,900.0695999999999,88.0152,0.0,1157.9976,1915.716,0.0,0.0,0.0,3457.4712,2545.3008,409.92479999999995,1374.9096,418.85040000000004,10714.423200000001,0.0,0.0,6804.4848,353.844
0.0,0.0,0.0,1201.1568,0.0,12147.763200000003,7452.5856,391.88640000000004,0.0,1479.0768,34.464,0.0,581.1744,53745.6648,78945.73199999999,40.3272,0.0,2789.9256,0.0,19587.7992,70268.55359999998,0.0,65.712,9020.6208,18679.377600000003,0.0,0.0,0.0,0.0,0.0,1023.0408,4991.901599999999,5910.331199999999,0.0,0.0,0.0,0.0,0.0,0.0,0.0,0.0,0.0,0.0,0.0,0.0,0.0,0.0,0.0,0.0,0.0,0.0,0.0,0.0,0.0,0.0,0.0,0.0,9.6432,667.5047999999999,0.0,0.0,186.78,0.0,0.0,0.0,0.0,0.0,0.0,9307.7832,0.0,0.0,0.0,0.0,119.00399999999999,1606.9559999999997,0.0,3023.0376,0.0,0.0,0.0,0.0,0.0,0.0,0.0,0.0,0.0,0.0,0.0,0.0,0.0,17950.5072,0.0,0.0,0.0,0.0,0.0,802.7184,0.0,23.275199999999998,3771.3624,1419.7464,0.0,0.0,0.0,1775.3759999999997,242.35679999999996,2311.2144,900.0695999999999,88.0152,0.0,1157.9976,1915.716,0.0,0.0,0.0,3457.4712,2545.3008,409.92479999999995,1374.9096,418.85040000000004,10714.423200000001,0.0,0.0,6804.4848,353.844
0.0,0.0,0.0,1201.1568,0.0,12147.763200000003,7452.5856,391.88640000000004,0.0,1479.0768,34.464,0.0,581.1744,53745.6648,78945.73199999999,40.3272,0.0,2789.9256,0.0,19587.7992,70268.55359999998,0.0,65.712,9020.6208,18679.377600000003,0.0,0.0,0.0,0.0,0.0,1023.0408,4991.901599999999,5910.331199999999,0.0,0.0,0.0,0.0,0.0,0.0,0.0,0.0,0.0,0.0,0.0,0.0,0.0,0.0,0.0,0.0,0.0,0.0,0.0,0.0,0.0,0.0,0.0,0.0,9.6432,667.5047999999999,0.0,0.0,186.78,0.0,0.0,0.0,0.0,0.0,0.0,9307.7832,0.0,0.0,0.0,0.0,119.00399999999999,1606.9559999999997,0.0,3023.0376,0.0,0.0,0.0,0.0,0.0,0.0,0.0,0.0,0.0,0.0,0.0,0.0,0.0,17950.5072,0.0,0.0,0.0,0.0,0.0,802.7184,0.0,23.275199999999998,3771.3624,1419.7464,0.0,0.0,0.0,1775.3759999999997,242.35679999999996,2311.2144,900.0695999999999,88.0152,0.0,1157.9976,1915.716,0.0,0.0,0.0,3457.4712,2545.3008,409.92479999999995,1374.9096,418.85040000000004,10714.423200000001,0.0,0.0,6804.4848,353.844
0.0,0.0,0.0,1201.1568,0.0,12147.763200000003,7452.5856,391.88640000000004,0.0,1479.0768,34.464,0.0,581.1744,53745.6648,78945.73199999999,40.3272,0.0,2789.9256,0.0,19587.7992,70268.55359999998,0.0,65.712,9020.6208,18679.377600000003,0.0,0.0,0.0,0.0,0.0,1023.0408,4991.901599999999,5910.331199999999,0.0,0.0,0.0,0.0,0.0,0.0,0.0,0.0,0.0,0.0,0.0,0.0,0.0,0.0,0.0,0.0,0.0,0.0,0.0,0.0,0.0,0.0,0.0,0.0,9.6432,667.5047999999999,0.0,0.0,186.78,0.0,0.0,0.0,0.0,0.0,0.0,9307.7832,0.0,0.0,0.0,0.0,119.00399999999999,1606.9559999999997,0.0,3023.0376,0.0,0.0,0.0,0.0,0.0,0.0,0.0,0.0,0.0,0.0,0.0,0.0,0.0,17950.5072,0.0,0.0,0.0,0.0,0.0,802.7184,0.0,23.275199999999998,3771.3624,1419.7464,0.0,0.0,0.0,1775.3759999999997,242.35679999999996,2311.2144,900.0695999999999,88.0152,0.0,1157.9976,1915.716,0.0,0.0,0.0,3457.4712,2545.3008,409.92479999999995,1374.9096,418.85040000000004,10714.423200000001,0.0,0.0,6804.4848,353.844
0.0,0.0,0.0,1201.1568,0.0,12147.763200000003,7452.5856,391.88640000000004,0.0,1479.0768,34.464,0.0,581.1744,53745.6648,78945.73199999999,40.3272,0.0,2789.9256,0.0,19587.7992,70268.55359999998,0.0,65.712,9020.6208,18679.377600000003,0.0,0.0,0.0,0.0,0.0,1023.0408,4991.901599999999,5910.331199999999,0.0,0.0,0.0,0.0,0.0,0.0,0.0,0.0,0.0,0.0,0.0,0.0,0.0,0.0,0.0,0.0,0.0,0.0,0.0,0.0,0.0,0.0,0.0,0.0,9.6432,667.5047999999999,0.0,0.0,186.78,0.0,0.0,0.0,0.0,0.0,0.0,9307.7832,0.0,0.0,0.0,0.0,119.00399999999999,1606.9559999999997,0.0,3023.0376,0.0,0.0,0.0,0.0,0.0,0.0,0.0,0.0,0.0,0.0,0.0,0.0,0.0,17950.5072,0.0,0.0,0.0,0.0,0.0,802.7184,0.0,23.275199999999998,3771.3624,1419.7464,0.0,0.0,0.0,1775.3759999999997,242.35679999999996,2311.2144,900.0695999999999,88.0152,0.0,1157.9976,1915.716,0.0,0.0,0.0,3457.4712,2545.3008,409.92479999999995,1374.9096,418.85040000000004,10714.423200000001,0.0,0.0,6804.4848,353.844
0.0,0.0,0.0,1143.9048,0.0,11895.578399999999,6939.542399999998,363.5496,0.0,1169.0616000000002,38.5488,0.0,624.2544,42480.623999999996,63811.3848,36.4152,0.0,2922.3144000000007,0.0,27133.7088,61938.64080000001,0.0,73.54560000000001,9947.448000000002,20401.015199999994,0.0,0.0,0.0,0.0,0.0,1127.9088000000002,5503.5815999999995,6284.851200000001,0.0,0.0,0.0,0.0,0.0,0.0,0.0,0.0,0.0,0.0,0.0,0.0,0.0,0.0,0.0,0.0,0.0,0.0,0.0,0.0,0.0,0.0,0.0,0.0,11.0808,683.3063999999999,0.0,0.0,204.3576,0.0,0.0,0.0,0.0,0.0,0.0,9525.4224,0.0,0.0,0.0,0.0,122.73599999999999,1644.5328,0.0,3093.7248,0.0,0.0,0.0,0.0,0.0,0.0,0.0,0.0,0.0,0.0,0.0,0.0,0.0,28938.3504,0.0,0.0,0.0,0.0,0.0,849.7056,0.0,105.60000000000001,3473.8128000000006,1423.1471999999999,0.0,0.0,0.0,2060.2752,392.2368,2541.6576,686.4192,67.1232,0.0,1296.7199999999998,2027.8511999999998,0.0,0.0,0.0,2723.7792,3267.864,440.3088,1455.3912,921.5999999999999,11508.650399999999,0.0,0.0,9456.7632,362.02320000000003
0.0,0.0,0.0,1143.9048,0.0,11895.578399999999,6939.542399999998,363.5496,0.0,1169.0616000000002,38.5488,0.0,624.2544,42480.623999999996,63811.3848,36.4152,0.0,2922.3144000000007,0.0,27133.7088,61938.64080000001,0.0,73.54560000000001,9947.448000000002,20401.015199999994,0.0,0.0,0.0,0.0,0.0,1127.9088000000002,5503.5815999999995,6284.851200000001,0.0,0.0,0.0,0.0,0.0,0.0,0.0,0.0,0.0,0.0,0.0,0.0,0.0,0.0,0.0,0.0,0.0,0.0,0.0,0.0,0.0,0.0,0.0,0.0,11.0808,683.3063999999999,0.0,0.0,204.3576,0.0,0.0,0.0,0.0,0.0,0.0,9525.4224,0.0,0.0,0.0,0.0,122.73599999999999,1644.5328,0.0,3093.7248,0.0,0.0,0.0,0.0,0.0,0.0,0.0,0.0,0.0,0.0,0.0,0.0,0.0,28938.3504,0.0,0.0,0.0,0.0,0.0,849.7056,0.0,105.60000000000001,3473.8128000000006,1423.1471999999999,0.0,0.0,0.0,2060.2752,392.2368,2541.6576,686.4192,67.1232,0.0,1296.7199999999998,2027.8511999999998,0.0,0.0,0.0,2723.7792,3267.864,440.3088,1455.3912,921.5999999999999,11508.650399999999,0.0,0.0,9456.7632,362.02320000000003
0.0,0.0,0.0,1143.9048,0.0,11895.578399999999,6939.542399999998,363.5496,0.0,1169.0616000000002,38.5488,0.0,624.2544,42480.623999999996,63811.3848,36.4152,0.0,2922.3144000000007,0.0,27133.7088,61938.64080000001,0.0,73.54560000000001,9947.448000000002,20401.015199999994,0.0,0.0,0.0,0.0,0.0,1127.9088000000002,5503.5815999999995,6284.851200000001,0.0,0.0,0.0,0.0,0.0,0.0,0.0,0.0,0.0,0.0,0.0,0.0,0.0,0.0,0.0,0.0,0.0,0.0,0.0,0.0,0.0,0.0,0.0,0.0,11.0808,683.3063999999999,0.0,0.0,204.3576,0.0,0.0,0.0,0.0,0.0,0.0,9525.4224,0.0,0.0,0.0,0.0,122.73599999999999,1644.5328,0.0,3093.7248,0.0,0.0,0.0,0.0,0.0,0.0,0.0,0.0,0.0,0.0,0.0,0.0,0.0,28938.3504,0.0,0.0,0.0,0.0,0.0,849.7056,0.0,105.60000000000001,3473.8128000000006,1423.1471999999999,0.0,0.0,0.0,2060.2752,392.2368,2541.6576,686.4192,67.1232,0.0,1296.7199999999998,2027.8511999999998,0.0,0.0,0.0,2723.7792,3267.864,440.3088,1455.3912,921.5999999999999,11508.650399999999,0.0,0.0,9456.7632,362.02320000000003
0.0,0.0,0.0,1143.9048,0.0,11895.578399999999,6939.542399999998,363.5496,0.0,1169.0616000000002,38.5488,0.0,624.2544,42480.623999999996,63811.3848,36.4152,0.0,2922.3144000000007,0.0,27133.7088,61938.64080000001,0.0,73.54560000000001,9947.448000000002,20401.015199999994,0.0,0.0,0.0,0.0,0.0,1127.9088000000002,5503.5815999999995,6284.851200000001,0.0,0.0,0.0,0.0,0.0,0.0,0.0,0.0,0.0,0.0,0.0,0.0,0.0,0.0,0.0,0.0,0.0,0.0,0.0,0.0,0.0,0.0,0.0,0.0,11.0808,683.3063999999999,0.0,0.0,204.3576,0.0,0.0,0.0,0.0,0.0,0.0,9525.4224,0.0,0.0,0.0,0.0,122.73599999999999,1644.5328,0.0,3093.7248,0.0,0.0,0.0,0.0,0.0,0.0,0.0,0.0,0.0,0.0,0.0,0.0,0.0,28938.3504,0.0,0.0,0.0,0.0,0.0,849.7056,0.0,105.60000000000001,3473.8128000000006,1423.1471999999999,0.0,0.0,0.0,2060.2752,392.2368,2541.6576,686.4192,67.1232,0.0,1296.7199999999998,2027.8511999999998,0.0,0.0,0.0,2723.7792,3267.864,440.3088,1455.3912,921.5999999999999,11508.650399999999,0.0,0.0,9456.7632,362.02320000000003
0.0,0.0,0.0,1143.9048,0.0,11895.578399999999,6939.542399999998,363.5496,0.0,1169.0616000000002,38.5488,0.0,624.2544,42480.623999999996,63811.3848,36.4152,0.0,2922.3144000000007,0.0,27133.7088,61938.64080000001,0.0,73.54560000000001,9947.448000000002,20401.015199999994,0.0,0.0,0.0,0.0,0.0,1127.9088000000002,5503.5815999999995,6284.851200000001,0.0,0.0,0.0,0.0,0.0,0.0,0.0,0.0,0.0,0.0,0.0,0.0,0.0,0.0,0.0,0.0,0.0,0.0,0.0,0.0,0.0,0.0,0.0,0.0,11.0808,683.3063999999999,0.0,0.0,204.3576,0.0,0.0,0.0,0.0,0.0,0.0,9525.4224,0.0,0.0,0.0,0.0,122.73599999999999,1644.5328,0.0,3093.7248,0.0,0.0,0.0,0.0,0.0,0.0,0.0,0.0,0.0,0.0,0.0,0.0,0.0,28938.3504,0.0,0.0,0.0,0.0,0.0,849.7056,0.0,105.60000000000001,3473.8128000000006,1423.1471999999999,0.0,0.0,0.0,2060.2752,392.2368,2541.6576,686.4192,67.1232,0.0,1296.7199999999998,2027.8511999999998,0.0,0.0,0.0,2723.7792,3267.864,440.3088,1455.3912,921.5999999999999,11508.650399999999,0.0,0.0,9456.7632,362.02320000000003
0.0,0.0,0.0,1143.9048,0.0,11895.578399999999,6939.542399999998,363.5496,0.0,1169.0616000000002,38.5488,0.0,624.2544,42480.623999999996,63811.3848,36.4152,0.0,2922.3144000000007,0.0,27133.7088,61938.64080000001,0.0,73.54560000000001,9947.448000000002,20401.015199999994,0.0,0.0,0.0,0.0,0.0,1127.9088000000002,5503.5815999999995,6284.851200000001,0.0,0.0,0.0,0.0,0.0,0.0,0.0,0.0,0.0,0.0,0.0,0.0,0.0,0.0,0.0,0.0,0.0,0.0,0.0,0.0,0.0,0.0,0.0,0.0,11.0808,683.3063999999999,0.0,0.0,204.3576,0.0,0.0,0.0,0.0,0.0,0.0,9525.4224,0.0,0.0,0.0,0.0,122.73599999999999,1644.5328,0.0,3093.7248,0.0,0.0,0.0,0.0,0.0,0.0,0.0,0.0,0.0,0.0,0.0,0.0,0.0,28938.3504,0.0,0.0,0.0,0.0,0.0,849.7056,0.0,105.60000000000001,3473.8128000000006,1423.1471999999999,0.0,0.0,0.0,2060.2752,392.2368,2541.6576,686.4192,67.1232,0.0,1296.7199999999998,2027.8511999999998,0.0,0.0,0.0,2723.7792,3267.864,440.3088,1455.3912,921.5999999999999,11508.650399999999,0.0,0.0,9456.7632,362.02320000000003
0.0,0.0,0.0,1143.9048,0.0,11895.578399999999,6939.542399999998,363.5496,0.0,1169.0616000000002,38.5488,0.0,624.2544,42480.623999999996,63811.3848,36.4152,0.0,2922.3144000000007,0.0,27133.7088,61938.64080000001,0.0,73.54560000000001,9947.448000000002,20401.015199999994,0.0,0.0,0.0,0.0,0.0,1127.9088000000002,5503.5815999999995,6284.851200000001,0.0,0.0,0.0,0.0,0.0,0.0,0.0,0.0,0.0,0.0,0.0,0.0,0.0,0.0,0.0,0.0,0.0,0.0,0.0,0.0,0.0,0.0,0.0,0.0,11.0808,683.3063999999999,0.0,0.0,204.3576,0.0,0.0,0.0,0.0,0.0,0.0,9525.4224,0.0,0.0,0.0,0.0,122.73599999999999,1644.5328,0.0,3093.7248,0.0,0.0,0.0,0.0,0.0,0.0,0.0,0.0,0.0,0.0,0.0,0.0,0.0,28938.3504,0.0,0.0,0.0,0.0,0.0,849.7056,0.0,105.60000000000001,3473.8128000000006,1423.1471999999999,0.0,0.0,0.0,2060.2752,392.2368,2541.6576,686.4192,67.1232,0.0,1296.7199999999998,2027.8511999999998,0.0,0.0,0.0,2723.7792,3267.864,440.3088,1455.3912,921.5999999999999,11508.650399999999,0.0,0.0,9456.7632,362.02320000000003
0.0,0.0,0.0,1163.3712,0.0,11917.1832,6479.128799999999,339.3096,0.0,1328.652,32.76,0.0,566.6951999999999,48279.672,71299.16880000001,32.6736,0.0,2791.3176000000003,0.0,25125.648,67189.1592,0.0,66.2328,9372.345599999999,19909.392000000003,0.0,0.0,0.0,0.0,0.0,968.7792,4727.1336,5436.1008,0.0,0.0,0.0,0.0,0.0,0.0,0.0,0.0,0.0,0.0,0.0,0.0,0.0,0.0,0.0,0.0,0.0,0.0,0.0,0.0,0.0,0.0,0.0,0.0,40.291199999999996,698.9232,0.0,0.0,194.952,0.0,0.0,0.0,0.0,0.0,0.0,9735.8112,0.0,0.0,0.0,0.0,127.992,1680.8544000000002,0.0,3162.0552,0.0,0.0,0.0,0.0,0.0,0.0,0.0,0.0,0.0,0.0,0.0,0.0,0.0,15640.360799999999,0.0,0.0,0.0,0.0,0.0,834.2711999999999,0.0,21.0096,3208.0751999999993,1425.4128,0.0,0.0,0.0,1853.2416,218.35199999999998,2243.184,568.7280000000001,55.6104,0.0,1096.3175999999999,1991.0184000000002,0.0,0.0,0.0,2733.6456000000003,3148.6896,399.71039999999994,1428.9551999999999,337.644,10447.4928,0.0,0.0,4610.675999999999,359.9784
0.0,0.0,0.0,1163.3712,0.0,11917.1832,6479.128799999999,339.3096,0.0,1328.652,32.76,0.0,566.6951999999999,48279.672,71299.16880000001,32.6736,0.0,2791.3176000000003,0.0,25125.648,67189.1592,0.0,66.2328,9372.345599999999,19909.392000000003,0.0,0.0,0.0,0.0,0.0,968.7792,4727.1336,5436.1008,0.0,0.0,0.0,0.0,0.0,0.0,0.0,0.0,0.0,0.0,0.0,0.0,0.0,0.0,0.0,0.0,0.0,0.0,0.0,0.0,0.0,0.0,0.0,0.0,40.291199999999996,698.9232,0.0,0.0,194.952,0.0,0.0,0.0,0.0,0.0,0.0,9735.8112,0.0,0.0,0.0,0.0,127.992,1680.8544000000002,0.0,3162.0552,0.0,0.0,0.0,0.0,0.0,0.0,0.0,0.0,0.0,0.0,0.0,0.0,0.0,15640.360799999999,0.0,0.0,0.0,0.0,0.0,834.2711999999999,0.0,21.0096,3208.0751999999993,1425.4128,0.0,0.0,0.0,1853.2416,218.35199999999998,2243.184,568.7280000000001,55.6104,0.0,1096.3175999999999,1991.0184000000002,0.0,0.0,0.0,2733.6456000000003,3148.6896,399.71039999999994,1428.9551999999999,337.644,10447.4928,0.0,0.0,4610.675999999999,359.9784
0.0,0.0,0.0,1163.3712,0.0,11917.1832,6479.128799999999,339.3096,0.0,1328.652,32.76,0.0,566.6951999999999,48279.672,71299.16880000001,32.6736,0.0,2791.3176000000003,0.0,25125.648,67189.1592,0.0,66.2328,9372.345599999999,19909.392000000003,0.0,0.0,0.0,0.0,0.0,968.7792,4727.1336,5436.1008,0.0,0.0,0.0,0.0,0.0,0.0,0.0,0.0,0.0,0.0,0.0,0.0,0.0,0.0,0.0,0.0,0.0,0.0,0.0,0.0,0.0,0.0,0.0,0.0,40.291199999999996,698.9232,0.0,0.0,194.952,0.0,0.0,0.0,0.0,0.0,0.0,9735.8112,0.0,0.0,0.0,0.0,127.992,1680.8544000000002,0.0,3162.0552,0.0,0.0,0.0,0.0,0.0,0.0,0.0,0.0,0.0,0.0,0.0,0.0,0.0,15640.360799999999,0.0,0.0,0.0,0.0,0.0,834.2711999999999,0.0,21.0096,3208.0751999999993,1425.4128,0.0,0.0,0.0,1853.2416,218.35199999999998,2243.184,568.7280000000001,55.6104,0.0,1096.3175999999999,1991.0184000000002,0.0,0.0,0.0,2733.6456000000003,3148.6896,399.71039999999994,1428.9551999999999,337.644,10447.4928,0.0,0.0,4610.675999999999,359.9784
0.0,0.0,0.0,1163.3712,0.0,11917.1832,6479.128799999999,339.3096,0.0,1328.652,32.76,0.0,566.6951999999999,48279.672,71299.16880000001,32.6736,0.0,2791.3176000000003,0.0,25125.648,67189.1592,0.0,66.2328,9372.345599999999,19909.392000000003,0.0,0.0,0.0,0.0,0.0,968.7792,4727.1336,5436.1008,0.0,0.0,0.0,0.0,0.0,0.0,0.0,0.0,0.0,0.0,0.0,0.0,0.0,0.0,0.0,0.0,0.0,0.0,0.0,0.0,0.0,0.0,0.0,0.0,40.291199999999996,698.9232,0.0,0.0,194.952,0.0,0.0,0.0,0.0,0.0,0.0,9735.8112,0.0,0.0,0.0,0.0,127.992,1680.8544000000002,0.0,3162.0552,0.0,0.0,0.0,0.0,0.0,0.0,0.0,0.0,0.0,0.0,0.0,0.0,0.0,15640.360799999999,0.0,0.0,0.0,0.0,0.0,834.2711999999999,0.0,21.0096,3208.0751999999993,1425.4128,0.0,0.0,0.0,1853.2416,218.35199999999998,2243.184,568.7280000000001,55.6104,0.0,1096.3175999999999,1991.0184000000002,0.0,0.0,0.0,2733.6456000000003,3148.6896,399.71039999999994,1428.9551999999999,337.644,10447.4928,0.0,0.0,4610.675999999999,359.9784
0.0,0.0,0.0,1163.3712,0.0,11917.1832,6479.128799999999,339.3096,0.0,1328.652,32.76,0.0,566.6951999999999,48279.672,71299.16880000001,32.6736,0.0,2791.3176000000003,0.0,25125.648,67189.1592,0.0,66.2328,9372.345599999999,19909.392000000003,0.0,0.0,0.0,0.0,0.0,968.7792,4727.1336,5436.1008,0.0,0.0,0.0,0.0,0.0,0.0,0.0,0.0,0.0,0.0,0.0,0.0,0.0,0.0,0.0,0.0,0.0,0.0,0.0,0.0,0.0,0.0,0.0,0.0,40.291199999999996,698.9232,0.0,0.0,194.952,0.0,0.0,0.0,0.0,0.0,0.0,9735.8112,0.0,0.0,0.0,0.0,127.992,1680.8544000000002,0.0,3162.0552,0.0,0.0,0.0,0.0,0.0,0.0,0.0,0.0,0.0,0.0,0.0,0.0,0.0,15640.360799999999,0.0,0.0,0.0,0.0,0.0,834.2711999999999,0.0,21.0096,3208.0751999999993,1425.4128,0.0,0.0,0.0,1853.2416,218.35199999999998,2243.184,568.7280000000001,55.6104,0.0,1096.3175999999999,1991.0184000000002,0.0,0.0,0.0,2733.6456000000003,3148.6896,399.71039999999994,1428.9551999999999,337.644,10447.4928,0.0,0.0,4610.675999999999,359.9784
0.0,0.0,0.0,1163.3712,0.0,11917.1832,6479.128799999999,339.3096,0.0,1328.652,32.76,0.0,566.6951999999999,48279.672,71299.16880000001,32.6736,0.0,2791.3176000000003,0.0,25125.648,67189.1592,0.0,66.2328,9372.345599999999,19909.392000000003,0.0,0.0,0.0,0.0,0.0,968.7792,4727.1336,5436.1008,0.0,0.0,0.0,0.0,0.0,0.0,0.0,0.0,0.0,0.0,0.0,0.0,0.0,0.0,0.0,0.0,0.0,0.0,0.0,0.0,0.0,0.0,0.0,0.0,40.291199999999996,698.9232,0.0,0.0,194.952,0.0,0.0,0.0,0.0,0.0,0.0,9735.8112,0.0,0.0,0.0,0.0,127.992,1680.8544000000002,0.0,3162.0552,0.0,0.0,0.0,0.0,0.0,0.0,0.0,0.0,0.0,0.0,0.0,0.0,0.0,15640.360799999999,0.0,0.0,0.0,0.0,0.0,834.2711999999999,0.0,21.0096,3208.0751999999993,1425.4128,0.0,0.0,0.0,1853.2416,218.35199999999998,2243.184,568.7280000000001,55.6104,0.0,1096.3175999999999,1991.0184000000002,0.0,0.0,0.0,2733.6456000000003,3148.6896,399.71039999999994,1428.9551999999999,337.644,10447.4928,0.0,0.0,4610.675999999999,359.9784
0.0,0.0,0.0,1163.3712,0.0,11917.1832,6479.128799999999,339.3096,0.0,1328.652,32.76,0.0,566.6951999999999,48279.672,71299.16880000001,32.6736,0.0,2791.3176000000003,0.0,25125.648,67189.1592,0.0,66.2328,9372.345599999999,19909.392000000003,0.0,0.0,0.0,0.0,0.0,968.7792,4727.1336,5436.1008,0.0,0.0,0.0,0.0,0.0,0.0,0.0,0.0,0.0,0.0,0.0,0.0,0.0,0.0,0.0,0.0,0.0,0.0,0.0,0.0,0.0,0.0,0.0,0.0,40.291199999999996,698.9232,0.0,0.0,194.952,0.0,0.0,0.0,0.0,0.0,0.0,9735.8112,0.0,0.0,0.0,0.0,127.992,1680.8544000000002,0.0,3162.0552,0.0,0.0,0.0,0.0,0.0,0.0,0.0,0.0,0.0,0.0,0.0,0.0,0.0,15640.360799999999,0.0,0.0,0.0,0.0,0.0,834.2711999999999,0.0,21.0096,3208.0751999999993,1425.4128,0.0,0.0,0.0,1853.2416,218.35199999999998,2243.184,568.7280000000001,55.6104,0.0,1096.3175999999999,1991.0184000000002,0.0,0.0,0.0,2733.6456000000003,3148.6896,399.71039999999994,1428.9551999999999,337.644,10447.4928,0.0,0.0,4610.675999999999,359.9784
0.0,0.0,0.0,1095.8136,0.0,11506.3776,6357.540000000001,332.4648,0.0,1330.9872,36.7752,0.0,541.7712000000001,48364.5696,71202.504,31.1712,0.0,2701.8648000000003,0.0,23212.3872,64274.440800000004,0.0,70.70639999999999,9002.853599999999,19504.3992,0.0,0.0,0.0,0.0,0.0,1099.1256000000003,5363.1648000000005,6052.8888,0.0,0.0,0.0,0.0,0.0,0.0,0.0,0.0,0.0,0.0,0.0,0.0,0.0,0.0,0.0,0.0,0.0,0.0,0.0,0.0,0.0,0.0,0.0,0.0,24.081599999999995,663.0,0.0,0.0,196.07999999999998,0.0,0.0,0.0,0.0,0.0,0.0,9249.7464,0.0,0.0,0.0,0.0,116.5968,1596.9383999999998,0.0,3004.188,0.0,0.0,0.0,0.0,0.0,0.0,0.0,0.0,0.0,0.0,0.0,0.0,0.0,4261.1928,0.0,0.0,0.0,0.0,0.0,851.0783999999999,0.0,15.364799999999999,3398.4719999999998,1423.1471999999999,0.0,0.0,0.0,1201.7975999999999,102.68879999999999,1467.1535999999999,428.3016,41.882400000000004,0.0,903.7775999999999,2031.1248,0.0,0.0,0.0,2473.0631999999996,2888.7312,382.1304,1457.736,478.308,9988.024800000003,0.0,0.0,4583.5944,274.0752
0.0,0.0,0.0,1095.8136,0.0,11506.3776,6357.540000000001,332.4648,0.0,1330.9872,36.7752,0.0,541.7712000000001,48364.5696,71202.504,31.1712,0.0,2701.8648000000003,0.0,23212.3872,64274.440800000004,0.0,70.70639999999999,9002.853599999999,19504.3992,0.0,0.0,0.0,0.0,0.0,1099.1256000000003,5363.1648000000005,6052.8888,0.0,0.0,0.0,0.0,0.0,0.0,0.0,0.0,0.0,0.0,0.0,0.0,0.0,0.0,0.0,0.0,0.0,0.0,0.0,0.0,0.0,0.0,0.0,0.0,24.081599999999995,663.0,0.0,0.0,196.07999999999998,0.0,0.0,0.0,0.0,0.0,0.0,9249.7464,0.0,0.0,0.0,0.0,116.5968,1596.9383999999998,0.0,3004.188,0.0,0.0,0.0,0.0,0.0,0.0,0.0,0.0,0.0,0.0,0.0,0.0,0.0,4261.1928,0.0,0.0,0.0,0.0,0.0,851.0783999999999,0.0,15.364799999999999,3398.4719999999998,1423.1471999999999,0.0,0.0,0.0,1201.7975999999999,102.68879999999999,1467.1535999999999,428.3016,41.882400000000004,0.0,903.7775999999999,2031.1248,0.0,0.0,0.0,2473.0631999999996,2888.7312,382.1304,1457.736,478.308,9988.024800000003,0.0,0.0,4583.5944,274.0752
0.0,0.0,0.0,1095.8136,0.0,11506.3776,6357.540000000001,332.4648,0.0,1330.9872,36.7752,0.0,541.7712000000001,48364.5696,71202.504,31.1712,0.0,2701.8648000000003,0.0,23212.3872,64274.440800000004,0.0,70.70639999999999,9002.853599999999,19504.3992,0.0,0.0,0.0,0.0,0.0,1099.1256000000003,5363.1648000000005,6052.8888,0.0,0.0,0.0,0.0,0.0,0.0,0.0,0.0,0.0,0.0,0.0,0.0,0.0,0.0,0.0,0.0,0.0,0.0,0.0,0.0,0.0,0.0,0.0,0.0,24.081599999999995,663.0,0.0,0.0,196.07999999999998,0.0,0.0,0.0,0.0,0.0,0.0,9249.7464,0.0,0.0,0.0,0.0,116.5968,1596.9383999999998,0.0,3004.188,0.0,0.0,0.0,0.0,0.0,0.0,0.0,0.0,0.0,0.0,0.0,0.0,0.0,4261.1928,0.0,0.0,0.0,0.0,0.0,851.0783999999999,0.0,15.364799999999999,3398.4719999999998,1423.1471999999999,0.0,0.0,0.0,1201.7975999999999,102.68879999999999,1467.1535999999999,428.3016,41.882400000000004,0.0,903.7775999999999,2031.1248,0.0,0.0,0.0,2473.0631999999996,2888.7312,382.1304,1457.736,478.308,9988.024800000003,0.0,0.0,4583.5944,274.0752
0.0,0.0,0.0,1095.8136,0.0,11506.3776,6357.540000000001,332.4648,0.0,1330.9872,36.7752,0.0,541.7712000000001,48364.5696,71202.504,31.1712,0.0,2701.8648000000003,0.0,23212.3872,64274.440800000004,0.0,70.70639999999999,9002.853599999999,19504.3992,0.0,0.0,0.0,0.0,0.0,1099.1256000000003,5363.1648000000005,6052.8888,0.0,0.0,0.0,0.0,0.0,0.0,0.0,0.0,0.0,0.0,0.0,0.0,0.0,0.0,0.0,0.0,0.0,0.0,0.0,0.0,0.0,0.0,0.0,0.0,24.081599999999995,663.0,0.0,0.0,196.07999999999998,0.0,0.0,0.0,0.0,0.0,0.0,9249.7464,0.0,0.0,0.0,0.0,116.5968,1596.9383999999998,0.0,3004.188,0.0,0.0,0.0,0.0,0.0,0.0,0.0,0.0,0.0,0.0,0.0,0.0,0.0,4261.1928,0.0,0.0,0.0,0.0,0.0,851.0783999999999,0.0,15.364799999999999,3398.4719999999998,1423.1471999999999,0.0,0.0,0.0,1201.7975999999999,102.68879999999999,1467.1535999999999,428.3016,41.882400000000004,0.0,903.7775999999999,2031.1248,0.0,0.0,0.0,2473.0631999999996,2888.7312,382.1304,1457.736,478.308,9988.024800000003,0.0,0.0,4583.5944,274.0752
0.0,0.0,0.0,1095.8136,0.0,11506.3776,6357.540000000001,332.4648,0.0,1330.9872,36.7752,0.0,541.7712000000001,48364.5696,71202.504,31.1712,0.0,2701.8648000000003,0.0,23212.3872,64274.440800000004,0.0,70.70639999999999,9002.853599999999,19504.3992,0.0,0.0,0.0,0.0,0.0,1099.1256000000003,5363.1648000000005,6052.8888,0.0,0.0,0.0,0.0,0.0,0.0,0.0,0.0,0.0,0.0,0.0,0.0,0.0,0.0,0.0,0.0,0.0,0.0,0.0,0.0,0.0,0.0,0.0,0.0,24.081599999999995,663.0,0.0,0.0,196.07999999999998,0.0,0.0,0.0,0.0,0.0,0.0,9249.7464,0.0,0.0,0.0,0.0,116.5968,1596.9383999999998,0.0,3004.188,0.0,0.0,0.0,0.0,0.0,0.0,0.0,0.0,0.0,0.0,0.0,0.0,0.0,4261.1928,0.0,0.0,0.0,0.0,0.0,851.0783999999999,0.0,15.364799999999999,3398.4719999999998,1423.1471999999999,0.0,0.0,0.0,1201.7975999999999,102.68879999999999,1467.1535999999999,428.3016,41.882400000000004,0.0,903.7775999999999,2031.1248,0.0,0.0,0.0,2473.0631999999996,2888.7312,382.1304,1457.736,478.308,9988.024800000003,0.0,0.0,4583.5944,274.0752
0.0,0.0,0.0,1095.8136,0.0,11506.3776,6357.540000000001,332.4648,0.0,1330.9872,36.7752,0.0,541.7712000000001,48364.5696,71202.504,31.1712,0.0,2701.8648000000003,0.0,23212.3872,64274.440800000004,0.0,70.70639999999999,9002.853599999999,19504.3992,0.0,0.0,0.0,0.0,0.0,1099.1256000000003,5363.1648000000005,6052.8888,0.0,0.0,0.0,0.0,0.0,0.0,0.0,0.0,0.0,0.0,0.0,0.0,0.0,0.0,0.0,0.0,0.0,0.0,0.0,0.0,0.0,0.0,0.0,0.0,24.081599999999995,663.0,0.0,0.0,196.07999999999998,0.0,0.0,0.0,0.0,0.0,0.0,9249.7464,0.0,0.0,0.0,0.0,116.5968,1596.9383999999998,0.0,3004.188,0.0,0.0,0.0,0.0,0.0,0.0,0.0,0.0,0.0,0.0,0.0,0.0,0.0,4261.1928,0.0,0.0,0.0,0.0,0.0,851.0783999999999,0.0,15.364799999999999,3398.4719999999998,1423.1471999999999,0.0,0.0,0.0,1201.7975999999999,102.68879999999999,1467.1535999999999,428.3016,41.882400000000004,0.0,903.7775999999999,2031.1248,0.0,0.0,0.0,2473.0631999999996,2888.7312,382.1304,1457.736,478.308,9988.024800000003,0.0,0.0,4583.5944,274.0752
0.0,0.0,0.0,1095.8136,0.0,11506.3776,6357.540000000001,332.4648,0.0,1330.9872,36.7752,0.0,541.7712000000001,48364.5696,71202.504,31.1712,0.0,2701.8648000000003,0.0,23212.3872,64274.440800000004,0.0,70.70639999999999,9002.853599999999,19504.3992,0.0,0.0,0.0,0.0,0.0,1099.1256000000003,5363.1648000000005,6052.8888,0.0,0.0,0.0,0.0,0.0,0.0,0.0,0.0,0.0,0.0,0.0,0.0,0.0,0.0,0.0,0.0,0.0,0.0,0.0,0.0,0.0,0.0,0.0,0.0,24.081599999999995,663.0,0.0,0.0,196.07999999999998,0.0,0.0,0.0,0.0,0.0,0.0,9249.7464,0.0,0.0,0.0,0.0,116.5968,1596.9383999999998,0.0,3004.188,0.0,0.0,0.0,0.0,0.0,0.0,0.0,0.0,0.0,0.0,0.0,0.0,0.0,4261.1928,0.0,0.0,0.0,0.0,0.0,851.0783999999999,0.0,15.364799999999999,3398.4719999999998,1423.1471999999999,0.0,0.0,0.0,1201.7975999999999,102.68879999999999,1467.1535999999999,428.3016,41.882400000000004,0.0,903.7775999999999,2031.1248,0.0,0.0,0.0,2473.0631999999996,2888.7312,382.1304,1457.736,478.308,9988.024800000003,0.0,0.0,4583.5944,274.0752
0.0,0.0,0.0,1132.4544,0.0,10643.911199999999,4845.8232,301.572,0.0,1280.6664,34.4088,0.0,534.6528000000001,48310.2528,69413.712,26.436000000000003,0.0,2599.5384000000004,0.0,21884.2032,68827.16880000001,0.0,52.128,8838.6072,17061.578400000002,0.0,0.0,0.0,0.0,0.0,1091.46,4550.090399999999,5115.631200000001,0.0,0.0,0.0,0.0,0.0,0.0,0.0,0.0,0.0,0.0,0.0,0.0,0.0,0.0,0.0,0.0,0.0,0.0,0.0,0.0,0.0,0.0,0.0,0.0,14.308799999999998,588.8352000000001,0.0,0.0,204.88800000000003,0.0,0.0,0.0,0.0,0.0,0.0,9981.4056,0.0,0.0,0.0,0.0,111.79680000000002,1594.4856000000002,0.0,3163.6992,0.0,0.0,0.0,0.0,0.0,0.0,0.0,0.0,0.0,0.0,0.0,0.0,0.0,31161.355199999998,0.0,0.0,0.0,0.0,0.0,761.0472,0.0,82.82639999999999,3040.9991999999997,1400.4528,0.0,0.0,0.0,1122.5112,450.01920000000007,1172.9543999999999,219.46800000000002,21.460800000000003,0.0,932.424,1816.2672000000002,0.0,0.0,0.0,2821.6175999999996,2691.1488,377.1096,1303.5359999999998,921.5999999999999,9154.4136,0.0,0.0,8040.8928,284.81759999999997
0.0,0.0,0.0,1132.4544,0.0,10643.911199999999,4845.8232,301.572,0.0,1280.6664,34.4088,0.0,534.6528000000001,48310.2528,69413.712,26.436000000000003,0.0,2599.5384000000004,0.0,21884.2032,68827.16880000001,0.0,52.128,8838.6072,17061.578400000002,0.0,0.0,0.0,0.0,0.0,1091.46,4550.090399999999,5115.631200000001,0.0,0.0,0.0,0.0,0.0,0.0,0.0,0.0,0.0,0.0,0.0,0.0,0.0,0.0,0.0,0.0,0.0,0.0,0.0,0.0,0.0,0.0,0.0,0.0,14.308799999999998,588.8352000000001,0.0,0.0,204.88800000000003,0.0,0.0,0.0,0.0,0.0,0.0,9981.4056,0.0,0.0,0.0,0.0,111.79680000000002,1594.4856000000002,0.0,3163.6992,0.0,0.0,0.0,0.0,0.0,0.0,0.0,0.0,0.0,0.0,0.0,0.0,0.0,31161.355199999998,0.0,0.0,0.0,0.0,0.0,761.0472,0.0,82.82639999999999,3040.9991999999997,1400.4528,0.0,0.0,0.0,1122.5112,450.01920000000007,1172.9543999999999,219.46800000000002,21.460800000000003,0.0,932.424,1816.2672000000002,0.0,0.0,0.0,2821.6175999999996,2691.1488,377.1096,1303.5359999999998,921.5999999999999,9154.4136,0.0,0.0,8040.8928,284.81759999999997
0.0,0.0,0.0,1132.4544,0.0,10643.911199999999,4845.8232,301.572,0.0,1280.6664,34.4088,0.0,534.6528000000001,48310.2528,69413.712,26.436000000000003,0.0,2599.5384000000004,0.0,21884.2032,68827.16880000001,0.0,52.128,8838.6072,17061.578400000002,0.0,0.0,0.0,0.0,0.0,1091.46,4550.090399999999,5115.631200000001,0.0,0.0,0.0,0.0,0.0,0.0,0.0,0.0,0.0,0.0,0.0,0.0,0.0,0.0,0.0,0.0,0.0,0.0,0.0,0.0,0.0,0.0,0.0,0.0,14.308799999999998,588.8352000000001,0.0,0.0,204.88800000000003,0.0,0.0,0.0,0.0,0.0,0.0,9981.4056,0.0,0.0,0.0,0.0,111.79680000000002,1594.4856000000002,0.0,3163.6992,0.0,0.0,0.0,0.0,0.0,0.0,0.0,0.0,0.0,0.0,0.0,0.0,0.0,31161.355199999998,0.0,0.0,0.0,0.0,0.0,761.0472,0.0,82.82639999999999,3040.9991999999997,1400.4528,0.0,0.0,0.0,1122.5112,450.01920000000007,1172.9543999999999,219.46800000000002,21.460800000000003,0.0,932.424,1816.2672000000002,0.0,0.0,0.0,2821.6175999999996,2691.1488,377.1096,1303.5359999999998,921.5999999999999,9154.4136,0.0,0.0,8040.8928,284.81759999999997
0.0,0.0,0.0,1132.4544,0.0,10643.911199999999,4845.8232,301.572,0.0,1280.6664,34.4088,0.0,534.6528000000001,48310.2528,69413.712,26.436000000000003,0.0,2599.5384000000004,0.0,21884.2032,68827.16880000001,0.0,52.128,8838.6072,17061.578400000002,0.0,0.0,0.0,0.0,0.0,1091.46,4550.090399999999,5115.631200000001,0.0,0.0,0.0,0.0,0.0,0.0,0.0,0.0,0.0,0.0,0.0,0.0,0.0,0.0,0.0,0.0,0.0,0.0,0.0,0.0,0.0,0.0,0.0,0.0,14.308799999999998,588.8352000000001,0.0,0.0,204.88800000000003,0.0,0.0,0.0,0.0,0.0,0.0,9981.4056,0.0,0.0,0.0,0.0,111.79680000000002,1594.4856000000002,0.0,3163.6992,0.0,0.0,0.0,0.0,0.0,0.0,0.0,0.0,0.0,0.0,0.0,0.0,0.0,31161.355199999998,0.0,0.0,0.0,0.0,0.0,761.0472,0.0,82.82639999999999,3040.9991999999997,1400.4528,0.0,0.0,0.0,1122.5112,450.01920000000007,1172.9543999999999,219.46800000000002,21.460800000000003,0.0,932.424,1816.2672000000002,0.0,0.0,0.0,2821.6175999999996,2691.1488,377.1096,1303.5359999999998,921.5999999999999,9154.4136,0.0,0.0,8040.8928,284.81759999999997
0.0,0.0,0.0,1132.4544,0.0,10643.911199999999,4845.8232,301.572,0.0,1280.6664,34.4088,0.0,534.6528000000001,48310.2528,69413.712,26.436000000000003,0.0,2599.5384000000004,0.0,21884.2032,68827.16880000001,0.0,52.128,8838.6072,17061.578400000002,0.0,0.0,0.0,0.0,0.0,1091.46,4550.090399999999,5115.631200000001,0.0,0.0,0.0,0.0,0.0,0.0,0.0,0.0,0.0,0.0,0.0,0.0,0.0,0.0,0.0,0.0,0.0,0.0,0.0,0.0,0.0,0.0,0.0,0.0,14.308799999999998,588.8352000000001,0.0,0.0,204.88800000000003,0.0,0.0,0.0,0.0,0.0,0.0,9981.4056,0.0,0.0,0.0,0.0,111.79680000000002,1594.4856000000002,0.0,3163.6992,0.0,0.0,0.0,0.0,0.0,0.0,0.0,0.0,0.0,0.0,0.0,0.0,0.0,31161.355199999998,0.0,0.0,0.0,0.0,0.0,761.0472,0.0,82.82639999999999,3040.9991999999997,1400.4528,0.0,0.0,0.0,1122.5112,450.01920000000007,1172.9543999999999,219.46800000000002,21.460800000000003,0.0,932.424,1816.2672000000002,0.0,0.0,0.0,2821.6175999999996,2691.1488,377.1096,1303.5359999999998,921.5999999999999,9154.4136,0.0,0.0,8040.8928,284.81759999999997
0.0,0.0,0.0,1132.4544,0.0,10643.911199999999,4845.8232,301.572,0.0,1280.6664,34.4088,0.0,534.6528000000001,48310.2528,69413.712,26.436000000000003,0.0,2599.5384000000004,0.0,21884.2032,68827.16880000001,0.0,52.128,8838.6072,17061.578400000002,0.0,0.0,0.0,0.0,0.0,1091.46,4550.090399999999,5115.631200000001,0.0,0.0,0.0,0.0,0.0,0.0,0.0,0.0,0.0,0.0,0.0,0.0,0.0,0.0,0.0,0.0,0.0,0.0,0.0,0.0,0.0,0.0,0.0,0.0,14.308799999999998,588.8352000000001,0.0,0.0,204.88800000000003,0.0,0.0,0.0,0.0,0.0,0.0,9981.4056,0.0,0.0,0.0,0.0,111.79680000000002,1594.4856000000002,0.0,3163.6992,0.0,0.0,0.0,0.0,0.0,0.0,0.0,0.0,0.0,0.0,0.0,0.0,0.0,31161.355199999998,0.0,0.0,0.0,0.0,0.0,761.0472,0.0,82.82639999999999,3040.9991999999997,1400.4528,0.0,0.0,0.0,1122.5112,450.01920000000007,1172.9543999999999,219.46800000000002,21.460800000000003,0.0,932.424,1816.2672000000002,0.0,0.0,0.0,2821.6175999999996,2691.1488,377.1096,1303.5359999999998,921.5999999999999,9154.4136,0.0,0.0,8040.8928,284.81759999999997
0.0,0.0,0.0,1132.4544,0.0,10643.911199999999,4845.8232,301.572,0.0,1280.6664,34.4088,0.0,534.6528000000001,48310.2528,69413.712,26.436000000000003,0.0,2599.5384000000004,0.0,21884.2032,68827.16880000001,0.0,52.128,8838.6072,17061.578400000002,0.0,0.0,0.0,0.0,0.0,1091.46,4550.090399999999,5115.631200000001,0.0,0.0,0.0,0.0,0.0,0.0,0.0,0.0,0.0,0.0,0.0,0.0,0.0,0.0,0.0,0.0,0.0,0.0,0.0,0.0,0.0,0.0,0.0,0.0,14.308799999999998,588.8352000000001,0.0,0.0,204.88800000000003,0.0,0.0,0.0,0.0,0.0,0.0,9981.4056,0.0,0.0,0.0,0.0,111.79680000000002,1594.4856000000002,0.0,3163.6992,0.0,0.0,0.0,0.0,0.0,0.0,0.0,0.0,0.0,0.0,0.0,0.0,0.0,31161.355199999998,0.0,0.0,0.0,0.0,0.0,761.0472,0.0,82.82639999999999,3040.9991999999997,1400.4528,0.0,0.0,0.0,1122.5112,450.01920000000007,1172.9543999999999,219.46800000000002,21.460800000000003,0.0,932.424,1816.2672000000002,0.0,0.0,0.0,2821.6175999999996,2691.1488,377.1096,1303.5359999999998,921.5999999999999,9154.4136,0.0,0.0,8040.8928,284.81759999999997
0.0,0.0,0.0,1217.1888,0.0,11558.9856,4115.0808,277.14,0.0,1396.2264,40.236000000000004,0.0,495.48720000000003,53550.45599999999,75703.0008,22.9128,0.0,2513.3928,0.0,17317.332,71661.2856,0.0,68.8272,8800.596000000001,16176.528000000002,0.0,0.0,0.0,0.0,0.0,1148.9928,4577.359199999999,5085.098400000001,0.0,0.0,0.0,0.0,0.0,0.0,0.0,0.0,0.0,0.0,0.0,0.0,0.0,0.0,0.0,0.0,0.0,0.0,0.0,0.0,0.0,0.0,0.0,0.0,10.44,553.4352,0.0,0.0,211.98,0.0,0.0,0.0,0.0,0.0,0.0,10197.3576,0.0,0.0,0.0,0.0,105.384,1580.7695999999999,0.0,3202.896,0.0,0.0,0.0,0.0,0.0,0.0,0.0,0.0,0.0,0.0,0.0,0.0,0.0,4862.9472000000005,0.0,0.0,0.0,0.0,0.0,787.6271999999999,0.0,52.788,2609.9352000000003,1392.0288,0.0,0.0,0.0,1263.6792000000003,411.12960000000004,1231.1208000000001,97.16159999999999,9.5016,0.0,840.2976,1879.7016000000003,0.0,0.0,0.0,3009.9527999999996,2597.412,349.48560000000003,1349.0616,921.5999999999999,8209.728,0.0,0.0,7223.64,344.904
0.0,0.0,0.0,1217.1888,0.0,11558.9856,4115.0808,277.14,0.0,1396.2264,40.236000000000004,0.0,495.48720000000003,53550.45599999999,75703.0008,22.9128,0.0,2513.3928,0.0,17317.332,71661.2856,0.0,68.8272,8800.596000000001,16176.528000000002,0.0,0.0,0.0,0.0,0.0,1148.9928,4577.359199999999,5085.098400000001,0.0,0.0,0.0,0.0,0.0,0.0,0.0,0.0,0.0,0.0,0.0,0.0,0.0,0.0,0.0,0.0,0.0,0.0,0.0,0.0,0.0,0.0,0.0,0.0,10.44,553.4352,0.0,0.0,211.98,0.0,0.0,0.0,0.0,0.0,0.0,10197.3576,0.0,0.0,0.0,0.0,105.384,1580.7695999999999,0.0,3202.896,0.0,0.0,0.0,0.0,0.0,0.0,0.0,0.0,0.0,0.0,0.0,0.0,0.0,4862.9472000000005,0.0,0.0,0.0,0.0,0.0,787.6271999999999,0.0,52.788,2609.9352000000003,1392.0288,0.0,0.0,0.0,1263.6792000000003,411.12960000000004,1231.1208000000001,97.16159999999999,9.5016,0.0,840.2976,1879.7016000000003,0.0,0.0,0.0,3009.9527999999996,2597.412,349.48560000000003,1349.0616,921.5999999999999,8209.728,0.0,0.0,7223.64,344.904
0.0,0.0,0.0,1217.1888,0.0,11558.9856,4115.0808,277.14,0.0,1396.2264,40.236000000000004,0.0,495.48720000000003,53550.45599999999,75703.0008,22.9128,0.0,2513.3928,0.0,17317.332,71661.2856,0.0,68.8272,8800.596000000001,16176.528000000002,0.0,0.0,0.0,0.0,0.0,1148.9928,4577.359199999999,5085.098400000001,0.0,0.0,0.0,0.0,0.0,0.0,0.0,0.0,0.0,0.0,0.0,0.0,0.0,0.0,0.0,0.0,0.0,0.0,0.0,0.0,0.0,0.0,0.0,0.0,10.44,553.4352,0.0,0.0,211.98,0.0,0.0,0.0,0.0,0.0,0.0,10197.3576,0.0,0.0,0.0,0.0,105.384,1580.7695999999999,0.0,3202.896,0.0,0.0,0.0,0.0,0.0,0.0,0.0,0.0,0.0,0.0,0.0,0.0,0.0,4862.9472000000005,0.0,0.0,0.0,0.0,0.0,787.6271999999999,0.0,52.788,2609.9352000000003,1392.0288,0.0,0.0,0.0,1263.6792000000003,411.12960000000004,1231.1208000000001,97.16159999999999,9.5016,0.0,840.2976,1879.7016000000003,0.0,0.0,0.0,3009.9527999999996,2597.412,349.48560000000003,1349.0616,921.5999999999999,8209.728,0.0,0.0,7223.64,344.904
0.0,0.0,0.0,1217.1888,0.0,11558.9856,4115.0808,277.14,0.0,1396.2264,40.236000000000004,0.0,495.48720000000003,53550.45599999999,75703.0008,22.9128,0.0,2513.3928,0.0,17317.332,71661.2856,0.0,68.8272,8800.596000000001,16176.528000000002,0.0,0.0,0.0,0.0,0.0,1148.9928,4577.359199999999,5085.098400000001,0.0,0.0,0.0,0.0,0.0,0.0,0.0,0.0,0.0,0.0,0.0,0.0,0.0,0.0,0.0,0.0,0.0,0.0,0.0,0.0,0.0,0.0,0.0,0.0,10.44,553.4352,0.0,0.0,211.98,0.0,0.0,0.0,0.0,0.0,0.0,10197.3576,0.0,0.0,0.0,0.0,105.384,1580.7695999999999,0.0,3202.896,0.0,0.0,0.0,0.0,0.0,0.0,0.0,0.0,0.0,0.0,0.0,0.0,0.0,4862.9472000000005,0.0,0.0,0.0,0.0,0.0,787.6271999999999,0.0,52.788,2609.9352000000003,1392.0288,0.0,0.0,0.0,1263.6792000000003,411.12960000000004,1231.1208000000001,97.16159999999999,9.5016,0.0,840.2976,1879.7016000000003,0.0,0.0,0.0,3009.9527999999996,2597.412,349.48560000000003,1349.0616,921.5999999999999,8209.728,0.0,0.0,7223.64,344.904
0.0,0.0,0.0,1217.1888,0.0,11558.9856,4115.0808,277.14,0.0,1396.2264,40.236000000000004,0.0,495.48720000000003,53550.45599999999,75703.0008,22.9128,0.0,2513.3928,0.0,17317.332,71661.2856,0.0,68.8272,8800.596000000001,16176.528000000002,0.0,0.0,0.0,0.0,0.0,1148.9928,4577.359199999999,5085.098400000001,0.0,0.0,0.0,0.0,0.0,0.0,0.0,0.0,0.0,0.0,0.0,0.0,0.0,0.0,0.0,0.0,0.0,0.0,0.0,0.0,0.0,0.0,0.0,0.0,10.44,553.4352,0.0,0.0,211.98,0.0,0.0,0.0,0.0,0.0,0.0,10197.3576,0.0,0.0,0.0,0.0,105.384,1580.7695999999999,0.0,3202.896,0.0,0.0,0.0,0.0,0.0,0.0,0.0,0.0,0.0,0.0,0.0,0.0,0.0,4862.9472000000005,0.0,0.0,0.0,0.0,0.0,787.6271999999999,0.0,52.788,2609.9352000000003,1392.0288,0.0,0.0,0.0,1263.6792000000003,411.12960000000004,1231.1208000000001,97.16159999999999,9.5016,0.0,840.2976,1879.7016000000003,0.0,0.0,0.0,3009.9527999999996,2597.412,349.48560000000003,1349.0616,921.5999999999999,8209.728,0.0,0.0,7223.64,344.904
0.0,0.0,0.0,1217.1888,0.0,11558.9856,4115.0808,277.14,0.0,1396.2264,40.236000000000004,0.0,495.48720000000003,53550.45599999999,75703.0008,22.9128,0.0,2513.3928,0.0,17317.332,71661.2856,0.0,68.8272,8800.596000000001,16176.528000000002,0.0,0.0,0.0,0.0,0.0,1148.9928,4577.359199999999,5085.098400000001,0.0,0.0,0.0,0.0,0.0,0.0,0.0,0.0,0.0,0.0,0.0,0.0,0.0,0.0,0.0,0.0,0.0,0.0,0.0,0.0,0.0,0.0,0.0,0.0,10.44,553.4352,0.0,0.0,211.98,0.0,0.0,0.0,0.0,0.0,0.0,10197.3576,0.0,0.0,0.0,0.0,105.384,1580.7695999999999,0.0,3202.896,0.0,0.0,0.0,0.0,0.0,0.0,0.0,0.0,0.0,0.0,0.0,0.0,0.0,4862.9472000000005,0.0,0.0,0.0,0.0,0.0,787.6271999999999,0.0,52.788,2609.9352000000003,1392.0288,0.0,0.0,0.0,1263.6792000000003,411.12960000000004,1231.1208000000001,97.16159999999999,9.5016,0.0,840.2976,1879.7016000000003,0.0,0.0,0.0,3009.9527999999996,2597.412,349.48560000000003,1349.0616,921.5999999999999,8209.728,0.0,0.0,7223.64,344.904
0.0,0.0,0.0,1217.1888,0.0,11558.9856,4115.0808,277.14,0.0,1396.2264,40.236000000000004,0.0,495.48720000000003,53550.45599999999,75703.0008,22.9128,0.0,2513.3928,0.0,17317.332,71661.2856,0.0,68.8272,8800.596000000001,16176.528000000002,0.0,0.0,0.0,0.0,0.0,1148.9928,4577.359199999999,5085.098400000001,0.0,0.0,0.0,0.0,0.0,0.0,0.0,0.0,0.0,0.0,0.0,0.0,0.0,0.0,0.0,0.0,0.0,0.0,0.0,0.0,0.0,0.0,0.0,0.0,10.44,553.4352,0.0,0.0,211.98,0.0,0.0,0.0,0.0,0.0,0.0,10197.3576,0.0,0.0,0.0,0.0,105.384,1580.7695999999999,0.0,3202.896,0.0,0.0,0.0,0.0,0.0,0.0,0.0,0.0,0.0,0.0,0.0,0.0,0.0,4862.9472000000005,0.0,0.0,0.0,0.0,0.0,787.6271999999999,0.0,52.788,2609.9352000000003,1392.0288,0.0,0.0,0.0,1263.6792000000003,411.12960000000004,1231.1208000000001,97.16159999999999,9.5016,0.0,840.2976,1879.7016000000003,0.0,0.0,0.0,3009.9527999999996,2597.412,349.48560000000003,1349.0616,921.5999999999999,8209.728,0.0,0.0,7223.64,344.904
0.0,0.0,0.0,1220.6232,0.0,11248.3368,4172.673599999999,280.5936,0.0,1491.6552,43.3464,0.0,513.2904,57210.556800000006,80800.20240000001,22.284,0.0,2379.1391999999996,0.0,17416.6416,75560.8248,0.0,57.5952,8665.1208,14996.375999999998,0.0,0.0,0.0,0.0,0.0,1167.0767999999998,4649.414400000001,5166.105599999999,0.0,0.0,0.0,0.0,0.0,0.0,0.0,0.0,0.0,0.0,0.0,0.0,0.0,0.0,0.0,0.0,0.0,0.0,0.0,0.0,0.0,0.0,0.0,0.0,9.0216,536.6184,0.0,0.0,200.4168,0.0,0.0,0.0,0.0,0.0,0.0,9860.966400000001,0.0,0.0,0.0,0.0,108.9336,1528.6224,0.0,3097.2384,0.0,0.0,0.0,0.0,0.0,0.0,0.0,0.0,0.0,0.0,0.0,0.0,0.0,2501.6808,0.0,0.0,0.0,0.0,0.0,752.3016,0.0,24.36,2616.9096,1386.5256,0.0,0.0,0.0,1271.2487999999998,237.68400000000003,1239.1776,85.2576,8.3376,0.0,536.1288,1795.3944,0.0,0.0,0.0,3221.4288,2615.2272,362.03999999999996,1288.5576,79.87440000000001,8504.688,0.0,0.0,2409.967199999999,352.0632
0.0,0.0,0.0,1220.6232,0.0,11248.3368,4172.673599999999,280.5936,0.0,1491.6552,43.3464,0.0,513.2904,57210.556800000006,80800.20240000001,22.284,0.0,2379.1391999999996,0.0,17416.6416,75560.8248,0.0,57.5952,8665.1208,14996.375999999998,0.0,0.0,0.0,0.0,0.0,1167.0767999999998,4649.414400000001,5166.105599999999,0.0,0.0,0.0,0.0,0.0,0.0,0.0,0.0,0.0,0.0,0.0,0.0,0.0,0.0,0.0,0.0,0.0,0.0,0.0,0.0,0.0,0.0,0.0,0.0,9.0216,536.6184,0.0,0.0,200.4168,0.0,0.0,0.0,0.0,0.0,0.0,9860.966400000001,0.0,0.0,0.0,0.0,108.9336,1528.6224,0.0,3097.2384,0.0,0.0,0.0,0.0,0.0,0.0,0.0,0.0,0.0,0.0,0.0,0.0,0.0,2501.6808,0.0,0.0,0.0,0.0,0.0,752.3016,0.0,24.36,2616.9096,1386.5256,0.0,0.0,0.0,1271.2487999999998,237.68400000000003,1239.1776,85.2576,8.3376,0.0,536.1288,1795.3944,0.0,0.0,0.0,3221.4288,2615.2272,362.03999999999996,1288.5576,79.87440000000001,8504.688,0.0,0.0,2409.967199999999,352.0632
0.0,0.0,0.0,1220.6232,0.0,11248.3368,4172.673599999999,280.5936,0.0,1491.6552,43.3464,0.0,513.2904,57210.556800000006,80800.20240000001,22.284,0.0,2379.1391999999996,0.0,17416.6416,75560.8248,0.0,57.5952,8665.1208,14996.375999999998,0.0,0.0,0.0,0.0,0.0,1167.0767999999998,4649.414400000001,5166.105599999999,0.0,0.0,0.0,0.0,0.0,0.0,0.0,0.0,0.0,0.0,0.0,0.0,0.0,0.0,0.0,0.0,0.0,0.0,0.0,0.0,0.0,0.0,0.0,0.0,9.0216,536.6184,0.0,0.0,200.4168,0.0,0.0,0.0,0.0,0.0,0.0,9860.966400000001,0.0,0.0,0.0,0.0,108.9336,1528.6224,0.0,3097.2384,0.0,0.0,0.0,0.0,0.0,0.0,0.0,0.0,0.0,0.0,0.0,0.0,0.0,2501.6808,0.0,0.0,0.0,0.0,0.0,752.3016,0.0,24.36,2616.9096,1386.5256,0.0,0.0,0.0,1271.2487999999998,237.68400000000003,1239.1776,85.2576,8.3376,0.0,536.1288,1795.3944,0.0,0.0,0.0,3221.4288,2615.2272,362.03999999999996,1288.5576,79.87440000000001,8504.688,0.0,0.0,2409.967199999999,352.0632
0.0,0.0,0.0,1220.6232,0.0,11248.3368,4172.673599999999,280.5936,0.0,1491.6552,43.3464,0.0,513.2904,57210.556800000006,80800.20240000001,22.284,0.0,2379.1391999999996,0.0,17416.6416,75560.8248,0.0,57.5952,8665.1208,14996.375999999998,0.0,0.0,0.0,0.0,0.0,1167.0767999999998,4649.414400000001,5166.105599999999,0.0,0.0,0.0,0.0,0.0,0.0,0.0,0.0,0.0,0.0,0.0,0.0,0.0,0.0,0.0,0.0,0.0,0.0,0.0,0.0,0.0,0.0,0.0,0.0,9.0216,536.6184,0.0,0.0,200.4168,0.0,0.0,0.0,0.0,0.0,0.0,9860.966400000001,0.0,0.0,0.0,0.0,108.9336,1528.6224,0.0,3097.2384,0.0,0.0,0.0,0.0,0.0,0.0,0.0,0.0,0.0,0.0,0.0,0.0,0.0,2501.6808,0.0,0.0,0.0,0.0,0.0,752.3016,0.0,24.36,2616.9096,1386.5256,0.0,0.0,0.0,1271.2487999999998,237.68400000000003,1239.1776,85.2576,8.3376,0.0,536.1288,1795.3944,0.0,0.0,0.0,3221.4288,2615.2272,362.03999999999996,1288.5576,79.87440000000001,8504.688,0.0,0.0,2409.967199999999,352.0632
0.0,0.0,0.0,1220.6232,0.0,11248.3368,4172.673599999999,280.5936,0.0,1491.6552,43.3464,0.0,513.2904,57210.556800000006,80800.20240000001,22.284,0.0,2379.1391999999996,0.0,17416.6416,75560.8248,0.0,57.5952,8665.1208,14996.375999999998,0.0,0.0,0.0,0.0,0.0,1167.0767999999998,4649.414400000001,5166.105599999999,0.0,0.0,0.0,0.0,0.0,0.0,0.0,0.0,0.0,0.0,0.0,0.0,0.0,0.0,0.0,0.0,0.0,0.0,0.0,0.0,0.0,0.0,0.0,0.0,9.0216,536.6184,0.0,0.0,200.4168,0.0,0.0,0.0,0.0,0.0,0.0,9860.966400000001,0.0,0.0,0.0,0.0,108.9336,1528.6224,0.0,3097.2384,0.0,0.0,0.0,0.0,0.0,0.0,0.0,0.0,0.0,0.0,0.0,0.0,0.0,2501.6808,0.0,0.0,0.0,0.0,0.0,752.3016,0.0,24.36,2616.9096,1386.5256,0.0,0.0,0.0,1271.2487999999998,237.68400000000003,1239.1776,85.2576,8.3376,0.0,536.1288,1795.3944,0.0,0.0,0.0,3221.4288,2615.2272,362.03999999999996,1288.5576,79.87440000000001,8504.688,0.0,0.0,2409.967199999999,352.0632
0.0,0.0,0.0,1220.6232,0.0,11248.3368,4172.673599999999,280.5936,0.0,1491.6552,43.3464,0.0,513.2904,57210.556800000006,80800.20240000001,22.284,0.0,2379.1391999999996,0.0,17416.6416,75560.8248,0.0,57.5952,8665.1208,14996.375999999998,0.0,0.0,0.0,0.0,0.0,1167.0767999999998,4649.414400000001,5166.105599999999,0.0,0.0,0.0,0.0,0.0,0.0,0.0,0.0,0.0,0.0,0.0,0.0,0.0,0.0,0.0,0.0,0.0,0.0,0.0,0.0,0.0,0.0,0.0,0.0,9.0216,536.6184,0.0,0.0,200.4168,0.0,0.0,0.0,0.0,0.0,0.0,9860.966400000001,0.0,0.0,0.0,0.0,108.9336,1528.6224,0.0,3097.2384,0.0,0.0,0.0,0.0,0.0,0.0,0.0,0.0,0.0,0.0,0.0,0.0,0.0,2501.6808,0.0,0.0,0.0,0.0,0.0,752.3016,0.0,24.36,2616.9096,1386.5256,0.0,0.0,0.0,1271.2487999999998,237.68400000000003,1239.1776,85.2576,8.3376,0.0,536.1288,1795.3944,0.0,0.0,0.0,3221.4288,2615.2272,362.03999999999996,1288.5576,79.87440000000001,8504.688,0.0,0.0,2409.967199999999,352.0632
0.0,0.0,0.0,1220.6232,0.0,11248.3368,4172.673599999999,280.5936,0.0,1491.6552,43.3464,0.0,513.2904,57210.556800000006,80800.20240000001,22.284,0.0,2379.1391999999996,0.0,17416.6416,75560.8248,0.0,57.5952,8665.1208,14996.375999999998,0.0,0.0,0.0,0.0,0.0,1167.0767999999998,4649.414400000001,5166.105599999999,0.0,0.0,0.0,0.0,0.0,0.0,0.0,0.0,0.0,0.0,0.0,0.0,0.0,0.0,0.0,0.0,0.0,0.0,0.0,0.0,0.0,0.0,0.0,0.0,9.0216,536.6184,0.0,0.0,200.4168,0.0,0.0,0.0,0.0,0.0,0.0,9860.966400000001,0.0,0.0,0.0,0.0,108.9336,1528.6224,0.0,3097.2384,0.0,0.0,0.0,0.0,0.0,0.0,0.0,0.0,0.0,0.0,0.0,0.0,0.0,2501.6808,0.0,0.0,0.0,0.0,0.0,752.3016,0.0,24.36,2616.9096,1386.5256,0.0,0.0,0.0,1271.2487999999998,237.68400000000003,1239.1776,85.2576,8.3376,0.0,536.1288,1795.3944,0.0,0.0,0.0,3221.4288,2615.2272,362.03999999999996,1288.5576,79.87440000000001,8504.688,0.0,0.0,2409.967199999999,352.0632
0.0,0.0,0.0,1253.8296,0.0,11634.643199999999,4016.423999999999,268.56960000000004,0.0,1518.6144,44.9616,0.0,485.40000000000003,58244.4816,82082.3208,19.884,0.0,2558.1479999999997,0.0,15982.8432,75776.1,0.0,61.13520000000001,9869.071199999998,16964.6712,0.0,0.0,0.0,0.0,0.0,1135.2672000000002,4522.6872,5065.4736,0.0,0.0,0.0,0.0,0.0,0.0,0.0,0.0,0.0,0.0,0.0,0.0,0.0,0.0,0.0,0.0,0.0,0.0,0.0,0.0,0.0,0.0,0.0,0.0,11.3184,514.5,0.0,0.0,219.6384,0.0,0.0,0.0,0.0,0.0,0.0,9428.4696,0.0,0.0,0.0,0.0,111.0528,1461.5783999999999,0.0,2961.3959999999997,0.0,0.0,0.0,0.0,0.0,0.0,0.0,0.0,0.0,0.0,0.0,0.0,0.0,9479.8464,0.0,0.0,0.0,0.0,0.0,749.5584,0.0,22.176000000000002,3039.3624,1381.0248000000001,0.0,0.0,0.0,1143.1968000000002,120.2928,1104.9456,71.11679999999998,6.9528,0.0,376.26480000000004,1788.8448,0.0,0.0,0.0,2891.8872,2758.2648,342.3696,1283.8560000000002,0.0,8042.5848000000005,0.0,0.0,1866.1104000000003,348.7392
0.0,0.0,0.0,1253.8296,0.0,11634.643199999999,4016.423999999999,268.56960000000004,0.0,1518.6144,44.9616,0.0,485.40000000000003,58244.4816,82082.3208,19.884,0.0,2558.1479999999997,0.0,15982.8432,75776.1,0.0,61.13520000000001,9869.071199999998,16964.6712,0.0,0.0,0.0,0.0,0.0,1135.2672000000002,4522.6872,5065.4736,0.0,0.0,0.0,0.0,0.0,0.0,0.0,0.0,0.0,0.0,0.0,0.0,0.0,0.0,0.0,0.0,0.0,0.0,0.0,0.0,0.0,0.0,0.0,0.0,11.3184,514.5,0.0,0.0,219.6384,0.0,0.0,0.0,0.0,0.0,0.0,9428.4696,0.0,0.0,0.0,0.0,111.0528,1461.5783999999999,0.0,2961.3959999999997,0.0,0.0,0.0,0.0,0.0,0.0,0.0,0.0,0.0,0.0,0.0,0.0,0.0,9479.8464,0.0,0.0,0.0,0.0,0.0,749.5584,0.0,22.176000000000002,3039.3624,1381.0248000000001,0.0,0.0,0.0,1143.1968000000002,120.2928,1104.9456,71.11679999999998,6.9528,0.0,376.26480000000004,1788.8448,0.0,0.0,0.0,2891.8872,2758.2648,342.3696,1283.8560000000002,0.0,8042.5848000000005,0.0,0.0,1866.1104000000003,348.7392
0.0,0.0,0.0,1253.8296,0.0,11634.643199999999,4016.423999999999,268.56960000000004,0.0,1518.6144,44.9616,0.0,485.40000000000003,58244.4816,82082.3208,19.884,0.0,2558.1479999999997,0.0,15982.8432,75776.1,0.0,61.13520000000001,9869.071199999998,16964.6712,0.0,0.0,0.0,0.0,0.0,1135.2672000000002,4522.6872,5065.4736,0.0,0.0,0.0,0.0,0.0,0.0,0.0,0.0,0.0,0.0,0.0,0.0,0.0,0.0,0.0,0.0,0.0,0.0,0.0,0.0,0.0,0.0,0.0,0.0,11.3184,514.5,0.0,0.0,219.6384,0.0,0.0,0.0,0.0,0.0,0.0,9428.4696,0.0,0.0,0.0,0.0,111.0528,1461.5783999999999,0.0,2961.3959999999997,0.0,0.0,0.0,0.0,0.0,0.0,0.0,0.0,0.0,0.0,0.0,0.0,0.0,9479.8464,0.0,0.0,0.0,0.0,0.0,749.5584,0.0,22.176000000000002,3039.3624,1381.0248000000001,0.0,0.0,0.0,1143.1968000000002,120.2928,1104.9456,71.11679999999998,6.9528,0.0,376.26480000000004,1788.8448,0.0,0.0,0.0,2891.8872,2758.2648,342.3696,1283.8560000000002,0.0,8042.5848000000005,0.0,0.0,1866.1104000000003,348.7392
0.0,0.0,0.0,1253.8296,0.0,11634.643199999999,4016.423999999999,268.56960000000004,0.0,1518.6144,44.9616,0.0,485.40000000000003,58244.4816,82082.3208,19.884,0.0,2558.1479999999997,0.0,15982.8432,75776.1,0.0,61.13520000000001,9869.071199999998,16964.6712,0.0,0.0,0.0,0.0,0.0,1135.2672000000002,4522.6872,5065.4736,0.0,0.0,0.0,0.0,0.0,0.0,0.0,0.0,0.0,0.0,0.0,0.0,0.0,0.0,0.0,0.0,0.0,0.0,0.0,0.0,0.0,0.0,0.0,0.0,11.3184,514.5,0.0,0.0,219.6384,0.0,0.0,0.0,0.0,0.0,0.0,9428.4696,0.0,0.0,0.0,0.0,111.0528,1461.5783999999999,0.0,2961.3959999999997,0.0,0.0,0.0,0.0,0.0,0.0,0.0,0.0,0.0,0.0,0.0,0.0,0.0,9479.8464,0.0,0.0,0.0,0.0,0.0,749.5584,0.0,22.176000000000002,3039.3624,1381.0248000000001,0.0,0.0,0.0,1143.1968000000002,120.2928,1104.9456,71.11679999999998,6.9528,0.0,376.26480000000004,1788.8448,0.0,0.0,0.0,2891.8872,2758.2648,342.3696,1283.8560000000002,0.0,8042.5848000000005,0.0,0.0,1866.1104000000003,348.7392
0.0,0.0,0.0,1253.8296,0.0,11634.643199999999,4016.423999999999,268.56960000000004,0.0,1518.6144,44.9616,0.0,485.40000000000003,58244.4816,82082.3208,19.884,0.0,2558.1479999999997,0.0,15982.8432,75776.1,0.0,61.13520000000001,9869.071199999998,16964.6712,0.0,0.0,0.0,0.0,0.0,1135.2672000000002,4522.6872,5065.4736,0.0,0.0,0.0,0.0,0.0,0.0,0.0,0.0,0.0,0.0,0.0,0.0,0.0,0.0,0.0,0.0,0.0,0.0,0.0,0.0,0.0,0.0,0.0,0.0,11.3184,514.5,0.0,0.0,219.6384,0.0,0.0,0.0,0.0,0.0,0.0,9428.4696,0.0,0.0,0.0,0.0,111.0528,1461.5783999999999,0.0,2961.3959999999997,0.0,0.0,0.0,0.0,0.0,0.0,0.0,0.0,0.0,0.0,0.0,0.0,0.0,9479.8464,0.0,0.0,0.0,0.0,0.0,749.5584,0.0,22.176000000000002,3039.3624,1381.0248000000001,0.0,0.0,0.0,1143.1968000000002,120.2928,1104.9456,71.11679999999998,6.9528,0.0,376.26480000000004,1788.8448,0.0,0.0,0.0,2891.8872,2758.2648,342.3696,1283.8560000000002,0.0,8042.5848000000005,0.0,0.0,1866.1104000000003,348.7392
0.0,0.0,0.0,1253.8296,0.0,11634.643199999999,4016.423999999999,268.56960000000004,0.0,1518.6144,44.9616,0.0,485.40000000000003,58244.4816,82082.3208,19.884,0.0,2558.1479999999997,0.0,15982.8432,75776.1,0.0,61.13520000000001,9869.071199999998,16964.6712,0.0,0.0,0.0,0.0,0.0,1135.2672000000002,4522.6872,5065.4736,0.0,0.0,0.0,0.0,0.0,0.0,0.0,0.0,0.0,0.0,0.0,0.0,0.0,0.0,0.0,0.0,0.0,0.0,0.0,0.0,0.0,0.0,0.0,0.0,11.3184,514.5,0.0,0.0,219.6384,0.0,0.0,0.0,0.0,0.0,0.0,9428.4696,0.0,0.0,0.0,0.0,111.0528,1461.5783999999999,0.0,2961.3959999999997,0.0,0.0,0.0,0.0,0.0,0.0,0.0,0.0,0.0,0.0,0.0,0.0,0.0,9479.8464,0.0,0.0,0.0,0.0,0.0,749.5584,0.0,22.176000000000002,3039.3624,1381.0248000000001,0.0,0.0,0.0,1143.1968000000002,120.2928,1104.9456,71.11679999999998,6.9528,0.0,376.26480000000004,1788.8448,0.0,0.0,0.0,2891.8872,2758.2648,342.3696,1283.8560000000002,0.0,8042.5848000000005,0.0,0.0,1866.1104000000003,348.7392
0.0,0.0,0.0,1253.8296,0.0,11634.643199999999,4016.423999999999,268.56960000000004,0.0,1518.6144,44.9616,0.0,485.40000000000003,58244.4816,82082.3208,19.884,0.0,2558.1479999999997,0.0,15982.8432,75776.1,0.0,61.13520000000001,9869.071199999998,16964.6712,0.0,0.0,0.0,0.0,0.0,1135.2672000000002,4522.6872,5065.4736,0.0,0.0,0.0,0.0,0.0,0.0,0.0,0.0,0.0,0.0,0.0,0.0,0.0,0.0,0.0,0.0,0.0,0.0,0.0,0.0,0.0,0.0,0.0,0.0,11.3184,514.5,0.0,0.0,219.6384,0.0,0.0,0.0,0.0,0.0,0.0,9428.4696,0.0,0.0,0.0,0.0,111.0528,1461.5783999999999,0.0,2961.3959999999997,0.0,0.0,0.0,0.0,0.0,0.0,0.0,0.0,0.0,0.0,0.0,0.0,0.0,9479.8464,0.0,0.0,0.0,0.0,0.0,749.5584,0.0,22.176000000000002,3039.3624,1381.0248000000001,0.0,0.0,0.0,1143.1968000000002,120.2928,1104.9456,71.11679999999998,6.9528,0.0,376.26480000000004,1788.8448,0.0,0.0,0.0,2891.8872,2758.2648,342.3696,1283.8560000000002,0.0,8042.5848000000005,0.0,0.0,1866.1104000000003,348.7392
0.0,0.0,0.0,1058.5224,0.0,12404.4984,7324.5599999999995,415.74,0.0,1182.9504000000002,75.5712,0.0,566.4768,45502.476,64761.479999999996,31.7472,0.0,3039.0072,0.0,17957.817600000002,66687.65999999999,0.0,62.8176,10431.4656,17960.5392,0.0,0.0,0.0,0.0,0.0,955.6055999999999,3641.5199999999995,3831.4439999999995,0.0,0.0,0.0,0.0,0.0,0.0,0.0,0.0,0.0,0.0,0.0,0.0,0.0,0.0,0.0,0.0,0.0,0.0,0.0,0.0,0.0,0.0,0.0,0.0,9.732000000000001,531.6696000000001,0.0,0.0,249.82799999999997,0.0,0.0,0.0,0.0,0.0,0.0,9765.343200000001,0.0,0.0,0.0,0.0,113.39280000000001,1494.6096000000002,0.0,3180.5735999999997,0.0,0.0,0.0,0.0,0.0,0.0,0.0,0.0,0.0,0.0,0.0,0.0,0.0,17456.846400000002,0.0,0.0,0.0,0.0,0.0,772.1999999999999,0.0,25.279199999999996,3231.4752000000008,1383.6576,0.0,0.0,0.0,1287.348,237.1416,1253.6712000000002,48.4344,4.7376000000000005,0.0,398.5248,1842.8808,0.0,0.0,0.0,2396.2656,2658.0216,399.55680000000007,1322.6351999999997,0.0,9309.2784,0.0,0.0,1800.9072,247.48559999999998
0.0,0.0,0.0,1058.5224,0.0,12404.4984,7324.5599999999995,415.74,0.0,1182.9504000000002,75.5712,0.0,566.4768,45502.476,64761.479999999996,31.7472,0.0,3039.0072,0.0,17957.817600000002,66687.65999999999,0.0,62.8176,10431.4656,17960.5392,0.0,0.0,0.0,0.0,0.0,955.6055999999999,3641.5199999999995,3831.4439999999995,0.0,0.0,0.0,0.0,0.0,0.0,0.0,0.0,0.0,0.0,0.0,0.0,0.0,0.0,0.0,0.0,0.0,0.0,0.0,0.0,0.0,0.0,0.0,0.0,9.732000000000001,531.6696000000001,0.0,0.0,249.82799999999997,0.0,0.0,0.0,0.0,0.0,0.0,9765.343200000001,0.0,0.0,0.0,0.0,113.39280000000001,1494.6096000000002,0.0,3180.5735999999997,0.0,0.0,0.0,0.0,0.0,0.0,0.0,0.0,0.0,0.0,0.0,0.0,0.0,17456.846400000002,0.0,0.0,0.0,0.0,0.0,772.1999999999999,0.0,25.279199999999996,3231.4752000000008,1383.6576,0.0,0.0,0.0,1287.348,237.1416,1253.6712000000002,48.4344,4.7376000000000005,0.0,398.5248,1842.8808,0.0,0.0,0.0,2396.2656,2658.0216,399.55680000000007,1322.6351999999997,0.0,9309.2784,0.0,0.0,1800.9072,247.48559999999998
0.0,0.0,0.0,1058.5224,0.0,12404.4984,7324.5599999999995,415.74,0.0,1182.9504000000002,75.5712,0.0,566.4768,45502.476,64761.479999999996,31.7472,0.0,3039.0072,0.0,17957.817600000002,66687.65999999999,0.0,62.8176,10431.4656,17960.5392,0.0,0.0,0.0,0.0,0.0,955.6055999999999,3641.5199999999995,3831.4439999999995,0.0,0.0,0.0,0.0,0.0,0.0,0.0,0.0,0.0,0.0,0.0,0.0,0.0,0.0,0.0,0.0,0.0,0.0,0.0,0.0,0.0,0.0,0.0,0.0,9.732000000000001,531.6696000000001,0.0,0.0,249.82799999999997,0.0,0.0,0.0,0.0,0.0,0.0,9765.343200000001,0.0,0.0,0.0,0.0,113.39280000000001,1494.6096000000002,0.0,3180.5735999999997,0.0,0.0,0.0,0.0,0.0,0.0,0.0,0.0,0.0,0.0,0.0,0.0,0.0,17456.846400000002,0.0,0.0,0.0,0.0,0.0,772.1999999999999,0.0,25.279199999999996,3231.4752000000008,1383.6576,0.0,0.0,0.0,1287.348,237.1416,1253.6712000000002,48.4344,4.7376000000000005,0.0,398.5248,1842.8808,0.0,0.0,0.0,2396.2656,2658.0216,399.55680000000007,1322.6351999999997,0.0,9309.2784,0.0,0.0,1800.9072,247.48559999999998
0.0,0.0,0.0,1058.5224,0.0,12404.4984,7324.5599999999995,415.74,0.0,1182.9504000000002,75.5712,0.0,566.4768,45502.476,64761.479999999996,31.7472,0.0,3039.0072,0.0,17957.817600000002,66687.65999999999,0.0,62.8176,10431.4656,17960.5392,0.0,0.0,0.0,0.0,0.0,955.6055999999999,3641.5199999999995,3831.4439999999995,0.0,0.0,0.0,0.0,0.0,0.0,0.0,0.0,0.0,0.0,0.0,0.0,0.0,0.0,0.0,0.0,0.0,0.0,0.0,0.0,0.0,0.0,0.0,0.0,9.732000000000001,531.6696000000001,0.0,0.0,249.82799999999997,0.0,0.0,0.0,0.0,0.0,0.0,9765.343200000001,0.0,0.0,0.0,0.0,113.39280000000001,1494.6096000000002,0.0,3180.5735999999997,0.0,0.0,0.0,0.0,0.0,0.0,0.0,0.0,0.0,0.0,0.0,0.0,0.0,17456.846400000002,0.0,0.0,0.0,0.0,0.0,772.1999999999999,0.0,25.279199999999996,3231.4752000000008,1383.6576,0.0,0.0,0.0,1287.348,237.1416,1253.6712000000002,48.4344,4.7376000000000005,0.0,398.5248,1842.8808,0.0,0.0,0.0,2396.2656,2658.0216,399.55680000000007,1322.6351999999997,0.0,9309.2784,0.0,0.0,1800.9072,247.48559999999998
0.0,0.0,0.0,1058.5224,0.0,12404.4984,7324.5599999999995,415.74,0.0,1182.9504000000002,75.5712,0.0,566.4768,45502.476,64761.479999999996,31.7472,0.0,3039.0072,0.0,17957.817600000002,66687.65999999999,0.0,62.8176,10431.4656,17960.5392,0.0,0.0,0.0,0.0,0.0,955.6055999999999,3641.5199999999995,3831.4439999999995,0.0,0.0,0.0,0.0,0.0,0.0,0.0,0.0,0.0,0.0,0.0,0.0,0.0,0.0,0.0,0.0,0.0,0.0,0.0,0.0,0.0,0.0,0.0,0.0,9.732000000000001,531.6696000000001,0.0,0.0,249.82799999999997,0.0,0.0,0.0,0.0,0.0,0.0,9765.343200000001,0.0,0.0,0.0,0.0,113.39280000000001,1494.6096000000002,0.0,3180.5735999999997,0.0,0.0,0.0,0.0,0.0,0.0,0.0,0.0,0.0,0.0,0.0,0.0,0.0,17456.846400000002,0.0,0.0,0.0,0.0,0.0,772.1999999999999,0.0,25.279199999999996,3231.4752000000008,1383.6576,0.0,0.0,0.0,1287.348,237.1416,1253.6712000000002,48.4344,4.7376000000000005,0.0,398.5248,1842.8808,0.0,0.0,0.0,2396.2656,2658.0216,399.55680000000007,1322.6351999999997,0.0,9309.2784,0.0,0.0,1800.9072,247.48559999999998
0.0,0.0,0.0,1058.5224,0.0,12404.4984,7324.5599999999995,415.74,0.0,1182.9504000000002,75.5712,0.0,566.4768,45502.476,64761.479999999996,31.7472,0.0,3039.0072,0.0,17957.817600000002,66687.65999999999,0.0,62.8176,10431.4656,17960.5392,0.0,0.0,0.0,0.0,0.0,955.6055999999999,3641.5199999999995,3831.4439999999995,0.0,0.0,0.0,0.0,0.0,0.0,0.0,0.0,0.0,0.0,0.0,0.0,0.0,0.0,0.0,0.0,0.0,0.0,0.0,0.0,0.0,0.0,0.0,0.0,9.732000000000001,531.6696000000001,0.0,0.0,249.82799999999997,0.0,0.0,0.0,0.0,0.0,0.0,9765.343200000001,0.0,0.0,0.0,0.0,113.39280000000001,1494.6096000000002,0.0,3180.5735999999997,0.0,0.0,0.0,0.0,0.0,0.0,0.0,0.0,0.0,0.0,0.0,0.0,0.0,17456.846400000002,0.0,0.0,0.0,0.0,0.0,772.1999999999999,0.0,25.279199999999996,3231.4752000000008,1383.6576,0.0,0.0,0.0,1287.348,237.1416,1253.6712000000002,48.4344,4.7376000000000005,0.0,398.5248,1842.8808,0.0,0.0,0.0,2396.2656,2658.0216,399.55680000000007,1322.6351999999997,0.0,9309.2784,0.0,0.0,1800.9072,247.48559999999998
0.0,0.0,0.0,1058.5224,0.0,12404.4984,7324.5599999999995,415.74,0.0,1182.9504000000002,75.5712,0.0,566.4768,45502.476,64761.479999999996,31.7472,0.0,3039.0072,0.0,17957.817600000002,66687.65999999999,0.0,62.8176,10431.4656,17960.5392,0.0,0.0,0.0,0.0,0.0,955.6055999999999,3641.5199999999995,3831.4439999999995,0.0,0.0,0.0,0.0,0.0,0.0,0.0,0.0,0.0,0.0,0.0,0.0,0.0,0.0,0.0,0.0,0.0,0.0,0.0,0.0,0.0,0.0,0.0,0.0,9.732000000000001,531.6696000000001,0.0,0.0,249.82799999999997,0.0,0.0,0.0,0.0,0.0,0.0,9765.343200000001,0.0,0.0,0.0,0.0,113.39280000000001,1494.6096000000002,0.0,3180.5735999999997,0.0,0.0,0.0,0.0,0.0,0.0,0.0,0.0,0.0,0.0,0.0,0.0,0.0,17456.846400000002,0.0,0.0,0.0,0.0,0.0,772.1999999999999,0.0,25.279199999999996,3231.4752000000008,1383.6576,0.0,0.0,0.0,1287.348,237.1416,1253.6712000000002,48.4344,4.7376000000000005,0.0,398.5248,1842.8808,0.0,0.0,0.0,2396.2656,2658.0216,399.55680000000007,1322.6351999999997,0.0,9309.2784,0.0,0.0,1800.9072,247.48559999999998
0.0,0.0,0.0,951.3072,0.0,17536.540800000002,8716.879200000001,415.45680000000004,0.0,901.0559999999999,58.22880000000001,0.0,548.184,34913.0352,50082.729600000006,35.3304,0.0,2745.7584,0.0,21922.1472,69091.28879999998,0.0,66.22319999999999,8604.655200000001,13429.408800000005,0.0,0.0,0.0,0.0,0.0,1076.5608,3742.7136,3391.5912000000003,0.0,0.0,0.0,0.0,0.0,0.0,0.0,0.0,0.0,0.0,0.0,0.0,0.0,0.0,0.0,0.0,0.0,0.0,0.0,0.0,0.0,0.0,0.0,0.0,12.256800000000002,494.8248,0.0,0.0,272.9352,0.0,0.0,0.0,0.0,0.0,0.0,9102.4896,0.0,0.0,0.0,0.0,111.97439999999999,1348.3847999999998,0.0,3229.188,0.0,0.0,0.0,0.0,0.0,0.0,0.0,0.0,0.0,0.0,0.0,0.0,0.0,10511.966400000001,0.0,0.0,0.0,0.0,0.0,831.6024,0.0,11.5992,2901.8447999999994,1398.5112000000001,0.0,0.0,0.0,1324.4759999999999,333.4488,1315.2767999999996,32.959199999999996,3.2232000000000003,0.0,492.18,1984.6488000000002,0.0,0.0,0.0,1890.3696,2592.5087999999996,386.65199999999993,1424.3808,0.0,8821.1496,0.0,0.0,1808.3016,124.03200000000001
0.0,0.0,0.0,951.3072,0.0,17536.540800000002,8716.879200000001,415.45680000000004,0.0,901.0559999999999,58.22880000000001,0.0,548.184,34913.0352,50082.729600000006,35.3304,0.0,2745.7584,0.0,21922.1472,69091.28879999998,0.0,66.22319999999999,8604.655200000001,13429.408800000005,0.0,0.0,0.0,0.0,0.0,1076.5608,3742.7136,3391.5912000000003,0.0,0.0,0.0,0.0,0.0,0.0,0.0,0.0,0.0,0.0,0.0,0.0,0.0,0.0,0.0,0.0,0.0,0.0,0.0,0.0,0.0,0.0,0.0,0.0,12.256800000000002,494.8248,0.0,0.0,272.9352,0.0,0.0,0.0,0.0,0.0,0.0,9102.4896,0.0,0.0,0.0,0.0,111.97439999999999,1348.3847999999998,0.0,3229.188,0.0,0.0,0.0,0.0,0.0,0.0,0.0,0.0,0.0,0.0,0.0,0.0,0.0,10511.966400000001,0.0,0.0,0.0,0.0,0.0,831.6024,0.0,11.5992,2901.8447999999994,1398.5112000000001,0.0,0.0,0.0,1324.4759999999999,333.4488,1315.2767999999996,32.959199999999996,3.2232000000000003,0.0,492.18,1984.6488000000002,0.0,0.0,0.0,1890.3696,2592.5087999999996,386.65199999999993,1424.3808,0.0,8821.1496,0.0,0.0,1808.3016,124.03200000000001
0.0,0.0,0.0,951.3072,0.0,17536.540800000002,8716.879200000001,415.45680000000004,0.0,901.0559999999999,58.22880000000001,0.0,548.184,34913.0352,50082.729600000006,35.3304,0.0,2745.7584,0.0,21922.1472,69091.28879999998,0.0,66.22319999999999,8604.655200000001,13429.408800000005,0.0,0.0,0.0,0.0,0.0,1076.5608,3742.7136,3391.5912000000003,0.0,0.0,0.0,0.0,0.0,0.0,0.0,0.0,0.0,0.0,0.0,0.0,0.0,0.0,0.0,0.0,0.0,0.0,0.0,0.0,0.0,0.0,0.0,0.0,12.256800000000002,494.8248,0.0,0.0,272.9352,0.0,0.0,0.0,0.0,0.0,0.0,9102.4896,0.0,0.0,0.0,0.0,111.97439999999999,1348.3847999999998,0.0,3229.188,0.0,0.0,0.0,0.0,0.0,0.0,0.0,0.0,0.0,0.0,0.0,0.0,0.0,10511.966400000001,0.0,0.0,0.0,0.0,0.0,831.6024,0.0,11.5992,2901.8447999999994,1398.5112000000001,0.0,0.0,0.0,1324.4759999999999,333.4488,1315.2767999999996,32.959199999999996,3.2232000000000003,0.0,492.18,1984.6488000000002,0.0,0.0,0.0,1890.3696,2592.5087999999996,386.65199999999993,1424.3808,0.0,8821.1496,0.0,0.0,1808.3016,124.03200000000001
0.0,0.0,0.0,951.3072,0.0,17536.540800000002,8716.879200000001,415.45680000000004,0.0,901.0559999999999,58.22880000000001,0.0,548.184,34913.0352,50082.729600000006,35.3304,0.0,2745.7584,0.0,21922.1472,69091.28879999998,0.0,66.22319999999999,8604.655200000001,13429.408800000005,0.0,0.0,0.0,0.0,0.0,1076.5608,3742.7136,3391.5912000000003,0.0,0.0,0.0,0.0,0.0,0.0,0.0,0.0,0.0,0.0,0.0,0.0,0.0,0.0,0.0,0.0,0.0,0.0,0.0,0.0,0.0,0.0,0.0,0.0,12.256800000000002,494.8248,0.0,0.0,272.9352,0.0,0.0,0.0,0.0,0.0,0.0,9102.4896,0.0,0.0,0.0,0.0,111.97439999999999,1348.3847999999998,0.0,3229.188,0.0,0.0,0.0,0.0,0.0,0.0,0.0,0.0,0.0,0.0,0.0,0.0,0.0,10511.966400000001,0.0,0.0,0.0,0.0,0.0,831.6024,0.0,11.5992,2901.8447999999994,1398.5112000000001,0.0,0.0,0.0,1324.4759999999999,333.4488,1315.2767999999996,32.959199999999996,3.2232000000000003,0.0,492.18,1984.6488000000002,0.0,0.0,0.0,1890.3696,2592.5087999999996,386.65199999999993,1424.3808,0.0,8821.1496,0.0,0.0,1808.3016,124.03200000000001
0.0,0.0,0.0,951.3072,0.0,17536.540800000002,8716.879200000001,415.45680000000004,0.0,901.0559999999999,58.22880000000001,0.0,548.184,34913.0352,50082.729600000006,35.3304,0.0,2745.7584,0.0,21922.1472,69091.28879999998,0.0,66.22319999999999,8604.655200000001,13429.408800000005,0.0,0.0,0.0,0.0,0.0,1076.5608,3742.7136,3391.5912000000003,0.0,0.0,0.0,0.0,0.0,0.0,0.0,0.0,0.0,0.0,0.0,0.0,0.0,0.0,0.0,0.0,0.0,0.0,0.0,0.0,0.0,0.0,0.0,0.0,12.256800000000002,494.8248,0.0,0.0,272.9352,0.0,0.0,0.0,0.0,0.0,0.0,9102.4896,0.0,0.0,0.0,0.0,111.97439999999999,1348.3847999999998,0.0,3229.188,0.0,0.0,0.0,0.0,0.0,0.0,0.0,0.0,0.0,0.0,0.0,0.0,0.0,10511.966400000001,0.0,0.0,0.0,0.0,0.0,831.6024,0.0,11.5992,2901.8447999999994,1398.5112000000001,0.0,0.0,0.0,1324.4759999999999,333.4488,1315.2767999999996,32.959199999999996,3.2232000000000003,0.0,492.18,1984.6488000000002,0.0,0.0,0.0,1890.3696,2592.5087999999996,386.65199999999993,1424.3808,0.0,8821.1496,0.0,0.0,1808.3016,124.03200000000001
0.0,0.0,0.0,951.3072,0.0,17536.540800000002,8716.879200000001,415.45680000000004,0.0,901.0559999999999,58.22880000000001,0.0,548.184,34913.0352,50082.729600000006,35.3304,0.0,2745.7584,0.0,21922.1472,69091.28879999998,0.0,66.22319999999999,8604.655200000001,13429.408800000005,0.0,0.0,0.0,0.0,0.0,1076.5608,3742.7136,3391.5912000000003,0.0,0.0,0.0,0.0,0.0,0.0,0.0,0.0,0.0,0.0,0.0,0.0,0.0,0.0,0.0,0.0,0.0,0.0,0.0,0.0,0.0,0.0,0.0,0.0,12.256800000000002,494.8248,0.0,0.0,272.9352,0.0,0.0,0.0,0.0,0.0,0.0,9102.4896,0.0,0.0,0.0,0.0,111.97439999999999,1348.3847999999998,0.0,3229.188,0.0,0.0,0.0,0.0,0.0,0.0,0.0,0.0,0.0,0.0,0.0,0.0,0.0,10511.966400000001,0.0,0.0,0.0,0.0,0.0,831.6024,0.0,11.5992,2901.8447999999994,1398.5112000000001,0.0,0.0,0.0,1324.4759999999999,333.4488,1315.2767999999996,32.959199999999996,3.2232000000000003,0.0,492.18,1984.6488000000002,0.0,0.0,0.0,1890.3696,2592.5087999999996,386.65199999999993,1424.3808,0.0,8821.1496,0.0,0.0,1808.3016,124.03200000000001
0.0,0.0,0.0,951.3072,0.0,17536.540800000002,8716.879200000001,415.45680000000004,0.0,901.0559999999999,58.22880000000001,0.0,548.184,34913.0352,50082.729600000006,35.3304,0.0,2745.7584,0.0,21922.1472,69091.28879999998,0.0,66.22319999999999,8604.655200000001,13429.408800000005,0.0,0.0,0.0,0.0,0.0,1076.5608,3742.7136,3391.5912000000003,0.0,0.0,0.0,0.0,0.0,0.0,0.0,0.0,0.0,0.0,0.0,0.0,0.0,0.0,0.0,0.0,0.0,0.0,0.0,0.0,0.0,0.0,0.0,0.0,12.256800000000002,494.8248,0.0,0.0,272.9352,0.0,0.0,0.0,0.0,0.0,0.0,9102.4896,0.0,0.0,0.0,0.0,111.97439999999999,1348.3847999999998,0.0,3229.188,0.0,0.0,0.0,0.0,0.0,0.0,0.0,0.0,0.0,0.0,0.0,0.0,0.0,10511.966400000001,0.0,0.0,0.0,0.0,0.0,831.6024,0.0,11.5992,2901.8447999999994,1398.5112000000001,0.0,0.0,0.0,1324.4759999999999,333.4488,1315.2767999999996,32.959199999999996,3.2232000000000003,0.0,492.18,1984.6488000000002,0.0,0.0,0.0,1890.3696,2592.5087999999996,386.65199999999993,1424.3808,0.0,8821.1496,0.0,0.0,1808.3016,124.03200000000001
0.0,0.0,0.0,920.0712000000001,0.0,16716.9528,7760.584799999999,369.72,0.0,963.2664,40.416,0.0,568.4184,37323.556800000006,53403.6168,26.4576,0.0,2611.5,0.0,21091.905600000002,71467.79520000001,0.0,52.391999999999996,8991.129599999998,13375.550399999998,0.0,0.0,0.0,0.0,0.0,1324.2336,4603.761600000001,4137.2064,0.0,0.0,0.0,0.0,0.0,0.0,0.0,0.0,0.0,0.0,0.0,0.0,0.0,0.0,0.0,0.0,0.0,0.0,0.0,0.0,0.0,0.0,0.0,0.0,31.0008,491.61119999999994,0.0,0.0,284.54159999999996,0.0,0.0,0.0,0.0,0.0,0.0,9062.5224,0.0,0.0,0.0,0.0,106.43520000000001,1342.464,0.0,3215.0087999999996,0.0,0.0,0.0,0.0,0.0,0.0,0.0,0.0,0.0,0.0,0.0,0.0,0.0,9791.968799999999,0.0,0.0,0.0,0.0,0.0,860.4864,0.0,79.7712,2862.612,1383.0456,0.0,0.0,0.0,1258.632,252.288,1240.2744000000002,30.4032,2.9736,0.0,406.9727999999999,2053.5792,0.0,0.0,0.0,1551.8280000000002,2759.7983999999997,400.92479999999995,1473.8567999999998,736.6776,9146.757599999999,0.0,0.0,6083.323200000001,116.4768
0.0,0.0,0.0,920.0712000000001,0.0,16716.9528,7760.584799999999,369.72,0.0,963.2664,40.416,0.0,568.4184,37323.556800000006,53403.6168,26.4576,0.0,2611.5,0.0,21091.905600000002,71467.79520000001,0.0,52.391999999999996,8991.129599999998,13375.550399999998,0.0,0.0,0.0,0.0,0.0,1324.2336,4603.761600000001,4137.2064,0.0,0.0,0.0,0.0,0.0,0.0,0.0,0.0,0.0,0.0,0.0,0.0,0.0,0.0,0.0,0.0,0.0,0.0,0.0,0.0,0.0,0.0,0.0,0.0,31.0008,491.61119999999994,0.0,0.0,284.54159999999996,0.0,0.0,0.0,0.0,0.0,0.0,9062.5224,0.0,0.0,0.0,0.0,106.43520000000001,1342.464,0.0,3215.0087999999996,0.0,0.0,0.0,0.0,0.0,0.0,0.0,0.0,0.0,0.0,0.0,0.0,0.0,9791.968799999999,0.0,0.0,0.0,0.0,0.0,860.4864,0.0,79.7712,2862.612,1383.0456,0.0,0.0,0.0,1258.632,252.288,1240.2744000000002,30.4032,2.9736,0.0,406.9727999999999,2053.5792,0.0,0.0,0.0,1551.8280000000002,2759.7983999999997,400.92479999999995,1473.8567999999998,736.6776,9146.757599999999,0.0,0.0,6083.323200000001,116.4768
0.0,0.0,0.0,920.0712000000001,0.0,16716.9528,7760.584799999999,369.72,0.0,963.2664,40.416,0.0,568.4184,37323.556800000006,53403.6168,26.4576,0.0,2611.5,0.0,21091.905600000002,71467.79520000001,0.0,52.391999999999996,8991.129599999998,13375.550399999998,0.0,0.0,0.0,0.0,0.0,1324.2336,4603.761600000001,4137.2064,0.0,0.0,0.0,0.0,0.0,0.0,0.0,0.0,0.0,0.0,0.0,0.0,0.0,0.0,0.0,0.0,0.0,0.0,0.0,0.0,0.0,0.0,0.0,0.0,31.0008,491.61119999999994,0.0,0.0,284.54159999999996,0.0,0.0,0.0,0.0,0.0,0.0,9062.5224,0.0,0.0,0.0,0.0,106.43520000000001,1342.464,0.0,3215.0087999999996,0.0,0.0,0.0,0.0,0.0,0.0,0.0,0.0,0.0,0.0,0.0,0.0,0.0,9791.968799999999,0.0,0.0,0.0,0.0,0.0,860.4864,0.0,79.7712,2862.612,1383.0456,0.0,0.0,0.0,1258.632,252.288,1240.2744000000002,30.4032,2.9736,0.0,406.9727999999999,2053.5792,0.0,0.0,0.0,1551.8280000000002,2759.7983999999997,400.92479999999995,1473.8567999999998,736.6776,9146.757599999999,0.0,0.0,6083.323200000001,116.4768
0.0,0.0,0.0,920.0712000000001,0.0,16716.9528,7760.584799999999,369.72,0.0,963.2664,40.416,0.0,568.4184,37323.556800000006,53403.6168,26.4576,0.0,2611.5,0.0,21091.905600000002,71467.79520000001,0.0,52.391999999999996,8991.129599999998,13375.550399999998,0.0,0.0,0.0,0.0,0.0,1324.2336,4603.761600000001,4137.2064,0.0,0.0,0.0,0.0,0.0,0.0,0.0,0.0,0.0,0.0,0.0,0.0,0.0,0.0,0.0,0.0,0.0,0.0,0.0,0.0,0.0,0.0,0.0,0.0,31.0008,491.61119999999994,0.0,0.0,284.54159999999996,0.0,0.0,0.0,0.0,0.0,0.0,9062.5224,0.0,0.0,0.0,0.0,106.43520000000001,1342.464,0.0,3215.0087999999996,0.0,0.0,0.0,0.0,0.0,0.0,0.0,0.0,0.0,0.0,0.0,0.0,0.0,9791.968799999999,0.0,0.0,0.0,0.0,0.0,860.4864,0.0,79.7712,2862.612,1383.0456,0.0,0.0,0.0,1258.632,252.288,1240.2744000000002,30.4032,2.9736,0.0,406.9727999999999,2053.5792,0.0,0.0,0.0,1551.8280000000002,2759.7983999999997,400.92479999999995,1473.8567999999998,736.6776,9146.757599999999,0.0,0.0,6083.323200000001,116.4768
0.0,0.0,0.0,920.0712000000001,0.0,16716.9528,7760.584799999999,369.72,0.0,963.2664,40.416,0.0,568.4184,37323.556800000006,53403.6168,26.4576,0.0,2611.5,0.0,21091.905600000002,71467.79520000001,0.0,52.391999999999996,8991.129599999998,13375.550399999998,0.0,0.0,0.0,0.0,0.0,1324.2336,4603.761600000001,4137.2064,0.0,0.0,0.0,0.0,0.0,0.0,0.0,0.0,0.0,0.0,0.0,0.0,0.0,0.0,0.0,0.0,0.0,0.0,0.0,0.0,0.0,0.0,0.0,0.0,31.0008,491.61119999999994,0.0,0.0,284.54159999999996,0.0,0.0,0.0,0.0,0.0,0.0,9062.5224,0.0,0.0,0.0,0.0,106.43520000000001,1342.464,0.0,3215.0087999999996,0.0,0.0,0.0,0.0,0.0,0.0,0.0,0.0,0.0,0.0,0.0,0.0,0.0,9791.968799999999,0.0,0.0,0.0,0.0,0.0,860.4864,0.0,79.7712,2862.612,1383.0456,0.0,0.0,0.0,1258.632,252.288,1240.2744000000002,30.4032,2.9736,0.0,406.9727999999999,2053.5792,0.0,0.0,0.0,1551.8280000000002,2759.7983999999997,400.92479999999995,1473.8567999999998,736.6776,9146.757599999999,0.0,0.0,6083.323200000001,116.4768
0.0,0.0,0.0,920.0712000000001,0.0,16716.9528,7760.584799999999,369.72,0.0,963.2664,40.416,0.0,568.4184,37323.556800000006,53403.6168,26.4576,0.0,2611.5,0.0,21091.905600000002,71467.79520000001,0.0,52.391999999999996,8991.129599999998,13375.550399999998,0.0,0.0,0.0,0.0,0.0,1324.2336,4603.761600000001,4137.2064,0.0,0.0,0.0,0.0,0.0,0.0,0.0,0.0,0.0,0.0,0.0,0.0,0.0,0.0,0.0,0.0,0.0,0.0,0.0,0.0,0.0,0.0,0.0,0.0,31.0008,491.61119999999994,0.0,0.0,284.54159999999996,0.0,0.0,0.0,0.0,0.0,0.0,9062.5224,0.0,0.0,0.0,0.0,106.43520000000001,1342.464,0.0,3215.0087999999996,0.0,0.0,0.0,0.0,0.0,0.0,0.0,0.0,0.0,0.0,0.0,0.0,0.0,9791.968799999999,0.0,0.0,0.0,0.0,0.0,860.4864,0.0,79.7712,2862.612,1383.0456,0.0,0.0,0.0,1258.632,252.288,1240.2744000000002,30.4032,2.9736,0.0,406.9727999999999,2053.5792,0.0,0.0,0.0,1551.8280000000002,2759.7983999999997,400.92479999999995,1473.8567999999998,736.6776,9146.757599999999,0.0,0.0,6083.323200000001,116.4768
0.0,0.0,0.0,920.0712000000001,0.0,16716.9528,7760.584799999999,369.72,0.0,963.2664,40.416,0.0,568.4184,37323.556800000006,53403.6168,26.4576,0.0,2611.5,0.0,21091.905600000002,71467.79520000001,0.0,52.391999999999996,8991.129599999998,13375.550399999998,0.0,0.0,0.0,0.0,0.0,1324.2336,4603.761600000001,4137.2064,0.0,0.0,0.0,0.0,0.0,0.0,0.0,0.0,0.0,0.0,0.0,0.0,0.0,0.0,0.0,0.0,0.0,0.0,0.0,0.0,0.0,0.0,0.0,0.0,31.0008,491.61119999999994,0.0,0.0,284.54159999999996,0.0,0.0,0.0,0.0,0.0,0.0,9062.5224,0.0,0.0,0.0,0.0,106.43520000000001,1342.464,0.0,3215.0087999999996,0.0,0.0,0.0,0.0,0.0,0.0,0.0,0.0,0.0,0.0,0.0,0.0,0.0,9791.968799999999,0.0,0.0,0.0,0.0,0.0,860.4864,0.0,79.7712,2862.612,1383.0456,0.0,0.0,0.0,1258.632,252.288,1240.2744000000002,30.4032,2.9736,0.0,406.9727999999999,2053.5792,0.0,0.0,0.0,1551.8280000000002,2759.7983999999997,400.92479999999995,1473.8567999999998,736.6776,9146.757599999999,0.0,0.0,6083.323200000001,116.4768
0.0,0.0,0.0,863.868,0.0,16340.440799999998,9656.500799999998,463.70399999999995,0.0,888.4272000000001,45.7992,0.0,551.8607999999999,34423.7352,49469.208,31.598399999999998,0.0,2698.9344000000006,0.0,16542.6792,63108.40560000001,0.0,66.89999999999999,8579.4432,13690.526400000004,0.0,0.0,0.0,0.0,0.0,1325.0616,4606.634400000001,4180.588799999999,0.0,0.0,0.0,0.0,0.0,0.0,0.0,0.0,0.0,0.0,0.0,0.0,0.0,0.0,0.0,0.0,0.0,0.0,0.0,0.0,0.0,0.0,0.0,0.0,25.0008,494.0136,0.0,0.0,289.716,0.0,0.0,0.0,0.0,0.0,0.0,9112.4808,0.0,0.0,0.0,0.0,105.5112,1349.8656,0.0,3232.7304000000004,0.0,0.0,0.0,0.0,0.0,0.0,0.0,0.0,0.0,0.0,0.0,0.0,0.0,6819.407999999999,0.0,0.0,0.0,0.0,0.0,918.9624000000001,0.0,63.815999999999995,2370.4248000000007,1401.8256000000001,0.0,0.0,0.0,1278.804,184.7928,1272.5088,48.888,4.780799999999999,0.0,423.1536,2193.1344,0.0,0.0,0.0,2555.7047999999995,3430.8240000000005,389.24879999999996,1574.0184,921.5999999999999,8880.348,0.0,0.0,6875.1720000000005,0.1272
0.0,0.0,0.0,863.868,0.0,16340.440799999998,9656.500799999998,463.70399999999995,0.0,888.4272000000001,45.7992,0.0,551.8607999999999,34423.7352,49469.208,31.598399999999998,0.0,2698.9344000000006,0.0,16542.6792,63108.40560000001,0.0,66.89999999999999,8579.4432,13690.526400000004,0.0,0.0,0.0,0.0,0.0,1325.0616,4606.634400000001,4180.588799999999,0.0,0.0,0.0,0.0,0.0,0.0,0.0,0.0,0.0,0.0,0.0,0.0,0.0,0.0,0.0,0.0,0.0,0.0,0.0,0.0,0.0,0.0,0.0,0.0,25.0008,494.0136,0.0,0.0,289.716,0.0,0.0,0.0,0.0,0.0,0.0,9112.4808,0.0,0.0,0.0,0.0,105.5112,1349.8656,0.0,3232.7304000000004,0.0,0.0,0.0,0.0,0.0,0.0,0.0,0.0,0.0,0.0,0.0,0.0,0.0,6819.407999999999,0.0,0.0,0.0,0.0,0.0,918.9624000000001,0.0,63.815999999999995,2370.4248000000007,1401.8256000000001,0.0,0.0,0.0,1278.804,184.7928,1272.5088,48.888,4.780799999999999,0.0,423.1536,2193.1344,0.0,0.0,0.0,2555.7047999999995,3430.8240000000005,389.24879999999996,1574.0184,921.5999999999999,8880.348,0.0,0.0,6875.1720000000005,0.1272
0.0,0.0,0.0,863.868,0.0,16340.440799999998,9656.500799999998,463.70399999999995,0.0,888.4272000000001,45.7992,0.0,551.8607999999999,34423.7352,49469.208,31.598399999999998,0.0,2698.9344000000006,0.0,16542.6792,63108.40560000001,0.0,66.89999999999999,8579.4432,13690.526400000004,0.0,0.0,0.0,0.0,0.0,1325.0616,4606.634400000001,4180.588799999999,0.0,0.0,0.0,0.0,0.0,0.0,0.0,0.0,0.0,0.0,0.0,0.0,0.0,0.0,0.0,0.0,0.0,0.0,0.0,0.0,0.0,0.0,0.0,0.0,25.0008,494.0136,0.0,0.0,289.716,0.0,0.0,0.0,0.0,0.0,0.0,9112.4808,0.0,0.0,0.0,0.0,105.5112,1349.8656,0.0,3232.7304000000004,0.0,0.0,0.0,0.0,0.0,0.0,0.0,0.0,0.0,0.0,0.0,0.0,0.0,6819.407999999999,0.0,0.0,0.0,0.0,0.0,918.9624000000001,0.0,63.815999999999995,2370.4248000000007,1401.8256000000001,0.0,0.0,0.0,1278.804,184.7928,1272.5088,48.888,4.780799999999999,0.0,423.1536,2193.1344,0.0,0.0,0.0,2555.7047999999995,3430.8240000000005,389.24879999999996,1574.0184,921.5999999999999,8880.348,0.0,0.0,6875.1720000000005,0.1272
0.0,0.0,0.0,863.868,0.0,16340.440799999998,9656.500799999998,463.70399999999995,0.0,888.4272000000001,45.7992,0.0,551.8607999999999,34423.7352,49469.208,31.598399999999998,0.0,2698.9344000000006,0.0,16542.6792,63108.40560000001,0.0,66.89999999999999,8579.4432,13690.526400000004,0.0,0.0,0.0,0.0,0.0,1325.0616,4606.634400000001,4180.588799999999,0.0,0.0,0.0,0.0,0.0,0.0,0.0,0.0,0.0,0.0,0.0,0.0,0.0,0.0,0.0,0.0,0.0,0.0,0.0,0.0,0.0,0.0,0.0,0.0,25.0008,494.0136,0.0,0.0,289.716,0.0,0.0,0.0,0.0,0.0,0.0,9112.4808,0.0,0.0,0.0,0.0,105.5112,1349.8656,0.0,3232.7304000000004,0.0,0.0,0.0,0.0,0.0,0.0,0.0,0.0,0.0,0.0,0.0,0.0,0.0,6819.407999999999,0.0,0.0,0.0,0.0,0.0,918.9624000000001,0.0,63.815999999999995,2370.4248000000007,1401.8256000000001,0.0,0.0,0.0,1278.804,184.7928,1272.5088,48.888,4.780799999999999,0.0,423.1536,2193.1344,0.0,0.0,0.0,2555.7047999999995,3430.8240000000005,389.24879999999996,1574.0184,921.5999999999999,8880.348,0.0,0.0,6875.1720000000005,0.1272
0.0,0.0,0.0,863.868,0.0,16340.440799999998,9656.500799999998,463.70399999999995,0.0,888.4272000000001,45.7992,0.0,551.8607999999999,34423.7352,49469.208,31.598399999999998,0.0,2698.9344000000006,0.0,16542.6792,63108.40560000001,0.0,66.89999999999999,8579.4432,13690.526400000004,0.0,0.0,0.0,0.0,0.0,1325.0616,4606.634400000001,4180.588799999999,0.0,0.0,0.0,0.0,0.0,0.0,0.0,0.0,0.0,0.0,0.0,0.0,0.0,0.0,0.0,0.0,0.0,0.0,0.0,0.0,0.0,0.0,0.0,0.0,25.0008,494.0136,0.0,0.0,289.716,0.0,0.0,0.0,0.0,0.0,0.0,9112.4808,0.0,0.0,0.0,0.0,105.5112,1349.8656,0.0,3232.7304000000004,0.0,0.0,0.0,0.0,0.0,0.0,0.0,0.0,0.0,0.0,0.0,0.0,0.0,6819.407999999999,0.0,0.0,0.0,0.0,0.0,918.9624000000001,0.0,63.815999999999995,2370.4248000000007,1401.8256000000001,0.0,0.0,0.0,1278.804,184.7928,1272.5088,48.888,4.780799999999999,0.0,423.1536,2193.1344,0.0,0.0,0.0,2555.7047999999995,3430.8240000000005,389.24879999999996,1574.0184,921.5999999999999,8880.348,0.0,0.0,6875.1720000000005,0.1272
0.0,0.0,0.0,863.868,0.0,16340.440799999998,9656.500799999998,463.70399999999995,0.0,888.4272000000001,45.7992,0.0,551.8607999999999,34423.7352,49469.208,31.598399999999998,0.0,2698.9344000000006,0.0,16542.6792,63108.40560000001,0.0,66.89999999999999,8579.4432,13690.526400000004,0.0,0.0,0.0,0.0,0.0,1325.0616,4606.634400000001,4180.588799999999,0.0,0.0,0.0,0.0,0.0,0.0,0.0,0.0,0.0,0.0,0.0,0.0,0.0,0.0,0.0,0.0,0.0,0.0,0.0,0.0,0.0,0.0,0.0,0.0,25.0008,494.0136,0.0,0.0,289.716,0.0,0.0,0.0,0.0,0.0,0.0,9112.4808,0.0,0.0,0.0,0.0,105.5112,1349.8656,0.0,3232.7304000000004,0.0,0.0,0.0,0.0,0.0,0.0,0.0,0.0,0.0,0.0,0.0,0.0,0.0,6819.407999999999,0.0,0.0,0.0,0.0,0.0,918.9624000000001,0.0,63.815999999999995,2370.4248000000007,1401.8256000000001,0.0,0.0,0.0,1278.804,184.7928,1272.5088,48.888,4.780799999999999,0.0,423.1536,2193.1344,0.0,0.0,0.0,2555.7047999999995,3430.8240000000005,389.24879999999996,1574.0184,921.5999999999999,8880.348,0.0,0.0,6875.1720000000005,0.1272
0.0,0.0,0.0,863.868,0.0,16340.440799999998,9656.500799999998,463.70399999999995,0.0,888.4272000000001,45.7992,0.0,551.8607999999999,34423.7352,49469.208,31.598399999999998,0.0,2698.9344000000006,0.0,16542.6792,63108.40560000001,0.0,66.89999999999999,8579.4432,13690.526400000004,0.0,0.0,0.0,0.0,0.0,1325.0616,4606.634400000001,4180.588799999999,0.0,0.0,0.0,0.0,0.0,0.0,0.0,0.0,0.0,0.0,0.0,0.0,0.0,0.0,0.0,0.0,0.0,0.0,0.0,0.0,0.0,0.0,0.0,0.0,25.0008,494.0136,0.0,0.0,289.716,0.0,0.0,0.0,0.0,0.0,0.0,9112.4808,0.0,0.0,0.0,0.0,105.5112,1349.8656,0.0,3232.7304000000004,0.0,0.0,0.0,0.0,0.0,0.0,0.0,0.0,0.0,0.0,0.0,0.0,0.0,6819.407999999999,0.0,0.0,0.0,0.0,0.0,918.9624000000001,0.0,63.815999999999995,2370.4248000000007,1401.8256000000001,0.0,0.0,0.0,1278.804,184.7928,1272.5088,48.888,4.780799999999999,0.0,423.1536,2193.1344,0.0,0.0,0.0,2555.7047999999995,3430.8240000000005,389.24879999999996,1574.0184,921.5999999999999,8880.348,0.0,0.0,6875.1720000000005,0.1272
0.0,0.0,0.0,958.2888,0.0,17595.7944,9298.8936,445.00079999999997,0.0,1021.9512000000002,48.0912,0.0,589.7544,39597.36719999999,56553.667199999996,25.946399999999997,0.0,2533.8864000000003,0.0,12589.9104,70613.448,0.0,56.1456,7978.480799999999,13388.287199999999,0.0,0.0,0.0,0.0,0.0,1215.2568,4224.9024,3844.514399999998,0.0,0.0,0.0,0.0,0.0,0.0,0.0,0.0,0.0,0.0,0.0,0.0,0.0,0.0,0.0,0.0,0.0,0.0,0.0,0.0,0.0,0.0,0.0,0.0,21.1248,493.7112,0.0,0.0,279.2568,0.0,0.0,0.0,0.0,0.0,0.0,9062.5224,0.0,0.0,0.0,0.0,116.66159999999999,1342.464,0.0,3215.0087999999996,0.0,0.0,0.0,0.0,0.0,0.0,0.0,0.0,0.0,0.0,0.0,0.0,0.0,3648.8448,0.0,0.0,0.0,0.0,0.0,873.4224,0.0,6.0456,2261.352,1399.6176,0.0,0.0,0.0,1209.9144000000001,237.6024,1206.3432,53.8968,5.2703999999999995,0.0,350.0064,2084.4504,0.0,0.0,0.0,2764.6776,3093.4415999999997,415.9752,1496.0112,834.2447999999999,9490.1328,0.0,0.0,6588.624000000002,0.0912
0.0,0.0,0.0,958.2888,0.0,17595.7944,9298.8936,445.00079999999997,0.0,1021.9512000000002,48.0912,0.0,589.7544,39597.36719999999,56553.667199999996,25.946399999999997,0.0,2533.8864000000003,0.0,12589.9104,70613.448,0.0,56.1456,7978.480799999999,13388.287199999999,0.0,0.0,0.0,0.0,0.0,1215.2568,4224.9024,3844.514399999998,0.0,0.0,0.0,0.0,0.0,0.0,0.0,0.0,0.0,0.0,0.0,0.0,0.0,0.0,0.0,0.0,0.0,0.0,0.0,0.0,0.0,0.0,0.0,0.0,21.1248,493.7112,0.0,0.0,279.2568,0.0,0.0,0.0,0.0,0.0,0.0,9062.5224,0.0,0.0,0.0,0.0,116.66159999999999,1342.464,0.0,3215.0087999999996,0.0,0.0,0.0,0.0,0.0,0.0,0.0,0.0,0.0,0.0,0.0,0.0,0.0,3648.8448,0.0,0.0,0.0,0.0,0.0,873.4224,0.0,6.0456,2261.352,1399.6176,0.0,0.0,0.0,1209.9144000000001,237.6024,1206.3432,53.8968,5.2703999999999995,0.0,350.0064,2084.4504,0.0,0.0,0.0,2764.6776,3093.4415999999997,415.9752,1496.0112,834.2447999999999,9490.1328,0.0,0.0,6588.624000000002,0.0912
0.0,0.0,0.0,958.2888,0.0,17595.7944,9298.8936,445.00079999999997,0.0,1021.9512000000002,48.0912,0.0,589.7544,39597.36719999999,56553.667199999996,25.946399999999997,0.0,2533.8864000000003,0.0,12589.9104,70613.448,0.0,56.1456,7978.480799999999,13388.287199999999,0.0,0.0,0.0,0.0,0.0,1215.2568,4224.9024,3844.514399999998,0.0,0.0,0.0,0.0,0.0,0.0,0.0,0.0,0.0,0.0,0.0,0.0,0.0,0.0,0.0,0.0,0.0,0.0,0.0,0.0,0.0,0.0,0.0,0.0,21.1248,493.7112,0.0,0.0,279.2568,0.0,0.0,0.0,0.0,0.0,0.0,9062.5224,0.0,0.0,0.0,0.0,116.66159999999999,1342.464,0.0,3215.0087999999996,0.0,0.0,0.0,0.0,0.0,0.0,0.0,0.0,0.0,0.0,0.0,0.0,0.0,3648.8448,0.0,0.0,0.0,0.0,0.0,873.4224,0.0,6.0456,2261.352,1399.6176,0.0,0.0,0.0,1209.9144000000001,237.6024,1206.3432,53.8968,5.2703999999999995,0.0,350.0064,2084.4504,0.0,0.0,0.0,2764.6776,3093.4415999999997,415.9752,1496.0112,834.2447999999999,9490.1328,0.0,0.0,6588.624000000002,0.0912
0.0,0.0,0.0,958.2888,0.0,17595.7944,9298.8936,445.00079999999997,0.0,1021.9512000000002,48.0912,0.0,589.7544,39597.36719999999,56553.667199999996,25.946399999999997,0.0,2533.8864000000003,0.0,12589.9104,70613.448,0.0,56.1456,7978.480799999999,13388.287199999999,0.0,0.0,0.0,0.0,0.0,1215.2568,4224.9024,3844.514399999998,0.0,0.0,0.0,0.0,0.0,0.0,0.0,0.0,0.0,0.0,0.0,0.0,0.0,0.0,0.0,0.0,0.0,0.0,0.0,0.0,0.0,0.0,0.0,0.0,21.1248,493.7112,0.0,0.0,279.2568,0.0,0.0,0.0,0.0,0.0,0.0,9062.5224,0.0,0.0,0.0,0.0,116.66159999999999,1342.464,0.0,3215.0087999999996,0.0,0.0,0.0,0.0,0.0,0.0,0.0,0.0,0.0,0.0,0.0,0.0,0.0,3648.8448,0.0,0.0,0.0,0.0,0.0,873.4224,0.0,6.0456,2261.352,1399.6176,0.0,0.0,0.0,1209.9144000000001,237.6024,1206.3432,53.8968,5.2703999999999995,0.0,350.0064,2084.4504,0.0,0.0,0.0,2764.6776,3093.4415999999997,415.9752,1496.0112,834.2447999999999,9490.1328,0.0,0.0,6588.624000000002,0.0912
0.0,0.0,0.0,958.2888,0.0,17595.7944,9298.8936,445.00079999999997,0.0,1021.9512000000002,48.0912,0.0,589.7544,39597.36719999999,56553.667199999996,25.946399999999997,0.0,2533.8864000000003,0.0,12589.9104,70613.448,0.0,56.1456,7978.480799999999,13388.287199999999,0.0,0.0,0.0,0.0,0.0,1215.2568,4224.9024,3844.514399999998,0.0,0.0,0.0,0.0,0.0,0.0,0.0,0.0,0.0,0.0,0.0,0.0,0.0,0.0,0.0,0.0,0.0,0.0,0.0,0.0,0.0,0.0,0.0,0.0,21.1248,493.7112,0.0,0.0,279.2568,0.0,0.0,0.0,0.0,0.0,0.0,9062.5224,0.0,0.0,0.0,0.0,116.66159999999999,1342.464,0.0,3215.0087999999996,0.0,0.0,0.0,0.0,0.0,0.0,0.0,0.0,0.0,0.0,0.0,0.0,0.0,3648.8448,0.0,0.0,0.0,0.0,0.0,873.4224,0.0,6.0456,2261.352,1399.6176,0.0,0.0,0.0,1209.9144000000001,237.6024,1206.3432,53.8968,5.2703999999999995,0.0,350.0064,2084.4504,0.0,0.0,0.0,2764.6776,3093.4415999999997,415.9752,1496.0112,834.2447999999999,9490.1328,0.0,0.0,6588.624000000002,0.0912
0.0,0.0,0.0,958.2888,0.0,17595.7944,9298.8936,445.00079999999997,0.0,1021.9512000000002,48.0912,0.0,589.7544,39597.36719999999,56553.667199999996,25.946399999999997,0.0,2533.8864000000003,0.0,12589.9104,70613.448,0.0,56.1456,7978.480799999999,13388.287199999999,0.0,0.0,0.0,0.0,0.0,1215.2568,4224.9024,3844.514399999998,0.0,0.0,0.0,0.0,0.0,0.0,0.0,0.0,0.0,0.0,0.0,0.0,0.0,0.0,0.0,0.0,0.0,0.0,0.0,0.0,0.0,0.0,0.0,0.0,21.1248,493.7112,0.0,0.0,279.2568,0.0,0.0,0.0,0.0,0.0,0.0,9062.5224,0.0,0.0,0.0,0.0,116.66159999999999,1342.464,0.0,3215.0087999999996,0.0,0.0,0.0,0.0,0.0,0.0,0.0,0.0,0.0,0.0,0.0,0.0,0.0,3648.8448,0.0,0.0,0.0,0.0,0.0,873.4224,0.0,6.0456,2261.352,1399.6176,0.0,0.0,0.0,1209.9144000000001,237.6024,1206.3432,53.8968,5.2703999999999995,0.0,350.0064,2084.4504,0.0,0.0,0.0,2764.6776,3093.4415999999997,415.9752,1496.0112,834.2447999999999,9490.1328,0.0,0.0,6588.624000000002,0.0912
0.0,0.0,0.0,958.2888,0.0,17595.7944,9298.8936,445.00079999999997,0.0,1021.9512000000002,48.0912,0.0,589.7544,39597.36719999999,56553.667199999996,25.946399999999997,0.0,2533.8864000000003,0.0,12589.9104,70613.448,0.0,56.1456,7978.480799999999,13388.287199999999,0.0,0.0,0.0,0.0,0.0,1215.2568,4224.9024,3844.514399999998,0.0,0.0,0.0,0.0,0.0,0.0,0.0,0.0,0.0,0.0,0.0,0.0,0.0,0.0,0.0,0.0,0.0,0.0,0.0,0.0,0.0,0.0,0.0,0.0,21.1248,493.7112,0.0,0.0,279.2568,0.0,0.0,0.0,0.0,0.0,0.0,9062.5224,0.0,0.0,0.0,0.0,116.66159999999999,1342.464,0.0,3215.0087999999996,0.0,0.0,0.0,0.0,0.0,0.0,0.0,0.0,0.0,0.0,0.0,0.0,0.0,3648.8448,0.0,0.0,0.0,0.0,0.0,873.4224,0.0,6.0456,2261.352,1399.6176,0.0,0.0,0.0,1209.9144000000001,237.6024,1206.3432,53.8968,5.2703999999999995,0.0,350.0064,2084.4504,0.0,0.0,0.0,2764.6776,3093.4415999999997,415.9752,1496.0112,834.2447999999999,9490.1328,0.0,0.0,6588.624000000002,0.0912
0.0,0.0,0.0,682.6800000000001,0.0,14176.214400000004,7851.5328,394.95599999999996,0.0,949.4472,48.1176,0.0,588.6528000000001,37059.6048,58414.951199999996,23.404799999999998,0.0,2332.0896000000002,0.0,13505.018399999997,67585.5432,0.0,54.2568,6018.040799999999,11016.657600000002,0.0,0.0,0.0,0.0,0.0,775.6032,1467.3816000000004,525.048,0.0,0.0,0.0,0.0,0.0,0.0,0.0,0.0,0.0,0.0,0.0,0.0,0.0,0.0,0.0,0.0,0.0,0.0,0.0,0.0,0.0,0.0,0.0,0.0,31.1064,428.6976,0.0,0.0,302.9616,0.0,0.0,0.0,0.0,0.0,0.0,7311.5016,0.0,0.0,0.0,0.0,109.3872,1241.5344,0.0,2695.092,0.0,0.0,0.0,0.0,0.0,0.0,0.0,0.0,0.0,0.0,0.0,0.0,0.0,8286.2232,0.0,0.0,0.0,0.0,0.0,908.6951999999999,0.0,7.3368,2090.4287999999997,1499.4648,0.0,0.0,0.0,940.3392000000001,216.6408,1018.5887999999999,59.2488,5.795999999999999,0.0,287.2464,2168.6351999999997,0.0,0.0,0.0,993.1368,1998.2832000000003,415.1952,1556.4288000000001,462.3216,7569.7968,0.0,0.0,4121.7336,0.07680000000000001
0.0,0.0,0.0,682.6800000000001,0.0,14176.214400000004,7851.5328,394.95599999999996,0.0,949.4472,48.1176,0.0,588.6528000000001,37059.6048,58414.951199999996,23.404799999999998,0.0,2332.0896000000002,0.0,13505.018399999997,67585.5432,0.0,54.2568,6018.040799999999,11016.657600000002,0.0,0.0,0.0,0.0,0.0,775.6032,1467.3816000000004,525.048,0.0,0.0,0.0,0.0,0.0,0.0,0.0,0.0,0.0,0.0,0.0,0.0,0.0,0.0,0.0,0.0,0.0,0.0,0.0,0.0,0.0,0.0,0.0,0.0,31.1064,428.6976,0.0,0.0,302.9616,0.0,0.0,0.0,0.0,0.0,0.0,7311.5016,0.0,0.0,0.0,0.0,109.3872,1241.5344,0.0,2695.092,0.0,0.0,0.0,0.0,0.0,0.0,0.0,0.0,0.0,0.0,0.0,0.0,0.0,8286.2232,0.0,0.0,0.0,0.0,0.0,908.6951999999999,0.0,7.3368,2090.4287999999997,1499.4648,0.0,0.0,0.0,940.3392000000001,216.6408,1018.5887999999999,59.2488,5.795999999999999,0.0,287.2464,2168.6351999999997,0.0,0.0,0.0,993.1368,1998.2832000000003,415.1952,1556.4288000000001,462.3216,7569.7968,0.0,0.0,4121.7336,0.07680000000000001
0.0,0.0,0.0,682.6800000000001,0.0,14176.214400000004,7851.5328,394.95599999999996,0.0,949.4472,48.1176,0.0,588.6528000000001,37059.6048,58414.951199999996,23.404799999999998,0.0,2332.0896000000002,0.0,13505.018399999997,67585.5432,0.0,54.2568,6018.040799999999,11016.657600000002,0.0,0.0,0.0,0.0,0.0,775.6032,1467.3816000000004,525.048,0.0,0.0,0.0,0.0,0.0,0.0,0.0,0.0,0.0,0.0,0.0,0.0,0.0,0.0,0.0,0.0,0.0,0.0,0.0,0.0,0.0,0.0,0.0,0.0,31.1064,428.6976,0.0,0.0,302.9616,0.0,0.0,0.0,0.0,0.0,0.0,7311.5016,0.0,0.0,0.0,0.0,109.3872,1241.5344,0.0,2695.092,0.0,0.0,0.0,0.0,0.0,0.0,0.0,0.0,0.0,0.0,0.0,0.0,0.0,8286.2232,0.0,0.0,0.0,0.0,0.0,908.6951999999999,0.0,7.3368,2090.4287999999997,1499.4648,0.0,0.0,0.0,940.3392000000001,216.6408,1018.5887999999999,59.2488,5.795999999999999,0.0,287.2464,2168.6351999999997,0.0,0.0,0.0,993.1368,1998.2832000000003,415.1952,1556.4288000000001,462.3216,7569.7968,0.0,0.0,4121.7336,0.07680000000000001
0.0,0.0,0.0,682.6800000000001,0.0,14176.214400000004,7851.5328,394.95599999999996,0.0,949.4472,48.1176,0.0,588.6528000000001,37059.6048,58414.951199999996,23.404799999999998,0.0,2332.0896000000002,0.0,13505.018399999997,67585.5432,0.0,54.2568,6018.040799999999,11016.657600000002,0.0,0.0,0.0,0.0,0.0,775.6032,1467.3816000000004,525.048,0.0,0.0,0.0,0.0,0.0,0.0,0.0,0.0,0.0,0.0,0.0,0.0,0.0,0.0,0.0,0.0,0.0,0.0,0.0,0.0,0.0,0.0,0.0,0.0,31.1064,428.6976,0.0,0.0,302.9616,0.0,0.0,0.0,0.0,0.0,0.0,7311.5016,0.0,0.0,0.0,0.0,109.3872,1241.5344,0.0,2695.092,0.0,0.0,0.0,0.0,0.0,0.0,0.0,0.0,0.0,0.0,0.0,0.0,0.0,8286.2232,0.0,0.0,0.0,0.0,0.0,908.6951999999999,0.0,7.3368,2090.4287999999997,1499.4648,0.0,0.0,0.0,940.3392000000001,216.6408,1018.5887999999999,59.2488,5.795999999999999,0.0,287.2464,2168.6351999999997,0.0,0.0,0.0,993.1368,1998.2832000000003,415.1952,1556.4288000000001,462.3216,7569.7968,0.0,0.0,4121.7336,0.07680000000000001
0.0,0.0,0.0,682.6800000000001,0.0,14176.214400000004,7851.5328,394.95599999999996,0.0,949.4472,48.1176,0.0,588.6528000000001,37059.6048,58414.951199999996,23.404799999999998,0.0,2332.0896000000002,0.0,13505.018399999997,67585.5432,0.0,54.2568,6018.040799999999,11016.657600000002,0.0,0.0,0.0,0.0,0.0,775.6032,1467.3816000000004,525.048,0.0,0.0,0.0,0.0,0.0,0.0,0.0,0.0,0.0,0.0,0.0,0.0,0.0,0.0,0.0,0.0,0.0,0.0,0.0,0.0,0.0,0.0,0.0,0.0,31.1064,428.6976,0.0,0.0,302.9616,0.0,0.0,0.0,0.0,0.0,0.0,7311.5016,0.0,0.0,0.0,0.0,109.3872,1241.5344,0.0,2695.092,0.0,0.0,0.0,0.0,0.0,0.0,0.0,0.0,0.0,0.0,0.0,0.0,0.0,8286.2232,0.0,0.0,0.0,0.0,0.0,908.6951999999999,0.0,7.3368,2090.4287999999997,1499.4648,0.0,0.0,0.0,940.3392000000001,216.6408,1018.5887999999999,59.2488,5.795999999999999,0.0,287.2464,2168.6351999999997,0.0,0.0,0.0,993.1368,1998.2832000000003,415.1952,1556.4288000000001,462.3216,7569.7968,0.0,0.0,4121.7336,0.07680000000000001
0.0,0.0,0.0,682.6800000000001,0.0,14176.214400000004,7851.5328,394.95599999999996,0.0,949.4472,48.1176,0.0,588.6528000000001,37059.6048,58414.951199999996,23.404799999999998,0.0,2332.0896000000002,0.0,13505.018399999997,67585.5432,0.0,54.2568,6018.040799999999,11016.657600000002,0.0,0.0,0.0,0.0,0.0,775.6032,1467.3816000000004,525.048,0.0,0.0,0.0,0.0,0.0,0.0,0.0,0.0,0.0,0.0,0.0,0.0,0.0,0.0,0.0,0.0,0.0,0.0,0.0,0.0,0.0,0.0,0.0,0.0,31.1064,428.6976,0.0,0.0,302.9616,0.0,0.0,0.0,0.0,0.0,0.0,7311.5016,0.0,0.0,0.0,0.0,109.3872,1241.5344,0.0,2695.092,0.0,0.0,0.0,0.0,0.0,0.0,0.0,0.0,0.0,0.0,0.0,0.0,0.0,8286.2232,0.0,0.0,0.0,0.0,0.0,908.6951999999999,0.0,7.3368,2090.4287999999997,1499.4648,0.0,0.0,0.0,940.3392000000001,216.6408,1018.5887999999999,59.2488,5.795999999999999,0.0,287.2464,2168.6351999999997,0.0,0.0,0.0,993.1368,1998.2832000000003,415.1952,1556.4288000000001,462.3216,7569.7968,0.0,0.0,4121.7336,0.07680000000000001
0.0,0.0,0.0,682.6800000000001,0.0,14176.214400000004,7851.5328,394.95599999999996,0.0,949.4472,48.1176,0.0,588.6528000000001,37059.6048,58414.951199999996,23.404799999999998,0.0,2332.0896000000002,0.0,13505.018399999997,67585.5432,0.0,54.2568,6018.040799999999,11016.657600000002,0.0,0.0,0.0,0.0,0.0,775.6032,1467.3816000000004,525.048,0.0,0.0,0.0,0.0,0.0,0.0,0.0,0.0,0.0,0.0,0.0,0.0,0.0,0.0,0.0,0.0,0.0,0.0,0.0,0.0,0.0,0.0,0.0,0.0,31.1064,428.6976,0.0,0.0,302.9616,0.0,0.0,0.0,0.0,0.0,0.0,7311.5016,0.0,0.0,0.0,0.0,109.3872,1241.5344,0.0,2695.092,0.0,0.0,0.0,0.0,0.0,0.0,0.0,0.0,0.0,0.0,0.0,0.0,0.0,8286.2232,0.0,0.0,0.0,0.0,0.0,908.6951999999999,0.0,7.3368,2090.4287999999997,1499.4648,0.0,0.0,0.0,940.3392000000001,216.6408,1018.5887999999999,59.2488,5.795999999999999,0.0,287.2464,2168.6351999999997,0.0,0.0,0.0,993.1368,1998.2832000000003,415.1952,1556.4288000000001,462.3216,7569.7968,0.0,0.0,4121.7336,0.07680000000000001
0.0,0.0,0.0,818.2536,0.0,16450.286399999997,11108.611200000001,560.868,0.0,812.5032000000001,54.852,0.0,585.6863999999999,31714.2696,51151.1544,34.3416,0.0,2343.6959999999995,0.0,14092.6296,62001.804000000004,0.0,58.833600000000004,5919.3144,10879.953600000003,0.0,0.0,0.0,0.0,0.0,887.9808,1679.9831999999997,664.3055999999999,0.0,0.0,0.0,0.0,0.0,0.0,0.0,0.0,0.0,0.0,0.0,0.0,0.0,0.0,0.0,0.0,0.0,0.0,0.0,0.0,0.0,0.0,0.0,0.0,32.412,412.6536,0.0,0.0,314.2464,0.0,0.0,0.0,0.0,0.0,0.0,7010.198400000001,0.0,0.0,0.0,0.0,112.812,1190.3712,0.0,2584.0296,0.0,0.0,0.0,0.0,0.0,0.0,0.0,0.0,0.0,0.0,0.0,0.0,0.0,1194.9168,0.0,0.0,0.0,0.0,0.0,883.8312000000001,0.0,4.946400000000001,1969.7520000000004,1704.5664000000002,0.0,0.0,0.0,1021.5120000000001,155.29680000000002,1111.7856,76.2672,7.459199999999999,0.0,323.8152,2109.2928,0.0,0.0,0.0,600.3072,2029.1760000000002,413.10240000000005,1513.8408,533.6351999999999,7531.6392000000005,0.0,0.0,4473.191999999999,0.0648
0.0,0.0,0.0,818.2536,0.0,16450.286399999997,11108.611200000001,560.868,0.0,812.5032000000001,54.852,0.0,585.6863999999999,31714.2696,51151.1544,34.3416,0.0,2343.6959999999995,0.0,14092.6296,62001.804000000004,0.0,58.833600000000004,5919.3144,10879.953600000003,0.0,0.0,0.0,0.0,0.0,887.9808,1679.9831999999997,664.3055999999999,0.0,0.0,0.0,0.0,0.0,0.0,0.0,0.0,0.0,0.0,0.0,0.0,0.0,0.0,0.0,0.0,0.0,0.0,0.0,0.0,0.0,0.0,0.0,0.0,32.412,412.6536,0.0,0.0,314.2464,0.0,0.0,0.0,0.0,0.0,0.0,7010.198400000001,0.0,0.0,0.0,0.0,112.812,1190.3712,0.0,2584.0296,0.0,0.0,0.0,0.0,0.0,0.0,0.0,0.0,0.0,0.0,0.0,0.0,0.0,1194.9168,0.0,0.0,0.0,0.0,0.0,883.8312000000001,0.0,4.946400000000001,1969.7520000000004,1704.5664000000002,0.0,0.0,0.0,1021.5120000000001,155.29680000000002,1111.7856,76.2672,7.459199999999999,0.0,323.8152,2109.2928,0.0,0.0,0.0,600.3072,2029.1760000000002,413.10240000000005,1513.8408,533.6351999999999,7531.6392000000005,0.0,0.0,4473.191999999999,0.0648
0.0,0.0,0.0,818.2536,0.0,16450.286399999997,11108.611200000001,560.868,0.0,812.5032000000001,54.852,0.0,585.6863999999999,31714.2696,51151.1544,34.3416,0.0,2343.6959999999995,0.0,14092.6296,62001.804000000004,0.0,58.833600000000004,5919.3144,10879.953600000003,0.0,0.0,0.0,0.0,0.0,887.9808,1679.9831999999997,664.3055999999999,0.0,0.0,0.0,0.0,0.0,0.0,0.0,0.0,0.0,0.0,0.0,0.0,0.0,0.0,0.0,0.0,0.0,0.0,0.0,0.0,0.0,0.0,0.0,0.0,32.412,412.6536,0.0,0.0,314.2464,0.0,0.0,0.0,0.0,0.0,0.0,7010.198400000001,0.0,0.0,0.0,0.0,112.812,1190.3712,0.0,2584.0296,0.0,0.0,0.0,0.0,0.0,0.0,0.0,0.0,0.0,0.0,0.0,0.0,0.0,1194.9168,0.0,0.0,0.0,0.0,0.0,883.8312000000001,0.0,4.946400000000001,1969.7520000000004,1704.5664000000002,0.0,0.0,0.0,1021.5120000000001,155.29680000000002,1111.7856,76.2672,7.459199999999999,0.0,323.8152,2109.2928,0.0,0.0,0.0,600.3072,2029.1760000000002,413.10240000000005,1513.8408,533.6351999999999,7531.6392000000005,0.0,0.0,4473.191999999999,0.0648
0.0,0.0,0.0,818.2536,0.0,16450.286399999997,11108.611200000001,560.868,0.0,812.5032000000001,54.852,0.0,585.6863999999999,31714.2696,51151.1544,34.3416,0.0,2343.6959999999995,0.0,14092.6296,62001.804000000004,0.0,58.833600000000004,5919.3144,10879.953600000003,0.0,0.0,0.0,0.0,0.0,887.9808,1679.9831999999997,664.3055999999999,0.0,0.0,0.0,0.0,0.0,0.0,0.0,0.0,0.0,0.0,0.0,0.0,0.0,0.0,0.0,0.0,0.0,0.0,0.0,0.0,0.0,0.0,0.0,0.0,32.412,412.6536,0.0,0.0,314.2464,0.0,0.0,0.0,0.0,0.0,0.0,7010.198400000001,0.0,0.0,0.0,0.0,112.812,1190.3712,0.0,2584.0296,0.0,0.0,0.0,0.0,0.0,0.0,0.0,0.0,0.0,0.0,0.0,0.0,0.0,1194.9168,0.0,0.0,0.0,0.0,0.0,883.8312000000001,0.0,4.946400000000001,1969.7520000000004,1704.5664000000002,0.0,0.0,0.0,1021.5120000000001,155.29680000000002,1111.7856,76.2672,7.459199999999999,0.0,323.8152,2109.2928,0.0,0.0,0.0,600.3072,2029.1760000000002,413.10240000000005,1513.8408,533.6351999999999,7531.6392000000005,0.0,0.0,4473.191999999999,0.0648
0.0,0.0,0.0,818.2536,0.0,16450.286399999997,11108.611200000001,560.868,0.0,812.5032000000001,54.852,0.0,585.6863999999999,31714.2696,51151.1544,34.3416,0.0,2343.6959999999995,0.0,14092.6296,62001.804000000004,0.0,58.833600000000004,5919.3144,10879.953600000003,0.0,0.0,0.0,0.0,0.0,887.9808,1679.9831999999997,664.3055999999999,0.0,0.0,0.0,0.0,0.0,0.0,0.0,0.0,0.0,0.0,0.0,0.0,0.0,0.0,0.0,0.0,0.0,0.0,0.0,0.0,0.0,0.0,0.0,0.0,32.412,412.6536,0.0,0.0,314.2464,0.0,0.0,0.0,0.0,0.0,0.0,7010.198400000001,0.0,0.0,0.0,0.0,112.812,1190.3712,0.0,2584.0296,0.0,0.0,0.0,0.0,0.0,0.0,0.0,0.0,0.0,0.0,0.0,0.0,0.0,1194.9168,0.0,0.0,0.0,0.0,0.0,883.8312000000001,0.0,4.946400000000001,1969.7520000000004,1704.5664000000002,0.0,0.0,0.0,1021.5120000000001,155.29680000000002,1111.7856,76.2672,7.459199999999999,0.0,323.8152,2109.2928,0.0,0.0,0.0,600.3072,2029.1760000000002,413.10240000000005,1513.8408,533.6351999999999,7531.6392000000005,0.0,0.0,4473.191999999999,0.0648
0.0,0.0,0.0,818.2536,0.0,16450.286399999997,11108.611200000001,560.868,0.0,812.5032000000001,54.852,0.0,585.6863999999999,31714.2696,51151.1544,34.3416,0.0,2343.6959999999995,0.0,14092.6296,62001.804000000004,0.0,58.833600000000004,5919.3144,10879.953600000003,0.0,0.0,0.0,0.0,0.0,887.9808,1679.9831999999997,664.3055999999999,0.0,0.0,0.0,0.0,0.0,0.0,0.0,0.0,0.0,0.0,0.0,0.0,0.0,0.0,0.0,0.0,0.0,0.0,0.0,0.0,0.0,0.0,0.0,0.0,32.412,412.6536,0.0,0.0,314.2464,0.0,0.0,0.0,0.0,0.0,0.0,7010.198400000001,0.0,0.0,0.0,0.0,112.812,1190.3712,0.0,2584.0296,0.0,0.0,0.0,0.0,0.0,0.0,0.0,0.0,0.0,0.0,0.0,0.0,0.0,1194.9168,0.0,0.0,0.0,0.0,0.0,883.8312000000001,0.0,4.946400000000001,1969.7520000000004,1704.5664000000002,0.0,0.0,0.0,1021.5120000000001,155.29680000000002,1111.7856,76.2672,7.459199999999999,0.0,323.8152,2109.2928,0.0,0.0,0.0,600.3072,2029.1760000000002,413.10240000000005,1513.8408,533.6351999999999,7531.6392000000005,0.0,0.0,4473.191999999999,0.0648
0.0,0.0,0.0,818.2536,0.0,16450.286399999997,11108.611200000001,560.868,0.0,812.5032000000001,54.852,0.0,585.6863999999999,31714.2696,51151.1544,34.3416,0.0,2343.6959999999995,0.0,14092.6296,62001.804000000004,0.0,58.833600000000004,5919.3144,10879.953600000003,0.0,0.0,0.0,0.0,0.0,887.9808,1679.9831999999997,664.3055999999999,0.0,0.0,0.0,0.0,0.0,0.0,0.0,0.0,0.0,0.0,0.0,0.0,0.0,0.0,0.0,0.0,0.0,0.0,0.0,0.0,0.0,0.0,0.0,0.0,32.412,412.6536,0.0,0.0,314.2464,0.0,0.0,0.0,0.0,0.0,0.0,7010.198400000001,0.0,0.0,0.0,0.0,112.812,1190.3712,0.0,2584.0296,0.0,0.0,0.0,0.0,0.0,0.0,0.0,0.0,0.0,0.0,0.0,0.0,0.0,1194.9168,0.0,0.0,0.0,0.0,0.0,883.8312000000001,0.0,4.946400000000001,1969.7520000000004,1704.5664000000002,0.0,0.0,0.0,1021.5120000000001,155.29680000000002,1111.7856,76.2672,7.459199999999999,0.0,323.8152,2109.2928,0.0,0.0,0.0,600.3072,2029.1760000000002,413.10240000000005,1513.8408,533.6351999999999,7531.6392000000005,0.0,0.0,4473.191999999999,0.0648
0.0,0.0,0.0,867.72,0.0,17014.9968,9048.3648,449.8344000000001,0.0,893.5559999999999,117.1704,0.0,677.6615999999999,34877.976,56729.527200000004,32.0928,0.0,2329.941599999999,0.0,14455.315200000001,68445.70079999999,0.0,51.44160000000001,5910.729600000001,10874.114400000002,0.0,0.0,0.0,0.0,0.0,931.7208,1762.7376,726.0047999999999,0.0,0.0,0.0,0.0,0.0,0.0,0.0,0.0,0.0,0.0,0.0,0.0,0.0,0.0,0.0,0.0,0.0,0.0,0.0,0.0,0.0,0.0,0.0,0.0,39.1344,416.8296,0.0,0.0,319.5312,0.0,0.0,0.0,0.0,0.0,0.0,7090.4856,0.0,0.0,0.0,0.0,111.40559999999999,1204.0032,0.0,2613.624,0.0,0.0,0.0,0.0,0.0,0.0,0.0,0.0,0.0,0.0,0.0,0.0,0.0,18460.123199999998,0.0,0.0,0.0,0.0,0.0,866.3399999999999,0.0,3.8832,1931.6783999999998,1714.1304,0.0,0.0,0.0,1010.5104000000001,127.33200000000001,1093.2264,62.724000000000004,6.134399999999999,0.0,299.51039999999995,2067.5472,0.0,0.0,0.0,503.95680000000004,2118.5735999999997,477.9768,1483.8816000000002,534.6048000000001,8714.421600000001,0.0,0.0,4514.484,0.07200000000000001
0.0,0.0,0.0,867.72,0.0,17014.9968,9048.3648,449.8344000000001,0.0,893.5559999999999,117.1704,0.0,677.6615999999999,34877.976,56729.527200000004,32.0928,0.0,2329.941599999999,0.0,14455.315200000001,68445.70079999999,0.0,51.44160000000001,5910.729600000001,10874.114400000002,0.0,0.0,0.0,0.0,0.0,931.7208,1762.7376,726.0047999999999,0.0,0.0,0.0,0.0,0.0,0.0,0.0,0.0,0.0,0.0,0.0,0.0,0.0,0.0,0.0,0.0,0.0,0.0,0.0,0.0,0.0,0.0,0.0,0.0,39.1344,416.8296,0.0,0.0,319.5312,0.0,0.0,0.0,0.0,0.0,0.0,7090.4856,0.0,0.0,0.0,0.0,111.40559999999999,1204.0032,0.0,2613.624,0.0,0.0,0.0,0.0,0.0,0.0,0.0,0.0,0.0,0.0,0.0,0.0,0.0,18460.123199999998,0.0,0.0,0.0,0.0,0.0,866.3399999999999,0.0,3.8832,1931.6783999999998,1714.1304,0.0,0.0,0.0,1010.5104000000001,127.33200000000001,1093.2264,62.724000000000004,6.134399999999999,0.0,299.51039999999995,2067.5472,0.0,0.0,0.0,503.95680000000004,2118.5735999999997,477.9768,1483.8816000000002,534.6048000000001,8714.421600000001,0.0,0.0,4514.484,0.07200000000000001
0.0,0.0,0.0,867.72,0.0,17014.9968,9048.3648,449.8344000000001,0.0,893.5559999999999,117.1704,0.0,677.6615999999999,34877.976,56729.527200000004,32.0928,0.0,2329.941599999999,0.0,14455.315200000001,68445.70079999999,0.0,51.44160000000001,5910.729600000001,10874.114400000002,0.0,0.0,0.0,0.0,0.0,931.7208,1762.7376,726.0047999999999,0.0,0.0,0.0,0.0,0.0,0.0,0.0,0.0,0.0,0.0,0.0,0.0,0.0,0.0,0.0,0.0,0.0,0.0,0.0,0.0,0.0,0.0,0.0,0.0,39.1344,416.8296,0.0,0.0,319.5312,0.0,0.0,0.0,0.0,0.0,0.0,7090.4856,0.0,0.0,0.0,0.0,111.40559999999999,1204.0032,0.0,2613.624,0.0,0.0,0.0,0.0,0.0,0.0,0.0,0.0,0.0,0.0,0.0,0.0,0.0,18460.123199999998,0.0,0.0,0.0,0.0,0.0,866.3399999999999,0.0,3.8832,1931.6783999999998,1714.1304,0.0,0.0,0.0,1010.5104000000001,127.33200000000001,1093.2264,62.724000000000004,6.134399999999999,0.0,299.51039999999995,2067.5472,0.0,0.0,0.0,503.95680000000004,2118.5735999999997,477.9768,1483.8816000000002,534.6048000000001,8714.421600000001,0.0,0.0,4514.484,0.07200000000000001
0.0,0.0,0.0,867.72,0.0,17014.9968,9048.3648,449.8344000000001,0.0,893.5559999999999,117.1704,0.0,677.6615999999999,34877.976,56729.527200000004,32.0928,0.0,2329.941599999999,0.0,14455.315200000001,68445.70079999999,0.0,51.44160000000001,5910.729600000001,10874.114400000002,0.0,0.0,0.0,0.0,0.0,931.7208,1762.7376,726.0047999999999,0.0,0.0,0.0,0.0,0.0,0.0,0.0,0.0,0.0,0.0,0.0,0.0,0.0,0.0,0.0,0.0,0.0,0.0,0.0,0.0,0.0,0.0,0.0,0.0,39.1344,416.8296,0.0,0.0,319.5312,0.0,0.0,0.0,0.0,0.0,0.0,7090.4856,0.0,0.0,0.0,0.0,111.40559999999999,1204.0032,0.0,2613.624,0.0,0.0,0.0,0.0,0.0,0.0,0.0,0.0,0.0,0.0,0.0,0.0,0.0,18460.123199999998,0.0,0.0,0.0,0.0,0.0,866.3399999999999,0.0,3.8832,1931.6783999999998,1714.1304,0.0,0.0,0.0,1010.5104000000001,127.33200000000001,1093.2264,62.724000000000004,6.134399999999999,0.0,299.51039999999995,2067.5472,0.0,0.0,0.0,503.95680000000004,2118.5735999999997,477.9768,1483.8816000000002,534.6048000000001,8714.421600000001,0.0,0.0,4514.484,0.07200000000000001
0.0,0.0,0.0,867.72,0.0,17014.9968,9048.3648,449.8344000000001,0.0,893.5559999999999,117.1704,0.0,677.6615999999999,34877.976,56729.527200000004,32.0928,0.0,2329.941599999999,0.0,14455.315200000001,68445.70079999999,0.0,51.44160000000001,5910.729600000001,10874.114400000002,0.0,0.0,0.0,0.0,0.0,931.7208,1762.7376,726.0047999999999,0.0,0.0,0.0,0.0,0.0,0.0,0.0,0.0,0.0,0.0,0.0,0.0,0.0,0.0,0.0,0.0,0.0,0.0,0.0,0.0,0.0,0.0,0.0,0.0,39.1344,416.8296,0.0,0.0,319.5312,0.0,0.0,0.0,0.0,0.0,0.0,7090.4856,0.0,0.0,0.0,0.0,111.40559999999999,1204.0032,0.0,2613.624,0.0,0.0,0.0,0.0,0.0,0.0,0.0,0.0,0.0,0.0,0.0,0.0,0.0,18460.123199999998,0.0,0.0,0.0,0.0,0.0,866.3399999999999,0.0,3.8832,1931.6783999999998,1714.1304,0.0,0.0,0.0,1010.5104000000001,127.33200000000001,1093.2264,62.724000000000004,6.134399999999999,0.0,299.51039999999995,2067.5472,0.0,0.0,0.0,503.95680000000004,2118.5735999999997,477.9768,1483.8816000000002,534.6048000000001,8714.421600000001,0.0,0.0,4514.484,0.07200000000000001
0.0,0.0,0.0,867.72,0.0,17014.9968,9048.3648,449.8344000000001,0.0,893.5559999999999,117.1704,0.0,677.6615999999999,34877.976,56729.527200000004,32.0928,0.0,2329.941599999999,0.0,14455.315200000001,68445.70079999999,0.0,51.44160000000001,5910.729600000001,10874.114400000002,0.0,0.0,0.0,0.0,0.0,931.7208,1762.7376,726.0047999999999,0.0,0.0,0.0,0.0,0.0,0.0,0.0,0.0,0.0,0.0,0.0,0.0,0.0,0.0,0.0,0.0,0.0,0.0,0.0,0.0,0.0,0.0,0.0,0.0,39.1344,416.8296,0.0,0.0,319.5312,0.0,0.0,0.0,0.0,0.0,0.0,7090.4856,0.0,0.0,0.0,0.0,111.40559999999999,1204.0032,0.0,2613.624,0.0,0.0,0.0,0.0,0.0,0.0,0.0,0.0,0.0,0.0,0.0,0.0,0.0,18460.123199999998,0.0,0.0,0.0,0.0,0.0,866.3399999999999,0.0,3.8832,1931.6783999999998,1714.1304,0.0,0.0,0.0,1010.5104000000001,127.33200000000001,1093.2264,62.724000000000004,6.134399999999999,0.0,299.51039999999995,2067.5472,0.0,0.0,0.0,503.95680000000004,2118.5735999999997,477.9768,1483.8816000000002,534.6048000000001,8714.421600000001,0.0,0.0,4514.484,0.07200000000000001
0.0,0.0,0.0,867.72,0.0,17014.9968,9048.3648,449.8344000000001,0.0,893.5559999999999,117.1704,0.0,677.6615999999999,34877.976,56729.527200000004,32.0928,0.0,2329.941599999999,0.0,14455.315200000001,68445.70079999999,0.0,51.44160000000001,5910.729600000001,10874.114400000002,0.0,0.0,0.0,0.0,0.0,931.7208,1762.7376,726.0047999999999,0.0,0.0,0.0,0.0,0.0,0.0,0.0,0.0,0.0,0.0,0.0,0.0,0.0,0.0,0.0,0.0,0.0,0.0,0.0,0.0,0.0,0.0,0.0,0.0,39.1344,416.8296,0.0,0.0,319.5312,0.0,0.0,0.0,0.0,0.0,0.0,7090.4856,0.0,0.0,0.0,0.0,111.40559999999999,1204.0032,0.0,2613.624,0.0,0.0,0.0,0.0,0.0,0.0,0.0,0.0,0.0,0.0,0.0,0.0,0.0,18460.123199999998,0.0,0.0,0.0,0.0,0.0,866.3399999999999,0.0,3.8832,1931.6783999999998,1714.1304,0.0,0.0,0.0,1010.5104000000001,127.33200000000001,1093.2264,62.724000000000004,6.134399999999999,0.0,299.51039999999995,2067.5472,0.0,0.0,0.0,503.95680000000004,2118.5735999999997,477.9768,1483.8816000000002,534.6048000000001,8714.421600000001,0.0,0.0,4514.484,0.07200000000000001
0.0,0.0,0.0,958.4064,0.0,18633.146399999998,7412.954399999998,365.2752,0.0,958.0752,112.09440000000001,0.0,821.2656,37396.32,62167.96079999999,61.1352,0.0,2326.3944000000006,0.0,15345.036,75056.2608,0.0,71.148,5553.1392,10679.407199999998,0.0,0.0,0.0,0.0,0.0,1794.4536,3394.9584000000004,925.9296000000002,0.0,0.0,0.0,0.0,0.0,0.0,0.0,0.0,0.0,0.0,0.0,0.0,0.0,0.0,0.0,0.0,0.0,0.0,0.0,0.0,0.0,0.0,0.0,0.0,32.0592,419.8656000000001,0.0,0.0,422.2632,0.0,0.0,0.0,0.0,0.0,0.0,7151.829599999999,0.0,0.0,0.0,0.0,109.5912,1214.4192,0.0,2636.2344000000003,0.0,0.0,0.0,0.0,0.0,0.0,0.0,0.0,0.0,0.0,0.0,0.0,0.0,8357.088,0.0,0.0,0.0,0.0,0.0,841.4736,0.0,4.6655999999999995,1879.9704000000002,1709.88,0.0,0.0,0.0,1221.4391999999998,226.9056,1321.3727999999999,62.8248,6.144,0.0,487.05600000000004,2008.2071999999998,0.0,0.0,0.0,467.328,2191.344,579.2640000000001,1441.2912000000001,561.2856,10561.089600000001,0.0,0.0,4698.48,0.3144
0.0,0.0,0.0,958.4064,0.0,18633.146399999998,7412.954399999998,365.2752,0.0,958.0752,112.09440000000001,0.0,821.2656,37396.32,62167.96079999999,61.1352,0.0,2326.3944000000006,0.0,15345.036,75056.2608,0.0,71.148,5553.1392,10679.407199999998,0.0,0.0,0.0,0.0,0.0,1794.4536,3394.9584000000004,925.9296000000002,0.0,0.0,0.0,0.0,0.0,0.0,0.0,0.0,0.0,0.0,0.0,0.0,0.0,0.0,0.0,0.0,0.0,0.0,0.0,0.0,0.0,0.0,0.0,0.0,32.0592,419.8656000000001,0.0,0.0,422.2632,0.0,0.0,0.0,0.0,0.0,0.0,7151.829599999999,0.0,0.0,0.0,0.0,109.5912,1214.4192,0.0,2636.2344000000003,0.0,0.0,0.0,0.0,0.0,0.0,0.0,0.0,0.0,0.0,0.0,0.0,0.0,8357.088,0.0,0.0,0.0,0.0,0.0,841.4736,0.0,4.6655999999999995,1879.9704000000002,1709.88,0.0,0.0,0.0,1221.4391999999998,226.9056,1321.3727999999999,62.8248,6.144,0.0,487.05600000000004,2008.2071999999998,0.0,0.0,0.0,467.328,2191.344,579.2640000000001,1441.2912000000001,561.2856,10561.089600000001,0.0,0.0,4698.48,0.3144
0.0,0.0,0.0,958.4064,0.0,18633.146399999998,7412.954399999998,365.2752,0.0,958.0752,112.09440000000001,0.0,821.2656,37396.32,62167.96079999999,61.1352,0.0,2326.3944000000006,0.0,15345.036,75056.2608,0.0,71.148,5553.1392,10679.407199999998,0.0,0.0,0.0,0.0,0.0,1794.4536,3394.9584000000004,925.9296000000002,0.0,0.0,0.0,0.0,0.0,0.0,0.0,0.0,0.0,0.0,0.0,0.0,0.0,0.0,0.0,0.0,0.0,0.0,0.0,0.0,0.0,0.0,0.0,0.0,32.0592,419.8656000000001,0.0,0.0,422.2632,0.0,0.0,0.0,0.0,0.0,0.0,7151.829599999999,0.0,0.0,0.0,0.0,109.5912,1214.4192,0.0,2636.2344000000003,0.0,0.0,0.0,0.0,0.0,0.0,0.0,0.0,0.0,0.0,0.0,0.0,0.0,8357.088,0.0,0.0,0.0,0.0,0.0,841.4736,0.0,4.6655999999999995,1879.9704000000002,1709.88,0.0,0.0,0.0,1221.4391999999998,226.9056,1321.3727999999999,62.8248,6.144,0.0,487.05600000000004,2008.2071999999998,0.0,0.0,0.0,467.328,2191.344,579.2640000000001,1441.2912000000001,561.2856,10561.089600000001,0.0,0.0,4698.48,0.3144
0.0,0.0,0.0,958.4064,0.0,18633.146399999998,7412.954399999998,365.2752,0.0,958.0752,112.09440000000001,0.0,821.2656,37396.32,62167.96079999999,61.1352,0.0,2326.3944000000006,0.0,15345.036,75056.2608,0.0,71.148,5553.1392,10679.407199999998,0.0,0.0,0.0,0.0,0.0,1794.4536,3394.9584000000004,925.9296000000002,0.0,0.0,0.0,0.0,0.0,0.0,0.0,0.0,0.0,0.0,0.0,0.0,0.0,0.0,0.0,0.0,0.0,0.0,0.0,0.0,0.0,0.0,0.0,0.0,32.0592,419.8656000000001,0.0,0.0,422.2632,0.0,0.0,0.0,0.0,0.0,0.0,7151.829599999999,0.0,0.0,0.0,0.0,109.5912,1214.4192,0.0,2636.2344000000003,0.0,0.0,0.0,0.0,0.0,0.0,0.0,0.0,0.0,0.0,0.0,0.0,0.0,8357.088,0.0,0.0,0.0,0.0,0.0,841.4736,0.0,4.6655999999999995,1879.9704000000002,1709.88,0.0,0.0,0.0,1221.4391999999998,226.9056,1321.3727999999999,62.8248,6.144,0.0,487.05600000000004,2008.2071999999998,0.0,0.0,0.0,467.328,2191.344,579.2640000000001,1441.2912000000001,561.2856,10561.089600000001,0.0,0.0,4698.48,0.3144
0.0,0.0,0.0,958.4064,0.0,18633.146399999998,7412.954399999998,365.2752,0.0,958.0752,112.09440000000001,0.0,821.2656,37396.32,62167.96079999999,61.1352,0.0,2326.3944000000006,0.0,15345.036,75056.2608,0.0,71.148,5553.1392,10679.407199999998,0.0,0.0,0.0,0.0,0.0,1794.4536,3394.9584000000004,925.9296000000002,0.0,0.0,0.0,0.0,0.0,0.0,0.0,0.0,0.0,0.0,0.0,0.0,0.0,0.0,0.0,0.0,0.0,0.0,0.0,0.0,0.0,0.0,0.0,0.0,32.0592,419.8656000000001,0.0,0.0,422.2632,0.0,0.0,0.0,0.0,0.0,0.0,7151.829599999999,0.0,0.0,0.0,0.0,109.5912,1214.4192,0.0,2636.2344000000003,0.0,0.0,0.0,0.0,0.0,0.0,0.0,0.0,0.0,0.0,0.0,0.0,0.0,8357.088,0.0,0.0,0.0,0.0,0.0,841.4736,0.0,4.6655999999999995,1879.9704000000002,1709.88,0.0,0.0,0.0,1221.4391999999998,226.9056,1321.3727999999999,62.8248,6.144,0.0,487.05600000000004,2008.2071999999998,0.0,0.0,0.0,467.328,2191.344,579.2640000000001,1441.2912000000001,561.2856,10561.089600000001,0.0,0.0,4698.48,0.3144
0.0,0.0,0.0,958.4064,0.0,18633.146399999998,7412.954399999998,365.2752,0.0,958.0752,112.09440000000001,0.0,821.2656,37396.32,62167.96079999999,61.1352,0.0,2326.3944000000006,0.0,15345.036,75056.2608,0.0,71.148,5553.1392,10679.407199999998,0.0,0.0,0.0,0.0,0.0,1794.4536,3394.9584000000004,925.9296000000002,0.0,0.0,0.0,0.0,0.0,0.0,0.0,0.0,0.0,0.0,0.0,0.0,0.0,0.0,0.0,0.0,0.0,0.0,0.0,0.0,0.0,0.0,0.0,0.0,32.0592,419.8656000000001,0.0,0.0,422.2632,0.0,0.0,0.0,0.0,0.0,0.0,7151.829599999999,0.0,0.0,0.0,0.0,109.5912,1214.4192,0.0,2636.2344000000003,0.0,0.0,0.0,0.0,0.0,0.0,0.0,0.0,0.0,0.0,0.0,0.0,0.0,8357.088,0.0,0.0,0.0,0.0,0.0,841.4736,0.0,4.6655999999999995,1879.9704000000002,1709.88,0.0,0.0,0.0,1221.4391999999998,226.9056,1321.3727999999999,62.8248,6.144,0.0,487.05600000000004,2008.2071999999998,0.0,0.0,0.0,467.328,2191.344,579.2640000000001,1441.2912000000001,561.2856,10561.089600000001,0.0,0.0,4698.48,0.3144
0.0,0.0,0.0,958.4064,0.0,18633.146399999998,7412.954399999998,365.2752,0.0,958.0752,112.09440000000001,0.0,821.2656,37396.32,62167.96079999999,61.1352,0.0,2326.3944000000006,0.0,15345.036,75056.2608,0.0,71.148,5553.1392,10679.407199999998,0.0,0.0,0.0,0.0,0.0,1794.4536,3394.9584000000004,925.9296000000002,0.0,0.0,0.0,0.0,0.0,0.0,0.0,0.0,0.0,0.0,0.0,0.0,0.0,0.0,0.0,0.0,0.0,0.0,0.0,0.0,0.0,0.0,0.0,0.0,32.0592,419.8656000000001,0.0,0.0,422.2632,0.0,0.0,0.0,0.0,0.0,0.0,7151.829599999999,0.0,0.0,0.0,0.0,109.5912,1214.4192,0.0,2636.2344000000003,0.0,0.0,0.0,0.0,0.0,0.0,0.0,0.0,0.0,0.0,0.0,0.0,0.0,8357.088,0.0,0.0,0.0,0.0,0.0,841.4736,0.0,4.6655999999999995,1879.9704000000002,1709.88,0.0,0.0,0.0,1221.4391999999998,226.9056,1321.3727999999999,62.8248,6.144,0.0,487.05600000000004,2008.2071999999998,0.0,0.0,0.0,467.328,2191.344,579.2640000000001,1441.2912000000001,561.2856,10561.089600000001,0.0,0.0,4698.48,0.3144
0.0,0.0,0.0,1191.0816,0.0,23493.3384,15971.877599999996,1175.0136,0.0,951.8016000000002,145.23839999999998,0.0,986.1696,35567.2368,57654.8376,1030.26,0.0,4498.742400000001,0.0,19461.213600000003,72125.9688,0.0,682.848,4586.2584,9799.6584,0.0,0.0,0.0,0.0,0.0,2847.7704000000003,4105.128,1783.2071999999994,0.0,0.0,0.0,0.0,0.0,0.0,0.0,0.0,0.0,0.0,0.0,0.0,0.0,0.0,0.0,0.0,0.0,0.0,0.0,0.0,0.0,0.0,0.0,0.0,44.5512,407.48879999999997,0.0,0.0,636.1200000000001,0.0,0.0,0.0,0.0,0.0,0.0,7641.660000000001,0.0,0.0,0.0,0.0,106.6824,1112.8008,0.0,2566.0896000000002,0.0,0.0,0.0,0.0,0.0,0.0,0.0,0.0,0.0,0.0,0.0,0.0,0.0,5957.5008,0.0,0.0,0.0,0.0,0.0,860.52,0.0,1.8192000000000002,1858.0800000000004,1757.7912,0.0,0.0,0.0,775.944,126.7488,931.8096,89.12880000000001,8.7144,0.0,313.81680000000006,2053.6608,0.0,0.0,0.0,701.2848,2107.0824,695.5799999999999,1473.9119999999998,553.7256,11409.923999999999,0.0,0.0,4668.924,0.012
0.0,0.0,0.0,1191.0816,0.0,23493.3384,15971.877599999996,1175.0136,0.0,951.8016000000002,145.23839999999998,0.0,986.1696,35567.2368,57654.8376,1030.26,0.0,4498.742400000001,0.0,19461.213600000003,72125.9688,0.0,682.848,4586.2584,9799.6584,0.0,0.0,0.0,0.0,0.0,2847.7704000000003,4105.128,1783.2071999999994,0.0,0.0,0.0,0.0,0.0,0.0,0.0,0.0,0.0,0.0,0.0,0.0,0.0,0.0,0.0,0.0,0.0,0.0,0.0,0.0,0.0,0.0,0.0,0.0,44.5512,407.48879999999997,0.0,0.0,636.1200000000001,0.0,0.0,0.0,0.0,0.0,0.0,7641.660000000001,0.0,0.0,0.0,0.0,106.6824,1112.8008,0.0,2566.0896000000002,0.0,0.0,0.0,0.0,0.0,0.0,0.0,0.0,0.0,0.0,0.0,0.0,0.0,5957.5008,0.0,0.0,0.0,0.0,0.0,860.52,0.0,1.8192000000000002,1858.0800000000004,1757.7912,0.0,0.0,0.0,775.944,126.7488,931.8096,89.12880000000001,8.7144,0.0,313.81680000000006,2053.6608,0.0,0.0,0.0,701.2848,2107.0824,695.5799999999999,1473.9119999999998,553.7256,11409.923999999999,0.0,0.0,4668.924,0.012
0.0,0.0,0.0,1191.0816,0.0,23493.3384,15971.877599999996,1175.0136,0.0,951.8016000000002,145.23839999999998,0.0,986.1696,35567.2368,57654.8376,1030.26,0.0,4498.742400000001,0.0,19461.213600000003,72125.9688,0.0,682.848,4586.2584,9799.6584,0.0,0.0,0.0,0.0,0.0,2847.7704000000003,4105.128,1783.2071999999994,0.0,0.0,0.0,0.0,0.0,0.0,0.0,0.0,0.0,0.0,0.0,0.0,0.0,0.0,0.0,0.0,0.0,0.0,0.0,0.0,0.0,0.0,0.0,0.0,44.5512,407.48879999999997,0.0,0.0,636.1200000000001,0.0,0.0,0.0,0.0,0.0,0.0,7641.660000000001,0.0,0.0,0.0,0.0,106.6824,1112.8008,0.0,2566.0896000000002,0.0,0.0,0.0,0.0,0.0,0.0,0.0,0.0,0.0,0.0,0.0,0.0,0.0,5957.5008,0.0,0.0,0.0,0.0,0.0,860.52,0.0,1.8192000000000002,1858.0800000000004,1757.7912,0.0,0.0,0.0,775.944,126.7488,931.8096,89.12880000000001,8.7144,0.0,313.81680000000006,2053.6608,0.0,0.0,0.0,701.2848,2107.0824,695.5799999999999,1473.9119999999998,553.7256,11409.923999999999,0.0,0.0,4668.924,0.012
0.0,0.0,0.0,1191.0816,0.0,23493.3384,15971.877599999996,1175.0136,0.0,951.8016000000002,145.23839999999998,0.0,986.1696,35567.2368,57654.8376,1030.26,0.0,4498.742400000001,0.0,19461.213600000003,72125.9688,0.0,682.848,4586.2584,9799.6584,0.0,0.0,0.0,0.0,0.0,2847.7704000000003,4105.128,1783.2071999999994,0.0,0.0,0.0,0.0,0.0,0.0,0.0,0.0,0.0,0.0,0.0,0.0,0.0,0.0,0.0,0.0,0.0,0.0,0.0,0.0,0.0,0.0,0.0,0.0,44.5512,407.48879999999997,0.0,0.0,636.1200000000001,0.0,0.0,0.0,0.0,0.0,0.0,7641.660000000001,0.0,0.0,0.0,0.0,106.6824,1112.8008,0.0,2566.0896000000002,0.0,0.0,0.0,0.0,0.0,0.0,0.0,0.0,0.0,0.0,0.0,0.0,0.0,5957.5008,0.0,0.0,0.0,0.0,0.0,860.52,0.0,1.8192000000000002,1858.0800000000004,1757.7912,0.0,0.0,0.0,775.944,126.7488,931.8096,89.12880000000001,8.7144,0.0,313.81680000000006,2053.6608,0.0,0.0,0.0,701.2848,2107.0824,695.5799999999999,1473.9119999999998,553.7256,11409.923999999999,0.0,0.0,4668.924,0.012
0.0,0.0,0.0,1191.0816,0.0,23493.3384,15971.877599999996,1175.0136,0.0,951.8016000000002,145.23839999999998,0.0,986.1696,35567.2368,57654.8376,1030.26,0.0,4498.742400000001,0.0,19461.213600000003,72125.9688,0.0,682.848,4586.2584,9799.6584,0.0,0.0,0.0,0.0,0.0,2847.7704000000003,4105.128,1783.2071999999994,0.0,0.0,0.0,0.0,0.0,0.0,0.0,0.0,0.0,0.0,0.0,0.0,0.0,0.0,0.0,0.0,0.0,0.0,0.0,0.0,0.0,0.0,0.0,0.0,44.5512,407.48879999999997,0.0,0.0,636.1200000000001,0.0,0.0,0.0,0.0,0.0,0.0,7641.660000000001,0.0,0.0,0.0,0.0,106.6824,1112.8008,0.0,2566.0896000000002,0.0,0.0,0.0,0.0,0.0,0.0,0.0,0.0,0.0,0.0,0.0,0.0,0.0,5957.5008,0.0,0.0,0.0,0.0,0.0,860.52,0.0,1.8192000000000002,1858.0800000000004,1757.7912,0.0,0.0,0.0,775.944,126.7488,931.8096,89.12880000000001,8.7144,0.0,313.81680000000006,2053.6608,0.0,0.0,0.0,701.2848,2107.0824,695.5799999999999,1473.9119999999998,553.7256,11409.923999999999,0.0,0.0,4668.924,0.012
0.0,0.0,0.0,1191.0816,0.0,23493.3384,15971.877599999996,1175.0136,0.0,951.8016000000002,145.23839999999998,0.0,986.1696,35567.2368,57654.8376,1030.26,0.0,4498.742400000001,0.0,19461.213600000003,72125.9688,0.0,682.848,4586.2584,9799.6584,0.0,0.0,0.0,0.0,0.0,2847.7704000000003,4105.128,1783.2071999999994,0.0,0.0,0.0,0.0,0.0,0.0,0.0,0.0,0.0,0.0,0.0,0.0,0.0,0.0,0.0,0.0,0.0,0.0,0.0,0.0,0.0,0.0,0.0,0.0,44.5512,407.48879999999997,0.0,0.0,636.1200000000001,0.0,0.0,0.0,0.0,0.0,0.0,7641.660000000001,0.0,0.0,0.0,0.0,106.6824,1112.8008,0.0,2566.0896000000002,0.0,0.0,0.0,0.0,0.0,0.0,0.0,0.0,0.0,0.0,0.0,0.0,0.0,5957.5008,0.0,0.0,0.0,0.0,0.0,860.52,0.0,1.8192000000000002,1858.0800000000004,1757.7912,0.0,0.0,0.0,775.944,126.7488,931.8096,89.12880000000001,8.7144,0.0,313.81680000000006,2053.6608,0.0,0.0,0.0,701.2848,2107.0824,695.5799999999999,1473.9119999999998,553.7256,11409.923999999999,0.0,0.0,4668.924,0.012
0.0,0.0,0.0,1191.0816,0.0,23493.3384,15971.877599999996,1175.0136,0.0,951.8016000000002,145.23839999999998,0.0,986.1696,35567.2368,57654.8376,1030.26,0.0,4498.742400000001,0.0,19461.213600000003,72125.9688,0.0,682.848,4586.2584,9799.6584,0.0,0.0,0.0,0.0,0.0,2847.7704000000003,4105.128,1783.2071999999994,0.0,0.0,0.0,0.0,0.0,0.0,0.0,0.0,0.0,0.0,0.0,0.0,0.0,0.0,0.0,0.0,0.0,0.0,0.0,0.0,0.0,0.0,0.0,0.0,44.5512,407.48879999999997,0.0,0.0,636.1200000000001,0.0,0.0,0.0,0.0,0.0,0.0,7641.660000000001,0.0,0.0,0.0,0.0,106.6824,1112.8008,0.0,2566.0896000000002,0.0,0.0,0.0,0.0,0.0,0.0,0.0,0.0,0.0,0.0,0.0,0.0,0.0,5957.5008,0.0,0.0,0.0,0.0,0.0,860.52,0.0,1.8192000000000002,1858.0800000000004,1757.7912,0.0,0.0,0.0,775.944,126.7488,931.8096,89.12880000000001,8.7144,0.0,313.81680000000006,2053.6608,0.0,0.0,0.0,701.2848,2107.0824,695.5799999999999,1473.9119999999998,553.7256,11409.923999999999,0.0,0.0,4668.924,0.012
0.0,0.0,0.0,1204.5168,0.0,21480.7944,9296.9976,818.8848,0.0,1150.4616,121.9656,0.0,1222.6800000000003,41604.5352,64114.8288,321.9936,0.0,2703.1944,0.0,16415.9952,81957.83279999999,0.0,251.62080000000003,3783.7128000000002,8249.320800000001,0.0,0.0,0.0,0.0,0.0,2130.7896,2267.7936,1854.8663999999994,0.0,0.0,0.0,0.0,0.0,0.0,0.0,0.0,0.0,0.0,0.0,0.0,0.0,0.0,0.0,0.0,0.0,0.0,0.0,0.0,0.0,0.0,0.0,0.0,44.616,393.44640000000004,0.0,0.0,562.1568,0.0,0.0,0.0,0.0,0.0,0.0,7852.236000000001,0.0,0.0,0.0,0.0,108.63360000000002,1024.6704,0.0,2475.6384,0.0,0.0,0.0,0.0,0.0,0.0,0.0,0.0,0.0,0.0,0.0,0.0,0.0,8375.2848,0.0,0.0,0.0,0.0,0.0,867.0432000000001,0.0,0.1008,1828.9751999999999,1778.0448000000001,0.0,0.0,0.0,524.8872,137.4768,723.2832000000001,96.04560000000001,9.3912,0.0,236.59920000000005,2069.2248,0.0,0.0,0.0,873.8832,2084.1360000000004,862.3968,1485.0839999999998,595.884,12987.482399999999,0.0,0.0,4787.299200000001,0.012
0.0,0.0,0.0,1204.5168,0.0,21480.7944,9296.9976,818.8848,0.0,1150.4616,121.9656,0.0,1222.6800000000003,41604.5352,64114.8288,321.9936,0.0,2703.1944,0.0,16415.9952,81957.83279999999,0.0,251.62080000000003,3783.7128000000002,8249.320800000001,0.0,0.0,0.0,0.0,0.0,2130.7896,2267.7936,1854.8663999999994,0.0,0.0,0.0,0.0,0.0,0.0,0.0,0.0,0.0,0.0,0.0,0.0,0.0,0.0,0.0,0.0,0.0,0.0,0.0,0.0,0.0,0.0,0.0,0.0,44.616,393.44640000000004,0.0,0.0,562.1568,0.0,0.0,0.0,0.0,0.0,0.0,7852.236000000001,0.0,0.0,0.0,0.0,108.63360000000002,1024.6704,0.0,2475.6384,0.0,0.0,0.0,0.0,0.0,0.0,0.0,0.0,0.0,0.0,0.0,0.0,0.0,8375.2848,0.0,0.0,0.0,0.0,0.0,867.0432000000001,0.0,0.1008,1828.9751999999999,1778.0448000000001,0.0,0.0,0.0,524.8872,137.4768,723.2832000000001,96.04560000000001,9.3912,0.0,236.59920000000005,2069.2248,0.0,0.0,0.0,873.8832,2084.1360000000004,862.3968,1485.0839999999998,595.884,12987.482399999999,0.0,0.0,4787.299200000001,0.012
0.0,0.0,0.0,1204.5168,0.0,21480.7944,9296.9976,818.8848,0.0,1150.4616,121.9656,0.0,1222.6800000000003,41604.5352,64114.8288,321.9936,0.0,2703.1944,0.0,16415.9952,81957.83279999999,0.0,251.62080000000003,3783.7128000000002,8249.320800000001,0.0,0.0,0.0,0.0,0.0,2130.7896,2267.7936,1854.8663999999994,0.0,0.0,0.0,0.0,0.0,0.0,0.0,0.0,0.0,0.0,0.0,0.0,0.0,0.0,0.0,0.0,0.0,0.0,0.0,0.0,0.0,0.0,0.0,0.0,44.616,393.44640000000004,0.0,0.0,562.1568,0.0,0.0,0.0,0.0,0.0,0.0,7852.236000000001,0.0,0.0,0.0,0.0,108.63360000000002,1024.6704,0.0,2475.6384,0.0,0.0,0.0,0.0,0.0,0.0,0.0,0.0,0.0,0.0,0.0,0.0,0.0,8375.2848,0.0,0.0,0.0,0.0,0.0,867.0432000000001,0.0,0.1008,1828.9751999999999,1778.0448000000001,0.0,0.0,0.0,524.8872,137.4768,723.2832000000001,96.04560000000001,9.3912,0.0,236.59920000000005,2069.2248,0.0,0.0,0.0,873.8832,2084.1360000000004,862.3968,1485.0839999999998,595.884,12987.482399999999,0.0,0.0,4787.299200000001,0.012
0.0,0.0,0.0,1204.5168,0.0,21480.7944,9296.9976,818.8848,0.0,1150.4616,121.9656,0.0,1222.6800000000003,41604.5352,64114.8288,321.9936,0.0,2703.1944,0.0,16415.9952,81957.83279999999,0.0,251.62080000000003,3783.7128000000002,8249.320800000001,0.0,0.0,0.0,0.0,0.0,2130.7896,2267.7936,1854.8663999999994,0.0,0.0,0.0,0.0,0.0,0.0,0.0,0.0,0.0,0.0,0.0,0.0,0.0,0.0,0.0,0.0,0.0,0.0,0.0,0.0,0.0,0.0,0.0,0.0,44.616,393.44640000000004,0.0,0.0,562.1568,0.0,0.0,0.0,0.0,0.0,0.0,7852.236000000001,0.0,0.0,0.0,0.0,108.63360000000002,1024.6704,0.0,2475.6384,0.0,0.0,0.0,0.0,0.0,0.0,0.0,0.0,0.0,0.0,0.0,0.0,0.0,8375.2848,0.0,0.0,0.0,0.0,0.0,867.0432000000001,0.0,0.1008,1828.9751999999999,1778.0448000000001,0.0,0.0,0.0,524.8872,137.4768,723.2832000000001,96.04560000000001,9.3912,0.0,236.59920000000005,2069.2248,0.0,0.0,0.0,873.8832,2084.1360000000004,862.3968,1485.0839999999998,595.884,12987.482399999999,0.0,0.0,4787.299200000001,0.012
0.0,0.0,0.0,1204.5168,0.0,21480.7944,9296.9976,818.8848,0.0,1150.4616,121.9656,0.0,1222.6800000000003,41604.5352,64114.8288,321.9936,0.0,2703.1944,0.0,16415.9952,81957.83279999999,0.0,251.62080000000003,3783.7128000000002,8249.320800000001,0.0,0.0,0.0,0.0,0.0,2130.7896,2267.7936,1854.8663999999994,0.0,0.0,0.0,0.0,0.0,0.0,0.0,0.0,0.0,0.0,0.0,0.0,0.0,0.0,0.0,0.0,0.0,0.0,0.0,0.0,0.0,0.0,0.0,0.0,44.616,393.44640000000004,0.0,0.0,562.1568,0.0,0.0,0.0,0.0,0.0,0.0,7852.236000000001,0.0,0.0,0.0,0.0,108.63360000000002,1024.6704,0.0,2475.6384,0.0,0.0,0.0,0.0,0.0,0.0,0.0,0.0,0.0,0.0,0.0,0.0,0.0,8375.2848,0.0,0.0,0.0,0.0,0.0,867.0432000000001,0.0,0.1008,1828.9751999999999,1778.0448000000001,0.0,0.0,0.0,524.8872,137.4768,723.2832000000001,96.04560000000001,9.3912,0.0,236.59920000000005,2069.2248,0.0,0.0,0.0,873.8832,2084.1360000000004,862.3968,1485.0839999999998,595.884,12987.482399999999,0.0,0.0,4787.299200000001,0.012
0.0,0.0,0.0,1204.5168,0.0,21480.7944,9296.9976,818.8848,0.0,1150.4616,121.9656,0.0,1222.6800000000003,41604.5352,64114.8288,321.9936,0.0,2703.1944,0.0,16415.9952,81957.83279999999,0.0,251.62080000000003,3783.7128000000002,8249.320800000001,0.0,0.0,0.0,0.0,0.0,2130.7896,2267.7936,1854.8663999999994,0.0,0.0,0.0,0.0,0.0,0.0,0.0,0.0,0.0,0.0,0.0,0.0,0.0,0.0,0.0,0.0,0.0,0.0,0.0,0.0,0.0,0.0,0.0,0.0,44.616,393.44640000000004,0.0,0.0,562.1568,0.0,0.0,0.0,0.0,0.0,0.0,7852.236000000001,0.0,0.0,0.0,0.0,108.63360000000002,1024.6704,0.0,2475.6384,0.0,0.0,0.0,0.0,0.0,0.0,0.0,0.0,0.0,0.0,0.0,0.0,0.0,8375.2848,0.0,0.0,0.0,0.0,0.0,867.0432000000001,0.0,0.1008,1828.9751999999999,1778.0448000000001,0.0,0.0,0.0,524.8872,137.4768,723.2832000000001,96.04560000000001,9.3912,0.0,236.59920000000005,2069.2248,0.0,0.0,0.0,873.8832,2084.1360000000004,862.3968,1485.0839999999998,595.884,12987.482399999999,0.0,0.0,4787.299200000001,0.012
0.0,0.0,0.0,1204.5168,0.0,21480.7944,9296.9976,818.8848,0.0,1150.4616,121.9656,0.0,1222.6800000000003,41604.5352,64114.8288,321.9936,0.0,2703.1944,0.0,16415.9952,81957.83279999999,0.0,251.62080000000003,3783.7128000000002,8249.320800000001,0.0,0.0,0.0,0.0,0.0,2130.7896,2267.7936,1854.8663999999994,0.0,0.0,0.0,0.0,0.0,0.0,0.0,0.0,0.0,0.0,0.0,0.0,0.0,0.0,0.0,0.0,0.0,0.0,0.0,0.0,0.0,0.0,0.0,0.0,44.616,393.44640000000004,0.0,0.0,562.1568,0.0,0.0,0.0,0.0,0.0,0.0,7852.236000000001,0.0,0.0,0.0,0.0,108.63360000000002,1024.6704,0.0,2475.6384,0.0,0.0,0.0,0.0,0.0,0.0,0.0,0.0,0.0,0.0,0.0,0.0,0.0,8375.2848,0.0,0.0,0.0,0.0,0.0,867.0432000000001,0.0,0.1008,1828.9751999999999,1778.0448000000001,0.0,0.0,0.0,524.8872,137.4768,723.2832000000001,96.04560000000001,9.3912,0.0,236.59920000000005,2069.2248,0.0,0.0,0.0,873.8832,2084.1360000000004,862.3968,1485.0839999999998,595.884,12987.482399999999,0.0,0.0,4787.299200000001,0.012
0.0,0.0,0.0,1568.9472,0.0,28914.247199999998,24509.923199999997,1747.1999999999998,0.0,1268.9448,139.64159999999998,0.0,1259.4696,45889.23359999999,70160.34479999999,2127.7943999999998,0.0,4911.201599999999,0.0,16140.312000000002,85227.18239999999,0.0,1393.5720000000001,3953.0928000000004,8129.2896,0.0,0.0,0.0,0.0,0.0,1355.112,1442.2343999999998,1447.7304,0.0,0.0,0.0,0.0,0.0,0.0,0.0,0.0,0.0,0.0,0.0,0.0,0.0,0.0,0.0,0.0,0.0,0.0,0.0,0.0,0.0,0.0,0.0,0.0,47.080799999999996,392.4168000000001,0.0,0.0,426.08880000000005,0.0,0.0,0.0,0.0,0.0,0.0,7842.374400000001,0.0,0.0,0.0,0.0,105.8952,1023.3840000000001,0.0,2472.5303999999996,0.0,0.0,0.0,0.0,0.0,0.0,0.0,0.0,0.0,0.0,0.0,0.0,0.0,8451.184799999999,0.0,0.0,0.0,0.0,0.0,933.492,0.0,0.1152,2651.112,1765.9104,0.0,0.0,0.0,537.1800000000001,153.732,747.2616,108.89999999999999,10.6512,0.0,297.63839999999993,2227.812,0.0,0.0,0.0,846.8976,2079.0407999999998,888.3456000000001,1598.904,634.9296,13378.2816,0.0,0.0,4989.129600000001,0.08159999999999999
0.0,0.0,0.0,1568.9472,0.0,28914.247199999998,24509.923199999997,1747.1999999999998,0.0,1268.9448,139.64159999999998,0.0,1259.4696,45889.23359999999,70160.34479999999,2127.7943999999998,0.0,4911.201599999999,0.0,16140.312000000002,85227.18239999999,0.0,1393.5720000000001,3953.0928000000004,8129.2896,0.0,0.0,0.0,0.0,0.0,1355.112,1442.2343999999998,1447.7304,0.0,0.0,0.0,0.0,0.0,0.0,0.0,0.0,0.0,0.0,0.0,0.0,0.0,0.0,0.0,0.0,0.0,0.0,0.0,0.0,0.0,0.0,0.0,0.0,47.080799999999996,392.4168000000001,0.0,0.0,426.08880000000005,0.0,0.0,0.0,0.0,0.0,0.0,7842.374400000001,0.0,0.0,0.0,0.0,105.8952,1023.3840000000001,0.0,2472.5303999999996,0.0,0.0,0.0,0.0,0.0,0.0,0.0,0.0,0.0,0.0,0.0,0.0,0.0,8451.184799999999,0.0,0.0,0.0,0.0,0.0,933.492,0.0,0.1152,2651.112,1765.9104,0.0,0.0,0.0,537.1800000000001,153.732,747.2616,108.89999999999999,10.6512,0.0,297.63839999999993,2227.812,0.0,0.0,0.0,846.8976,2079.0407999999998,888.3456000000001,1598.904,634.9296,13378.2816,0.0,0.0,4989.129600000001,0.08159999999999999
0.0,0.0,0.0,1568.9472,0.0,28914.247199999998,24509.923199999997,1747.1999999999998,0.0,1268.9448,139.64159999999998,0.0,1259.4696,45889.23359999999,70160.34479999999,2127.7943999999998,0.0,4911.201599999999,0.0,16140.312000000002,85227.18239999999,0.0,1393.5720000000001,3953.0928000000004,8129.2896,0.0,0.0,0.0,0.0,0.0,1355.112,1442.2343999999998,1447.7304,0.0,0.0,0.0,0.0,0.0,0.0,0.0,0.0,0.0,0.0,0.0,0.0,0.0,0.0,0.0,0.0,0.0,0.0,0.0,0.0,0.0,0.0,0.0,0.0,47.080799999999996,392.4168000000001,0.0,0.0,426.08880000000005,0.0,0.0,0.0,0.0,0.0,0.0,7842.374400000001,0.0,0.0,0.0,0.0,105.8952,1023.3840000000001,0.0,2472.5303999999996,0.0,0.0,0.0,0.0,0.0,0.0,0.0,0.0,0.0,0.0,0.0,0.0,0.0,8451.184799999999,0.0,0.0,0.0,0.0,0.0,933.492,0.0,0.1152,2651.112,1765.9104,0.0,0.0,0.0,537.1800000000001,153.732,747.2616,108.89999999999999,10.6512,0.0,297.63839999999993,2227.812,0.0,0.0,0.0,846.8976,2079.0407999999998,888.3456000000001,1598.904,634.9296,13378.2816,0.0,0.0,4989.129600000001,0.08159999999999999
0.0,0.0,0.0,1568.9472,0.0,28914.247199999998,24509.923199999997,1747.1999999999998,0.0,1268.9448,139.64159999999998,0.0,1259.4696,45889.23359999999,70160.34479999999,2127.7943999999998,0.0,4911.201599999999,0.0,16140.312000000002,85227.18239999999,0.0,1393.5720000000001,3953.0928000000004,8129.2896,0.0,0.0,0.0,0.0,0.0,1355.112,1442.2343999999998,1447.7304,0.0,0.0,0.0,0.0,0.0,0.0,0.0,0.0,0.0,0.0,0.0,0.0,0.0,0.0,0.0,0.0,0.0,0.0,0.0,0.0,0.0,0.0,0.0,0.0,47.080799999999996,392.4168000000001,0.0,0.0,426.08880000000005,0.0,0.0,0.0,0.0,0.0,0.0,7842.374400000001,0.0,0.0,0.0,0.0,105.8952,1023.3840000000001,0.0,2472.5303999999996,0.0,0.0,0.0,0.0,0.0,0.0,0.0,0.0,0.0,0.0,0.0,0.0,0.0,8451.184799999999,0.0,0.0,0.0,0.0,0.0,933.492,0.0,0.1152,2651.112,1765.9104,0.0,0.0,0.0,537.1800000000001,153.732,747.2616,108.89999999999999,10.6512,0.0,297.63839999999993,2227.812,0.0,0.0,0.0,846.8976,2079.0407999999998,888.3456000000001,1598.904,634.9296,13378.2816,0.0,0.0,4989.129600000001,0.08159999999999999
0.0,0.0,0.0,1568.9472,0.0,28914.247199999998,24509.923199999997,1747.1999999999998,0.0,1268.9448,139.64159999999998,0.0,1259.4696,45889.23359999999,70160.34479999999,2127.7943999999998,0.0,4911.201599999999,0.0,16140.312000000002,85227.18239999999,0.0,1393.5720000000001,3953.0928000000004,8129.2896,0.0,0.0,0.0,0.0,0.0,1355.112,1442.2343999999998,1447.7304,0.0,0.0,0.0,0.0,0.0,0.0,0.0,0.0,0.0,0.0,0.0,0.0,0.0,0.0,0.0,0.0,0.0,0.0,0.0,0.0,0.0,0.0,0.0,0.0,47.080799999999996,392.4168000000001,0.0,0.0,426.08880000000005,0.0,0.0,0.0,0.0,0.0,0.0,7842.374400000001,0.0,0.0,0.0,0.0,105.8952,1023.3840000000001,0.0,2472.5303999999996,0.0,0.0,0.0,0.0,0.0,0.0,0.0,0.0,0.0,0.0,0.0,0.0,0.0,8451.184799999999,0.0,0.0,0.0,0.0,0.0,933.492,0.0,0.1152,2651.112,1765.9104,0.0,0.0,0.0,537.1800000000001,153.732,747.2616,108.89999999999999,10.6512,0.0,297.63839999999993,2227.812,0.0,0.0,0.0,846.8976,2079.0407999999998,888.3456000000001,1598.904,634.9296,13378.2816,0.0,0.0,4989.129600000001,0.08159999999999999
0.0,0.0,0.0,1568.9472,0.0,28914.247199999998,24509.923199999997,1747.1999999999998,0.0,1268.9448,139.64159999999998,0.0,1259.4696,45889.23359999999,70160.34479999999,2127.7943999999998,0.0,4911.201599999999,0.0,16140.312000000002,85227.18239999999,0.0,1393.5720000000001,3953.0928000000004,8129.2896,0.0,0.0,0.0,0.0,0.0,1355.112,1442.2343999999998,1447.7304,0.0,0.0,0.0,0.0,0.0,0.0,0.0,0.0,0.0,0.0,0.0,0.0,0.0,0.0,0.0,0.0,0.0,0.0,0.0,0.0,0.0,0.0,0.0,0.0,47.080799999999996,392.4168000000001,0.0,0.0,426.08880000000005,0.0,0.0,0.0,0.0,0.0,0.0,7842.374400000001,0.0,0.0,0.0,0.0,105.8952,1023.3840000000001,0.0,2472.5303999999996,0.0,0.0,0.0,0.0,0.0,0.0,0.0,0.0,0.0,0.0,0.0,0.0,0.0,8451.184799999999,0.0,0.0,0.0,0.0,0.0,933.492,0.0,0.1152,2651.112,1765.9104,0.0,0.0,0.0,537.1800000000001,153.732,747.2616,108.89999999999999,10.6512,0.0,297.63839999999993,2227.812,0.0,0.0,0.0,846.8976,2079.0407999999998,888.3456000000001,1598.904,634.9296,13378.2816,0.0,0.0,4989.129600000001,0.08159999999999999
0.0,0.0,0.0,1568.9472,0.0,28914.247199999998,24509.923199999997,1747.1999999999998,0.0,1268.9448,139.64159999999998,0.0,1259.4696,45889.23359999999,70160.34479999999,2127.7943999999998,0.0,4911.201599999999,0.0,16140.312000000002,85227.18239999999,0.0,1393.5720000000001,3953.0928000000004,8129.2896,0.0,0.0,0.0,0.0,0.0,1355.112,1442.2343999999998,1447.7304,0.0,0.0,0.0,0.0,0.0,0.0,0.0,0.0,0.0,0.0,0.0,0.0,0.0,0.0,0.0,0.0,0.0,0.0,0.0,0.0,0.0,0.0,0.0,0.0,47.080799999999996,392.4168000000001,0.0,0.0,426.08880000000005,0.0,0.0,0.0,0.0,0.0,0.0,7842.374400000001,0.0,0.0,0.0,0.0,105.8952,1023.3840000000001,0.0,2472.5303999999996,0.0,0.0,0.0,0.0,0.0,0.0,0.0,0.0,0.0,0.0,0.0,0.0,0.0,8451.184799999999,0.0,0.0,0.0,0.0,0.0,933.492,0.0,0.1152,2651.112,1765.9104,0.0,0.0,0.0,537.1800000000001,153.732,747.2616,108.89999999999999,10.6512,0.0,297.63839999999993,2227.812,0.0,0.0,0.0,846.8976,2079.0407999999998,888.3456000000001,1598.904,634.9296,13378.2816,0.0,0.0,4989.129600000001,0.08159999999999999
0.0,0.0,0.0,1998.4560000000001,0.0,37848.96,14148.369600000002,1235.9256,0.0,1328.556,309.6,0.0,1322.6232,48045.012,73481.28719999999,1787.736,0.0,4596.0024,0.0,16104.352799999999,96320.4,0.0,1328.2248,3901.999200000001,7775.515199999999,0.0,0.0,0.0,0.0,0.0,1209.9912,1287.7799999999997,1436.8248,0.0,0.0,0.0,0.0,0.0,0.0,0.0,0.0,0.0,0.0,0.0,0.0,0.0,0.0,0.0,0.0,0.0,0.0,0.0,0.0,0.0,0.0,0.0,0.0,56.184,418.0967999999999,0.0,0.0,392.7504,0.0,0.0,0.0,0.0,0.0,0.0,8382.5856,0.0,0.0,0.0,0.0,106.60320000000002,1093.8791999999999,0.0,2642.8464,0.0,0.0,0.0,0.0,0.0,0.0,0.0,0.0,0.0,0.0,0.0,0.0,0.0,8549.6208,0.0,0.0,0.0,0.0,0.0,863.3208,0.0,0.09359999999999999,1886.4912000000004,1763.7048,0.0,0.0,0.0,658.0440000000001,145.81439999999998,908.2272,135.81600000000003,13.281600000000001,0.0,310.23359999999997,2060.3448,0.0,0.0,0.0,830.6351999999998,2072.8104000000003,932.8944000000001,1478.7095999999997,520.6344,14049.1488,0.0,0.0,4274.455199999999,0.0672
0.0,0.0,0.0,1998.4560000000001,0.0,37848.96,14148.369600000002,1235.9256,0.0,1328.556,309.6,0.0,1322.6232,48045.012,73481.28719999999,1787.736,0.0,4596.0024,0.0,16104.352799999999,96320.4,0.0,1328.2248,3901.999200000001,7775.515199999999,0.0,0.0,0.0,0.0,0.0,1209.9912,1287.7799999999997,1436.8248,0.0,0.0,0.0,0.0,0.0,0.0,0.0,0.0,0.0,0.0,0.0,0.0,0.0,0.0,0.0,0.0,0.0,0.0,0.0,0.0,0.0,0.0,0.0,0.0,56.184,418.0967999999999,0.0,0.0,392.7504,0.0,0.0,0.0,0.0,0.0,0.0,8382.5856,0.0,0.0,0.0,0.0,106.60320000000002,1093.8791999999999,0.0,2642.8464,0.0,0.0,0.0,0.0,0.0,0.0,0.0,0.0,0.0,0.0,0.0,0.0,0.0,8549.6208,0.0,0.0,0.0,0.0,0.0,863.3208,0.0,0.09359999999999999,1886.4912000000004,1763.7048,0.0,0.0,0.0,658.0440000000001,145.81439999999998,908.2272,135.81600000000003,13.281600000000001,0.0,310.23359999999997,2060.3448,0.0,0.0,0.0,830.6351999999998,2072.8104000000003,932.8944000000001,1478.7095999999997,520.6344,14049.1488,0.0,0.0,4274.455199999999,0.0672
0.0,0.0,0.0,1998.4560000000001,0.0,37848.96,14148.369600000002,1235.9256,0.0,1328.556,309.6,0.0,1322.6232,48045.012,73481.28719999999,1787.736,0.0,4596.0024,0.0,16104.352799999999,96320.4,0.0,1328.2248,3901.999200000001,7775.515199999999,0.0,0.0,0.0,0.0,0.0,1209.9912,1287.7799999999997,1436.8248,0.0,0.0,0.0,0.0,0.0,0.0,0.0,0.0,0.0,0.0,0.0,0.0,0.0,0.0,0.0,0.0,0.0,0.0,0.0,0.0,0.0,0.0,0.0,0.0,56.184,418.0967999999999,0.0,0.0,392.7504,0.0,0.0,0.0,0.0,0.0,0.0,8382.5856,0.0,0.0,0.0,0.0,106.60320000000002,1093.8791999999999,0.0,2642.8464,0.0,0.0,0.0,0.0,0.0,0.0,0.0,0.0,0.0,0.0,0.0,0.0,0.0,8549.6208,0.0,0.0,0.0,0.0,0.0,863.3208,0.0,0.09359999999999999,1886.4912000000004,1763.7048,0.0,0.0,0.0,658.0440000000001,145.81439999999998,908.2272,135.81600000000003,13.281600000000001,0.0,310.23359999999997,2060.3448,0.0,0.0,0.0,830.6351999999998,2072.8104000000003,932.8944000000001,1478.7095999999997,520.6344,14049.1488,0.0,0.0,4274.455199999999,0.0672
0.0,0.0,0.0,1998.4560000000001,0.0,37848.96,14148.369600000002,1235.9256,0.0,1328.556,309.6,0.0,1322.6232,48045.012,73481.28719999999,1787.736,0.0,4596.0024,0.0,16104.352799999999,96320.4,0.0,1328.2248,3901.999200000001,7775.515199999999,0.0,0.0,0.0,0.0,0.0,1209.9912,1287.7799999999997,1436.8248,0.0,0.0,0.0,0.0,0.0,0.0,0.0,0.0,0.0,0.0,0.0,0.0,0.0,0.0,0.0,0.0,0.0,0.0,0.0,0.0,0.0,0.0,0.0,0.0,56.184,418.0967999999999,0.0,0.0,392.7504,0.0,0.0,0.0,0.0,0.0,0.0,8382.5856,0.0,0.0,0.0,0.0,106.60320000000002,1093.8791999999999,0.0,2642.8464,0.0,0.0,0.0,0.0,0.0,0.0,0.0,0.0,0.0,0.0,0.0,0.0,0.0,8549.6208,0.0,0.0,0.0,0.0,0.0,863.3208,0.0,0.09359999999999999,1886.4912000000004,1763.7048,0.0,0.0,0.0,658.0440000000001,145.81439999999998,908.2272,135.81600000000003,13.281600000000001,0.0,310.23359999999997,2060.3448,0.0,0.0,0.0,830.6351999999998,2072.8104000000003,932.8944000000001,1478.7095999999997,520.6344,14049.1488,0.0,0.0,4274.455199999999,0.0672
0.0,0.0,0.0,1998.4560000000001,0.0,37848.96,14148.369600000002,1235.9256,0.0,1328.556,309.6,0.0,1322.6232,48045.012,73481.28719999999,1787.736,0.0,4596.0024,0.0,16104.352799999999,96320.4,0.0,1328.2248,3901.999200000001,7775.515199999999,0.0,0.0,0.0,0.0,0.0,1209.9912,1287.7799999999997,1436.8248,0.0,0.0,0.0,0.0,0.0,0.0,0.0,0.0,0.0,0.0,0.0,0.0,0.0,0.0,0.0,0.0,0.0,0.0,0.0,0.0,0.0,0.0,0.0,0.0,56.184,418.0967999999999,0.0,0.0,392.7504,0.0,0.0,0.0,0.0,0.0,0.0,8382.5856,0.0,0.0,0.0,0.0,106.60320000000002,1093.8791999999999,0.0,2642.8464,0.0,0.0,0.0,0.0,0.0,0.0,0.0,0.0,0.0,0.0,0.0,0.0,0.0,8549.6208,0.0,0.0,0.0,0.0,0.0,863.3208,0.0,0.09359999999999999,1886.4912000000004,1763.7048,0.0,0.0,0.0,658.0440000000001,145.81439999999998,908.2272,135.81600000000003,13.281600000000001,0.0,310.23359999999997,2060.3448,0.0,0.0,0.0,830.6351999999998,2072.8104000000003,932.8944000000001,1478.7095999999997,520.6344,14049.1488,0.0,0.0,4274.455199999999,0.0672
0.0,0.0,0.0,1998.4560000000001,0.0,37848.96,14148.369600000002,1235.9256,0.0,1328.556,309.6,0.0,1322.6232,48045.012,73481.28719999999,1787.736,0.0,4596.0024,0.0,16104.352799999999,96320.4,0.0,1328.2248,3901.999200000001,7775.515199999999,0.0,0.0,0.0,0.0,0.0,1209.9912,1287.7799999999997,1436.8248,0.0,0.0,0.0,0.0,0.0,0.0,0.0,0.0,0.0,0.0,0.0,0.0,0.0,0.0,0.0,0.0,0.0,0.0,0.0,0.0,0.0,0.0,0.0,0.0,56.184,418.0967999999999,0.0,0.0,392.7504,0.0,0.0,0.0,0.0,0.0,0.0,8382.5856,0.0,0.0,0.0,0.0,106.60320000000002,1093.8791999999999,0.0,2642.8464,0.0,0.0,0.0,0.0,0.0,0.0,0.0,0.0,0.0,0.0,0.0,0.0,0.0,8549.6208,0.0,0.0,0.0,0.0,0.0,863.3208,0.0,0.09359999999999999,1886.4912000000004,1763.7048,0.0,0.0,0.0,658.0440000000001,145.81439999999998,908.2272,135.81600000000003,13.281600000000001,0.0,310.23359999999997,2060.3448,0.0,0.0,0.0,830.6351999999998,2072.8104000000003,932.8944000000001,1478.7095999999997,520.6344,14049.1488,0.0,0.0,4274.455199999999,0.0672
0.0,0.0,0.0,1998.4560000000001,0.0,37848.96,14148.369600000002,1235.9256,0.0,1328.556,309.6,0.0,1322.6232,48045.012,73481.28719999999,1787.736,0.0,4596.0024,0.0,16104.352799999999,96320.4,0.0,1328.2248,3901.999200000001,7775.515199999999,0.0,0.0,0.0,0.0,0.0,1209.9912,1287.7799999999997,1436.8248,0.0,0.0,0.0,0.0,0.0,0.0,0.0,0.0,0.0,0.0,0.0,0.0,0.0,0.0,0.0,0.0,0.0,0.0,0.0,0.0,0.0,0.0,0.0,0.0,56.184,418.0967999999999,0.0,0.0,392.7504,0.0,0.0,0.0,0.0,0.0,0.0,8382.5856,0.0,0.0,0.0,0.0,106.60320000000002,1093.8791999999999,0.0,2642.8464,0.0,0.0,0.0,0.0,0.0,0.0,0.0,0.0,0.0,0.0,0.0,0.0,0.0,8549.6208,0.0,0.0,0.0,0.0,0.0,863.3208,0.0,0.09359999999999999,1886.4912000000004,1763.7048,0.0,0.0,0.0,658.0440000000001,145.81439999999998,908.2272,135.81600000000003,13.281600000000001,0.0,310.23359999999997,2060.3448,0.0,0.0,0.0,830.6351999999998,2072.8104000000003,932.8944000000001,1478.7095999999997,520.6344,14049.1488,0.0,0.0,4274.455199999999,0.0672
0.0,0.0,0.0,1487.1912,0.0,25005.0864,8198.975999999999,665.6568,0.0,1349.9424000000001,162.5688,0.0,1306.3320000000003,49405.1664,74475.37199999999,647.616,0.0,3108.3912,0.0,13118.8272,92693.2224,0.0,466.896,3543.4032000000007,7905.539999999998,0.0,0.0,0.0,0.0,0.0,1389.4080000000001,1454.6112000000003,1700.1288000000004,0.0,0.0,0.0,0.0,0.0,0.0,0.0,0.0,0.0,0.0,0.0,0.0,0.0,0.0,0.0,0.0,0.0,0.0,0.0,0.0,0.0,0.0,0.0,0.0,55.163999999999994,412.9464,0.0,0.0,402.1344,0.0,0.0,0.0,0.0,0.0,0.0,7640.344800000001,0.0,0.0,0.0,0.0,99.72720000000001,978.0120000000001,0.0,2338.2504,0.0,0.0,0.0,0.0,0.0,0.0,0.0,0.0,0.0,0.0,0.0,0.0,0.0,9642.7152,0.0,0.0,0.0,0.0,0.0,836.6832,0.0,0.1104,1740.7991999999995,1753.3296,0.0,0.0,0.0,625.9272000000001,146.26319999999998,910.8744000000002,181.4952,17.748,0.0,297.94079999999997,1996.7759999999998,0.0,0.0,0.0,836.376,1900.152,921.3984,1433.0879999999997,432.6192,14007.676800000001,0.0,0.0,3764.0472000000004,0.0672
0.0,0.0,0.0,1487.1912,0.0,25005.0864,8198.975999999999,665.6568,0.0,1349.9424000000001,162.5688,0.0,1306.3320000000003,49405.1664,74475.37199999999,647.616,0.0,3108.3912,0.0,13118.8272,92693.2224,0.0,466.896,3543.4032000000007,7905.539999999998,0.0,0.0,0.0,0.0,0.0,1389.4080000000001,1454.6112000000003,1700.1288000000004,0.0,0.0,0.0,0.0,0.0,0.0,0.0,0.0,0.0,0.0,0.0,0.0,0.0,0.0,0.0,0.0,0.0,0.0,0.0,0.0,0.0,0.0,0.0,0.0,55.163999999999994,412.9464,0.0,0.0,402.1344,0.0,0.0,0.0,0.0,0.0,0.0,7640.344800000001,0.0,0.0,0.0,0.0,99.72720000000001,978.0120000000001,0.0,2338.2504,0.0,0.0,0.0,0.0,0.0,0.0,0.0,0.0,0.0,0.0,0.0,0.0,0.0,9642.7152,0.0,0.0,0.0,0.0,0.0,836.6832,0.0,0.1104,1740.7991999999995,1753.3296,0.0,0.0,0.0,625.9272000000001,146.26319999999998,910.8744000000002,181.4952,17.748,0.0,297.94079999999997,1996.7759999999998,0.0,0.0,0.0,836.376,1900.152,921.3984,1433.0879999999997,432.6192,14007.676800000001,0.0,0.0,3764.0472000000004,0.0672
0.0,0.0,0.0,1487.1912,0.0,25005.0864,8198.975999999999,665.6568,0.0,1349.9424000000001,162.5688,0.0,1306.3320000000003,49405.1664,74475.37199999999,647.616,0.0,3108.3912,0.0,13118.8272,92693.2224,0.0,466.896,3543.4032000000007,7905.539999999998,0.0,0.0,0.0,0.0,0.0,1389.4080000000001,1454.6112000000003,1700.1288000000004,0.0,0.0,0.0,0.0,0.0,0.0,0.0,0.0,0.0,0.0,0.0,0.0,0.0,0.0,0.0,0.0,0.0,0.0,0.0,0.0,0.0,0.0,0.0,0.0,55.163999999999994,412.9464,0.0,0.0,402.1344,0.0,0.0,0.0,0.0,0.0,0.0,7640.344800000001,0.0,0.0,0.0,0.0,99.72720000000001,978.0120000000001,0.0,2338.2504,0.0,0.0,0.0,0.0,0.0,0.0,0.0,0.0,0.0,0.0,0.0,0.0,0.0,9642.7152,0.0,0.0,0.0,0.0,0.0,836.6832,0.0,0.1104,1740.7991999999995,1753.3296,0.0,0.0,0.0,625.9272000000001,146.26319999999998,910.8744000000002,181.4952,17.748,0.0,297.94079999999997,1996.7759999999998,0.0,0.0,0.0,836.376,1900.152,921.3984,1433.0879999999997,432.6192,14007.676800000001,0.0,0.0,3764.0472000000004,0.0672
0.0,0.0,0.0,1487.1912,0.0,25005.0864,8198.975999999999,665.6568,0.0,1349.9424000000001,162.5688,0.0,1306.3320000000003,49405.1664,74475.37199999999,647.616,0.0,3108.3912,0.0,13118.8272,92693.2224,0.0,466.896,3543.4032000000007,7905.539999999998,0.0,0.0,0.0,0.0,0.0,1389.4080000000001,1454.6112000000003,1700.1288000000004,0.0,0.0,0.0,0.0,0.0,0.0,0.0,0.0,0.0,0.0,0.0,0.0,0.0,0.0,0.0,0.0,0.0,0.0,0.0,0.0,0.0,0.0,0.0,0.0,55.163999999999994,412.9464,0.0,0.0,402.1344,0.0,0.0,0.0,0.0,0.0,0.0,7640.344800000001,0.0,0.0,0.0,0.0,99.72720000000001,978.0120000000001,0.0,2338.2504,0.0,0.0,0.0,0.0,0.0,0.0,0.0,0.0,0.0,0.0,0.0,0.0,0.0,9642.7152,0.0,0.0,0.0,0.0,0.0,836.6832,0.0,0.1104,1740.7991999999995,1753.3296,0.0,0.0,0.0,625.9272000000001,146.26319999999998,910.8744000000002,181.4952,17.748,0.0,297.94079999999997,1996.7759999999998,0.0,0.0,0.0,836.376,1900.152,921.3984,1433.0879999999997,432.6192,14007.676800000001,0.0,0.0,3764.0472000000004,0.0672
0.0,0.0,0.0,1487.1912,0.0,25005.0864,8198.975999999999,665.6568,0.0,1349.9424000000001,162.5688,0.0,1306.3320000000003,49405.1664,74475.37199999999,647.616,0.0,3108.3912,0.0,13118.8272,92693.2224,0.0,466.896,3543.4032000000007,7905.539999999998,0.0,0.0,0.0,0.0,0.0,1389.4080000000001,1454.6112000000003,1700.1288000000004,0.0,0.0,0.0,0.0,0.0,0.0,0.0,0.0,0.0,0.0,0.0,0.0,0.0,0.0,0.0,0.0,0.0,0.0,0.0,0.0,0.0,0.0,0.0,0.0,55.163999999999994,412.9464,0.0,0.0,402.1344,0.0,0.0,0.0,0.0,0.0,0.0,7640.344800000001,0.0,0.0,0.0,0.0,99.72720000000001,978.0120000000001,0.0,2338.2504,0.0,0.0,0.0,0.0,0.0,0.0,0.0,0.0,0.0,0.0,0.0,0.0,0.0,9642.7152,0.0,0.0,0.0,0.0,0.0,836.6832,0.0,0.1104,1740.7991999999995,1753.3296,0.0,0.0,0.0,625.9272000000001,146.26319999999998,910.8744000000002,181.4952,17.748,0.0,297.94079999999997,1996.7759999999998,0.0,0.0,0.0,836.376,1900.152,921.3984,1433.0879999999997,432.6192,14007.676800000001,0.0,0.0,3764.0472000000004,0.0672
0.0,0.0,0.0,1487.1912,0.0,25005.0864,8198.975999999999,665.6568,0.0,1349.9424000000001,162.5688,0.0,1306.3320000000003,49405.1664,74475.37199999999,647.616,0.0,3108.3912,0.0,13118.8272,92693.2224,0.0,466.896,3543.4032000000007,7905.539999999998,0.0,0.0,0.0,0.0,0.0,1389.4080000000001,1454.6112000000003,1700.1288000000004,0.0,0.0,0.0,0.0,0.0,0.0,0.0,0.0,0.0,0.0,0.0,0.0,0.0,0.0,0.0,0.0,0.0,0.0,0.0,0.0,0.0,0.0,0.0,0.0,55.163999999999994,412.9464,0.0,0.0,402.1344,0.0,0.0,0.0,0.0,0.0,0.0,7640.344800000001,0.0,0.0,0.0,0.0,99.72720000000001,978.0120000000001,0.0,2338.2504,0.0,0.0,0.0,0.0,0.0,0.0,0.0,0.0,0.0,0.0,0.0,0.0,0.0,9642.7152,0.0,0.0,0.0,0.0,0.0,836.6832,0.0,0.1104,1740.7991999999995,1753.3296,0.0,0.0,0.0,625.9272000000001,146.26319999999998,910.8744000000002,181.4952,17.748,0.0,297.94079999999997,1996.7759999999998,0.0,0.0,0.0,836.376,1900.152,921.3984,1433.0879999999997,432.6192,14007.676800000001,0.0,0.0,3764.0472000000004,0.0672
0.0,0.0,0.0,1487.1912,0.0,25005.0864,8198.975999999999,665.6568,0.0,1349.9424000000001,162.5688,0.0,1306.3320000000003,49405.1664,74475.37199999999,647.616,0.0,3108.3912,0.0,13118.8272,92693.2224,0.0,466.896,3543.4032000000007,7905.539999999998,0.0,0.0,0.0,0.0,0.0,1389.4080000000001,1454.6112000000003,1700.1288000000004,0.0,0.0,0.0,0.0,0.0,0.0,0.0,0.0,0.0,0.0,0.0,0.0,0.0,0.0,0.0,0.0,0.0,0.0,0.0,0.0,0.0,0.0,0.0,0.0,55.163999999999994,412.9464,0.0,0.0,402.1344,0.0,0.0,0.0,0.0,0.0,0.0,7640.344800000001,0.0,0.0,0.0,0.0,99.72720000000001,978.0120000000001,0.0,2338.2504,0.0,0.0,0.0,0.0,0.0,0.0,0.0,0.0,0.0,0.0,0.0,0.0,0.0,9642.7152,0.0,0.0,0.0,0.0,0.0,836.6832,0.0,0.1104,1740.7991999999995,1753.3296,0.0,0.0,0.0,625.9272000000001,146.26319999999998,910.8744000000002,181.4952,17.748,0.0,297.94079999999997,1996.7759999999998,0.0,0.0,0.0,836.376,1900.152,921.3984,1433.0879999999997,432.6192,14007.676800000001,0.0,0.0,3764.0472000000004,0.0672
0.0,0.0,0.0,2104.6008,0.0,35307.77279999999,18370.3392,1258.74,0.0,1141.2072000000003,136.3872,0.0,1420.596,43245.3672,64544.60400000001,2199.5568000000003,0.0,5539.416,0.0,17368.1424,87966.228,0.0,1795.9968000000001,2968.1448,8264.508,0.0,0.0,0.0,0.0,0.0,1754.3951999999997,1783.8696,2221.2312,0.0,0.0,0.0,0.0,0.0,0.0,0.0,0.0,0.0,0.0,0.0,0.0,0.0,0.0,0.0,0.0,0.0,0.0,0.0,0.0,0.0,0.0,0.0,0.0,57.924,549.0984000000001,0.0,0.0,417.64320000000004,0.0,0.0,0.0,0.0,0.0,0.0,7899.1416,0.0,0.0,0.0,0.0,108.68159999999999,937.7327999999999,0.0,2144.9016,0.0,0.0,0.0,0.0,0.0,0.0,0.0,0.0,0.0,0.0,0.0,0.0,0.0,11919.561599999999,0.0,0.0,0.0,0.0,0.0,773.0520000000001,0.0,0.0576,1621.7928000000002,1729.7616000000003,0.0,0.0,0.0,477.13199999999995,147.8784,750.0168000000001,126.5832,12.376800000000001,0.0,265.9008,1844.9135999999999,0.0,0.0,0.0,839.8656,1781.0616000000002,1001.9951999999998,1324.0968,612.4272000000001,15609.050399999998,0.0,0.0,4844.575200000001,0.0528
0.0,0.0,0.0,2104.6008,0.0,35307.77279999999,18370.3392,1258.74,0.0,1141.2072000000003,136.3872,0.0,1420.596,43245.3672,64544.60400000001,2199.5568000000003,0.0,5539.416,0.0,17368.1424,87966.228,0.0,1795.9968000000001,2968.1448,8264.508,0.0,0.0,0.0,0.0,0.0,1754.3951999999997,1783.8696,2221.2312,0.0,0.0,0.0,0.0,0.0,0.0,0.0,0.0,0.0,0.0,0.0,0.0,0.0,0.0,0.0,0.0,0.0,0.0,0.0,0.0,0.0,0.0,0.0,0.0,57.924,549.0984000000001,0.0,0.0,417.64320000000004,0.0,0.0,0.0,0.0,0.0,0.0,7899.1416,0.0,0.0,0.0,0.0,108.68159999999999,937.7327999999999,0.0,2144.9016,0.0,0.0,0.0,0.0,0.0,0.0,0.0,0.0,0.0,0.0,0.0,0.0,0.0,11919.561599999999,0.0,0.0,0.0,0.0,0.0,773.0520000000001,0.0,0.0576,1621.7928000000002,1729.7616000000003,0.0,0.0,0.0,477.13199999999995,147.8784,750.0168000000001,126.5832,12.376800000000001,0.0,265.9008,1844.9135999999999,0.0,0.0,0.0,839.8656,1781.0616000000002,1001.9951999999998,1324.0968,612.4272000000001,15609.050399999998,0.0,0.0,4844.575200000001,0.0528
0.0,0.0,0.0,2104.6008,0.0,35307.77279999999,18370.3392,1258.74,0.0,1141.2072000000003,136.3872,0.0,1420.596,43245.3672,64544.60400000001,2199.5568000000003,0.0,5539.416,0.0,17368.1424,87966.228,0.0,1795.9968000000001,2968.1448,8264.508,0.0,0.0,0.0,0.0,0.0,1754.3951999999997,1783.8696,2221.2312,0.0,0.0,0.0,0.0,0.0,0.0,0.0,0.0,0.0,0.0,0.0,0.0,0.0,0.0,0.0,0.0,0.0,0.0,0.0,0.0,0.0,0.0,0.0,0.0,57.924,549.0984000000001,0.0,0.0,417.64320000000004,0.0,0.0,0.0,0.0,0.0,0.0,7899.1416,0.0,0.0,0.0,0.0,108.68159999999999,937.7327999999999,0.0,2144.9016,0.0,0.0,0.0,0.0,0.0,0.0,0.0,0.0,0.0,0.0,0.0,0.0,0.0,11919.561599999999,0.0,0.0,0.0,0.0,0.0,773.0520000000001,0.0,0.0576,1621.7928000000002,1729.7616000000003,0.0,0.0,0.0,477.13199999999995,147.8784,750.0168000000001,126.5832,12.376800000000001,0.0,265.9008,1844.9135999999999,0.0,0.0,0.0,839.8656,1781.0616000000002,1001.9951999999998,1324.0968,612.4272000000001,15609.050399999998,0.0,0.0,4844.575200000001,0.0528
0.0,0.0,0.0,2104.6008,0.0,35307.77279999999,18370.3392,1258.74,0.0,1141.2072000000003,136.3872,0.0,1420.596,43245.3672,64544.60400000001,2199.5568000000003,0.0,5539.416,0.0,17368.1424,87966.228,0.0,1795.9968000000001,2968.1448,8264.508,0.0,0.0,0.0,0.0,0.0,1754.3951999999997,1783.8696,2221.2312,0.0,0.0,0.0,0.0,0.0,0.0,0.0,0.0,0.0,0.0,0.0,0.0,0.0,0.0,0.0,0.0,0.0,0.0,0.0,0.0,0.0,0.0,0.0,0.0,57.924,549.0984000000001,0.0,0.0,417.64320000000004,0.0,0.0,0.0,0.0,0.0,0.0,7899.1416,0.0,0.0,0.0,0.0,108.68159999999999,937.7327999999999,0.0,2144.9016,0.0,0.0,0.0,0.0,0.0,0.0,0.0,0.0,0.0,0.0,0.0,0.0,0.0,11919.561599999999,0.0,0.0,0.0,0.0,0.0,773.0520000000001,0.0,0.0576,1621.7928000000002,1729.7616000000003,0.0,0.0,0.0,477.13199999999995,147.8784,750.0168000000001,126.5832,12.376800000000001,0.0,265.9008,1844.9135999999999,0.0,0.0,0.0,839.8656,1781.0616000000002,1001.9951999999998,1324.0968,612.4272000000001,15609.050399999998,0.0,0.0,4844.575200000001,0.0528
0.0,0.0,0.0,2104.6008,0.0,35307.77279999999,18370.3392,1258.74,0.0,1141.2072000000003,136.3872,0.0,1420.596,43245.3672,64544.60400000001,2199.5568000000003,0.0,5539.416,0.0,17368.1424,87966.228,0.0,1795.9968000000001,2968.1448,8264.508,0.0,0.0,0.0,0.0,0.0,1754.3951999999997,1783.8696,2221.2312,0.0,0.0,0.0,0.0,0.0,0.0,0.0,0.0,0.0,0.0,0.0,0.0,0.0,0.0,0.0,0.0,0.0,0.0,0.0,0.0,0.0,0.0,0.0,0.0,57.924,549.0984000000001,0.0,0.0,417.64320000000004,0.0,0.0,0.0,0.0,0.0,0.0,7899.1416,0.0,0.0,0.0,0.0,108.68159999999999,937.7327999999999,0.0,2144.9016,0.0,0.0,0.0,0.0,0.0,0.0,0.0,0.0,0.0,0.0,0.0,0.0,0.0,11919.561599999999,0.0,0.0,0.0,0.0,0.0,773.0520000000001,0.0,0.0576,1621.7928000000002,1729.7616000000003,0.0,0.0,0.0,477.13199999999995,147.8784,750.0168000000001,126.5832,12.376800000000001,0.0,265.9008,1844.9135999999999,0.0,0.0,0.0,839.8656,1781.0616000000002,1001.9951999999998,1324.0968,612.4272000000001,15609.050399999998,0.0,0.0,4844.575200000001,0.0528
0.0,0.0,0.0,2104.6008,0.0,35307.77279999999,18370.3392,1258.74,0.0,1141.2072000000003,136.3872,0.0,1420.596,43245.3672,64544.60400000001,2199.5568000000003,0.0,5539.416,0.0,17368.1424,87966.228,0.0,1795.9968000000001,2968.1448,8264.508,0.0,0.0,0.0,0.0,0.0,1754.3951999999997,1783.8696,2221.2312,0.0,0.0,0.0,0.0,0.0,0.0,0.0,0.0,0.0,0.0,0.0,0.0,0.0,0.0,0.0,0.0,0.0,0.0,0.0,0.0,0.0,0.0,0.0,0.0,57.924,549.0984000000001,0.0,0.0,417.64320000000004,0.0,0.0,0.0,0.0,0.0,0.0,7899.1416,0.0,0.0,0.0,0.0,108.68159999999999,937.7327999999999,0.0,2144.9016,0.0,0.0,0.0,0.0,0.0,0.0,0.0,0.0,0.0,0.0,0.0,0.0,0.0,11919.561599999999,0.0,0.0,0.0,0.0,0.0,773.0520000000001,0.0,0.0576,1621.7928000000002,1729.7616000000003,0.0,0.0,0.0,477.13199999999995,147.8784,750.0168000000001,126.5832,12.376800000000001,0.0,265.9008,1844.9135999999999,0.0,0.0,0.0,839.8656,1781.0616000000002,1001.9951999999998,1324.0968,612.4272000000001,15609.050399999998,0.0,0.0,4844.575200000001,0.0528
0.0,0.0,0.0,2104.6008,0.0,35307.77279999999,18370.3392,1258.74,0.0,1141.2072000000003,136.3872,0.0,1420.596,43245.3672,64544.60400000001,2199.5568000000003,0.0,5539.416,0.0,17368.1424,87966.228,0.0,1795.9968000000001,2968.1448,8264.508,0.0,0.0,0.0,0.0,0.0,1754.3951999999997,1783.8696,2221.2312,0.0,0.0,0.0,0.0,0.0,0.0,0.0,0.0,0.0,0.0,0.0,0.0,0.0,0.0,0.0,0.0,0.0,0.0,0.0,0.0,0.0,0.0,0.0,0.0,57.924,549.0984000000001,0.0,0.0,417.64320000000004,0.0,0.0,0.0,0.0,0.0,0.0,7899.1416,0.0,0.0,0.0,0.0,108.68159999999999,937.7327999999999,0.0,2144.9016,0.0,0.0,0.0,0.0,0.0,0.0,0.0,0.0,0.0,0.0,0.0,0.0,0.0,11919.561599999999,0.0,0.0,0.0,0.0,0.0,773.0520000000001,0.0,0.0576,1621.7928000000002,1729.7616000000003,0.0,0.0,0.0,477.13199999999995,147.8784,750.0168000000001,126.5832,12.376800000000001,0.0,265.9008,1844.9135999999999,0.0,0.0,0.0,839.8656,1781.0616000000002,1001.9951999999998,1324.0968,612.4272000000001,15609.050399999998,0.0,0.0,4844.575200000001,0.0528
0.0,0.0,0.0,3400.7976000000003,0.0,52644.7968,21550.3104,1465.968,0.0,1179.6648,309.6,0.0,2125.5600000000004,44702.7696,69218.09520000001,2222.4672,0.0,7346.4288,0.0,24021.9192,108206.7648,0.0,1888.7207999999998,3970.5335999999998,9813.0576,0.0,0.0,0.0,0.0,0.0,1817.7479999999998,1848.2856000000002,2383.5672,0.0,0.0,0.0,0.0,0.0,0.0,0.0,0.0,0.0,0.0,0.0,0.0,0.0,0.0,0.0,0.0,0.0,0.0,0.0,0.0,0.0,0.0,0.0,0.0,62.9016,553.6271999999999,0.0,0.0,467.66880000000003,0.0,0.0,0.0,0.0,0.0,0.0,7959.268800000001,0.0,0.0,0.0,0.0,111.2016,944.8704,0.0,2161.2288,0.0,0.0,0.0,0.0,0.0,0.0,0.0,0.0,0.0,0.0,0.0,0.0,0.0,15109.3032,0.0,0.0,0.0,0.0,0.0,783.3408000000001,0.0,0.0888,1644.7199999999998,1739.5704,0.0,0.0,0.0,471.9816,153.4296,741.1895999999999,123.276,12.0552,0.0,274.284,1869.4704,0.0,0.0,0.0,842.3664000000001,2204.1624,1499.2248,1341.72,546.1128,23354.894399999997,0.0,0.0,4497.6432,0.7368
0.0,0.0,0.0,3400.7976000000003,0.0,52644.7968,21550.3104,1465.968,0.0,1179.6648,309.6,0.0,2125.5600000000004,44702.7696,69218.09520000001,2222.4672,0.0,7346.4288,0.0,24021.9192,108206.7648,0.0,1888.7207999999998,3970.5335999999998,9813.0576,0.0,0.0,0.0,0.0,0.0,1817.7479999999998,1848.2856000000002,2383.5672,0.0,0.0,0.0,0.0,0.0,0.0,0.0,0.0,0.0,0.0,0.0,0.0,0.0,0.0,0.0,0.0,0.0,0.0,0.0,0.0,0.0,0.0,0.0,0.0,62.9016,553.6271999999999,0.0,0.0,467.66880000000003,0.0,0.0,0.0,0.0,0.0,0.0,7959.268800000001,0.0,0.0,0.0,0.0,111.2016,944.8704,0.0,2161.2288,0.0,0.0,0.0,0.0,0.0,0.0,0.0,0.0,0.0,0.0,0.0,0.0,0.0,15109.3032,0.0,0.0,0.0,0.0,0.0,783.3408000000001,0.0,0.0888,1644.7199999999998,1739.5704,0.0,0.0,0.0,471.9816,153.4296,741.1895999999999,123.276,12.0552,0.0,274.284,1869.4704,0.0,0.0,0.0,842.3664000000001,2204.1624,1499.2248,1341.72,546.1128,23354.894399999997,0.0,0.0,4497.6432,0.7368
0.0,0.0,0.0,3400.7976000000003,0.0,52644.7968,21550.3104,1465.968,0.0,1179.6648,309.6,0.0,2125.5600000000004,44702.7696,69218.09520000001,2222.4672,0.0,7346.4288,0.0,24021.9192,108206.7648,0.0,1888.7207999999998,3970.5335999999998,9813.0576,0.0,0.0,0.0,0.0,0.0,1817.7479999999998,1848.2856000000002,2383.5672,0.0,0.0,0.0,0.0,0.0,0.0,0.0,0.0,0.0,0.0,0.0,0.0,0.0,0.0,0.0,0.0,0.0,0.0,0.0,0.0,0.0,0.0,0.0,0.0,62.9016,553.6271999999999,0.0,0.0,467.66880000000003,0.0,0.0,0.0,0.0,0.0,0.0,7959.268800000001,0.0,0.0,0.0,0.0,111.2016,944.8704,0.0,2161.2288,0.0,0.0,0.0,0.0,0.0,0.0,0.0,0.0,0.0,0.0,0.0,0.0,0.0,15109.3032,0.0,0.0,0.0,0.0,0.0,783.3408000000001,0.0,0.0888,1644.7199999999998,1739.5704,0.0,0.0,0.0,471.9816,153.4296,741.1895999999999,123.276,12.0552,0.0,274.284,1869.4704,0.0,0.0,0.0,842.3664000000001,2204.1624,1499.2248,1341.72,546.1128,23354.894399999997,0.0,0.0,4497.6432,0.7368
0.0,0.0,0.0,3400.7976000000003,0.0,52644.7968,21550.3104,1465.968,0.0,1179.6648,309.6,0.0,2125.5600000000004,44702.7696,69218.09520000001,2222.4672,0.0,7346.4288,0.0,24021.9192,108206.7648,0.0,1888.7207999999998,3970.5335999999998,9813.0576,0.0,0.0,0.0,0.0,0.0,1817.7479999999998,1848.2856000000002,2383.5672,0.0,0.0,0.0,0.0,0.0,0.0,0.0,0.0,0.0,0.0,0.0,0.0,0.0,0.0,0.0,0.0,0.0,0.0,0.0,0.0,0.0,0.0,0.0,0.0,62.9016,553.6271999999999,0.0,0.0,467.66880000000003,0.0,0.0,0.0,0.0,0.0,0.0,7959.268800000001,0.0,0.0,0.0,0.0,111.2016,944.8704,0.0,2161.2288,0.0,0.0,0.0,0.0,0.0,0.0,0.0,0.0,0.0,0.0,0.0,0.0,0.0,15109.3032,0.0,0.0,0.0,0.0,0.0,783.3408000000001,0.0,0.0888,1644.7199999999998,1739.5704,0.0,0.0,0.0,471.9816,153.4296,741.1895999999999,123.276,12.0552,0.0,274.284,1869.4704,0.0,0.0,0.0,842.3664000000001,2204.1624,1499.2248,1341.72,546.1128,23354.894399999997,0.0,0.0,4497.6432,0.7368
0.0,0.0,0.0,3400.7976000000003,0.0,52644.7968,21550.3104,1465.968,0.0,1179.6648,309.6,0.0,2125.5600000000004,44702.7696,69218.09520000001,2222.4672,0.0,7346.4288,0.0,24021.9192,108206.7648,0.0,1888.7207999999998,3970.5335999999998,9813.0576,0.0,0.0,0.0,0.0,0.0,1817.7479999999998,1848.2856000000002,2383.5672,0.0,0.0,0.0,0.0,0.0,0.0,0.0,0.0,0.0,0.0,0.0,0.0,0.0,0.0,0.0,0.0,0.0,0.0,0.0,0.0,0.0,0.0,0.0,0.0,62.9016,553.6271999999999,0.0,0.0,467.66880000000003,0.0,0.0,0.0,0.0,0.0,0.0,7959.268800000001,0.0,0.0,0.0,0.0,111.2016,944.8704,0.0,2161.2288,0.0,0.0,0.0,0.0,0.0,0.0,0.0,0.0,0.0,0.0,0.0,0.0,0.0,15109.3032,0.0,0.0,0.0,0.0,0.0,783.3408000000001,0.0,0.0888,1644.7199999999998,1739.5704,0.0,0.0,0.0,471.9816,153.4296,741.1895999999999,123.276,12.0552,0.0,274.284,1869.4704,0.0,0.0,0.0,842.3664000000001,2204.1624,1499.2248,1341.72,546.1128,23354.894399999997,0.0,0.0,4497.6432,0.7368
0.0,0.0,0.0,3400.7976000000003,0.0,52644.7968,21550.3104,1465.968,0.0,1179.6648,309.6,0.0,2125.5600000000004,44702.7696,69218.09520000001,2222.4672,0.0,7346.4288,0.0,24021.9192,108206.7648,0.0,1888.7207999999998,3970.5335999999998,9813.0576,0.0,0.0,0.0,0.0,0.0,1817.7479999999998,1848.2856000000002,2383.5672,0.0,0.0,0.0,0.0,0.0,0.0,0.0,0.0,0.0,0.0,0.0,0.0,0.0,0.0,0.0,0.0,0.0,0.0,0.0,0.0,0.0,0.0,0.0,0.0,62.9016,553.6271999999999,0.0,0.0,467.66880000000003,0.0,0.0,0.0,0.0,0.0,0.0,7959.268800000001,0.0,0.0,0.0,0.0,111.2016,944.8704,0.0,2161.2288,0.0,0.0,0.0,0.0,0.0,0.0,0.0,0.0,0.0,0.0,0.0,0.0,0.0,15109.3032,0.0,0.0,0.0,0.0,0.0,783.3408000000001,0.0,0.0888,1644.7199999999998,1739.5704,0.0,0.0,0.0,471.9816,153.4296,741.1895999999999,123.276,12.0552,0.0,274.284,1869.4704,0.0,0.0,0.0,842.3664000000001,2204.1624,1499.2248,1341.72,546.1128,23354.894399999997,0.0,0.0,4497.6432,0.7368
0.0,0.0,0.0,3400.7976000000003,0.0,52644.7968,21550.3104,1465.968,0.0,1179.6648,309.6,0.0,2125.5600000000004,44702.7696,69218.09520000001,2222.4672,0.0,7346.4288,0.0,24021.9192,108206.7648,0.0,1888.7207999999998,3970.5335999999998,9813.0576,0.0,0.0,0.0,0.0,0.0,1817.7479999999998,1848.2856000000002,2383.5672,0.0,0.0,0.0,0.0,0.0,0.0,0.0,0.0,0.0,0.0,0.0,0.0,0.0,0.0,0.0,0.0,0.0,0.0,0.0,0.0,0.0,0.0,0.0,0.0,62.9016,553.6271999999999,0.0,0.0,467.66880000000003,0.0,0.0,0.0,0.0,0.0,0.0,7959.268800000001,0.0,0.0,0.0,0.0,111.2016,944.8704,0.0,2161.2288,0.0,0.0,0.0,0.0,0.0,0.0,0.0,0.0,0.0,0.0,0.0,0.0,0.0,15109.3032,0.0,0.0,0.0,0.0,0.0,783.3408000000001,0.0,0.0888,1644.7199999999998,1739.5704,0.0,0.0,0.0,471.9816,153.4296,741.1895999999999,123.276,12.0552,0.0,274.284,1869.4704,0.0,0.0,0.0,842.3664000000001,2204.1624,1499.2248,1341.72,546.1128,23354.894399999997,0.0,0.0,4497.6432,0.7368
0.0,0.0,0.0,3003.4656,0.0,48818.2104,12285.283200000002,823.8072,0.0,1249.0368,269.1024,0.0,2234.7407999999996,47331.5424,73228.4016,2183.9376,0.0,7887.1152,0.0,19760.268,102533.136,0.0,1732.7784000000001,4918.6176000000005,11827.934399999998,0.0,0.0,0.0,0.0,0.0,1937.4191999999998,1969.9680000000003,2555.4072,0.0,0.0,0.0,0.0,0.0,0.0,0.0,0.0,0.0,0.0,0.0,0.0,0.0,0.0,0.0,0.0,0.0,0.0,0.0,0.0,0.0,0.0,0.0,0.0,67.3296,552.1679999999999,0.0,0.0,536.7216,0.0,0.0,0.0,0.0,0.0,0.0,7951.7496,0.0,0.0,0.0,0.0,106.54560000000001,943.9799999999999,0.0,2159.1864,0.0,0.0,0.0,0.0,0.0,0.0,0.0,0.0,0.0,0.0,0.0,0.0,0.0,13060.775999999998,0.0,0.0,0.0,0.0,0.0,813.1800000000001,0.0,0.1416,1703.2752,1725.4008,0.0,0.0,0.0,608.9159999999999,147.79199999999997,971.6784,174.6336,17.078400000000002,0.0,280.0176,1940.6808,0.0,0.0,0.0,843.8352,2204.1624,1576.2383999999997,1392.8232000000003,409.58399999999995,24554.5872,0.0,0.0,3699.7775999999994,0.2136
0.0,0.0,0.0,3003.4656,0.0,48818.2104,12285.283200000002,823.8072,0.0,1249.0368,269.1024,0.0,2234.7407999999996,47331.5424,73228.4016,2183.9376,0.0,7887.1152,0.0,19760.268,102533.136,0.0,1732.7784000000001,4918.6176000000005,11827.934399999998,0.0,0.0,0.0,0.0,0.0,1937.4191999999998,1969.9680000000003,2555.4072,0.0,0.0,0.0,0.0,0.0,0.0,0.0,0.0,0.0,0.0,0.0,0.0,0.0,0.0,0.0,0.0,0.0,0.0,0.0,0.0,0.0,0.0,0.0,0.0,67.3296,552.1679999999999,0.0,0.0,536.7216,0.0,0.0,0.0,0.0,0.0,0.0,7951.7496,0.0,0.0,0.0,0.0,106.54560000000001,943.9799999999999,0.0,2159.1864,0.0,0.0,0.0,0.0,0.0,0.0,0.0,0.0,0.0,0.0,0.0,0.0,0.0,13060.775999999998,0.0,0.0,0.0,0.0,0.0,813.1800000000001,0.0,0.1416,1703.2752,1725.4008,0.0,0.0,0.0,608.9159999999999,147.79199999999997,971.6784,174.6336,17.078400000000002,0.0,280.0176,1940.6808,0.0,0.0,0.0,843.8352,2204.1624,1576.2383999999997,1392.8232000000003,409.58399999999995,24554.5872,0.0,0.0,3699.7775999999994,0.2136
0.0,0.0,0.0,3003.4656,0.0,48818.2104,12285.283200000002,823.8072,0.0,1249.0368,269.1024,0.0,2234.7407999999996,47331.5424,73228.4016,2183.9376,0.0,7887.1152,0.0,19760.268,102533.136,0.0,1732.7784000000001,4918.6176000000005,11827.934399999998,0.0,0.0,0.0,0.0,0.0,1937.4191999999998,1969.9680000000003,2555.4072,0.0,0.0,0.0,0.0,0.0,0.0,0.0,0.0,0.0,0.0,0.0,0.0,0.0,0.0,0.0,0.0,0.0,0.0,0.0,0.0,0.0,0.0,0.0,0.0,67.3296,552.1679999999999,0.0,0.0,536.7216,0.0,0.0,0.0,0.0,0.0,0.0,7951.7496,0.0,0.0,0.0,0.0,106.54560000000001,943.9799999999999,0.0,2159.1864,0.0,0.0,0.0,0.0,0.0,0.0,0.0,0.0,0.0,0.0,0.0,0.0,0.0,13060.775999999998,0.0,0.0,0.0,0.0,0.0,813.1800000000001,0.0,0.1416,1703.2752,1725.4008,0.0,0.0,0.0,608.9159999999999,147.79199999999997,971.6784,174.6336,17.078400000000002,0.0,280.0176,1940.6808,0.0,0.0,0.0,843.8352,2204.1624,1576.2383999999997,1392.8232000000003,409.58399999999995,24554.5872,0.0,0.0,3699.7775999999994,0.2136
0.0,0.0,0.0,3003.4656,0.0,48818.2104,12285.283200000002,823.8072,0.0,1249.0368,269.1024,0.0,2234.7407999999996,47331.5424,73228.4016,2183.9376,0.0,7887.1152,0.0,19760.268,102533.136,0.0,1732.7784000000001,4918.6176000000005,11827.934399999998,0.0,0.0,0.0,0.0,0.0,1937.4191999999998,1969.9680000000003,2555.4072,0.0,0.0,0.0,0.0,0.0,0.0,0.0,0.0,0.0,0.0,0.0,0.0,0.0,0.0,0.0,0.0,0.0,0.0,0.0,0.0,0.0,0.0,0.0,0.0,67.3296,552.1679999999999,0.0,0.0,536.7216,0.0,0.0,0.0,0.0,0.0,0.0,7951.7496,0.0,0.0,0.0,0.0,106.54560000000001,943.9799999999999,0.0,2159.1864,0.0,0.0,0.0,0.0,0.0,0.0,0.0,0.0,0.0,0.0,0.0,0.0,0.0,13060.775999999998,0.0,0.0,0.0,0.0,0.0,813.1800000000001,0.0,0.1416,1703.2752,1725.4008,0.0,0.0,0.0,608.9159999999999,147.79199999999997,971.6784,174.6336,17.078400000000002,0.0,280.0176,1940.6808,0.0,0.0,0.0,843.8352,2204.1624,1576.2383999999997,1392.8232000000003,409.58399999999995,24554.5872,0.0,0.0,3699.7775999999994,0.2136
0.0,0.0,0.0,3003.4656,0.0,48818.2104,12285.283200000002,823.8072,0.0,1249.0368,269.1024,0.0,2234.7407999999996,47331.5424,73228.4016,2183.9376,0.0,7887.1152,0.0,19760.268,102533.136,0.0,1732.7784000000001,4918.6176000000005,11827.934399999998,0.0,0.0,0.0,0.0,0.0,1937.4191999999998,1969.9680000000003,2555.4072,0.0,0.0,0.0,0.0,0.0,0.0,0.0,0.0,0.0,0.0,0.0,0.0,0.0,0.0,0.0,0.0,0.0,0.0,0.0,0.0,0.0,0.0,0.0,0.0,67.3296,552.1679999999999,0.0,0.0,536.7216,0.0,0.0,0.0,0.0,0.0,0.0,7951.7496,0.0,0.0,0.0,0.0,106.54560000000001,943.9799999999999,0.0,2159.1864,0.0,0.0,0.0,0.0,0.0,0.0,0.0,0.0,0.0,0.0,0.0,0.0,0.0,13060.775999999998,0.0,0.0,0.0,0.0,0.0,813.1800000000001,0.0,0.1416,1703.2752,1725.4008,0.0,0.0,0.0,608.9159999999999,147.79199999999997,971.6784,174.6336,17.078400000000002,0.0,280.0176,1940.6808,0.0,0.0,0.0,843.8352,2204.1624,1576.2383999999997,1392.8232000000003,409.58399999999995,24554.5872,0.0,0.0,3699.7775999999994,0.2136
0.0,0.0,0.0,3003.4656,0.0,48818.2104,12285.283200000002,823.8072,0.0,1249.0368,269.1024,0.0,2234.7407999999996,47331.5424,73228.4016,2183.9376,0.0,7887.1152,0.0,19760.268,102533.136,0.0,1732.7784000000001,4918.6176000000005,11827.934399999998,0.0,0.0,0.0,0.0,0.0,1937.4191999999998,1969.9680000000003,2555.4072,0.0,0.0,0.0,0.0,0.0,0.0,0.0,0.0,0.0,0.0,0.0,0.0,0.0,0.0,0.0,0.0,0.0,0.0,0.0,0.0,0.0,0.0,0.0,0.0,67.3296,552.1679999999999,0.0,0.0,536.7216,0.0,0.0,0.0,0.0,0.0,0.0,7951.7496,0.0,0.0,0.0,0.0,106.54560000000001,943.9799999999999,0.0,2159.1864,0.0,0.0,0.0,0.0,0.0,0.0,0.0,0.0,0.0,0.0,0.0,0.0,0.0,13060.775999999998,0.0,0.0,0.0,0.0,0.0,813.1800000000001,0.0,0.1416,1703.2752,1725.4008,0.0,0.0,0.0,608.9159999999999,147.79199999999997,971.6784,174.6336,17.078400000000002,0.0,280.0176,1940.6808,0.0,0.0,0.0,843.8352,2204.1624,1576.2383999999997,1392.8232000000003,409.58399999999995,24554.5872,0.0,0.0,3699.7775999999994,0.2136
0.0,0.0,0.0,3003.4656,0.0,48818.2104,12285.283200000002,823.8072,0.0,1249.0368,269.1024,0.0,2234.7407999999996,47331.5424,73228.4016,2183.9376,0.0,7887.1152,0.0,19760.268,102533.136,0.0,1732.7784000000001,4918.6176000000005,11827.934399999998,0.0,0.0,0.0,0.0,0.0,1937.4191999999998,1969.9680000000003,2555.4072,0.0,0.0,0.0,0.0,0.0,0.0,0.0,0.0,0.0,0.0,0.0,0.0,0.0,0.0,0.0,0.0,0.0,0.0,0.0,0.0,0.0,0.0,0.0,0.0,67.3296,552.1679999999999,0.0,0.0,536.7216,0.0,0.0,0.0,0.0,0.0,0.0,7951.7496,0.0,0.0,0.0,0.0,106.54560000000001,943.9799999999999,0.0,2159.1864,0.0,0.0,0.0,0.0,0.0,0.0,0.0,0.0,0.0,0.0,0.0,0.0,0.0,13060.775999999998,0.0,0.0,0.0,0.0,0.0,813.1800000000001,0.0,0.1416,1703.2752,1725.4008,0.0,0.0,0.0,608.9159999999999,147.79199999999997,971.6784,174.6336,17.078400000000002,0.0,280.0176,1940.6808,0.0,0.0,0.0,843.8352,2204.1624,1576.2383999999997,1392.8232000000003,409.58399999999995,24554.5872,0.0,0.0,3699.7775999999994,0.2136
0.0,0.0,0.0,2756.136,0.0,44824.943999999996,9410.464800000002,628.0896,0.0,1131.144,203.72160000000002,0.0,2244.2352,42863.9928,67154.5728,1891.068,0.0,7245.7056,0.0,17163.4392,88998.4272,0.0,1541.16,5369.7119999999995,14762.807999999999,0.0,0.0,0.0,0.0,0.0,3015.2424,3065.8943999999997,3259.1568,0.0,0.0,0.0,0.0,0.0,0.0,0.0,0.0,0.0,0.0,0.0,0.0,0.0,0.0,0.0,0.0,0.0,0.0,0.0,0.0,0.0,0.0,0.0,0.0,63.043200000000006,542.2344,0.0,0.0,733.4136000000001,0.0,0.0,0.0,0.0,0.0,0.0,7816.4664,0.0,0.0,0.0,0.0,102.0888,927.9192,0.0,2122.452,0.0,0.0,0.0,0.0,0.0,0.0,0.0,0.0,0.0,0.0,0.0,0.0,0.0,9167.443200000002,0.0,0.0,0.0,0.0,0.0,769.1088,0.0,0.0912,1599.5256,1704.6912000000002,0.0,0.0,0.0,632.5776000000001,144.0432,1025.8272000000002,224.448,21.9504,0.0,238.12079999999995,1835.5007999999998,0.0,0.0,0.0,802.4639999999999,1965.2736,1582.9368,1317.3408,374.47679999999997,24658.9128,0.0,0.0,3486.304800000001,0.0
0.0,0.0,0.0,2756.136,0.0,44824.943999999996,9410.464800000002,628.0896,0.0,1131.144,203.72160000000002,0.0,2244.2352,42863.9928,67154.5728,1891.068,0.0,7245.7056,0.0,17163.4392,88998.4272,0.0,1541.16,5369.7119999999995,14762.807999999999,0.0,0.0,0.0,0.0,0.0,3015.2424,3065.8943999999997,3259.1568,0.0,0.0,0.0,0.0,0.0,0.0,0.0,0.0,0.0,0.0,0.0,0.0,0.0,0.0,0.0,0.0,0.0,0.0,0.0,0.0,0.0,0.0,0.0,0.0,63.043200000000006,542.2344,0.0,0.0,733.4136000000001,0.0,0.0,0.0,0.0,0.0,0.0,7816.4664,0.0,0.0,0.0,0.0,102.0888,927.9192,0.0,2122.452,0.0,0.0,0.0,0.0,0.0,0.0,0.0,0.0,0.0,0.0,0.0,0.0,0.0,9167.443200000002,0.0,0.0,0.0,0.0,0.0,769.1088,0.0,0.0912,1599.5256,1704.6912000000002,0.0,0.0,0.0,632.5776000000001,144.0432,1025.8272000000002,224.448,21.9504,0.0,238.12079999999995,1835.5007999999998,0.0,0.0,0.0,802.4639999999999,1965.2736,1582.9368,1317.3408,374.47679999999997,24658.9128,0.0,0.0,3486.304800000001,0.0
0.0,0.0,0.0,2756.136,0.0,44824.943999999996,9410.464800000002,628.0896,0.0,1131.144,203.72160000000002,0.0,2244.2352,42863.9928,67154.5728,1891.068,0.0,7245.7056,0.0,17163.4392,88998.4272,0.0,1541.16,5369.7119999999995,14762.807999999999,0.0,0.0,0.0,0.0,0.0,3015.2424,3065.8943999999997,3259.1568,0.0,0.0,0.0,0.0,0.0,0.0,0.0,0.0,0.0,0.0,0.0,0.0,0.0,0.0,0.0,0.0,0.0,0.0,0.0,0.0,0.0,0.0,0.0,0.0,63.043200000000006,542.2344,0.0,0.0,733.4136000000001,0.0,0.0,0.0,0.0,0.0,0.0,7816.4664,0.0,0.0,0.0,0.0,102.0888,927.9192,0.0,2122.452,0.0,0.0,0.0,0.0,0.0,0.0,0.0,0.0,0.0,0.0,0.0,0.0,0.0,9167.443200000002,0.0,0.0,0.0,0.0,0.0,769.1088,0.0,0.0912,1599.5256,1704.6912000000002,0.0,0.0,0.0,632.5776000000001,144.0432,1025.8272000000002,224.448,21.9504,0.0,238.12079999999995,1835.5007999999998,0.0,0.0,0.0,802.4639999999999,1965.2736,1582.9368,1317.3408,374.47679999999997,24658.9128,0.0,0.0,3486.304800000001,0.0
0.0,0.0,0.0,2756.136,0.0,44824.943999999996,9410.464800000002,628.0896,0.0,1131.144,203.72160000000002,0.0,2244.2352,42863.9928,67154.5728,1891.068,0.0,7245.7056,0.0,17163.4392,88998.4272,0.0,1541.16,5369.7119999999995,14762.807999999999,0.0,0.0,0.0,0.0,0.0,3015.2424,3065.8943999999997,3259.1568,0.0,0.0,0.0,0.0,0.0,0.0,0.0,0.0,0.0,0.0,0.0,0.0,0.0,0.0,0.0,0.0,0.0,0.0,0.0,0.0,0.0,0.0,0.0,0.0,63.043200000000006,542.2344,0.0,0.0,733.4136000000001,0.0,0.0,0.0,0.0,0.0,0.0,7816.4664,0.0,0.0,0.0,0.0,102.0888,927.9192,0.0,2122.452,0.0,0.0,0.0,0.0,0.0,0.0,0.0,0.0,0.0,0.0,0.0,0.0,0.0,9167.443200000002,0.0,0.0,0.0,0.0,0.0,769.1088,0.0,0.0912,1599.5256,1704.6912000000002,0.0,0.0,0.0,632.5776000000001,144.0432,1025.8272000000002,224.448,21.9504,0.0,238.12079999999995,1835.5007999999998,0.0,0.0,0.0,802.4639999999999,1965.2736,1582.9368,1317.3408,374.47679999999997,24658.9128,0.0,0.0,3486.304800000001,0.0
0.0,0.0,0.0,2756.136,0.0,44824.943999999996,9410.464800000002,628.0896,0.0,1131.144,203.72160000000002,0.0,2244.2352,42863.9928,67154.5728,1891.068,0.0,7245.7056,0.0,17163.4392,88998.4272,0.0,1541.16,5369.7119999999995,14762.807999999999,0.0,0.0,0.0,0.0,0.0,3015.2424,3065.8943999999997,3259.1568,0.0,0.0,0.0,0.0,0.0,0.0,0.0,0.0,0.0,0.0,0.0,0.0,0.0,0.0,0.0,0.0,0.0,0.0,0.0,0.0,0.0,0.0,0.0,0.0,63.043200000000006,542.2344,0.0,0.0,733.4136000000001,0.0,0.0,0.0,0.0,0.0,0.0,7816.4664,0.0,0.0,0.0,0.0,102.0888,927.9192,0.0,2122.452,0.0,0.0,0.0,0.0,0.0,0.0,0.0,0.0,0.0,0.0,0.0,0.0,0.0,9167.443200000002,0.0,0.0,0.0,0.0,0.0,769.1088,0.0,0.0912,1599.5256,1704.6912000000002,0.0,0.0,0.0,632.5776000000001,144.0432,1025.8272000000002,224.448,21.9504,0.0,238.12079999999995,1835.5007999999998,0.0,0.0,0.0,802.4639999999999,1965.2736,1582.9368,1317.3408,374.47679999999997,24658.9128,0.0,0.0,3486.304800000001,0.0
0.0,0.0,0.0,2756.136,0.0,44824.943999999996,9410.464800000002,628.0896,0.0,1131.144,203.72160000000002,0.0,2244.2352,42863.9928,67154.5728,1891.068,0.0,7245.7056,0.0,17163.4392,88998.4272,0.0,1541.16,5369.7119999999995,14762.807999999999,0.0,0.0,0.0,0.0,0.0,3015.2424,3065.8943999999997,3259.1568,0.0,0.0,0.0,0.0,0.0,0.0,0.0,0.0,0.0,0.0,0.0,0.0,0.0,0.0,0.0,0.0,0.0,0.0,0.0,0.0,0.0,0.0,0.0,0.0,63.043200000000006,542.2344,0.0,0.0,733.4136000000001,0.0,0.0,0.0,0.0,0.0,0.0,7816.4664,0.0,0.0,0.0,0.0,102.0888,927.9192,0.0,2122.452,0.0,0.0,0.0,0.0,0.0,0.0,0.0,0.0,0.0,0.0,0.0,0.0,0.0,9167.443200000002,0.0,0.0,0.0,0.0,0.0,769.1088,0.0,0.0912,1599.5256,1704.6912000000002,0.0,0.0,0.0,632.5776000000001,144.0432,1025.8272000000002,224.448,21.9504,0.0,238.12079999999995,1835.5007999999998,0.0,0.0,0.0,802.4639999999999,1965.2736,1582.9368,1317.3408,374.47679999999997,24658.9128,0.0,0.0,3486.304800000001,0.0
0.0,0.0,0.0,2756.136,0.0,44824.943999999996,9410.464800000002,628.0896,0.0,1131.144,203.72160000000002,0.0,2244.2352,42863.9928,67154.5728,1891.068,0.0,7245.7056,0.0,17163.4392,88998.4272,0.0,1541.16,5369.7119999999995,14762.807999999999,0.0,0.0,0.0,0.0,0.0,3015.2424,3065.8943999999997,3259.1568,0.0,0.0,0.0,0.0,0.0,0.0,0.0,0.0,0.0,0.0,0.0,0.0,0.0,0.0,0.0,0.0,0.0,0.0,0.0,0.0,0.0,0.0,0.0,0.0,63.043200000000006,542.2344,0.0,0.0,733.4136000000001,0.0,0.0,0.0,0.0,0.0,0.0,7816.4664,0.0,0.0,0.0,0.0,102.0888,927.9192,0.0,2122.452,0.0,0.0,0.0,0.0,0.0,0.0,0.0,0.0,0.0,0.0,0.0,0.0,0.0,9167.443200000002,0.0,0.0,0.0,0.0,0.0,769.1088,0.0,0.0912,1599.5256,1704.6912000000002,0.0,0.0,0.0,632.5776000000001,144.0432,1025.8272000000002,224.448,21.9504,0.0,238.12079999999995,1835.5007999999998,0.0,0.0,0.0,802.4639999999999,1965.2736,1582.9368,1317.3408,374.47679999999997,24658.9128,0.0,0.0,3486.304800000001,0.0
0.0,0.0,0.0,2756.136,0.0,44824.943999999996,9410.464800000002,628.0896,0.0,1131.144,203.72160000000002,0.0,2244.2352,42863.9928,67154.5728,1891.068,0.0,7245.7056,0.0,17163.4392,88998.4272,0.0,1541.16,5369.7119999999995,14762.807999999999,0.0,0.0,0.0,0.0,0.0,3015.2424,3065.8943999999997,3259.1568,0.0,0.0,0.0,0.0,0.0,0.0,0.0,0.0,0.0,0.0,0.0,0.0,0.0,0.0,0.0,0.0,0.0,0.0,0.0,0.0,0.0,0.0,0.0,0.0,63.043200000000006,542.2344,0.0,0.0,733.4136000000001,0.0,0.0,0.0,0.0,0.0,0.0,7816.4664,0.0,0.0,0.0,0.0,102.0888,927.9192,0.0,2122.452,0.0,0.0,0.0,0.0,0.0,0.0,0.0,0.0,0.0,0.0,0.0,0.0,0.0,9167.443200000002,0.0,0.0,0.0,0.0,0.0,769.1088,0.0,0.0912,1599.5256,1704.6912000000002,0.0,0.0,0.0,632.5776000000001,144.0432,1025.8272000000002,224.448,21.9504,0.0,238.12079999999995,1835.5007999999998,0.0,0.0,0.0,802.4639999999999,1965.2736,1582.9368,1317.3408,374.47679999999997,24658.9128,0.0,0.0,3486.304800000001,0.0
