bus_100011,bus_100221,bus_100251,bus_100331,bus_100351,bus_100931,bus_102281,bus_103441,bus_105251,bus_105581,bus_105701,bus_106001,bus_106771,bus_107501,bus_110161,bus_130001,bus_131751,bus_133661,bus_134201,bus_134461,bus_135041,bus_200001,bus_200071,bus_200261,bus_201361,bus_204901,bus_211211,bus_211651,bus_216471,bus_230171,bus_230541,bus_230601,bus_232301,bus_232631,bus_233771,bus_251601,bus_252891,bus_253751,bus_253851,bus_254001,bus_254031,bus_254391,bus_255951,bus_255981,bus_256181,bus_256751,bus_257141,bus_257301,bus_258301,bus_261001,bus_261161,bus_261331,bus_262011,bus_280781,bus_280991,bus_281221,bus_283651,bus_284011,bus_284741,bus_285491,bus_286671,bus_300011,bus_301441,bus_301461,bus_301721,bus_301741,bus_302051,bus_302071,bus_302201,bus_302211,bus_303741,bus_400011,bus_400031,bus_400041,bus_400061,bus_400071,bus_400081,bus_400501,bus_401601,bus_401621,bus_401681,bus_401691,bus_402791,bus_402811,bus_403671,bus_403691,bus_403911,bus_405951,bus_406021,bus_406911,bus_407871,bus_408441,bus_408811,bus_409611,bus_409941,bus_500001,bus_500071,bus_500241,bus_500991,bus_501961,bus_503161,bus_530001,bus_530021,bus_530121,bus_532171,bus_600001,bus_600031,bus_601941,bus_605141,bus_605771,bus_606631,bus_700001,bus_700161,bus_700631,bus_701551,bus_701721,bus_740011,bus_740531,bus_741041,bus_741321,bus_742351,bus_770011,bus_771731,bus_772611,bus_800071
0.0,0.0,0.0,51.4821,0.0,1242.7218,449.3506999999999,25.738,0.0,45.18679999999999,7.5744,0.0,63.3879,740.6402999999999,1123.5334,40.6947,0.0,188.83700000000005,0.0,504.4296,2909.9761999999996,0.0,30.12,115.86120000000001,401.4744000000001,0.0,0.0,0.0,0.0,0.0,30.783,97.22790000000002,52.504900000000006,0.0,0.0,0.0,0.0,0.0,0.0,0.0,0.0,0.0,0.0,0.0,0.0,0.0,0.0,0.0,0.0,0.0,0.0,0.0,0.0,0.0,0.0,0.0,0.0,2.3044,14.264299999999999,0.0,0.0,17.094499999999996,0.0,0.0,0.0,0.0,0.0,0.0,274.0573,0.0,0.0,0.0,0.0,2.3933999999999997,25.747100000000003,0.0,67.5987,0.0,0.0,0.0,0.0,0.0,0.0,0.0,0.0,0.0,0.0,0.0,0.0,0.0,203.1516,0.0,0.0,0.0,0.0,0.0,18.1486,0.0,0.0004,45.1035,40.3007,0.0,0.0,0.0,17.4965,2.8933,22.458,5.2849,0.5791,0.0,4.2909999999999995,49.842600000000004,0.0,0.0,0.0,18.301700000000004,51.0155,39.5789,31.3484,12.5045,490.8938,0.0,0.0,118.0274,0.002
0.0,0.0,0.0,51.4821,0.0,1242.7218,449.3506999999999,25.738,0.0,45.18679999999999,7.5744,0.0,63.3879,740.6402999999999,1123.5334,40.6947,0.0,188.83700000000005,0.0,504.4296,2909.9761999999996,0.0,30.12,115.86120000000001,401.4744000000001,0.0,0.0,0.0,0.0,0.0,30.783,97.22790000000002,52.504900000000006,0.0,0.0,0.0,0.0,0.0,0.0,0.0,0.0,0.0,0.0,0.0,0.0,0.0,0.0,0.0,0.0,0.0,0.0,0.0,0.0,0.0,0.0,0.0,0.0,2.3044,14.264299999999999,0.0,0.0,17.094499999999996,0.0,0.0,0.0,0.0,0.0,0.0,274.0573,0.0,0.0,0.0,0.0,2.3933999999999997,25.747100000000003,0.0,67.5987,0.0,0.0,0.0,0.0,0.0,0.0,0.0,0.0,0.0,0.0,0.0,0.0,0.0,203.1516,0.0,0.0,0.0,0.0,0.0,18.1486,0.0,0.0004,45.1035,40.3007,0.0,0.0,0.0,17.4965,2.8933,22.458,5.2849,0.5791,0.0,4.2909999999999995,49.842600000000004,0.0,0.0,0.0,18.301700000000004,51.0155,39.5789,31.3484,12.5045,490.8938,0.0,0.0,118.0274,0.002
0.0,0.0,0.0,51.4821,0.0,1242.7218,449.3506999999999,25.738,0.0,45.18679999999999,7.5744,0.0,63.3879,740.6402999999999,1123.5334,40.6947,0.0,188.83700000000005,0.0,504.4296,2909.9761999999996,0.0,30.12,115.86120000000001,401.4744000000001,0.0,0.0,0.0,0.0,0.0,30.783,97.22790000000002,52.504900000000006,0.0,0.0,0.0,0.0,0.0,0.0,0.0,0.0,0.0,0.0,0.0,0.0,0.0,0.0,0.0,0.0,0.0,0.0,0.0,0.0,0.0,0.0,0.0,0.0,2.3044,14.264299999999999,0.0,0.0,17.094499999999996,0.0,0.0,0.0,0.0,0.0,0.0,274.0573,0.0,0.0,0.0,0.0,2.3933999999999997,25.747100000000003,0.0,67.5987,0.0,0.0,0.0,0.0,0.0,0.0,0.0,0.0,0.0,0.0,0.0,0.0,0.0,203.1516,0.0,0.0,0.0,0.0,0.0,18.1486,0.0,0.0004,45.1035,40.3007,0.0,0.0,0.0,17.4965,2.8933,22.458,5.2849,0.5791,0.0,4.2909999999999995,49.842600000000004,0.0,0.0,0.0,18.301700000000004,51.0155,39.5789,31.3484,12.5045,490.8938,0.0,0.0,118.0274,0.002
0.0,0.0,0.0,51.4821,0.0,1242.7218,449.3506999999999,25.738,0.0,45.18679999999999,7.5744,0.0,63.3879,740.6402999999999,1123.5334,40.6947,0.0,188.83700000000005,0.0,504.4296,2909.9761999999996,0.0,30.12,115.86120000000001,401.4744000000001,0.0,0.0,0.0,0.0,0.0,30.783,97.22790000000002,52.504900000000006,0.0,0.0,0.0,0.0,0.0,0.0,0.0,0.0,0.0,0.0,0.0,0.0,0.0,0.0,0.0,0.0,0.0,0.0,0.0,0.0,0.0,0.0,0.0,0.0,2.3044,14.264299999999999,0.0,0.0,17.094499999999996,0.0,0.0,0.0,0.0,0.0,0.0,274.0573,0.0,0.0,0.0,0.0,2.3933999999999997,25.747100000000003,0.0,67.5987,0.0,0.0,0.0,0.0,0.0,0.0,0.0,0.0,0.0,0.0,0.0,0.0,0.0,203.1516,0.0,0.0,0.0,0.0,0.0,18.1486,0.0,0.0004,45.1035,40.3007,0.0,0.0,0.0,17.4965,2.8933,22.458,5.2849,0.5791,0.0,4.2909999999999995,49.842600000000004,0.0,0.0,0.0,18.301700000000004,51.0155,39.5789,31.3484,12.5045,490.8938,0.0,0.0,118.0274,0.002
0.0,0.0,0.0,51.4821,0.0,1242.7218,449.3506999999999,25.738,0.0,45.18679999999999,7.5744,0.0,63.3879,740.6402999999999,1123.5334,40.6947,0.0,188.83700000000005,0.0,504.4296,2909.9761999999996,0.0,30.12,115.86120000000001,401.4744000000001,0.0,0.0,0.0,0.0,0.0,30.783,97.22790000000002,52.504900000000006,0.0,0.0,0.0,0.0,0.0,0.0,0.0,0.0,0.0,0.0,0.0,0.0,0.0,0.0,0.0,0.0,0.0,0.0,0.0,0.0,0.0,0.0,0.0,0.0,2.3044,14.264299999999999,0.0,0.0,17.094499999999996,0.0,0.0,0.0,0.0,0.0,0.0,274.0573,0.0,0.0,0.0,0.0,2.3933999999999997,25.747100000000003,0.0,67.5987,0.0,0.0,0.0,0.0,0.0,0.0,0.0,0.0,0.0,0.0,0.0,0.0,0.0,203.1516,0.0,0.0,0.0,0.0,0.0,18.1486,0.0,0.0004,45.1035,40.3007,0.0,0.0,0.0,17.4965,2.8933,22.458,5.2849,0.5791,0.0,4.2909999999999995,49.842600000000004,0.0,0.0,0.0,18.301700000000004,51.0155,39.5789,31.3484,12.5045,490.8938,0.0,0.0,118.0274,0.002
0.0,0.0,0.0,51.4821,0.0,1242.7218,449.3506999999999,25.738,0.0,45.18679999999999,7.5744,0.0,63.3879,740.6402999999999,1123.5334,40.6947,0.0,188.83700000000005,0.0,504.4296,2909.9761999999996,0.0,30.12,115.86120000000001,401.4744000000001,0.0,0.0,0.0,0.0,0.0,30.783,97.22790000000002,52.504900000000006,0.0,0.0,0.0,0.0,0.0,0.0,0.0,0.0,0.0,0.0,0.0,0.0,0.0,0.0,0.0,0.0,0.0,0.0,0.0,0.0,0.0,0.0,0.0,0.0,2.3044,14.264299999999999,0.0,0.0,17.094499999999996,0.0,0.0,0.0,0.0,0.0,0.0,274.0573,0.0,0.0,0.0,0.0,2.3933999999999997,25.747100000000003,0.0,67.5987,0.0,0.0,0.0,0.0,0.0,0.0,0.0,0.0,0.0,0.0,0.0,0.0,0.0,203.1516,0.0,0.0,0.0,0.0,0.0,18.1486,0.0,0.0004,45.1035,40.3007,0.0,0.0,0.0,17.4965,2.8933,22.458,5.2849,0.5791,0.0,4.2909999999999995,49.842600000000004,0.0,0.0,0.0,18.301700000000004,51.0155,39.5789,31.3484,12.5045,490.8938,0.0,0.0,118.0274,0.002
0.0,0.0,0.0,51.4821,0.0,1242.7218,449.3506999999999,25.738,0.0,45.18679999999999,7.5744,0.0,63.3879,740.6402999999999,1123.5334,40.6947,0.0,188.83700000000005,0.0,504.4296,2909.9761999999996,0.0,30.12,115.86120000000001,401.4744000000001,0.0,0.0,0.0,0.0,0.0,30.783,97.22790000000002,52.504900000000006,0.0,0.0,0.0,0.0,0.0,0.0,0.0,0.0,0.0,0.0,0.0,0.0,0.0,0.0,0.0,0.0,0.0,0.0,0.0,0.0,0.0,0.0,0.0,0.0,2.3044,14.264299999999999,0.0,0.0,17.094499999999996,0.0,0.0,0.0,0.0,0.0,0.0,274.0573,0.0,0.0,0.0,0.0,2.3933999999999997,25.747100000000003,0.0,67.5987,0.0,0.0,0.0,0.0,0.0,0.0,0.0,0.0,0.0,0.0,0.0,0.0,0.0,203.1516,0.0,0.0,0.0,0.0,0.0,18.1486,0.0,0.0004,45.1035,40.3007,0.0,0.0,0.0,17.4965,2.8933,22.458,5.2849,0.5791,0.0,4.2909999999999995,49.842600000000004,0.0,0.0,0.0,18.301700000000004,51.0155,39.5789,31.3484,12.5045,490.8938,0.0,0.0,118.0274,0.002
0.0,0.0,0.0,44.1743,0.0,997.1070000000001,387.6424,22.210099999999997,0.0,44.067499999999995,8.0334,0.0,77.37170000000002,722.2963,1142.1707000000001,25.5012,0.0,136.70300000000003,0.0,590.089,3064.4222999999997,0.0,17.4894,89.4186,316.39969999999994,0.0,0.0,0.0,0.0,0.0,29.6624,93.68820000000001,55.865500000000004,0.0,0.0,0.0,0.0,0.0,0.0,0.0,0.0,0.0,0.0,0.0,0.0,0.0,0.0,0.0,0.0,0.0,0.0,0.0,0.0,0.0,0.0,0.0,0.0,2.6706000000000003,14.5681,0.0,0.0,14.8074,0.0,0.0,0.0,0.0,0.0,0.0,279.7506,0.0,0.0,0.0,0.0,2.4791,26.2821,0.0,69.003,0.0,0.0,0.0,0.0,0.0,0.0,0.0,0.0,0.0,0.0,0.0,0.0,0.0,378.6473,0.0,0.0,0.0,0.0,0.0,18.5486,0.0,0.0038,46.3868,40.9155,0.0,0.0,0.0,18.4573,3.1318,23.629700000000003,5.288,0.5795,0.0,5.0179,50.9413,0.0,0.0,0.0,17.9343,56.338300000000004,48.0789,32.0393,11.5832,599.1876,0.0,0.0,112.24680000000002,0.002
0.0,0.0,0.0,44.1743,0.0,997.1070000000001,387.6424,22.210099999999997,0.0,44.067499999999995,8.0334,0.0,77.37170000000002,722.2963,1142.1707000000001,25.5012,0.0,136.70300000000003,0.0,590.089,3064.4222999999997,0.0,17.4894,89.4186,316.39969999999994,0.0,0.0,0.0,0.0,0.0,29.6624,93.68820000000001,55.865500000000004,0.0,0.0,0.0,0.0,0.0,0.0,0.0,0.0,0.0,0.0,0.0,0.0,0.0,0.0,0.0,0.0,0.0,0.0,0.0,0.0,0.0,0.0,0.0,0.0,2.6706000000000003,14.5681,0.0,0.0,14.8074,0.0,0.0,0.0,0.0,0.0,0.0,279.7506,0.0,0.0,0.0,0.0,2.4791,26.2821,0.0,69.003,0.0,0.0,0.0,0.0,0.0,0.0,0.0,0.0,0.0,0.0,0.0,0.0,0.0,378.6473,0.0,0.0,0.0,0.0,0.0,18.5486,0.0,0.0038,46.3868,40.9155,0.0,0.0,0.0,18.4573,3.1318,23.629700000000003,5.288,0.5795,0.0,5.0179,50.9413,0.0,0.0,0.0,17.9343,56.338300000000004,48.0789,32.0393,11.5832,599.1876,0.0,0.0,112.24680000000002,0.002
0.0,0.0,0.0,44.1743,0.0,997.1070000000001,387.6424,22.210099999999997,0.0,44.067499999999995,8.0334,0.0,77.37170000000002,722.2963,1142.1707000000001,25.5012,0.0,136.70300000000003,0.0,590.089,3064.4222999999997,0.0,17.4894,89.4186,316.39969999999994,0.0,0.0,0.0,0.0,0.0,29.6624,93.68820000000001,55.865500000000004,0.0,0.0,0.0,0.0,0.0,0.0,0.0,0.0,0.0,0.0,0.0,0.0,0.0,0.0,0.0,0.0,0.0,0.0,0.0,0.0,0.0,0.0,0.0,0.0,2.6706000000000003,14.5681,0.0,0.0,14.8074,0.0,0.0,0.0,0.0,0.0,0.0,279.7506,0.0,0.0,0.0,0.0,2.4791,26.2821,0.0,69.003,0.0,0.0,0.0,0.0,0.0,0.0,0.0,0.0,0.0,0.0,0.0,0.0,0.0,378.6473,0.0,0.0,0.0,0.0,0.0,18.5486,0.0,0.0038,46.3868,40.9155,0.0,0.0,0.0,18.4573,3.1318,23.629700000000003,5.288,0.5795,0.0,5.0179,50.9413,0.0,0.0,0.0,17.9343,56.338300000000004,48.0789,32.0393,11.5832,599.1876,0.0,0.0,112.24680000000002,0.002
0.0,0.0,0.0,44.1743,0.0,997.1070000000001,387.6424,22.210099999999997,0.0,44.067499999999995,8.0334,0.0,77.37170000000002,722.2963,1142.1707000000001,25.5012,0.0,136.70300000000003,0.0,590.089,3064.4222999999997,0.0,17.4894,89.4186,316.39969999999994,0.0,0.0,0.0,0.0,0.0,29.6624,93.68820000000001,55.865500000000004,0.0,0.0,0.0,0.0,0.0,0.0,0.0,0.0,0.0,0.0,0.0,0.0,0.0,0.0,0.0,0.0,0.0,0.0,0.0,0.0,0.0,0.0,0.0,0.0,2.6706000000000003,14.5681,0.0,0.0,14.8074,0.0,0.0,0.0,0.0,0.0,0.0,279.7506,0.0,0.0,0.0,0.0,2.4791,26.2821,0.0,69.003,0.0,0.0,0.0,0.0,0.0,0.0,0.0,0.0,0.0,0.0,0.0,0.0,0.0,378.6473,0.0,0.0,0.0,0.0,0.0,18.5486,0.0,0.0038,46.3868,40.9155,0.0,0.0,0.0,18.4573,3.1318,23.629700000000003,5.288,0.5795,0.0,5.0179,50.9413,0.0,0.0,0.0,17.9343,56.338300000000004,48.0789,32.0393,11.5832,599.1876,0.0,0.0,112.24680000000002,0.002
0.0,0.0,0.0,44.1743,0.0,997.1070000000001,387.6424,22.210099999999997,0.0,44.067499999999995,8.0334,0.0,77.37170000000002,722.2963,1142.1707000000001,25.5012,0.0,136.70300000000003,0.0,590.089,3064.4222999999997,0.0,17.4894,89.4186,316.39969999999994,0.0,0.0,0.0,0.0,0.0,29.6624,93.68820000000001,55.865500000000004,0.0,0.0,0.0,0.0,0.0,0.0,0.0,0.0,0.0,0.0,0.0,0.0,0.0,0.0,0.0,0.0,0.0,0.0,0.0,0.0,0.0,0.0,0.0,0.0,2.6706000000000003,14.5681,0.0,0.0,14.8074,0.0,0.0,0.0,0.0,0.0,0.0,279.7506,0.0,0.0,0.0,0.0,2.4791,26.2821,0.0,69.003,0.0,0.0,0.0,0.0,0.0,0.0,0.0,0.0,0.0,0.0,0.0,0.0,0.0,378.6473,0.0,0.0,0.0,0.0,0.0,18.5486,0.0,0.0038,46.3868,40.9155,0.0,0.0,0.0,18.4573,3.1318,23.629700000000003,5.288,0.5795,0.0,5.0179,50.9413,0.0,0.0,0.0,17.9343,56.338300000000004,48.0789,32.0393,11.5832,599.1876,0.0,0.0,112.24680000000002,0.002
0.0,0.0,0.0,44.1743,0.0,997.1070000000001,387.6424,22.210099999999997,0.0,44.067499999999995,8.0334,0.0,77.37170000000002,722.2963,1142.1707000000001,25.5012,0.0,136.70300000000003,0.0,590.089,3064.4222999999997,0.0,17.4894,89.4186,316.39969999999994,0.0,0.0,0.0,0.0,0.0,29.6624,93.68820000000001,55.865500000000004,0.0,0.0,0.0,0.0,0.0,0.0,0.0,0.0,0.0,0.0,0.0,0.0,0.0,0.0,0.0,0.0,0.0,0.0,0.0,0.0,0.0,0.0,0.0,0.0,2.6706000000000003,14.5681,0.0,0.0,14.8074,0.0,0.0,0.0,0.0,0.0,0.0,279.7506,0.0,0.0,0.0,0.0,2.4791,26.2821,0.0,69.003,0.0,0.0,0.0,0.0,0.0,0.0,0.0,0.0,0.0,0.0,0.0,0.0,0.0,378.6473,0.0,0.0,0.0,0.0,0.0,18.5486,0.0,0.0038,46.3868,40.9155,0.0,0.0,0.0,18.4573,3.1318,23.629700000000003,5.288,0.5795,0.0,5.0179,50.9413,0.0,0.0,0.0,17.9343,56.338300000000004,48.0789,32.0393,11.5832,599.1876,0.0,0.0,112.24680000000002,0.002
0.0,0.0,0.0,44.1743,0.0,997.1070000000001,387.6424,22.210099999999997,0.0,44.067499999999995,8.0334,0.0,77.37170000000002,722.2963,1142.1707000000001,25.5012,0.0,136.70300000000003,0.0,590.089,3064.4222999999997,0.0,17.4894,89.4186,316.39969999999994,0.0,0.0,0.0,0.0,0.0,29.6624,93.68820000000001,55.865500000000004,0.0,0.0,0.0,0.0,0.0,0.0,0.0,0.0,0.0,0.0,0.0,0.0,0.0,0.0,0.0,0.0,0.0,0.0,0.0,0.0,0.0,0.0,0.0,0.0,2.6706000000000003,14.5681,0.0,0.0,14.8074,0.0,0.0,0.0,0.0,0.0,0.0,279.7506,0.0,0.0,0.0,0.0,2.4791,26.2821,0.0,69.003,0.0,0.0,0.0,0.0,0.0,0.0,0.0,0.0,0.0,0.0,0.0,0.0,0.0,378.6473,0.0,0.0,0.0,0.0,0.0,18.5486,0.0,0.0038,46.3868,40.9155,0.0,0.0,0.0,18.4573,3.1318,23.629700000000003,5.288,0.5795,0.0,5.0179,50.9413,0.0,0.0,0.0,17.9343,56.338300000000004,48.0789,32.0393,11.5832,599.1876,0.0,0.0,112.24680000000002,0.002
0.0,0.0,0.0,51.8097,0.0,1253.4610999999998,390.9362999999999,22.2837,0.0,46.306000000000004,8.0334,0.0,91.42380000000001,758.9844,1233.5086000000001,47.8972,0.0,183.6703,0.0,633.3123999999999,3102.1389,0.0,37.4595,85.16789999999997,283.32930000000005,0.0,0.0,0.0,0.0,0.0,27.956699999999998,88.3011,53.96259999999999,0.0,0.0,0.0,0.0,0.0,0.0,0.0,0.0,0.0,0.0,0.0,0.0,0.0,0.0,0.0,0.0,0.0,0.0,0.0,0.0,0.0,0.0,0.0,0.0,2.409,14.6204,0.0,0.0,13.6046,0.0,0.0,0.0,0.0,0.0,0.0,280.527,0.0,0.0,0.0,0.0,2.5446,26.355,0.0,69.1945,0.0,0.0,0.0,0.0,0.0,0.0,0.0,0.0,0.0,0.0,0.0,0.0,0.0,355.43,0.0,0.0,0.0,0.0,0.0,19.711,0.0,0.0013,49.01540000000002,41.4465,0.0,0.0,0.0,18.206400000000002,3.4447,23.786100000000005,6.6429,0.7278,0.0,4.4124,54.1335,0.0,0.0,0.0,18.5567,60.6241,56.0706,34.047,16.7166,716.0069000000001,0.0,0.0,145.2408,0.0016
0.0,0.0,0.0,51.8097,0.0,1253.4610999999998,390.9362999999999,22.2837,0.0,46.306000000000004,8.0334,0.0,91.42380000000001,758.9844,1233.5086000000001,47.8972,0.0,183.6703,0.0,633.3123999999999,3102.1389,0.0,37.4595,85.16789999999997,283.32930000000005,0.0,0.0,0.0,0.0,0.0,27.956699999999998,88.3011,53.96259999999999,0.0,0.0,0.0,0.0,0.0,0.0,0.0,0.0,0.0,0.0,0.0,0.0,0.0,0.0,0.0,0.0,0.0,0.0,0.0,0.0,0.0,0.0,0.0,0.0,2.409,14.6204,0.0,0.0,13.6046,0.0,0.0,0.0,0.0,0.0,0.0,280.527,0.0,0.0,0.0,0.0,2.5446,26.355,0.0,69.1945,0.0,0.0,0.0,0.0,0.0,0.0,0.0,0.0,0.0,0.0,0.0,0.0,0.0,355.43,0.0,0.0,0.0,0.0,0.0,19.711,0.0,0.0013,49.01540000000002,41.4465,0.0,0.0,0.0,18.206400000000002,3.4447,23.786100000000005,6.6429,0.7278,0.0,4.4124,54.1335,0.0,0.0,0.0,18.5567,60.6241,56.0706,34.047,16.7166,716.0069000000001,0.0,0.0,145.2408,0.0016
0.0,0.0,0.0,51.8097,0.0,1253.4610999999998,390.9362999999999,22.2837,0.0,46.306000000000004,8.0334,0.0,91.42380000000001,758.9844,1233.5086000000001,47.8972,0.0,183.6703,0.0,633.3123999999999,3102.1389,0.0,37.4595,85.16789999999997,283.32930000000005,0.0,0.0,0.0,0.0,0.0,27.956699999999998,88.3011,53.96259999999999,0.0,0.0,0.0,0.0,0.0,0.0,0.0,0.0,0.0,0.0,0.0,0.0,0.0,0.0,0.0,0.0,0.0,0.0,0.0,0.0,0.0,0.0,0.0,0.0,2.409,14.6204,0.0,0.0,13.6046,0.0,0.0,0.0,0.0,0.0,0.0,280.527,0.0,0.0,0.0,0.0,2.5446,26.355,0.0,69.1945,0.0,0.0,0.0,0.0,0.0,0.0,0.0,0.0,0.0,0.0,0.0,0.0,0.0,355.43,0.0,0.0,0.0,0.0,0.0,19.711,0.0,0.0013,49.01540000000002,41.4465,0.0,0.0,0.0,18.206400000000002,3.4447,23.786100000000005,6.6429,0.7278,0.0,4.4124,54.1335,0.0,0.0,0.0,18.5567,60.6241,56.0706,34.047,16.7166,716.0069000000001,0.0,0.0,145.2408,0.0016
0.0,0.0,0.0,51.8097,0.0,1253.4610999999998,390.9362999999999,22.2837,0.0,46.306000000000004,8.0334,0.0,91.42380000000001,758.9844,1233.5086000000001,47.8972,0.0,183.6703,0.0,633.3123999999999,3102.1389,0.0,37.4595,85.16789999999997,283.32930000000005,0.0,0.0,0.0,0.0,0.0,27.956699999999998,88.3011,53.96259999999999,0.0,0.0,0.0,0.0,0.0,0.0,0.0,0.0,0.0,0.0,0.0,0.0,0.0,0.0,0.0,0.0,0.0,0.0,0.0,0.0,0.0,0.0,0.0,0.0,2.409,14.6204,0.0,0.0,13.6046,0.0,0.0,0.0,0.0,0.0,0.0,280.527,0.0,0.0,0.0,0.0,2.5446,26.355,0.0,69.1945,0.0,0.0,0.0,0.0,0.0,0.0,0.0,0.0,0.0,0.0,0.0,0.0,0.0,355.43,0.0,0.0,0.0,0.0,0.0,19.711,0.0,0.0013,49.01540000000002,41.4465,0.0,0.0,0.0,18.206400000000002,3.4447,23.786100000000005,6.6429,0.7278,0.0,4.4124,54.1335,0.0,0.0,0.0,18.5567,60.6241,56.0706,34.047,16.7166,716.0069000000001,0.0,0.0,145.2408,0.0016
0.0,0.0,0.0,51.8097,0.0,1253.4610999999998,390.9362999999999,22.2837,0.0,46.306000000000004,8.0334,0.0,91.42380000000001,758.9844,1233.5086000000001,47.8972,0.0,183.6703,0.0,633.3123999999999,3102.1389,0.0,37.4595,85.16789999999997,283.32930000000005,0.0,0.0,0.0,0.0,0.0,27.956699999999998,88.3011,53.96259999999999,0.0,0.0,0.0,0.0,0.0,0.0,0.0,0.0,0.0,0.0,0.0,0.0,0.0,0.0,0.0,0.0,0.0,0.0,0.0,0.0,0.0,0.0,0.0,0.0,2.409,14.6204,0.0,0.0,13.6046,0.0,0.0,0.0,0.0,0.0,0.0,280.527,0.0,0.0,0.0,0.0,2.5446,26.355,0.0,69.1945,0.0,0.0,0.0,0.0,0.0,0.0,0.0,0.0,0.0,0.0,0.0,0.0,0.0,355.43,0.0,0.0,0.0,0.0,0.0,19.711,0.0,0.0013,49.01540000000002,41.4465,0.0,0.0,0.0,18.206400000000002,3.4447,23.786100000000005,6.6429,0.7278,0.0,4.4124,54.1335,0.0,0.0,0.0,18.5567,60.6241,56.0706,34.047,16.7166,716.0069000000001,0.0,0.0,145.2408,0.0016
0.0,0.0,0.0,51.8097,0.0,1253.4610999999998,390.9362999999999,22.2837,0.0,46.306000000000004,8.0334,0.0,91.42380000000001,758.9844,1233.5086000000001,47.8972,0.0,183.6703,0.0,633.3123999999999,3102.1389,0.0,37.4595,85.16789999999997,283.32930000000005,0.0,0.0,0.0,0.0,0.0,27.956699999999998,88.3011,53.96259999999999,0.0,0.0,0.0,0.0,0.0,0.0,0.0,0.0,0.0,0.0,0.0,0.0,0.0,0.0,0.0,0.0,0.0,0.0,0.0,0.0,0.0,0.0,0.0,0.0,2.409,14.6204,0.0,0.0,13.6046,0.0,0.0,0.0,0.0,0.0,0.0,280.527,0.0,0.0,0.0,0.0,2.5446,26.355,0.0,69.1945,0.0,0.0,0.0,0.0,0.0,0.0,0.0,0.0,0.0,0.0,0.0,0.0,0.0,355.43,0.0,0.0,0.0,0.0,0.0,19.711,0.0,0.0013,49.01540000000002,41.4465,0.0,0.0,0.0,18.206400000000002,3.4447,23.786100000000005,6.6429,0.7278,0.0,4.4124,54.1335,0.0,0.0,0.0,18.5567,60.6241,56.0706,34.047,16.7166,716.0069000000001,0.0,0.0,145.2408,0.0016
0.0,0.0,0.0,51.8097,0.0,1253.4610999999998,390.9362999999999,22.2837,0.0,46.306000000000004,8.0334,0.0,91.42380000000001,758.9844,1233.5086000000001,47.8972,0.0,183.6703,0.0,633.3123999999999,3102.1389,0.0,37.4595,85.16789999999997,283.32930000000005,0.0,0.0,0.0,0.0,0.0,27.956699999999998,88.3011,53.96259999999999,0.0,0.0,0.0,0.0,0.0,0.0,0.0,0.0,0.0,0.0,0.0,0.0,0.0,0.0,0.0,0.0,0.0,0.0,0.0,0.0,0.0,0.0,0.0,0.0,2.409,14.6204,0.0,0.0,13.6046,0.0,0.0,0.0,0.0,0.0,0.0,280.527,0.0,0.0,0.0,0.0,2.5446,26.355,0.0,69.1945,0.0,0.0,0.0,0.0,0.0,0.0,0.0,0.0,0.0,0.0,0.0,0.0,0.0,355.43,0.0,0.0,0.0,0.0,0.0,19.711,0.0,0.0013,49.01540000000002,41.4465,0.0,0.0,0.0,18.206400000000002,3.4447,23.786100000000005,6.6429,0.7278,0.0,4.4124,54.1335,0.0,0.0,0.0,18.5567,60.6241,56.0706,34.047,16.7166,716.0069000000001,0.0,0.0,145.2408,0.0016
0.0,0.0,0.0,48.8614,0.0,1159.8164000000002,474.2764,27.2372,0.0,43.88099999999999,8.0334,0.0,91.04410000000001,719.239,1180.7556,29.6845,0.0,138.699,0.0,650.4160999999999,3085.2427000000002,0.0,22.3664,79.11110000000001,270.3606,0.0,0.0,0.0,0.0,0.0,24.5589,77.56899999999999,53.8995,0.0,0.0,0.0,0.0,0.0,0.0,0.0,0.0,0.0,0.0,0.0,0.0,0.0,0.0,0.0,0.0,0.0,0.0,0.0,0.0,0.0,0.0,0.0,0.0,2.5227,14.450199999999999,0.0,0.0,12.458200000000001,0.0,0.0,0.0,0.0,0.0,0.0,276.9039,0.0,0.0,0.0,0.0,2.6018,26.014599999999998,0.0,68.3009,0.0,0.0,0.0,0.0,0.0,0.0,0.0,0.0,0.0,0.0,0.0,0.0,0.0,293.9724,0.0,0.0,0.0,0.0,0.0,19.594,0.0,0.0021,48.91199999999999,41.8377,0.0,0.0,0.0,16.9242,2.9474,23.1151,8.323,0.9119999999999999,0.0,4.215,53.8122,0.0,0.0,0.0,17.6391,58.826899999999995,56.0126,33.845000000000006,20.2818,709.2097,0.0,0.0,177.37979999999996,0.0017
0.0,0.0,0.0,48.8614,0.0,1159.8164000000002,474.2764,27.2372,0.0,43.88099999999999,8.0334,0.0,91.04410000000001,719.239,1180.7556,29.6845,0.0,138.699,0.0,650.4160999999999,3085.2427000000002,0.0,22.3664,79.11110000000001,270.3606,0.0,0.0,0.0,0.0,0.0,24.5589,77.56899999999999,53.8995,0.0,0.0,0.0,0.0,0.0,0.0,0.0,0.0,0.0,0.0,0.0,0.0,0.0,0.0,0.0,0.0,0.0,0.0,0.0,0.0,0.0,0.0,0.0,0.0,2.5227,14.450199999999999,0.0,0.0,12.458200000000001,0.0,0.0,0.0,0.0,0.0,0.0,276.9039,0.0,0.0,0.0,0.0,2.6018,26.014599999999998,0.0,68.3009,0.0,0.0,0.0,0.0,0.0,0.0,0.0,0.0,0.0,0.0,0.0,0.0,0.0,293.9724,0.0,0.0,0.0,0.0,0.0,19.594,0.0,0.0021,48.91199999999999,41.8377,0.0,0.0,0.0,16.9242,2.9474,23.1151,8.323,0.9119999999999999,0.0,4.215,53.8122,0.0,0.0,0.0,17.6391,58.826899999999995,56.0126,33.845000000000006,20.2818,709.2097,0.0,0.0,177.37979999999996,0.0017
0.0,0.0,0.0,48.8614,0.0,1159.8164000000002,474.2764,27.2372,0.0,43.88099999999999,8.0334,0.0,91.04410000000001,719.239,1180.7556,29.6845,0.0,138.699,0.0,650.4160999999999,3085.2427000000002,0.0,22.3664,79.11110000000001,270.3606,0.0,0.0,0.0,0.0,0.0,24.5589,77.56899999999999,53.8995,0.0,0.0,0.0,0.0,0.0,0.0,0.0,0.0,0.0,0.0,0.0,0.0,0.0,0.0,0.0,0.0,0.0,0.0,0.0,0.0,0.0,0.0,0.0,0.0,2.5227,14.450199999999999,0.0,0.0,12.458200000000001,0.0,0.0,0.0,0.0,0.0,0.0,276.9039,0.0,0.0,0.0,0.0,2.6018,26.014599999999998,0.0,68.3009,0.0,0.0,0.0,0.0,0.0,0.0,0.0,0.0,0.0,0.0,0.0,0.0,0.0,293.9724,0.0,0.0,0.0,0.0,0.0,19.594,0.0,0.0021,48.91199999999999,41.8377,0.0,0.0,0.0,16.9242,2.9474,23.1151,8.323,0.9119999999999999,0.0,4.215,53.8122,0.0,0.0,0.0,17.6391,58.826899999999995,56.0126,33.845000000000006,20.2818,709.2097,0.0,0.0,177.37979999999996,0.0017
0.0,0.0,0.0,48.8614,0.0,1159.8164000000002,474.2764,27.2372,0.0,43.88099999999999,8.0334,0.0,91.04410000000001,719.239,1180.7556,29.6845,0.0,138.699,0.0,650.4160999999999,3085.2427000000002,0.0,22.3664,79.11110000000001,270.3606,0.0,0.0,0.0,0.0,0.0,24.5589,77.56899999999999,53.8995,0.0,0.0,0.0,0.0,0.0,0.0,0.0,0.0,0.0,0.0,0.0,0.0,0.0,0.0,0.0,0.0,0.0,0.0,0.0,0.0,0.0,0.0,0.0,0.0,2.5227,14.450199999999999,0.0,0.0,12.458200000000001,0.0,0.0,0.0,0.0,0.0,0.0,276.9039,0.0,0.0,0.0,0.0,2.6018,26.014599999999998,0.0,68.3009,0.0,0.0,0.0,0.0,0.0,0.0,0.0,0.0,0.0,0.0,0.0,0.0,0.0,293.9724,0.0,0.0,0.0,0.0,0.0,19.594,0.0,0.0021,48.91199999999999,41.8377,0.0,0.0,0.0,16.9242,2.9474,23.1151,8.323,0.9119999999999999,0.0,4.215,53.8122,0.0,0.0,0.0,17.6391,58.826899999999995,56.0126,33.845000000000006,20.2818,709.2097,0.0,0.0,177.37979999999996,0.0017
0.0,0.0,0.0,48.8614,0.0,1159.8164000000002,474.2764,27.2372,0.0,43.88099999999999,8.0334,0.0,91.04410000000001,719.239,1180.7556,29.6845,0.0,138.699,0.0,650.4160999999999,3085.2427000000002,0.0,22.3664,79.11110000000001,270.3606,0.0,0.0,0.0,0.0,0.0,24.5589,77.56899999999999,53.8995,0.0,0.0,0.0,0.0,0.0,0.0,0.0,0.0,0.0,0.0,0.0,0.0,0.0,0.0,0.0,0.0,0.0,0.0,0.0,0.0,0.0,0.0,0.0,0.0,2.5227,14.450199999999999,0.0,0.0,12.458200000000001,0.0,0.0,0.0,0.0,0.0,0.0,276.9039,0.0,0.0,0.0,0.0,2.6018,26.014599999999998,0.0,68.3009,0.0,0.0,0.0,0.0,0.0,0.0,0.0,0.0,0.0,0.0,0.0,0.0,0.0,293.9724,0.0,0.0,0.0,0.0,0.0,19.594,0.0,0.0021,48.91199999999999,41.8377,0.0,0.0,0.0,16.9242,2.9474,23.1151,8.323,0.9119999999999999,0.0,4.215,53.8122,0.0,0.0,0.0,17.6391,58.826899999999995,56.0126,33.845000000000006,20.2818,709.2097,0.0,0.0,177.37979999999996,0.0017
0.0,0.0,0.0,48.8614,0.0,1159.8164000000002,474.2764,27.2372,0.0,43.88099999999999,8.0334,0.0,91.04410000000001,719.239,1180.7556,29.6845,0.0,138.699,0.0,650.4160999999999,3085.2427000000002,0.0,22.3664,79.11110000000001,270.3606,0.0,0.0,0.0,0.0,0.0,24.5589,77.56899999999999,53.8995,0.0,0.0,0.0,0.0,0.0,0.0,0.0,0.0,0.0,0.0,0.0,0.0,0.0,0.0,0.0,0.0,0.0,0.0,0.0,0.0,0.0,0.0,0.0,0.0,2.5227,14.450199999999999,0.0,0.0,12.458200000000001,0.0,0.0,0.0,0.0,0.0,0.0,276.9039,0.0,0.0,0.0,0.0,2.6018,26.014599999999998,0.0,68.3009,0.0,0.0,0.0,0.0,0.0,0.0,0.0,0.0,0.0,0.0,0.0,0.0,0.0,293.9724,0.0,0.0,0.0,0.0,0.0,19.594,0.0,0.0021,48.91199999999999,41.8377,0.0,0.0,0.0,16.9242,2.9474,23.1151,8.323,0.9119999999999999,0.0,4.215,53.8122,0.0,0.0,0.0,17.6391,58.826899999999995,56.0126,33.845000000000006,20.2818,709.2097,0.0,0.0,177.37979999999996,0.0017
0.0,0.0,0.0,48.8614,0.0,1159.8164000000002,474.2764,27.2372,0.0,43.88099999999999,8.0334,0.0,91.04410000000001,719.239,1180.7556,29.6845,0.0,138.699,0.0,650.4160999999999,3085.2427000000002,0.0,22.3664,79.11110000000001,270.3606,0.0,0.0,0.0,0.0,0.0,24.5589,77.56899999999999,53.8995,0.0,0.0,0.0,0.0,0.0,0.0,0.0,0.0,0.0,0.0,0.0,0.0,0.0,0.0,0.0,0.0,0.0,0.0,0.0,0.0,0.0,0.0,0.0,0.0,2.5227,14.450199999999999,0.0,0.0,12.458200000000001,0.0,0.0,0.0,0.0,0.0,0.0,276.9039,0.0,0.0,0.0,0.0,2.6018,26.014599999999998,0.0,68.3009,0.0,0.0,0.0,0.0,0.0,0.0,0.0,0.0,0.0,0.0,0.0,0.0,0.0,293.9724,0.0,0.0,0.0,0.0,0.0,19.594,0.0,0.0021,48.91199999999999,41.8377,0.0,0.0,0.0,16.9242,2.9474,23.1151,8.323,0.9119999999999999,0.0,4.215,53.8122,0.0,0.0,0.0,17.6391,58.826899999999995,56.0126,33.845000000000006,20.2818,709.2097,0.0,0.0,177.37979999999996,0.0017
0.0,0.0,0.0,48.3484,0.0,911.7607999999999,350.3741999999999,20.4773,0.0,53.3691,8.0334,0.0,101.04629999999999,802.7128,1309.0484999999999,16.6681,0.0,103.83510000000001,0.0,676.8226,3188.3249,0.0,12.4673,66.551,255.82340000000002,0.0,0.0,0.0,0.0,0.0,41.908500000000004,69.7588,64.90090000000001,0.0,0.0,0.0,0.0,0.0,0.0,0.0,0.0,0.0,0.0,0.0,0.0,0.0,0.0,0.0,0.0,0.0,0.0,0.0,0.0,0.0,0.0,0.0,0.0,2.7492,14.373000000000001,0.0,0.0,13.4944,0.0,0.0,0.0,0.0,0.0,0.0,263.795,0.0,0.0,0.0,0.0,2.6084,34.5548,0.0,81.4356,0.0,0.0,0.0,0.0,0.0,0.0,0.0,0.0,0.0,0.0,0.0,0.0,0.0,330.364,0.0,0.0,0.0,0.0,0.0,21.2328,0.0,0.0024,54.164199999999994,44.204299999999996,0.0,0.0,0.0,14.0803,4.0907,20.7498,8.924700000000001,0.978,0.0,5.3382000000000005,58.313,0.0,0.0,0.0,19.0703,59.784400000000005,57.769400000000005,36.6758,20.2818,771.2135999999999,0.0,0.0,170.98760000000001,0.0024
0.0,0.0,0.0,48.3484,0.0,911.7607999999999,350.3741999999999,20.4773,0.0,53.3691,8.0334,0.0,101.04629999999999,802.7128,1309.0484999999999,16.6681,0.0,103.83510000000001,0.0,676.8226,3188.3249,0.0,12.4673,66.551,255.82340000000002,0.0,0.0,0.0,0.0,0.0,41.908500000000004,69.7588,64.90090000000001,0.0,0.0,0.0,0.0,0.0,0.0,0.0,0.0,0.0,0.0,0.0,0.0,0.0,0.0,0.0,0.0,0.0,0.0,0.0,0.0,0.0,0.0,0.0,0.0,2.7492,14.373000000000001,0.0,0.0,13.4944,0.0,0.0,0.0,0.0,0.0,0.0,263.795,0.0,0.0,0.0,0.0,2.6084,34.5548,0.0,81.4356,0.0,0.0,0.0,0.0,0.0,0.0,0.0,0.0,0.0,0.0,0.0,0.0,0.0,330.364,0.0,0.0,0.0,0.0,0.0,21.2328,0.0,0.0024,54.164199999999994,44.204299999999996,0.0,0.0,0.0,14.0803,4.0907,20.7498,8.924700000000001,0.978,0.0,5.3382000000000005,58.313,0.0,0.0,0.0,19.0703,59.784400000000005,57.769400000000005,36.6758,20.2818,771.2135999999999,0.0,0.0,170.98760000000001,0.0024
0.0,0.0,0.0,48.3484,0.0,911.7607999999999,350.3741999999999,20.4773,0.0,53.3691,8.0334,0.0,101.04629999999999,802.7128,1309.0484999999999,16.6681,0.0,103.83510000000001,0.0,676.8226,3188.3249,0.0,12.4673,66.551,255.82340000000002,0.0,0.0,0.0,0.0,0.0,41.908500000000004,69.7588,64.90090000000001,0.0,0.0,0.0,0.0,0.0,0.0,0.0,0.0,0.0,0.0,0.0,0.0,0.0,0.0,0.0,0.0,0.0,0.0,0.0,0.0,0.0,0.0,0.0,0.0,2.7492,14.373000000000001,0.0,0.0,13.4944,0.0,0.0,0.0,0.0,0.0,0.0,263.795,0.0,0.0,0.0,0.0,2.6084,34.5548,0.0,81.4356,0.0,0.0,0.0,0.0,0.0,0.0,0.0,0.0,0.0,0.0,0.0,0.0,0.0,330.364,0.0,0.0,0.0,0.0,0.0,21.2328,0.0,0.0024,54.164199999999994,44.204299999999996,0.0,0.0,0.0,14.0803,4.0907,20.7498,8.924700000000001,0.978,0.0,5.3382000000000005,58.313,0.0,0.0,0.0,19.0703,59.784400000000005,57.769400000000005,36.6758,20.2818,771.2135999999999,0.0,0.0,170.98760000000001,0.0024
0.0,0.0,0.0,48.3484,0.0,911.7607999999999,350.3741999999999,20.4773,0.0,53.3691,8.0334,0.0,101.04629999999999,802.7128,1309.0484999999999,16.6681,0.0,103.83510000000001,0.0,676.8226,3188.3249,0.0,12.4673,66.551,255.82340000000002,0.0,0.0,0.0,0.0,0.0,41.908500000000004,69.7588,64.90090000000001,0.0,0.0,0.0,0.0,0.0,0.0,0.0,0.0,0.0,0.0,0.0,0.0,0.0,0.0,0.0,0.0,0.0,0.0,0.0,0.0,0.0,0.0,0.0,0.0,2.7492,14.373000000000001,0.0,0.0,13.4944,0.0,0.0,0.0,0.0,0.0,0.0,263.795,0.0,0.0,0.0,0.0,2.6084,34.5548,0.0,81.4356,0.0,0.0,0.0,0.0,0.0,0.0,0.0,0.0,0.0,0.0,0.0,0.0,0.0,330.364,0.0,0.0,0.0,0.0,0.0,21.2328,0.0,0.0024,54.164199999999994,44.204299999999996,0.0,0.0,0.0,14.0803,4.0907,20.7498,8.924700000000001,0.978,0.0,5.3382000000000005,58.313,0.0,0.0,0.0,19.0703,59.784400000000005,57.769400000000005,36.6758,20.2818,771.2135999999999,0.0,0.0,170.98760000000001,0.0024
0.0,0.0,0.0,48.3484,0.0,911.7607999999999,350.3741999999999,20.4773,0.0,53.3691,8.0334,0.0,101.04629999999999,802.7128,1309.0484999999999,16.6681,0.0,103.83510000000001,0.0,676.8226,3188.3249,0.0,12.4673,66.551,255.82340000000002,0.0,0.0,0.0,0.0,0.0,41.908500000000004,69.7588,64.90090000000001,0.0,0.0,0.0,0.0,0.0,0.0,0.0,0.0,0.0,0.0,0.0,0.0,0.0,0.0,0.0,0.0,0.0,0.0,0.0,0.0,0.0,0.0,0.0,0.0,2.7492,14.373000000000001,0.0,0.0,13.4944,0.0,0.0,0.0,0.0,0.0,0.0,263.795,0.0,0.0,0.0,0.0,2.6084,34.5548,0.0,81.4356,0.0,0.0,0.0,0.0,0.0,0.0,0.0,0.0,0.0,0.0,0.0,0.0,0.0,330.364,0.0,0.0,0.0,0.0,0.0,21.2328,0.0,0.0024,54.164199999999994,44.204299999999996,0.0,0.0,0.0,14.0803,4.0907,20.7498,8.924700000000001,0.978,0.0,5.3382000000000005,58.313,0.0,0.0,0.0,19.0703,59.784400000000005,57.769400000000005,36.6758,20.2818,771.2135999999999,0.0,0.0,170.98760000000001,0.0024
0.0,0.0,0.0,48.3484,0.0,911.7607999999999,350.3741999999999,20.4773,0.0,53.3691,8.0334,0.0,101.04629999999999,802.7128,1309.0484999999999,16.6681,0.0,103.83510000000001,0.0,676.8226,3188.3249,0.0,12.4673,66.551,255.82340000000002,0.0,0.0,0.0,0.0,0.0,41.908500000000004,69.7588,64.90090000000001,0.0,0.0,0.0,0.0,0.0,0.0,0.0,0.0,0.0,0.0,0.0,0.0,0.0,0.0,0.0,0.0,0.0,0.0,0.0,0.0,0.0,0.0,0.0,0.0,2.7492,14.373000000000001,0.0,0.0,13.4944,0.0,0.0,0.0,0.0,0.0,0.0,263.795,0.0,0.0,0.0,0.0,2.6084,34.5548,0.0,81.4356,0.0,0.0,0.0,0.0,0.0,0.0,0.0,0.0,0.0,0.0,0.0,0.0,0.0,330.364,0.0,0.0,0.0,0.0,0.0,21.2328,0.0,0.0024,54.164199999999994,44.204299999999996,0.0,0.0,0.0,14.0803,4.0907,20.7498,8.924700000000001,0.978,0.0,5.3382000000000005,58.313,0.0,0.0,0.0,19.0703,59.784400000000005,57.769400000000005,36.6758,20.2818,771.2135999999999,0.0,0.0,170.98760000000001,0.0024
0.0,0.0,0.0,48.3484,0.0,911.7607999999999,350.3741999999999,20.4773,0.0,53.3691,8.0334,0.0,101.04629999999999,802.7128,1309.0484999999999,16.6681,0.0,103.83510000000001,0.0,676.8226,3188.3249,0.0,12.4673,66.551,255.82340000000002,0.0,0.0,0.0,0.0,0.0,41.908500000000004,69.7588,64.90090000000001,0.0,0.0,0.0,0.0,0.0,0.0,0.0,0.0,0.0,0.0,0.0,0.0,0.0,0.0,0.0,0.0,0.0,0.0,0.0,0.0,0.0,0.0,0.0,0.0,2.7492,14.373000000000001,0.0,0.0,13.4944,0.0,0.0,0.0,0.0,0.0,0.0,263.795,0.0,0.0,0.0,0.0,2.6084,34.5548,0.0,81.4356,0.0,0.0,0.0,0.0,0.0,0.0,0.0,0.0,0.0,0.0,0.0,0.0,0.0,330.364,0.0,0.0,0.0,0.0,0.0,21.2328,0.0,0.0024,54.164199999999994,44.204299999999996,0.0,0.0,0.0,14.0803,4.0907,20.7498,8.924700000000001,0.978,0.0,5.3382000000000005,58.313,0.0,0.0,0.0,19.0703,59.784400000000005,57.769400000000005,36.6758,20.2818,771.2135999999999,0.0,0.0,170.98760000000001,0.0024
0.0,0.0,0.0,71.7009,0.0,1278.1503,718.0120000000002,40.4925,0.0,54.519800000000004,8.0334,0.0,113.36680000000001,771.8278,1335.3706000000002,56.5626,0.0,273.2735,0.0,1345.9859000000001,3517.6241000000005,0.0,43.0313,151.14000000000004,564.4168000000001,0.0,0.0,0.0,0.0,0.0,64.6797,75.65620000000003,84.6918,0.0,0.0,0.0,0.0,0.0,0.0,0.0,0.0,0.0,0.0,0.0,0.0,0.0,0.0,0.0,0.0,0.0,0.0,0.0,0.0,0.0,0.0,0.0,0.0,2.7678,12.4433,0.0,0.0,25.081200000000003,0.0,0.0,0.0,0.0,0.0,0.0,219.828,0.0,0.0,0.0,0.0,2.4674,35.6261,0.0,79.3042,0.0,0.0,0.0,0.0,0.0,0.0,0.0,0.0,0.0,0.0,0.0,0.0,0.0,240.1591,0.0,0.0,0.0,0.0,0.0,22.5206,0.0,0.0027,58.3972,45.890899999999995,0.0,0.0,0.0,11.761299999999999,3.2379000000000002,17.9283,7.8603000000000005,0.8612000000000001,0.0,5.9504,61.849900000000005,0.0,0.0,0.0,20.8555,90.5898,60.994600000000005,38.900099999999995,20.2818,908.6848000000001,0.0,0.0,175.4566,0.0031
0.0,0.0,0.0,71.7009,0.0,1278.1503,718.0120000000002,40.4925,0.0,54.519800000000004,8.0334,0.0,113.36680000000001,771.8278,1335.3706000000002,56.5626,0.0,273.2735,0.0,1345.9859000000001,3517.6241000000005,0.0,43.0313,151.14000000000004,564.4168000000001,0.0,0.0,0.0,0.0,0.0,64.6797,75.65620000000003,84.6918,0.0,0.0,0.0,0.0,0.0,0.0,0.0,0.0,0.0,0.0,0.0,0.0,0.0,0.0,0.0,0.0,0.0,0.0,0.0,0.0,0.0,0.0,0.0,0.0,2.7678,12.4433,0.0,0.0,25.081200000000003,0.0,0.0,0.0,0.0,0.0,0.0,219.828,0.0,0.0,0.0,0.0,2.4674,35.6261,0.0,79.3042,0.0,0.0,0.0,0.0,0.0,0.0,0.0,0.0,0.0,0.0,0.0,0.0,0.0,240.1591,0.0,0.0,0.0,0.0,0.0,22.5206,0.0,0.0027,58.3972,45.890899999999995,0.0,0.0,0.0,11.761299999999999,3.2379000000000002,17.9283,7.8603000000000005,0.8612000000000001,0.0,5.9504,61.849900000000005,0.0,0.0,0.0,20.8555,90.5898,60.994600000000005,38.900099999999995,20.2818,908.6848000000001,0.0,0.0,175.4566,0.0031
0.0,0.0,0.0,71.7009,0.0,1278.1503,718.0120000000002,40.4925,0.0,54.519800000000004,8.0334,0.0,113.36680000000001,771.8278,1335.3706000000002,56.5626,0.0,273.2735,0.0,1345.9859000000001,3517.6241000000005,0.0,43.0313,151.14000000000004,564.4168000000001,0.0,0.0,0.0,0.0,0.0,64.6797,75.65620000000003,84.6918,0.0,0.0,0.0,0.0,0.0,0.0,0.0,0.0,0.0,0.0,0.0,0.0,0.0,0.0,0.0,0.0,0.0,0.0,0.0,0.0,0.0,0.0,0.0,0.0,2.7678,12.4433,0.0,0.0,25.081200000000003,0.0,0.0,0.0,0.0,0.0,0.0,219.828,0.0,0.0,0.0,0.0,2.4674,35.6261,0.0,79.3042,0.0,0.0,0.0,0.0,0.0,0.0,0.0,0.0,0.0,0.0,0.0,0.0,0.0,240.1591,0.0,0.0,0.0,0.0,0.0,22.5206,0.0,0.0027,58.3972,45.890899999999995,0.0,0.0,0.0,11.761299999999999,3.2379000000000002,17.9283,7.8603000000000005,0.8612000000000001,0.0,5.9504,61.849900000000005,0.0,0.0,0.0,20.8555,90.5898,60.994600000000005,38.900099999999995,20.2818,908.6848000000001,0.0,0.0,175.4566,0.0031
0.0,0.0,0.0,71.7009,0.0,1278.1503,718.0120000000002,40.4925,0.0,54.519800000000004,8.0334,0.0,113.36680000000001,771.8278,1335.3706000000002,56.5626,0.0,273.2735,0.0,1345.9859000000001,3517.6241000000005,0.0,43.0313,151.14000000000004,564.4168000000001,0.0,0.0,0.0,0.0,0.0,64.6797,75.65620000000003,84.6918,0.0,0.0,0.0,0.0,0.0,0.0,0.0,0.0,0.0,0.0,0.0,0.0,0.0,0.0,0.0,0.0,0.0,0.0,0.0,0.0,0.0,0.0,0.0,0.0,2.7678,12.4433,0.0,0.0,25.081200000000003,0.0,0.0,0.0,0.0,0.0,0.0,219.828,0.0,0.0,0.0,0.0,2.4674,35.6261,0.0,79.3042,0.0,0.0,0.0,0.0,0.0,0.0,0.0,0.0,0.0,0.0,0.0,0.0,0.0,240.1591,0.0,0.0,0.0,0.0,0.0,22.5206,0.0,0.0027,58.3972,45.890899999999995,0.0,0.0,0.0,11.761299999999999,3.2379000000000002,17.9283,7.8603000000000005,0.8612000000000001,0.0,5.9504,61.849900000000005,0.0,0.0,0.0,20.8555,90.5898,60.994600000000005,38.900099999999995,20.2818,908.6848000000001,0.0,0.0,175.4566,0.0031
0.0,0.0,0.0,71.7009,0.0,1278.1503,718.0120000000002,40.4925,0.0,54.519800000000004,8.0334,0.0,113.36680000000001,771.8278,1335.3706000000002,56.5626,0.0,273.2735,0.0,1345.9859000000001,3517.6241000000005,0.0,43.0313,151.14000000000004,564.4168000000001,0.0,0.0,0.0,0.0,0.0,64.6797,75.65620000000003,84.6918,0.0,0.0,0.0,0.0,0.0,0.0,0.0,0.0,0.0,0.0,0.0,0.0,0.0,0.0,0.0,0.0,0.0,0.0,0.0,0.0,0.0,0.0,0.0,0.0,2.7678,12.4433,0.0,0.0,25.081200000000003,0.0,0.0,0.0,0.0,0.0,0.0,219.828,0.0,0.0,0.0,0.0,2.4674,35.6261,0.0,79.3042,0.0,0.0,0.0,0.0,0.0,0.0,0.0,0.0,0.0,0.0,0.0,0.0,0.0,240.1591,0.0,0.0,0.0,0.0,0.0,22.5206,0.0,0.0027,58.3972,45.890899999999995,0.0,0.0,0.0,11.761299999999999,3.2379000000000002,17.9283,7.8603000000000005,0.8612000000000001,0.0,5.9504,61.849900000000005,0.0,0.0,0.0,20.8555,90.5898,60.994600000000005,38.900099999999995,20.2818,908.6848000000001,0.0,0.0,175.4566,0.0031
0.0,0.0,0.0,71.7009,0.0,1278.1503,718.0120000000002,40.4925,0.0,54.519800000000004,8.0334,0.0,113.36680000000001,771.8278,1335.3706000000002,56.5626,0.0,273.2735,0.0,1345.9859000000001,3517.6241000000005,0.0,43.0313,151.14000000000004,564.4168000000001,0.0,0.0,0.0,0.0,0.0,64.6797,75.65620000000003,84.6918,0.0,0.0,0.0,0.0,0.0,0.0,0.0,0.0,0.0,0.0,0.0,0.0,0.0,0.0,0.0,0.0,0.0,0.0,0.0,0.0,0.0,0.0,0.0,0.0,2.7678,12.4433,0.0,0.0,25.081200000000003,0.0,0.0,0.0,0.0,0.0,0.0,219.828,0.0,0.0,0.0,0.0,2.4674,35.6261,0.0,79.3042,0.0,0.0,0.0,0.0,0.0,0.0,0.0,0.0,0.0,0.0,0.0,0.0,0.0,240.1591,0.0,0.0,0.0,0.0,0.0,22.5206,0.0,0.0027,58.3972,45.890899999999995,0.0,0.0,0.0,11.761299999999999,3.2379000000000002,17.9283,7.8603000000000005,0.8612000000000001,0.0,5.9504,61.849900000000005,0.0,0.0,0.0,20.8555,90.5898,60.994600000000005,38.900099999999995,20.2818,908.6848000000001,0.0,0.0,175.4566,0.0031
0.0,0.0,0.0,71.7009,0.0,1278.1503,718.0120000000002,40.4925,0.0,54.519800000000004,8.0334,0.0,113.36680000000001,771.8278,1335.3706000000002,56.5626,0.0,273.2735,0.0,1345.9859000000001,3517.6241000000005,0.0,43.0313,151.14000000000004,564.4168000000001,0.0,0.0,0.0,0.0,0.0,64.6797,75.65620000000003,84.6918,0.0,0.0,0.0,0.0,0.0,0.0,0.0,0.0,0.0,0.0,0.0,0.0,0.0,0.0,0.0,0.0,0.0,0.0,0.0,0.0,0.0,0.0,0.0,0.0,2.7678,12.4433,0.0,0.0,25.081200000000003,0.0,0.0,0.0,0.0,0.0,0.0,219.828,0.0,0.0,0.0,0.0,2.4674,35.6261,0.0,79.3042,0.0,0.0,0.0,0.0,0.0,0.0,0.0,0.0,0.0,0.0,0.0,0.0,0.0,240.1591,0.0,0.0,0.0,0.0,0.0,22.5206,0.0,0.0027,58.3972,45.890899999999995,0.0,0.0,0.0,11.761299999999999,3.2379000000000002,17.9283,7.8603000000000005,0.8612000000000001,0.0,5.9504,61.849900000000005,0.0,0.0,0.0,20.8555,90.5898,60.994600000000005,38.900099999999995,20.2818,908.6848000000001,0.0,0.0,175.4566,0.0031
0.0,0.0,0.0,71.5057,0.0,1227.6864000000003,441.50539999999995,26.103299999999997,0.0,56.3786,8.0334,0.0,121.29060000000001,796.8833999999999,1561.6907,38.2003,0.0,235.75619999999998,0.0,1395.9524999999999,3753.8100999999997,0.0,28.820800000000002,158.3013,617.2590999999999,0.0,0.0,0.0,0.0,0.0,61.23479999999999,71.62669999999999,79.0568,0.0,0.0,0.0,0.0,0.0,0.0,0.0,0.0,0.0,0.0,0.0,0.0,0.0,0.0,0.0,0.0,0.0,0.0,0.0,0.0,0.0,0.0,0.0,0.0,2.3724000000000003,12.0223,0.0,0.0,26.4639,0.0,0.0,0.0,0.0,0.0,0.0,211.6076,0.0,0.0,0.0,0.0,2.5907999999999998,34.294,0.0,76.3387,0.0,0.0,0.0,0.0,0.0,0.0,0.0,0.0,0.0,0.0,0.0,0.0,0.0,215.7951,0.0,0.0,0.0,0.0,0.0,24.0666,0.0,0.0026,61.54530000000001,45.9812,0.0,0.0,0.0,10.0579,2.8011999999999997,14.5151,4.6828,0.5131,0.0,5.693099999999999,66.0956,0.0,0.0,0.0,20.4586,75.06309999999999,66.8905,41.13890000000001,20.2818,1084.3836000000001,0.0,0.0,165.01440000000002,0.0032
0.0,0.0,0.0,71.5057,0.0,1227.6864000000003,441.50539999999995,26.103299999999997,0.0,56.3786,8.0334,0.0,121.29060000000001,796.8833999999999,1561.6907,38.2003,0.0,235.75619999999998,0.0,1395.9524999999999,3753.8100999999997,0.0,28.820800000000002,158.3013,617.2590999999999,0.0,0.0,0.0,0.0,0.0,61.23479999999999,71.62669999999999,79.0568,0.0,0.0,0.0,0.0,0.0,0.0,0.0,0.0,0.0,0.0,0.0,0.0,0.0,0.0,0.0,0.0,0.0,0.0,0.0,0.0,0.0,0.0,0.0,0.0,2.3724000000000003,12.0223,0.0,0.0,26.4639,0.0,0.0,0.0,0.0,0.0,0.0,211.6076,0.0,0.0,0.0,0.0,2.5907999999999998,34.294,0.0,76.3387,0.0,0.0,0.0,0.0,0.0,0.0,0.0,0.0,0.0,0.0,0.0,0.0,0.0,215.7951,0.0,0.0,0.0,0.0,0.0,24.0666,0.0,0.0026,61.54530000000001,45.9812,0.0,0.0,0.0,10.0579,2.8011999999999997,14.5151,4.6828,0.5131,0.0,5.693099999999999,66.0956,0.0,0.0,0.0,20.4586,75.06309999999999,66.8905,41.13890000000001,20.2818,1084.3836000000001,0.0,0.0,165.01440000000002,0.0032
0.0,0.0,0.0,71.5057,0.0,1227.6864000000003,441.50539999999995,26.103299999999997,0.0,56.3786,8.0334,0.0,121.29060000000001,796.8833999999999,1561.6907,38.2003,0.0,235.75619999999998,0.0,1395.9524999999999,3753.8100999999997,0.0,28.820800000000002,158.3013,617.2590999999999,0.0,0.0,0.0,0.0,0.0,61.23479999999999,71.62669999999999,79.0568,0.0,0.0,0.0,0.0,0.0,0.0,0.0,0.0,0.0,0.0,0.0,0.0,0.0,0.0,0.0,0.0,0.0,0.0,0.0,0.0,0.0,0.0,0.0,0.0,2.3724000000000003,12.0223,0.0,0.0,26.4639,0.0,0.0,0.0,0.0,0.0,0.0,211.6076,0.0,0.0,0.0,0.0,2.5907999999999998,34.294,0.0,76.3387,0.0,0.0,0.0,0.0,0.0,0.0,0.0,0.0,0.0,0.0,0.0,0.0,0.0,215.7951,0.0,0.0,0.0,0.0,0.0,24.0666,0.0,0.0026,61.54530000000001,45.9812,0.0,0.0,0.0,10.0579,2.8011999999999997,14.5151,4.6828,0.5131,0.0,5.693099999999999,66.0956,0.0,0.0,0.0,20.4586,75.06309999999999,66.8905,41.13890000000001,20.2818,1084.3836000000001,0.0,0.0,165.01440000000002,0.0032
0.0,0.0,0.0,71.5057,0.0,1227.6864000000003,441.50539999999995,26.103299999999997,0.0,56.3786,8.0334,0.0,121.29060000000001,796.8833999999999,1561.6907,38.2003,0.0,235.75619999999998,0.0,1395.9524999999999,3753.8100999999997,0.0,28.820800000000002,158.3013,617.2590999999999,0.0,0.0,0.0,0.0,0.0,61.23479999999999,71.62669999999999,79.0568,0.0,0.0,0.0,0.0,0.0,0.0,0.0,0.0,0.0,0.0,0.0,0.0,0.0,0.0,0.0,0.0,0.0,0.0,0.0,0.0,0.0,0.0,0.0,0.0,2.3724000000000003,12.0223,0.0,0.0,26.4639,0.0,0.0,0.0,0.0,0.0,0.0,211.6076,0.0,0.0,0.0,0.0,2.5907999999999998,34.294,0.0,76.3387,0.0,0.0,0.0,0.0,0.0,0.0,0.0,0.0,0.0,0.0,0.0,0.0,0.0,215.7951,0.0,0.0,0.0,0.0,0.0,24.0666,0.0,0.0026,61.54530000000001,45.9812,0.0,0.0,0.0,10.0579,2.8011999999999997,14.5151,4.6828,0.5131,0.0,5.693099999999999,66.0956,0.0,0.0,0.0,20.4586,75.06309999999999,66.8905,41.13890000000001,20.2818,1084.3836000000001,0.0,0.0,165.01440000000002,0.0032
0.0,0.0,0.0,71.5057,0.0,1227.6864000000003,441.50539999999995,26.103299999999997,0.0,56.3786,8.0334,0.0,121.29060000000001,796.8833999999999,1561.6907,38.2003,0.0,235.75619999999998,0.0,1395.9524999999999,3753.8100999999997,0.0,28.820800000000002,158.3013,617.2590999999999,0.0,0.0,0.0,0.0,0.0,61.23479999999999,71.62669999999999,79.0568,0.0,0.0,0.0,0.0,0.0,0.0,0.0,0.0,0.0,0.0,0.0,0.0,0.0,0.0,0.0,0.0,0.0,0.0,0.0,0.0,0.0,0.0,0.0,0.0,2.3724000000000003,12.0223,0.0,0.0,26.4639,0.0,0.0,0.0,0.0,0.0,0.0,211.6076,0.0,0.0,0.0,0.0,2.5907999999999998,34.294,0.0,76.3387,0.0,0.0,0.0,0.0,0.0,0.0,0.0,0.0,0.0,0.0,0.0,0.0,0.0,215.7951,0.0,0.0,0.0,0.0,0.0,24.0666,0.0,0.0026,61.54530000000001,45.9812,0.0,0.0,0.0,10.0579,2.8011999999999997,14.5151,4.6828,0.5131,0.0,5.693099999999999,66.0956,0.0,0.0,0.0,20.4586,75.06309999999999,66.8905,41.13890000000001,20.2818,1084.3836000000001,0.0,0.0,165.01440000000002,0.0032
0.0,0.0,0.0,71.5057,0.0,1227.6864000000003,441.50539999999995,26.103299999999997,0.0,56.3786,8.0334,0.0,121.29060000000001,796.8833999999999,1561.6907,38.2003,0.0,235.75619999999998,0.0,1395.9524999999999,3753.8100999999997,0.0,28.820800000000002,158.3013,617.2590999999999,0.0,0.0,0.0,0.0,0.0,61.23479999999999,71.62669999999999,79.0568,0.0,0.0,0.0,0.0,0.0,0.0,0.0,0.0,0.0,0.0,0.0,0.0,0.0,0.0,0.0,0.0,0.0,0.0,0.0,0.0,0.0,0.0,0.0,0.0,2.3724000000000003,12.0223,0.0,0.0,26.4639,0.0,0.0,0.0,0.0,0.0,0.0,211.6076,0.0,0.0,0.0,0.0,2.5907999999999998,34.294,0.0,76.3387,0.0,0.0,0.0,0.0,0.0,0.0,0.0,0.0,0.0,0.0,0.0,0.0,0.0,215.7951,0.0,0.0,0.0,0.0,0.0,24.0666,0.0,0.0026,61.54530000000001,45.9812,0.0,0.0,0.0,10.0579,2.8011999999999997,14.5151,4.6828,0.5131,0.0,5.693099999999999,66.0956,0.0,0.0,0.0,20.4586,75.06309999999999,66.8905,41.13890000000001,20.2818,1084.3836000000001,0.0,0.0,165.01440000000002,0.0032
0.0,0.0,0.0,71.5057,0.0,1227.6864000000003,441.50539999999995,26.103299999999997,0.0,56.3786,8.0334,0.0,121.29060000000001,796.8833999999999,1561.6907,38.2003,0.0,235.75619999999998,0.0,1395.9524999999999,3753.8100999999997,0.0,28.820800000000002,158.3013,617.2590999999999,0.0,0.0,0.0,0.0,0.0,61.23479999999999,71.62669999999999,79.0568,0.0,0.0,0.0,0.0,0.0,0.0,0.0,0.0,0.0,0.0,0.0,0.0,0.0,0.0,0.0,0.0,0.0,0.0,0.0,0.0,0.0,0.0,0.0,0.0,2.3724000000000003,12.0223,0.0,0.0,26.4639,0.0,0.0,0.0,0.0,0.0,0.0,211.6076,0.0,0.0,0.0,0.0,2.5907999999999998,34.294,0.0,76.3387,0.0,0.0,0.0,0.0,0.0,0.0,0.0,0.0,0.0,0.0,0.0,0.0,0.0,215.7951,0.0,0.0,0.0,0.0,0.0,24.0666,0.0,0.0026,61.54530000000001,45.9812,0.0,0.0,0.0,10.0579,2.8011999999999997,14.5151,4.6828,0.5131,0.0,5.693099999999999,66.0956,0.0,0.0,0.0,20.4586,75.06309999999999,66.8905,41.13890000000001,20.2818,1084.3836000000001,0.0,0.0,165.01440000000002,0.0032
0.0,0.0,0.0,57.1376,0.0,915.0175999999999,304.10970000000003,17.9176,0.0,59.6828,8.0334,0.0,117.37580000000001,841.4265,1498.1601999999998,16.0805,0.0,117.14030000000002,0.0,1010.4578,3414.9247,0.0,11.849699999999999,83.5301,344.4431,0.0,0.0,0.0,0.0,0.0,58.8074,68.78720000000001,75.5933,0.0,0.0,0.0,0.0,0.0,0.0,0.0,0.0,0.0,0.0,0.0,0.0,0.0,0.0,0.0,0.0,0.0,0.0,0.0,0.0,0.0,0.0,0.0,0.0,2.521,12.1068,0.0,0.0,17.7274,0.0,0.0,0.0,0.0,0.0,0.0,212.4031,0.0,0.0,0.0,0.0,2.7921,34.4228,0.0,76.6257,0.0,0.0,0.0,0.0,0.0,0.0,0.0,0.0,0.0,0.0,0.0,0.0,0.0,205.2084,0.0,0.0,0.0,0.0,0.0,25.2783,0.0,0.0025,64.22729999999999,45.921,0.0,0.0,0.0,10.9338,3.3378,14.512599999999999,2.5853,0.2833,0.0,5.4329,69.4233,0.0,0.0,0.0,19.9344,66.06899999999999,63.1484,42.85110000000001,17.6504,1000.8731,0.0,0.0,155.08859999999999,0.0021
0.0,0.0,0.0,57.1376,0.0,915.0175999999999,304.10970000000003,17.9176,0.0,59.6828,8.0334,0.0,117.37580000000001,841.4265,1498.1601999999998,16.0805,0.0,117.14030000000002,0.0,1010.4578,3414.9247,0.0,11.849699999999999,83.5301,344.4431,0.0,0.0,0.0,0.0,0.0,58.8074,68.78720000000001,75.5933,0.0,0.0,0.0,0.0,0.0,0.0,0.0,0.0,0.0,0.0,0.0,0.0,0.0,0.0,0.0,0.0,0.0,0.0,0.0,0.0,0.0,0.0,0.0,0.0,2.521,12.1068,0.0,0.0,17.7274,0.0,0.0,0.0,0.0,0.0,0.0,212.4031,0.0,0.0,0.0,0.0,2.7921,34.4228,0.0,76.6257,0.0,0.0,0.0,0.0,0.0,0.0,0.0,0.0,0.0,0.0,0.0,0.0,0.0,205.2084,0.0,0.0,0.0,0.0,0.0,25.2783,0.0,0.0025,64.22729999999999,45.921,0.0,0.0,0.0,10.9338,3.3378,14.512599999999999,2.5853,0.2833,0.0,5.4329,69.4233,0.0,0.0,0.0,19.9344,66.06899999999999,63.1484,42.85110000000001,17.6504,1000.8731,0.0,0.0,155.08859999999999,0.0021
0.0,0.0,0.0,57.1376,0.0,915.0175999999999,304.10970000000003,17.9176,0.0,59.6828,8.0334,0.0,117.37580000000001,841.4265,1498.1601999999998,16.0805,0.0,117.14030000000002,0.0,1010.4578,3414.9247,0.0,11.849699999999999,83.5301,344.4431,0.0,0.0,0.0,0.0,0.0,58.8074,68.78720000000001,75.5933,0.0,0.0,0.0,0.0,0.0,0.0,0.0,0.0,0.0,0.0,0.0,0.0,0.0,0.0,0.0,0.0,0.0,0.0,0.0,0.0,0.0,0.0,0.0,0.0,2.521,12.1068,0.0,0.0,17.7274,0.0,0.0,0.0,0.0,0.0,0.0,212.4031,0.0,0.0,0.0,0.0,2.7921,34.4228,0.0,76.6257,0.0,0.0,0.0,0.0,0.0,0.0,0.0,0.0,0.0,0.0,0.0,0.0,0.0,205.2084,0.0,0.0,0.0,0.0,0.0,25.2783,0.0,0.0025,64.22729999999999,45.921,0.0,0.0,0.0,10.9338,3.3378,14.512599999999999,2.5853,0.2833,0.0,5.4329,69.4233,0.0,0.0,0.0,19.9344,66.06899999999999,63.1484,42.85110000000001,17.6504,1000.8731,0.0,0.0,155.08859999999999,0.0021
0.0,0.0,0.0,57.1376,0.0,915.0175999999999,304.10970000000003,17.9176,0.0,59.6828,8.0334,0.0,117.37580000000001,841.4265,1498.1601999999998,16.0805,0.0,117.14030000000002,0.0,1010.4578,3414.9247,0.0,11.849699999999999,83.5301,344.4431,0.0,0.0,0.0,0.0,0.0,58.8074,68.78720000000001,75.5933,0.0,0.0,0.0,0.0,0.0,0.0,0.0,0.0,0.0,0.0,0.0,0.0,0.0,0.0,0.0,0.0,0.0,0.0,0.0,0.0,0.0,0.0,0.0,0.0,2.521,12.1068,0.0,0.0,17.7274,0.0,0.0,0.0,0.0,0.0,0.0,212.4031,0.0,0.0,0.0,0.0,2.7921,34.4228,0.0,76.6257,0.0,0.0,0.0,0.0,0.0,0.0,0.0,0.0,0.0,0.0,0.0,0.0,0.0,205.2084,0.0,0.0,0.0,0.0,0.0,25.2783,0.0,0.0025,64.22729999999999,45.921,0.0,0.0,0.0,10.9338,3.3378,14.512599999999999,2.5853,0.2833,0.0,5.4329,69.4233,0.0,0.0,0.0,19.9344,66.06899999999999,63.1484,42.85110000000001,17.6504,1000.8731,0.0,0.0,155.08859999999999,0.0021
0.0,0.0,0.0,57.1376,0.0,915.0175999999999,304.10970000000003,17.9176,0.0,59.6828,8.0334,0.0,117.37580000000001,841.4265,1498.1601999999998,16.0805,0.0,117.14030000000002,0.0,1010.4578,3414.9247,0.0,11.849699999999999,83.5301,344.4431,0.0,0.0,0.0,0.0,0.0,58.8074,68.78720000000001,75.5933,0.0,0.0,0.0,0.0,0.0,0.0,0.0,0.0,0.0,0.0,0.0,0.0,0.0,0.0,0.0,0.0,0.0,0.0,0.0,0.0,0.0,0.0,0.0,0.0,2.521,12.1068,0.0,0.0,17.7274,0.0,0.0,0.0,0.0,0.0,0.0,212.4031,0.0,0.0,0.0,0.0,2.7921,34.4228,0.0,76.6257,0.0,0.0,0.0,0.0,0.0,0.0,0.0,0.0,0.0,0.0,0.0,0.0,0.0,205.2084,0.0,0.0,0.0,0.0,0.0,25.2783,0.0,0.0025,64.22729999999999,45.921,0.0,0.0,0.0,10.9338,3.3378,14.512599999999999,2.5853,0.2833,0.0,5.4329,69.4233,0.0,0.0,0.0,19.9344,66.06899999999999,63.1484,42.85110000000001,17.6504,1000.8731,0.0,0.0,155.08859999999999,0.0021
0.0,0.0,0.0,57.1376,0.0,915.0175999999999,304.10970000000003,17.9176,0.0,59.6828,8.0334,0.0,117.37580000000001,841.4265,1498.1601999999998,16.0805,0.0,117.14030000000002,0.0,1010.4578,3414.9247,0.0,11.849699999999999,83.5301,344.4431,0.0,0.0,0.0,0.0,0.0,58.8074,68.78720000000001,75.5933,0.0,0.0,0.0,0.0,0.0,0.0,0.0,0.0,0.0,0.0,0.0,0.0,0.0,0.0,0.0,0.0,0.0,0.0,0.0,0.0,0.0,0.0,0.0,0.0,2.521,12.1068,0.0,0.0,17.7274,0.0,0.0,0.0,0.0,0.0,0.0,212.4031,0.0,0.0,0.0,0.0,2.7921,34.4228,0.0,76.6257,0.0,0.0,0.0,0.0,0.0,0.0,0.0,0.0,0.0,0.0,0.0,0.0,0.0,205.2084,0.0,0.0,0.0,0.0,0.0,25.2783,0.0,0.0025,64.22729999999999,45.921,0.0,0.0,0.0,10.9338,3.3378,14.512599999999999,2.5853,0.2833,0.0,5.4329,69.4233,0.0,0.0,0.0,19.9344,66.06899999999999,63.1484,42.85110000000001,17.6504,1000.8731,0.0,0.0,155.08859999999999,0.0021
0.0,0.0,0.0,57.1376,0.0,915.0175999999999,304.10970000000003,17.9176,0.0,59.6828,8.0334,0.0,117.37580000000001,841.4265,1498.1601999999998,16.0805,0.0,117.14030000000002,0.0,1010.4578,3414.9247,0.0,11.849699999999999,83.5301,344.4431,0.0,0.0,0.0,0.0,0.0,58.8074,68.78720000000001,75.5933,0.0,0.0,0.0,0.0,0.0,0.0,0.0,0.0,0.0,0.0,0.0,0.0,0.0,0.0,0.0,0.0,0.0,0.0,0.0,0.0,0.0,0.0,0.0,0.0,2.521,12.1068,0.0,0.0,17.7274,0.0,0.0,0.0,0.0,0.0,0.0,212.4031,0.0,0.0,0.0,0.0,2.7921,34.4228,0.0,76.6257,0.0,0.0,0.0,0.0,0.0,0.0,0.0,0.0,0.0,0.0,0.0,0.0,0.0,205.2084,0.0,0.0,0.0,0.0,0.0,25.2783,0.0,0.0025,64.22729999999999,45.921,0.0,0.0,0.0,10.9338,3.3378,14.512599999999999,2.5853,0.2833,0.0,5.4329,69.4233,0.0,0.0,0.0,19.9344,66.06899999999999,63.1484,42.85110000000001,17.6504,1000.8731,0.0,0.0,155.08859999999999,0.0021
0.0,0.0,0.0,46.607,0.0,822.5616,286.9399,15.5001,0.0,50.2131,7.6009,0.0,105.02430000000001,760.8877,1256.9352,10.505600000000001,0.0,102.4367,0.0,741.3269,2907.6605,0.0,7.9032,93.7018,301.09860000000003,0.0,0.0,0.0,0.0,0.0,49.89699999999999,91.61030000000001,72.1097,0.0,0.0,0.0,0.0,0.0,0.0,0.0,0.0,0.0,0.0,0.0,0.0,0.0,0.0,0.0,0.0,0.0,0.0,0.0,0.0,0.0,0.0,0.0,0.0,2.1394,12.0811,0.0,0.0,13.6192,0.0,0.0,0.0,0.0,0.0,0.0,299.6959,0.0,0.0,0.0,0.0,2.7596999999999996,42.7543,0.0,93.7724,0.0,0.0,0.0,0.0,0.0,0.0,0.0,0.0,0.0,0.0,0.0,0.0,0.0,276.8323,0.0,0.0,0.0,0.0,0.0,21.4963,0.0,0.0026,54.2479,43.1662,0.0,0.0,0.0,9.5039,5.2277,13.2225,2.6544999999999996,0.29090000000000005,0.0,4.5563,59.036699999999996,0.0,0.0,0.0,22.2222,63.997900000000016,58.534000000000006,37.130900000000004,14.2583,787.5826,0.0,0.0,134.2143,0.002
0.0,0.0,0.0,46.607,0.0,822.5616,286.9399,15.5001,0.0,50.2131,7.6009,0.0,105.02430000000001,760.8877,1256.9352,10.505600000000001,0.0,102.4367,0.0,741.3269,2907.6605,0.0,7.9032,93.7018,301.09860000000003,0.0,0.0,0.0,0.0,0.0,49.89699999999999,91.61030000000001,72.1097,0.0,0.0,0.0,0.0,0.0,0.0,0.0,0.0,0.0,0.0,0.0,0.0,0.0,0.0,0.0,0.0,0.0,0.0,0.0,0.0,0.0,0.0,0.0,0.0,2.1394,12.0811,0.0,0.0,13.6192,0.0,0.0,0.0,0.0,0.0,0.0,299.6959,0.0,0.0,0.0,0.0,2.7596999999999996,42.7543,0.0,93.7724,0.0,0.0,0.0,0.0,0.0,0.0,0.0,0.0,0.0,0.0,0.0,0.0,0.0,276.8323,0.0,0.0,0.0,0.0,0.0,21.4963,0.0,0.0026,54.2479,43.1662,0.0,0.0,0.0,9.5039,5.2277,13.2225,2.6544999999999996,0.29090000000000005,0.0,4.5563,59.036699999999996,0.0,0.0,0.0,22.2222,63.997900000000016,58.534000000000006,37.130900000000004,14.2583,787.5826,0.0,0.0,134.2143,0.002
0.0,0.0,0.0,46.607,0.0,822.5616,286.9399,15.5001,0.0,50.2131,7.6009,0.0,105.02430000000001,760.8877,1256.9352,10.505600000000001,0.0,102.4367,0.0,741.3269,2907.6605,0.0,7.9032,93.7018,301.09860000000003,0.0,0.0,0.0,0.0,0.0,49.89699999999999,91.61030000000001,72.1097,0.0,0.0,0.0,0.0,0.0,0.0,0.0,0.0,0.0,0.0,0.0,0.0,0.0,0.0,0.0,0.0,0.0,0.0,0.0,0.0,0.0,0.0,0.0,0.0,2.1394,12.0811,0.0,0.0,13.6192,0.0,0.0,0.0,0.0,0.0,0.0,299.6959,0.0,0.0,0.0,0.0,2.7596999999999996,42.7543,0.0,93.7724,0.0,0.0,0.0,0.0,0.0,0.0,0.0,0.0,0.0,0.0,0.0,0.0,0.0,276.8323,0.0,0.0,0.0,0.0,0.0,21.4963,0.0,0.0026,54.2479,43.1662,0.0,0.0,0.0,9.5039,5.2277,13.2225,2.6544999999999996,0.29090000000000005,0.0,4.5563,59.036699999999996,0.0,0.0,0.0,22.2222,63.997900000000016,58.534000000000006,37.130900000000004,14.2583,787.5826,0.0,0.0,134.2143,0.002
0.0,0.0,0.0,46.607,0.0,822.5616,286.9399,15.5001,0.0,50.2131,7.6009,0.0,105.02430000000001,760.8877,1256.9352,10.505600000000001,0.0,102.4367,0.0,741.3269,2907.6605,0.0,7.9032,93.7018,301.09860000000003,0.0,0.0,0.0,0.0,0.0,49.89699999999999,91.61030000000001,72.1097,0.0,0.0,0.0,0.0,0.0,0.0,0.0,0.0,0.0,0.0,0.0,0.0,0.0,0.0,0.0,0.0,0.0,0.0,0.0,0.0,0.0,0.0,0.0,0.0,2.1394,12.0811,0.0,0.0,13.6192,0.0,0.0,0.0,0.0,0.0,0.0,299.6959,0.0,0.0,0.0,0.0,2.7596999999999996,42.7543,0.0,93.7724,0.0,0.0,0.0,0.0,0.0,0.0,0.0,0.0,0.0,0.0,0.0,0.0,0.0,276.8323,0.0,0.0,0.0,0.0,0.0,21.4963,0.0,0.0026,54.2479,43.1662,0.0,0.0,0.0,9.5039,5.2277,13.2225,2.6544999999999996,0.29090000000000005,0.0,4.5563,59.036699999999996,0.0,0.0,0.0,22.2222,63.997900000000016,58.534000000000006,37.130900000000004,14.2583,787.5826,0.0,0.0,134.2143,0.002
0.0,0.0,0.0,46.607,0.0,822.5616,286.9399,15.5001,0.0,50.2131,7.6009,0.0,105.02430000000001,760.8877,1256.9352,10.505600000000001,0.0,102.4367,0.0,741.3269,2907.6605,0.0,7.9032,93.7018,301.09860000000003,0.0,0.0,0.0,0.0,0.0,49.89699999999999,91.61030000000001,72.1097,0.0,0.0,0.0,0.0,0.0,0.0,0.0,0.0,0.0,0.0,0.0,0.0,0.0,0.0,0.0,0.0,0.0,0.0,0.0,0.0,0.0,0.0,0.0,0.0,2.1394,12.0811,0.0,0.0,13.6192,0.0,0.0,0.0,0.0,0.0,0.0,299.6959,0.0,0.0,0.0,0.0,2.7596999999999996,42.7543,0.0,93.7724,0.0,0.0,0.0,0.0,0.0,0.0,0.0,0.0,0.0,0.0,0.0,0.0,0.0,276.8323,0.0,0.0,0.0,0.0,0.0,21.4963,0.0,0.0026,54.2479,43.1662,0.0,0.0,0.0,9.5039,5.2277,13.2225,2.6544999999999996,0.29090000000000005,0.0,4.5563,59.036699999999996,0.0,0.0,0.0,22.2222,63.997900000000016,58.534000000000006,37.130900000000004,14.2583,787.5826,0.0,0.0,134.2143,0.002
0.0,0.0,0.0,46.607,0.0,822.5616,286.9399,15.5001,0.0,50.2131,7.6009,0.0,105.02430000000001,760.8877,1256.9352,10.505600000000001,0.0,102.4367,0.0,741.3269,2907.6605,0.0,7.9032,93.7018,301.09860000000003,0.0,0.0,0.0,0.0,0.0,49.89699999999999,91.61030000000001,72.1097,0.0,0.0,0.0,0.0,0.0,0.0,0.0,0.0,0.0,0.0,0.0,0.0,0.0,0.0,0.0,0.0,0.0,0.0,0.0,0.0,0.0,0.0,0.0,0.0,2.1394,12.0811,0.0,0.0,13.6192,0.0,0.0,0.0,0.0,0.0,0.0,299.6959,0.0,0.0,0.0,0.0,2.7596999999999996,42.7543,0.0,93.7724,0.0,0.0,0.0,0.0,0.0,0.0,0.0,0.0,0.0,0.0,0.0,0.0,0.0,276.8323,0.0,0.0,0.0,0.0,0.0,21.4963,0.0,0.0026,54.2479,43.1662,0.0,0.0,0.0,9.5039,5.2277,13.2225,2.6544999999999996,0.29090000000000005,0.0,4.5563,59.036699999999996,0.0,0.0,0.0,22.2222,63.997900000000016,58.534000000000006,37.130900000000004,14.2583,787.5826,0.0,0.0,134.2143,0.002
0.0,0.0,0.0,46.607,0.0,822.5616,286.9399,15.5001,0.0,50.2131,7.6009,0.0,105.02430000000001,760.8877,1256.9352,10.505600000000001,0.0,102.4367,0.0,741.3269,2907.6605,0.0,7.9032,93.7018,301.09860000000003,0.0,0.0,0.0,0.0,0.0,49.89699999999999,91.61030000000001,72.1097,0.0,0.0,0.0,0.0,0.0,0.0,0.0,0.0,0.0,0.0,0.0,0.0,0.0,0.0,0.0,0.0,0.0,0.0,0.0,0.0,0.0,0.0,0.0,0.0,2.1394,12.0811,0.0,0.0,13.6192,0.0,0.0,0.0,0.0,0.0,0.0,299.6959,0.0,0.0,0.0,0.0,2.7596999999999996,42.7543,0.0,93.7724,0.0,0.0,0.0,0.0,0.0,0.0,0.0,0.0,0.0,0.0,0.0,0.0,0.0,276.8323,0.0,0.0,0.0,0.0,0.0,21.4963,0.0,0.0026,54.2479,43.1662,0.0,0.0,0.0,9.5039,5.2277,13.2225,2.6544999999999996,0.29090000000000005,0.0,4.5563,59.036699999999996,0.0,0.0,0.0,22.2222,63.997900000000016,58.534000000000006,37.130900000000004,14.2583,787.5826,0.0,0.0,134.2143,0.002
0.0,0.0,0.0,40.8984,0.0,791.1446,241.86899999999997,12.0532,0.0,49.0106,6.2144,0.0,81.1504,782.5020000000001,1161.9152,6.526999999999999,0.0,91.47499999999998,0.0,487.4972,2836.4253999999996,0.0,5.5524000000000004,97.67519999999998,268.6121,0.0,0.0,0.0,0.0,0.0,36.1542,85.71770000000001,57.12580000000001,0.0,0.0,0.0,0.0,0.0,0.0,0.0,0.0,0.0,0.0,0.0,0.0,0.0,0.0,0.0,0.0,0.0,0.0,0.0,0.0,0.0,0.0,0.0,0.0,1.8107,11.4962,0.0,0.0,10.0872,0.0,0.0,0.0,0.0,0.0,0.0,355.5108,0.0,0.0,0.0,0.0,2.2133,47.5184,0.0,103.3474,0.0,0.0,0.0,0.0,0.0,0.0,0.0,0.0,0.0,0.0,0.0,0.0,0.0,245.3563,0.0,0.0,0.0,0.0,0.0,17.2315,0.0,0.0025,43.5275,41.0116,0.0,0.0,0.0,7.8181,3.11,11.7633,3.4724,0.38050000000000006,0.0,3.7091000000000003,47.3241,0.0,0.0,0.0,24.7239,60.4511,50.308299999999996,29.7643,18.5018,529.7004999999999,0.0,0.0,156.3411,0.002
0.0,0.0,0.0,40.8984,0.0,791.1446,241.86899999999997,12.0532,0.0,49.0106,6.2144,0.0,81.1504,782.5020000000001,1161.9152,6.526999999999999,0.0,91.47499999999998,0.0,487.4972,2836.4253999999996,0.0,5.5524000000000004,97.67519999999998,268.6121,0.0,0.0,0.0,0.0,0.0,36.1542,85.71770000000001,57.12580000000001,0.0,0.0,0.0,0.0,0.0,0.0,0.0,0.0,0.0,0.0,0.0,0.0,0.0,0.0,0.0,0.0,0.0,0.0,0.0,0.0,0.0,0.0,0.0,0.0,1.8107,11.4962,0.0,0.0,10.0872,0.0,0.0,0.0,0.0,0.0,0.0,355.5108,0.0,0.0,0.0,0.0,2.2133,47.5184,0.0,103.3474,0.0,0.0,0.0,0.0,0.0,0.0,0.0,0.0,0.0,0.0,0.0,0.0,0.0,245.3563,0.0,0.0,0.0,0.0,0.0,17.2315,0.0,0.0025,43.5275,41.0116,0.0,0.0,0.0,7.8181,3.11,11.7633,3.4724,0.38050000000000006,0.0,3.7091000000000003,47.3241,0.0,0.0,0.0,24.7239,60.4511,50.308299999999996,29.7643,18.5018,529.7004999999999,0.0,0.0,156.3411,0.002
0.0,0.0,0.0,40.8984,0.0,791.1446,241.86899999999997,12.0532,0.0,49.0106,6.2144,0.0,81.1504,782.5020000000001,1161.9152,6.526999999999999,0.0,91.47499999999998,0.0,487.4972,2836.4253999999996,0.0,5.5524000000000004,97.67519999999998,268.6121,0.0,0.0,0.0,0.0,0.0,36.1542,85.71770000000001,57.12580000000001,0.0,0.0,0.0,0.0,0.0,0.0,0.0,0.0,0.0,0.0,0.0,0.0,0.0,0.0,0.0,0.0,0.0,0.0,0.0,0.0,0.0,0.0,0.0,0.0,1.8107,11.4962,0.0,0.0,10.0872,0.0,0.0,0.0,0.0,0.0,0.0,355.5108,0.0,0.0,0.0,0.0,2.2133,47.5184,0.0,103.3474,0.0,0.0,0.0,0.0,0.0,0.0,0.0,0.0,0.0,0.0,0.0,0.0,0.0,245.3563,0.0,0.0,0.0,0.0,0.0,17.2315,0.0,0.0025,43.5275,41.0116,0.0,0.0,0.0,7.8181,3.11,11.7633,3.4724,0.38050000000000006,0.0,3.7091000000000003,47.3241,0.0,0.0,0.0,24.7239,60.4511,50.308299999999996,29.7643,18.5018,529.7004999999999,0.0,0.0,156.3411,0.002
0.0,0.0,0.0,40.8984,0.0,791.1446,241.86899999999997,12.0532,0.0,49.0106,6.2144,0.0,81.1504,782.5020000000001,1161.9152,6.526999999999999,0.0,91.47499999999998,0.0,487.4972,2836.4253999999996,0.0,5.5524000000000004,97.67519999999998,268.6121,0.0,0.0,0.0,0.0,0.0,36.1542,85.71770000000001,57.12580000000001,0.0,0.0,0.0,0.0,0.0,0.0,0.0,0.0,0.0,0.0,0.0,0.0,0.0,0.0,0.0,0.0,0.0,0.0,0.0,0.0,0.0,0.0,0.0,0.0,1.8107,11.4962,0.0,0.0,10.0872,0.0,0.0,0.0,0.0,0.0,0.0,355.5108,0.0,0.0,0.0,0.0,2.2133,47.5184,0.0,103.3474,0.0,0.0,0.0,0.0,0.0,0.0,0.0,0.0,0.0,0.0,0.0,0.0,0.0,245.3563,0.0,0.0,0.0,0.0,0.0,17.2315,0.0,0.0025,43.5275,41.0116,0.0,0.0,0.0,7.8181,3.11,11.7633,3.4724,0.38050000000000006,0.0,3.7091000000000003,47.3241,0.0,0.0,0.0,24.7239,60.4511,50.308299999999996,29.7643,18.5018,529.7004999999999,0.0,0.0,156.3411,0.002
0.0,0.0,0.0,40.8984,0.0,791.1446,241.86899999999997,12.0532,0.0,49.0106,6.2144,0.0,81.1504,782.5020000000001,1161.9152,6.526999999999999,0.0,91.47499999999998,0.0,487.4972,2836.4253999999996,0.0,5.5524000000000004,97.67519999999998,268.6121,0.0,0.0,0.0,0.0,0.0,36.1542,85.71770000000001,57.12580000000001,0.0,0.0,0.0,0.0,0.0,0.0,0.0,0.0,0.0,0.0,0.0,0.0,0.0,0.0,0.0,0.0,0.0,0.0,0.0,0.0,0.0,0.0,0.0,0.0,1.8107,11.4962,0.0,0.0,10.0872,0.0,0.0,0.0,0.0,0.0,0.0,355.5108,0.0,0.0,0.0,0.0,2.2133,47.5184,0.0,103.3474,0.0,0.0,0.0,0.0,0.0,0.0,0.0,0.0,0.0,0.0,0.0,0.0,0.0,245.3563,0.0,0.0,0.0,0.0,0.0,17.2315,0.0,0.0025,43.5275,41.0116,0.0,0.0,0.0,7.8181,3.11,11.7633,3.4724,0.38050000000000006,0.0,3.7091000000000003,47.3241,0.0,0.0,0.0,24.7239,60.4511,50.308299999999996,29.7643,18.5018,529.7004999999999,0.0,0.0,156.3411,0.002
0.0,0.0,0.0,40.8984,0.0,791.1446,241.86899999999997,12.0532,0.0,49.0106,6.2144,0.0,81.1504,782.5020000000001,1161.9152,6.526999999999999,0.0,91.47499999999998,0.0,487.4972,2836.4253999999996,0.0,5.5524000000000004,97.67519999999998,268.6121,0.0,0.0,0.0,0.0,0.0,36.1542,85.71770000000001,57.12580000000001,0.0,0.0,0.0,0.0,0.0,0.0,0.0,0.0,0.0,0.0,0.0,0.0,0.0,0.0,0.0,0.0,0.0,0.0,0.0,0.0,0.0,0.0,0.0,0.0,1.8107,11.4962,0.0,0.0,10.0872,0.0,0.0,0.0,0.0,0.0,0.0,355.5108,0.0,0.0,0.0,0.0,2.2133,47.5184,0.0,103.3474,0.0,0.0,0.0,0.0,0.0,0.0,0.0,0.0,0.0,0.0,0.0,0.0,0.0,245.3563,0.0,0.0,0.0,0.0,0.0,17.2315,0.0,0.0025,43.5275,41.0116,0.0,0.0,0.0,7.8181,3.11,11.7633,3.4724,0.38050000000000006,0.0,3.7091000000000003,47.3241,0.0,0.0,0.0,24.7239,60.4511,50.308299999999996,29.7643,18.5018,529.7004999999999,0.0,0.0,156.3411,0.002
0.0,0.0,0.0,40.8984,0.0,791.1446,241.86899999999997,12.0532,0.0,49.0106,6.2144,0.0,81.1504,782.5020000000001,1161.9152,6.526999999999999,0.0,91.47499999999998,0.0,487.4972,2836.4253999999996,0.0,5.5524000000000004,97.67519999999998,268.6121,0.0,0.0,0.0,0.0,0.0,36.1542,85.71770000000001,57.12580000000001,0.0,0.0,0.0,0.0,0.0,0.0,0.0,0.0,0.0,0.0,0.0,0.0,0.0,0.0,0.0,0.0,0.0,0.0,0.0,0.0,0.0,0.0,0.0,0.0,1.8107,11.4962,0.0,0.0,10.0872,0.0,0.0,0.0,0.0,0.0,0.0,355.5108,0.0,0.0,0.0,0.0,2.2133,47.5184,0.0,103.3474,0.0,0.0,0.0,0.0,0.0,0.0,0.0,0.0,0.0,0.0,0.0,0.0,0.0,245.3563,0.0,0.0,0.0,0.0,0.0,17.2315,0.0,0.0025,43.5275,41.0116,0.0,0.0,0.0,7.8181,3.11,11.7633,3.4724,0.38050000000000006,0.0,3.7091000000000003,47.3241,0.0,0.0,0.0,24.7239,60.4511,50.308299999999996,29.7643,18.5018,529.7004999999999,0.0,0.0,156.3411,0.002
0.0,0.0,0.0,43.2924,0.0,882.6538000000002,347.2717,17.433,0.0,40.9898,7.6332,0.0,87.5469,655.7455,1031.8737,25.5191,0.0,120.03559999999999,0.0,728.6742999999999,2570.8981000000003,0.0,18.1422,88.63170000000001,242.133,0.0,0.0,0.0,0.0,0.0,32.0101,75.8925,53.3292,0.0,0.0,0.0,0.0,0.0,0.0,0.0,0.0,0.0,0.0,0.0,0.0,0.0,0.0,0.0,0.0,0.0,0.0,0.0,0.0,0.0,0.0,0.0,0.0,1.8175000000000001,11.1902,0.0,0.0,9.024000000000001,0.0,0.0,0.0,0.0,0.0,0.0,341.6924,0.0,0.0,0.0,0.0,2.8147,45.6714,0.0,99.3304,0.0,0.0,0.0,0.0,0.0,0.0,0.0,0.0,0.0,0.0,0.0,0.0,0.0,232.1684,0.0,0.0,0.0,0.0,0.0,15.371,0.0,0.0027,38.98689999999999,41.067099999999996,0.0,0.0,0.0,8.4245,2.3158,12.3494,2.7786999999999997,0.3045,0.0,3.776,42.2145,0.0,0.0,0.0,25.1085,58.485200000000006,54.082499999999996,26.550600000000003,17.8347,571.4549999999999,0.0,0.0,155.9132,0.0023
0.0,0.0,0.0,43.2924,0.0,882.6538000000002,347.2717,17.433,0.0,40.9898,7.6332,0.0,87.5469,655.7455,1031.8737,25.5191,0.0,120.03559999999999,0.0,728.6742999999999,2570.8981000000003,0.0,18.1422,88.63170000000001,242.133,0.0,0.0,0.0,0.0,0.0,32.0101,75.8925,53.3292,0.0,0.0,0.0,0.0,0.0,0.0,0.0,0.0,0.0,0.0,0.0,0.0,0.0,0.0,0.0,0.0,0.0,0.0,0.0,0.0,0.0,0.0,0.0,0.0,1.8175000000000001,11.1902,0.0,0.0,9.024000000000001,0.0,0.0,0.0,0.0,0.0,0.0,341.6924,0.0,0.0,0.0,0.0,2.8147,45.6714,0.0,99.3304,0.0,0.0,0.0,0.0,0.0,0.0,0.0,0.0,0.0,0.0,0.0,0.0,0.0,232.1684,0.0,0.0,0.0,0.0,0.0,15.371,0.0,0.0027,38.98689999999999,41.067099999999996,0.0,0.0,0.0,8.4245,2.3158,12.3494,2.7786999999999997,0.3045,0.0,3.776,42.2145,0.0,0.0,0.0,25.1085,58.485200000000006,54.082499999999996,26.550600000000003,17.8347,571.4549999999999,0.0,0.0,155.9132,0.0023
0.0,0.0,0.0,43.2924,0.0,882.6538000000002,347.2717,17.433,0.0,40.9898,7.6332,0.0,87.5469,655.7455,1031.8737,25.5191,0.0,120.03559999999999,0.0,728.6742999999999,2570.8981000000003,0.0,18.1422,88.63170000000001,242.133,0.0,0.0,0.0,0.0,0.0,32.0101,75.8925,53.3292,0.0,0.0,0.0,0.0,0.0,0.0,0.0,0.0,0.0,0.0,0.0,0.0,0.0,0.0,0.0,0.0,0.0,0.0,0.0,0.0,0.0,0.0,0.0,0.0,1.8175000000000001,11.1902,0.0,0.0,9.024000000000001,0.0,0.0,0.0,0.0,0.0,0.0,341.6924,0.0,0.0,0.0,0.0,2.8147,45.6714,0.0,99.3304,0.0,0.0,0.0,0.0,0.0,0.0,0.0,0.0,0.0,0.0,0.0,0.0,0.0,232.1684,0.0,0.0,0.0,0.0,0.0,15.371,0.0,0.0027,38.98689999999999,41.067099999999996,0.0,0.0,0.0,8.4245,2.3158,12.3494,2.7786999999999997,0.3045,0.0,3.776,42.2145,0.0,0.0,0.0,25.1085,58.485200000000006,54.082499999999996,26.550600000000003,17.8347,571.4549999999999,0.0,0.0,155.9132,0.0023
0.0,0.0,0.0,43.2924,0.0,882.6538000000002,347.2717,17.433,0.0,40.9898,7.6332,0.0,87.5469,655.7455,1031.8737,25.5191,0.0,120.03559999999999,0.0,728.6742999999999,2570.8981000000003,0.0,18.1422,88.63170000000001,242.133,0.0,0.0,0.0,0.0,0.0,32.0101,75.8925,53.3292,0.0,0.0,0.0,0.0,0.0,0.0,0.0,0.0,0.0,0.0,0.0,0.0,0.0,0.0,0.0,0.0,0.0,0.0,0.0,0.0,0.0,0.0,0.0,0.0,1.8175000000000001,11.1902,0.0,0.0,9.024000000000001,0.0,0.0,0.0,0.0,0.0,0.0,341.6924,0.0,0.0,0.0,0.0,2.8147,45.6714,0.0,99.3304,0.0,0.0,0.0,0.0,0.0,0.0,0.0,0.0,0.0,0.0,0.0,0.0,0.0,232.1684,0.0,0.0,0.0,0.0,0.0,15.371,0.0,0.0027,38.98689999999999,41.067099999999996,0.0,0.0,0.0,8.4245,2.3158,12.3494,2.7786999999999997,0.3045,0.0,3.776,42.2145,0.0,0.0,0.0,25.1085,58.485200000000006,54.082499999999996,26.550600000000003,17.8347,571.4549999999999,0.0,0.0,155.9132,0.0023
0.0,0.0,0.0,43.2924,0.0,882.6538000000002,347.2717,17.433,0.0,40.9898,7.6332,0.0,87.5469,655.7455,1031.8737,25.5191,0.0,120.03559999999999,0.0,728.6742999999999,2570.8981000000003,0.0,18.1422,88.63170000000001,242.133,0.0,0.0,0.0,0.0,0.0,32.0101,75.8925,53.3292,0.0,0.0,0.0,0.0,0.0,0.0,0.0,0.0,0.0,0.0,0.0,0.0,0.0,0.0,0.0,0.0,0.0,0.0,0.0,0.0,0.0,0.0,0.0,0.0,1.8175000000000001,11.1902,0.0,0.0,9.024000000000001,0.0,0.0,0.0,0.0,0.0,0.0,341.6924,0.0,0.0,0.0,0.0,2.8147,45.6714,0.0,99.3304,0.0,0.0,0.0,0.0,0.0,0.0,0.0,0.0,0.0,0.0,0.0,0.0,0.0,232.1684,0.0,0.0,0.0,0.0,0.0,15.371,0.0,0.0027,38.98689999999999,41.067099999999996,0.0,0.0,0.0,8.4245,2.3158,12.3494,2.7786999999999997,0.3045,0.0,3.776,42.2145,0.0,0.0,0.0,25.1085,58.485200000000006,54.082499999999996,26.550600000000003,17.8347,571.4549999999999,0.0,0.0,155.9132,0.0023
0.0,0.0,0.0,43.2924,0.0,882.6538000000002,347.2717,17.433,0.0,40.9898,7.6332,0.0,87.5469,655.7455,1031.8737,25.5191,0.0,120.03559999999999,0.0,728.6742999999999,2570.8981000000003,0.0,18.1422,88.63170000000001,242.133,0.0,0.0,0.0,0.0,0.0,32.0101,75.8925,53.3292,0.0,0.0,0.0,0.0,0.0,0.0,0.0,0.0,0.0,0.0,0.0,0.0,0.0,0.0,0.0,0.0,0.0,0.0,0.0,0.0,0.0,0.0,0.0,0.0,1.8175000000000001,11.1902,0.0,0.0,9.024000000000001,0.0,0.0,0.0,0.0,0.0,0.0,341.6924,0.0,0.0,0.0,0.0,2.8147,45.6714,0.0,99.3304,0.0,0.0,0.0,0.0,0.0,0.0,0.0,0.0,0.0,0.0,0.0,0.0,0.0,232.1684,0.0,0.0,0.0,0.0,0.0,15.371,0.0,0.0027,38.98689999999999,41.067099999999996,0.0,0.0,0.0,8.4245,2.3158,12.3494,2.7786999999999997,0.3045,0.0,3.776,42.2145,0.0,0.0,0.0,25.1085,58.485200000000006,54.082499999999996,26.550600000000003,17.8347,571.4549999999999,0.0,0.0,155.9132,0.0023
0.0,0.0,0.0,43.2924,0.0,882.6538000000002,347.2717,17.433,0.0,40.9898,7.6332,0.0,87.5469,655.7455,1031.8737,25.5191,0.0,120.03559999999999,0.0,728.6742999999999,2570.8981000000003,0.0,18.1422,88.63170000000001,242.133,0.0,0.0,0.0,0.0,0.0,32.0101,75.8925,53.3292,0.0,0.0,0.0,0.0,0.0,0.0,0.0,0.0,0.0,0.0,0.0,0.0,0.0,0.0,0.0,0.0,0.0,0.0,0.0,0.0,0.0,0.0,0.0,0.0,1.8175000000000001,11.1902,0.0,0.0,9.024000000000001,0.0,0.0,0.0,0.0,0.0,0.0,341.6924,0.0,0.0,0.0,0.0,2.8147,45.6714,0.0,99.3304,0.0,0.0,0.0,0.0,0.0,0.0,0.0,0.0,0.0,0.0,0.0,0.0,0.0,232.1684,0.0,0.0,0.0,0.0,0.0,15.371,0.0,0.0027,38.98689999999999,41.067099999999996,0.0,0.0,0.0,8.4245,2.3158,12.3494,2.7786999999999997,0.3045,0.0,3.776,42.2145,0.0,0.0,0.0,25.1085,58.485200000000006,54.082499999999996,26.550600000000003,17.8347,571.4549999999999,0.0,0.0,155.9132,0.0023
0.0,0.0,0.0,48.2818,0.0,958.0483,325.9966,16.2865,0.0,45.5132,7.9757,0.0,112.35710000000002,728.1089,1334.1349,22.7347,0.0,112.1077,0.0,1021.3953,3109.2657000000004,0.0,16.0131,81.2766,217.56000000000003,0.0,0.0,0.0,0.0,0.0,30.112600000000004,71.39410000000001,50.2572,0.0,0.0,0.0,0.0,0.0,0.0,0.0,0.0,0.0,0.0,0.0,0.0,0.0,0.0,0.0,0.0,0.0,0.0,0.0,0.0,0.0,0.0,0.0,0.0,1.5743,10.759300000000001,0.0,0.0,8.2685,0.0,0.0,0.0,0.0,0.0,0.0,327.4552,0.0,0.0,0.0,0.0,2.8691,43.768499999999996,0.0,95.1916,0.0,0.0,0.0,0.0,0.0,0.0,0.0,0.0,0.0,0.0,0.0,0.0,0.0,213.0613,0.0,0.0,0.0,0.0,0.0,14.7446,0.0,0.0025,37.24799999999999,41.289500000000004,0.0,0.0,0.0,10.3459,3.0591999999999997,14.713499999999998,2.0486,0.22449999999999998,0.0,4.4704,40.493900000000004,0.0,0.0,0.0,25.5331,62.0828,60.4577,25.468500000000002,17.1023,972.6127000000001,0.0,0.0,155.1336,0.0027
0.0,0.0,0.0,48.2818,0.0,958.0483,325.9966,16.2865,0.0,45.5132,7.9757,0.0,112.35710000000002,728.1089,1334.1349,22.7347,0.0,112.1077,0.0,1021.3953,3109.2657000000004,0.0,16.0131,81.2766,217.56000000000003,0.0,0.0,0.0,0.0,0.0,30.112600000000004,71.39410000000001,50.2572,0.0,0.0,0.0,0.0,0.0,0.0,0.0,0.0,0.0,0.0,0.0,0.0,0.0,0.0,0.0,0.0,0.0,0.0,0.0,0.0,0.0,0.0,0.0,0.0,1.5743,10.759300000000001,0.0,0.0,8.2685,0.0,0.0,0.0,0.0,0.0,0.0,327.4552,0.0,0.0,0.0,0.0,2.8691,43.768499999999996,0.0,95.1916,0.0,0.0,0.0,0.0,0.0,0.0,0.0,0.0,0.0,0.0,0.0,0.0,0.0,213.0613,0.0,0.0,0.0,0.0,0.0,14.7446,0.0,0.0025,37.24799999999999,41.289500000000004,0.0,0.0,0.0,10.3459,3.0591999999999997,14.713499999999998,2.0486,0.22449999999999998,0.0,4.4704,40.493900000000004,0.0,0.0,0.0,25.5331,62.0828,60.4577,25.468500000000002,17.1023,972.6127000000001,0.0,0.0,155.1336,0.0027
0.0,0.0,0.0,48.2818,0.0,958.0483,325.9966,16.2865,0.0,45.5132,7.9757,0.0,112.35710000000002,728.1089,1334.1349,22.7347,0.0,112.1077,0.0,1021.3953,3109.2657000000004,0.0,16.0131,81.2766,217.56000000000003,0.0,0.0,0.0,0.0,0.0,30.112600000000004,71.39410000000001,50.2572,0.0,0.0,0.0,0.0,0.0,0.0,0.0,0.0,0.0,0.0,0.0,0.0,0.0,0.0,0.0,0.0,0.0,0.0,0.0,0.0,0.0,0.0,0.0,0.0,1.5743,10.759300000000001,0.0,0.0,8.2685,0.0,0.0,0.0,0.0,0.0,0.0,327.4552,0.0,0.0,0.0,0.0,2.8691,43.768499999999996,0.0,95.1916,0.0,0.0,0.0,0.0,0.0,0.0,0.0,0.0,0.0,0.0,0.0,0.0,0.0,213.0613,0.0,0.0,0.0,0.0,0.0,14.7446,0.0,0.0025,37.24799999999999,41.289500000000004,0.0,0.0,0.0,10.3459,3.0591999999999997,14.713499999999998,2.0486,0.22449999999999998,0.0,4.4704,40.493900000000004,0.0,0.0,0.0,25.5331,62.0828,60.4577,25.468500000000002,17.1023,972.6127000000001,0.0,0.0,155.1336,0.0027
0.0,0.0,0.0,48.2818,0.0,958.0483,325.9966,16.2865,0.0,45.5132,7.9757,0.0,112.35710000000002,728.1089,1334.1349,22.7347,0.0,112.1077,0.0,1021.3953,3109.2657000000004,0.0,16.0131,81.2766,217.56000000000003,0.0,0.0,0.0,0.0,0.0,30.112600000000004,71.39410000000001,50.2572,0.0,0.0,0.0,0.0,0.0,0.0,0.0,0.0,0.0,0.0,0.0,0.0,0.0,0.0,0.0,0.0,0.0,0.0,0.0,0.0,0.0,0.0,0.0,0.0,1.5743,10.759300000000001,0.0,0.0,8.2685,0.0,0.0,0.0,0.0,0.0,0.0,327.4552,0.0,0.0,0.0,0.0,2.8691,43.768499999999996,0.0,95.1916,0.0,0.0,0.0,0.0,0.0,0.0,0.0,0.0,0.0,0.0,0.0,0.0,0.0,213.0613,0.0,0.0,0.0,0.0,0.0,14.7446,0.0,0.0025,37.24799999999999,41.289500000000004,0.0,0.0,0.0,10.3459,3.0591999999999997,14.713499999999998,2.0486,0.22449999999999998,0.0,4.4704,40.493900000000004,0.0,0.0,0.0,25.5331,62.0828,60.4577,25.468500000000002,17.1023,972.6127000000001,0.0,0.0,155.1336,0.0027
0.0,0.0,0.0,48.2818,0.0,958.0483,325.9966,16.2865,0.0,45.5132,7.9757,0.0,112.35710000000002,728.1089,1334.1349,22.7347,0.0,112.1077,0.0,1021.3953,3109.2657000000004,0.0,16.0131,81.2766,217.56000000000003,0.0,0.0,0.0,0.0,0.0,30.112600000000004,71.39410000000001,50.2572,0.0,0.0,0.0,0.0,0.0,0.0,0.0,0.0,0.0,0.0,0.0,0.0,0.0,0.0,0.0,0.0,0.0,0.0,0.0,0.0,0.0,0.0,0.0,0.0,1.5743,10.759300000000001,0.0,0.0,8.2685,0.0,0.0,0.0,0.0,0.0,0.0,327.4552,0.0,0.0,0.0,0.0,2.8691,43.768499999999996,0.0,95.1916,0.0,0.0,0.0,0.0,0.0,0.0,0.0,0.0,0.0,0.0,0.0,0.0,0.0,213.0613,0.0,0.0,0.0,0.0,0.0,14.7446,0.0,0.0025,37.24799999999999,41.289500000000004,0.0,0.0,0.0,10.3459,3.0591999999999997,14.713499999999998,2.0486,0.22449999999999998,0.0,4.4704,40.493900000000004,0.0,0.0,0.0,25.5331,62.0828,60.4577,25.468500000000002,17.1023,972.6127000000001,0.0,0.0,155.1336,0.0027
0.0,0.0,0.0,48.2818,0.0,958.0483,325.9966,16.2865,0.0,45.5132,7.9757,0.0,112.35710000000002,728.1089,1334.1349,22.7347,0.0,112.1077,0.0,1021.3953,3109.2657000000004,0.0,16.0131,81.2766,217.56000000000003,0.0,0.0,0.0,0.0,0.0,30.112600000000004,71.39410000000001,50.2572,0.0,0.0,0.0,0.0,0.0,0.0,0.0,0.0,0.0,0.0,0.0,0.0,0.0,0.0,0.0,0.0,0.0,0.0,0.0,0.0,0.0,0.0,0.0,0.0,1.5743,10.759300000000001,0.0,0.0,8.2685,0.0,0.0,0.0,0.0,0.0,0.0,327.4552,0.0,0.0,0.0,0.0,2.8691,43.768499999999996,0.0,95.1916,0.0,0.0,0.0,0.0,0.0,0.0,0.0,0.0,0.0,0.0,0.0,0.0,0.0,213.0613,0.0,0.0,0.0,0.0,0.0,14.7446,0.0,0.0025,37.24799999999999,41.289500000000004,0.0,0.0,0.0,10.3459,3.0591999999999997,14.713499999999998,2.0486,0.22449999999999998,0.0,4.4704,40.493900000000004,0.0,0.0,0.0,25.5331,62.0828,60.4577,25.468500000000002,17.1023,972.6127000000001,0.0,0.0,155.1336,0.0027
0.0,0.0,0.0,48.2818,0.0,958.0483,325.9966,16.2865,0.0,45.5132,7.9757,0.0,112.35710000000002,728.1089,1334.1349,22.7347,0.0,112.1077,0.0,1021.3953,3109.2657000000004,0.0,16.0131,81.2766,217.56000000000003,0.0,0.0,0.0,0.0,0.0,30.112600000000004,71.39410000000001,50.2572,0.0,0.0,0.0,0.0,0.0,0.0,0.0,0.0,0.0,0.0,0.0,0.0,0.0,0.0,0.0,0.0,0.0,0.0,0.0,0.0,0.0,0.0,0.0,0.0,1.5743,10.759300000000001,0.0,0.0,8.2685,0.0,0.0,0.0,0.0,0.0,0.0,327.4552,0.0,0.0,0.0,0.0,2.8691,43.768499999999996,0.0,95.1916,0.0,0.0,0.0,0.0,0.0,0.0,0.0,0.0,0.0,0.0,0.0,0.0,0.0,213.0613,0.0,0.0,0.0,0.0,0.0,14.7446,0.0,0.0025,37.24799999999999,41.289500000000004,0.0,0.0,0.0,10.3459,3.0591999999999997,14.713499999999998,2.0486,0.22449999999999998,0.0,4.4704,40.493900000000004,0.0,0.0,0.0,25.5331,62.0828,60.4577,25.468500000000002,17.1023,972.6127000000001,0.0,0.0,155.1336,0.0027
0.0,0.0,0.0,54.2624,0.0,1029.0011,423.4097,21.4885,0.0,47.16709999999999,7.5298,0.0,114.7936,745.8165,1445.9164,23.9867,0.0,112.1597,0.0,1337.0499,3351.8657999999996,0.0,16.7989,82.36519999999999,223.22609999999995,0.0,0.0,0.0,0.0,0.0,68.9723,163.7168,75.5958,0.0,0.0,0.0,0.0,0.0,0.0,0.0,0.0,0.0,0.0,0.0,0.0,0.0,0.0,0.0,0.0,0.0,0.0,0.0,0.0,0.0,0.0,0.0,0.0,1.3795,11.3489,0.0,0.0,13.011,0.0,0.0,0.0,0.0,0.0,0.0,350.9969,0.0,0.0,0.0,0.0,3.0195,46.9753,0.0,102.9882,0.0,0.0,0.0,0.0,0.0,0.0,0.0,0.0,0.0,0.0,0.0,0.0,0.0,199.7192,0.0,0.0,0.0,0.0,0.0,15.116,0.0,0.0251,39.4306,41.904900000000005,0.0,0.0,0.0,11.572600000000001,3.8395,15.102,1.8023,0.1975,0.0,3.9225000000000003,41.514199999999995,0.0,0.0,0.0,33.369699999999995,60.502300000000005,61.7533,26.110100000000003,16.3007,1098.496,0.0,0.0,152.2268,0.003
0.0,0.0,0.0,54.2624,0.0,1029.0011,423.4097,21.4885,0.0,47.16709999999999,7.5298,0.0,114.7936,745.8165,1445.9164,23.9867,0.0,112.1597,0.0,1337.0499,3351.8657999999996,0.0,16.7989,82.36519999999999,223.22609999999995,0.0,0.0,0.0,0.0,0.0,68.9723,163.7168,75.5958,0.0,0.0,0.0,0.0,0.0,0.0,0.0,0.0,0.0,0.0,0.0,0.0,0.0,0.0,0.0,0.0,0.0,0.0,0.0,0.0,0.0,0.0,0.0,0.0,1.3795,11.3489,0.0,0.0,13.011,0.0,0.0,0.0,0.0,0.0,0.0,350.9969,0.0,0.0,0.0,0.0,3.0195,46.9753,0.0,102.9882,0.0,0.0,0.0,0.0,0.0,0.0,0.0,0.0,0.0,0.0,0.0,0.0,0.0,199.7192,0.0,0.0,0.0,0.0,0.0,15.116,0.0,0.0251,39.4306,41.904900000000005,0.0,0.0,0.0,11.572600000000001,3.8395,15.102,1.8023,0.1975,0.0,3.9225000000000003,41.514199999999995,0.0,0.0,0.0,33.369699999999995,60.502300000000005,61.7533,26.110100000000003,16.3007,1098.496,0.0,0.0,152.2268,0.003
0.0,0.0,0.0,54.2624,0.0,1029.0011,423.4097,21.4885,0.0,47.16709999999999,7.5298,0.0,114.7936,745.8165,1445.9164,23.9867,0.0,112.1597,0.0,1337.0499,3351.8657999999996,0.0,16.7989,82.36519999999999,223.22609999999995,0.0,0.0,0.0,0.0,0.0,68.9723,163.7168,75.5958,0.0,0.0,0.0,0.0,0.0,0.0,0.0,0.0,0.0,0.0,0.0,0.0,0.0,0.0,0.0,0.0,0.0,0.0,0.0,0.0,0.0,0.0,0.0,0.0,1.3795,11.3489,0.0,0.0,13.011,0.0,0.0,0.0,0.0,0.0,0.0,350.9969,0.0,0.0,0.0,0.0,3.0195,46.9753,0.0,102.9882,0.0,0.0,0.0,0.0,0.0,0.0,0.0,0.0,0.0,0.0,0.0,0.0,0.0,199.7192,0.0,0.0,0.0,0.0,0.0,15.116,0.0,0.0251,39.4306,41.904900000000005,0.0,0.0,0.0,11.572600000000001,3.8395,15.102,1.8023,0.1975,0.0,3.9225000000000003,41.514199999999995,0.0,0.0,0.0,33.369699999999995,60.502300000000005,61.7533,26.110100000000003,16.3007,1098.496,0.0,0.0,152.2268,0.003
0.0,0.0,0.0,54.2624,0.0,1029.0011,423.4097,21.4885,0.0,47.16709999999999,7.5298,0.0,114.7936,745.8165,1445.9164,23.9867,0.0,112.1597,0.0,1337.0499,3351.8657999999996,0.0,16.7989,82.36519999999999,223.22609999999995,0.0,0.0,0.0,0.0,0.0,68.9723,163.7168,75.5958,0.0,0.0,0.0,0.0,0.0,0.0,0.0,0.0,0.0,0.0,0.0,0.0,0.0,0.0,0.0,0.0,0.0,0.0,0.0,0.0,0.0,0.0,0.0,0.0,1.3795,11.3489,0.0,0.0,13.011,0.0,0.0,0.0,0.0,0.0,0.0,350.9969,0.0,0.0,0.0,0.0,3.0195,46.9753,0.0,102.9882,0.0,0.0,0.0,0.0,0.0,0.0,0.0,0.0,0.0,0.0,0.0,0.0,0.0,199.7192,0.0,0.0,0.0,0.0,0.0,15.116,0.0,0.0251,39.4306,41.904900000000005,0.0,0.0,0.0,11.572600000000001,3.8395,15.102,1.8023,0.1975,0.0,3.9225000000000003,41.514199999999995,0.0,0.0,0.0,33.369699999999995,60.502300000000005,61.7533,26.110100000000003,16.3007,1098.496,0.0,0.0,152.2268,0.003
0.0,0.0,0.0,54.2624,0.0,1029.0011,423.4097,21.4885,0.0,47.16709999999999,7.5298,0.0,114.7936,745.8165,1445.9164,23.9867,0.0,112.1597,0.0,1337.0499,3351.8657999999996,0.0,16.7989,82.36519999999999,223.22609999999995,0.0,0.0,0.0,0.0,0.0,68.9723,163.7168,75.5958,0.0,0.0,0.0,0.0,0.0,0.0,0.0,0.0,0.0,0.0,0.0,0.0,0.0,0.0,0.0,0.0,0.0,0.0,0.0,0.0,0.0,0.0,0.0,0.0,1.3795,11.3489,0.0,0.0,13.011,0.0,0.0,0.0,0.0,0.0,0.0,350.9969,0.0,0.0,0.0,0.0,3.0195,46.9753,0.0,102.9882,0.0,0.0,0.0,0.0,0.0,0.0,0.0,0.0,0.0,0.0,0.0,0.0,0.0,199.7192,0.0,0.0,0.0,0.0,0.0,15.116,0.0,0.0251,39.4306,41.904900000000005,0.0,0.0,0.0,11.572600000000001,3.8395,15.102,1.8023,0.1975,0.0,3.9225000000000003,41.514199999999995,0.0,0.0,0.0,33.369699999999995,60.502300000000005,61.7533,26.110100000000003,16.3007,1098.496,0.0,0.0,152.2268,0.003
0.0,0.0,0.0,54.2624,0.0,1029.0011,423.4097,21.4885,0.0,47.16709999999999,7.5298,0.0,114.7936,745.8165,1445.9164,23.9867,0.0,112.1597,0.0,1337.0499,3351.8657999999996,0.0,16.7989,82.36519999999999,223.22609999999995,0.0,0.0,0.0,0.0,0.0,68.9723,163.7168,75.5958,0.0,0.0,0.0,0.0,0.0,0.0,0.0,0.0,0.0,0.0,0.0,0.0,0.0,0.0,0.0,0.0,0.0,0.0,0.0,0.0,0.0,0.0,0.0,0.0,1.3795,11.3489,0.0,0.0,13.011,0.0,0.0,0.0,0.0,0.0,0.0,350.9969,0.0,0.0,0.0,0.0,3.0195,46.9753,0.0,102.9882,0.0,0.0,0.0,0.0,0.0,0.0,0.0,0.0,0.0,0.0,0.0,0.0,0.0,199.7192,0.0,0.0,0.0,0.0,0.0,15.116,0.0,0.0251,39.4306,41.904900000000005,0.0,0.0,0.0,11.572600000000001,3.8395,15.102,1.8023,0.1975,0.0,3.9225000000000003,41.514199999999995,0.0,0.0,0.0,33.369699999999995,60.502300000000005,61.7533,26.110100000000003,16.3007,1098.496,0.0,0.0,152.2268,0.003
0.0,0.0,0.0,54.2624,0.0,1029.0011,423.4097,21.4885,0.0,47.16709999999999,7.5298,0.0,114.7936,745.8165,1445.9164,23.9867,0.0,112.1597,0.0,1337.0499,3351.8657999999996,0.0,16.7989,82.36519999999999,223.22609999999995,0.0,0.0,0.0,0.0,0.0,68.9723,163.7168,75.5958,0.0,0.0,0.0,0.0,0.0,0.0,0.0,0.0,0.0,0.0,0.0,0.0,0.0,0.0,0.0,0.0,0.0,0.0,0.0,0.0,0.0,0.0,0.0,0.0,1.3795,11.3489,0.0,0.0,13.011,0.0,0.0,0.0,0.0,0.0,0.0,350.9969,0.0,0.0,0.0,0.0,3.0195,46.9753,0.0,102.9882,0.0,0.0,0.0,0.0,0.0,0.0,0.0,0.0,0.0,0.0,0.0,0.0,0.0,199.7192,0.0,0.0,0.0,0.0,0.0,15.116,0.0,0.0251,39.4306,41.904900000000005,0.0,0.0,0.0,11.572600000000001,3.8395,15.102,1.8023,0.1975,0.0,3.9225000000000003,41.514199999999995,0.0,0.0,0.0,33.369699999999995,60.502300000000005,61.7533,26.110100000000003,16.3007,1098.496,0.0,0.0,152.2268,0.003
0.0,0.0,0.0,51.2192,0.0,723.211,266.228,14.2625,0.0,48.47579999999999,6.5619,0.0,111.50640000000001,709.5147000000001,1473.5019000000002,17.164,0.0,114.89420000000001,0.0,974.6072,2699.0938,0.0,12.0507,139.32139999999998,268.4004,0.0,0.0,0.0,0.0,0.0,50.883300000000006,121.8408,38.31370000000001,0.0,0.0,0.0,0.0,0.0,0.0,0.0,0.0,0.0,0.0,0.0,0.0,0.0,0.0,0.0,0.0,0.0,0.0,0.0,0.0,0.0,0.0,0.0,0.0,1.3328,10.9748,0.0,0.0,11.668099999999999,0.0,0.0,0.0,0.0,0.0,0.0,369.9516,0.0,0.0,0.0,0.0,2.9352,49.8389,0.0,113.726,0.0,0.0,0.0,0.0,0.0,0.0,0.0,0.0,0.0,0.0,0.0,0.0,0.0,277.6857,0.0,0.0,0.0,0.0,0.0,16.6789,0.0,0.141,50.067099999999996,36.1225,0.0,0.0,0.0,18.0618,7.6784,19.262500000000003,1.6953,0.18560000000000001,0.0,5.100300000000001,45.8064,0.0,0.0,0.0,80.81400000000001,81.1915,60.0054,28.8098,20.0085,1236.2688,0.0,0.0,166.075,0.0025
0.0,0.0,0.0,51.2192,0.0,723.211,266.228,14.2625,0.0,48.47579999999999,6.5619,0.0,111.50640000000001,709.5147000000001,1473.5019000000002,17.164,0.0,114.89420000000001,0.0,974.6072,2699.0938,0.0,12.0507,139.32139999999998,268.4004,0.0,0.0,0.0,0.0,0.0,50.883300000000006,121.8408,38.31370000000001,0.0,0.0,0.0,0.0,0.0,0.0,0.0,0.0,0.0,0.0,0.0,0.0,0.0,0.0,0.0,0.0,0.0,0.0,0.0,0.0,0.0,0.0,0.0,0.0,1.3328,10.9748,0.0,0.0,11.668099999999999,0.0,0.0,0.0,0.0,0.0,0.0,369.9516,0.0,0.0,0.0,0.0,2.9352,49.8389,0.0,113.726,0.0,0.0,0.0,0.0,0.0,0.0,0.0,0.0,0.0,0.0,0.0,0.0,0.0,277.6857,0.0,0.0,0.0,0.0,0.0,16.6789,0.0,0.141,50.067099999999996,36.1225,0.0,0.0,0.0,18.0618,7.6784,19.262500000000003,1.6953,0.18560000000000001,0.0,5.100300000000001,45.8064,0.0,0.0,0.0,80.81400000000001,81.1915,60.0054,28.8098,20.0085,1236.2688,0.0,0.0,166.075,0.0025
0.0,0.0,0.0,51.2192,0.0,723.211,266.228,14.2625,0.0,48.47579999999999,6.5619,0.0,111.50640000000001,709.5147000000001,1473.5019000000002,17.164,0.0,114.89420000000001,0.0,974.6072,2699.0938,0.0,12.0507,139.32139999999998,268.4004,0.0,0.0,0.0,0.0,0.0,50.883300000000006,121.8408,38.31370000000001,0.0,0.0,0.0,0.0,0.0,0.0,0.0,0.0,0.0,0.0,0.0,0.0,0.0,0.0,0.0,0.0,0.0,0.0,0.0,0.0,0.0,0.0,0.0,0.0,1.3328,10.9748,0.0,0.0,11.668099999999999,0.0,0.0,0.0,0.0,0.0,0.0,369.9516,0.0,0.0,0.0,0.0,2.9352,49.8389,0.0,113.726,0.0,0.0,0.0,0.0,0.0,0.0,0.0,0.0,0.0,0.0,0.0,0.0,0.0,277.6857,0.0,0.0,0.0,0.0,0.0,16.6789,0.0,0.141,50.067099999999996,36.1225,0.0,0.0,0.0,18.0618,7.6784,19.262500000000003,1.6953,0.18560000000000001,0.0,5.100300000000001,45.8064,0.0,0.0,0.0,80.81400000000001,81.1915,60.0054,28.8098,20.0085,1236.2688,0.0,0.0,166.075,0.0025
0.0,0.0,0.0,51.2192,0.0,723.211,266.228,14.2625,0.0,48.47579999999999,6.5619,0.0,111.50640000000001,709.5147000000001,1473.5019000000002,17.164,0.0,114.89420000000001,0.0,974.6072,2699.0938,0.0,12.0507,139.32139999999998,268.4004,0.0,0.0,0.0,0.0,0.0,50.883300000000006,121.8408,38.31370000000001,0.0,0.0,0.0,0.0,0.0,0.0,0.0,0.0,0.0,0.0,0.0,0.0,0.0,0.0,0.0,0.0,0.0,0.0,0.0,0.0,0.0,0.0,0.0,0.0,1.3328,10.9748,0.0,0.0,11.668099999999999,0.0,0.0,0.0,0.0,0.0,0.0,369.9516,0.0,0.0,0.0,0.0,2.9352,49.8389,0.0,113.726,0.0,0.0,0.0,0.0,0.0,0.0,0.0,0.0,0.0,0.0,0.0,0.0,0.0,277.6857,0.0,0.0,0.0,0.0,0.0,16.6789,0.0,0.141,50.067099999999996,36.1225,0.0,0.0,0.0,18.0618,7.6784,19.262500000000003,1.6953,0.18560000000000001,0.0,5.100300000000001,45.8064,0.0,0.0,0.0,80.81400000000001,81.1915,60.0054,28.8098,20.0085,1236.2688,0.0,0.0,166.075,0.0025
0.0,0.0,0.0,51.2192,0.0,723.211,266.228,14.2625,0.0,48.47579999999999,6.5619,0.0,111.50640000000001,709.5147000000001,1473.5019000000002,17.164,0.0,114.89420000000001,0.0,974.6072,2699.0938,0.0,12.0507,139.32139999999998,268.4004,0.0,0.0,0.0,0.0,0.0,50.883300000000006,121.8408,38.31370000000001,0.0,0.0,0.0,0.0,0.0,0.0,0.0,0.0,0.0,0.0,0.0,0.0,0.0,0.0,0.0,0.0,0.0,0.0,0.0,0.0,0.0,0.0,0.0,0.0,1.3328,10.9748,0.0,0.0,11.668099999999999,0.0,0.0,0.0,0.0,0.0,0.0,369.9516,0.0,0.0,0.0,0.0,2.9352,49.8389,0.0,113.726,0.0,0.0,0.0,0.0,0.0,0.0,0.0,0.0,0.0,0.0,0.0,0.0,0.0,277.6857,0.0,0.0,0.0,0.0,0.0,16.6789,0.0,0.141,50.067099999999996,36.1225,0.0,0.0,0.0,18.0618,7.6784,19.262500000000003,1.6953,0.18560000000000001,0.0,5.100300000000001,45.8064,0.0,0.0,0.0,80.81400000000001,81.1915,60.0054,28.8098,20.0085,1236.2688,0.0,0.0,166.075,0.0025
0.0,0.0,0.0,51.2192,0.0,723.211,266.228,14.2625,0.0,48.47579999999999,6.5619,0.0,111.50640000000001,709.5147000000001,1473.5019000000002,17.164,0.0,114.89420000000001,0.0,974.6072,2699.0938,0.0,12.0507,139.32139999999998,268.4004,0.0,0.0,0.0,0.0,0.0,50.883300000000006,121.8408,38.31370000000001,0.0,0.0,0.0,0.0,0.0,0.0,0.0,0.0,0.0,0.0,0.0,0.0,0.0,0.0,0.0,0.0,0.0,0.0,0.0,0.0,0.0,0.0,0.0,0.0,1.3328,10.9748,0.0,0.0,11.668099999999999,0.0,0.0,0.0,0.0,0.0,0.0,369.9516,0.0,0.0,0.0,0.0,2.9352,49.8389,0.0,113.726,0.0,0.0,0.0,0.0,0.0,0.0,0.0,0.0,0.0,0.0,0.0,0.0,0.0,277.6857,0.0,0.0,0.0,0.0,0.0,16.6789,0.0,0.141,50.067099999999996,36.1225,0.0,0.0,0.0,18.0618,7.6784,19.262500000000003,1.6953,0.18560000000000001,0.0,5.100300000000001,45.8064,0.0,0.0,0.0,80.81400000000001,81.1915,60.0054,28.8098,20.0085,1236.2688,0.0,0.0,166.075,0.0025
0.0,0.0,0.0,51.2192,0.0,723.211,266.228,14.2625,0.0,48.47579999999999,6.5619,0.0,111.50640000000001,709.5147000000001,1473.5019000000002,17.164,0.0,114.89420000000001,0.0,974.6072,2699.0938,0.0,12.0507,139.32139999999998,268.4004,0.0,0.0,0.0,0.0,0.0,50.883300000000006,121.8408,38.31370000000001,0.0,0.0,0.0,0.0,0.0,0.0,0.0,0.0,0.0,0.0,0.0,0.0,0.0,0.0,0.0,0.0,0.0,0.0,0.0,0.0,0.0,0.0,0.0,0.0,1.3328,10.9748,0.0,0.0,11.668099999999999,0.0,0.0,0.0,0.0,0.0,0.0,369.9516,0.0,0.0,0.0,0.0,2.9352,49.8389,0.0,113.726,0.0,0.0,0.0,0.0,0.0,0.0,0.0,0.0,0.0,0.0,0.0,0.0,0.0,277.6857,0.0,0.0,0.0,0.0,0.0,16.6789,0.0,0.141,50.067099999999996,36.1225,0.0,0.0,0.0,18.0618,7.6784,19.262500000000003,1.6953,0.18560000000000001,0.0,5.100300000000001,45.8064,0.0,0.0,0.0,80.81400000000001,81.1915,60.0054,28.8098,20.0085,1236.2688,0.0,0.0,166.075,0.0025
0.0,0.0,0.0,42.3138,0.0,610.2695,232.00810000000004,12.515699999999999,0.0,40.6648,3.8328,0.0,97.3716,596.1433999999999,1154.1284,15.262,0.0,110.25760000000002,0.0,784.1812,2151.2472000000002,0.0,11.0825,138.23000000000002,273.4021000000001,0.0,0.0,0.0,0.0,0.0,70.0697,167.78320000000002,45.216899999999995,0.0,0.0,0.0,0.0,0.0,0.0,0.0,0.0,0.0,0.0,0.0,0.0,0.0,0.0,0.0,0.0,0.0,0.0,0.0,0.0,0.0,0.0,0.0,0.0,1.2895,10.8558,0.0,0.0,14.3685,0.0,0.0,0.0,0.0,0.0,0.0,364.7748,0.0,0.0,0.0,0.0,3.0631000000000004,49.1415,0.0,112.1346,0.0,0.0,0.0,0.0,0.0,0.0,0.0,0.0,0.0,0.0,0.0,0.0,0.0,201.8114,0.0,0.0,0.0,0.0,0.0,16.3046,0.0,0.1012,49.0722,25.1377,0.0,0.0,0.0,14.315,4.9190000000000005,15.1827,1.2225000000000001,0.13390000000000002,0.0,3.8024,44.778200000000005,0.0,0.0,0.0,71.9295,69.6536,57.063,28.1633,18.6836,946.1389999999999,0.0,0.0,151.41299999999998,0.0033
0.0,0.0,0.0,42.3138,0.0,610.2695,232.00810000000004,12.515699999999999,0.0,40.6648,3.8328,0.0,97.3716,596.1433999999999,1154.1284,15.262,0.0,110.25760000000002,0.0,784.1812,2151.2472000000002,0.0,11.0825,138.23000000000002,273.4021000000001,0.0,0.0,0.0,0.0,0.0,70.0697,167.78320000000002,45.216899999999995,0.0,0.0,0.0,0.0,0.0,0.0,0.0,0.0,0.0,0.0,0.0,0.0,0.0,0.0,0.0,0.0,0.0,0.0,0.0,0.0,0.0,0.0,0.0,0.0,1.2895,10.8558,0.0,0.0,14.3685,0.0,0.0,0.0,0.0,0.0,0.0,364.7748,0.0,0.0,0.0,0.0,3.0631000000000004,49.1415,0.0,112.1346,0.0,0.0,0.0,0.0,0.0,0.0,0.0,0.0,0.0,0.0,0.0,0.0,0.0,201.8114,0.0,0.0,0.0,0.0,0.0,16.3046,0.0,0.1012,49.0722,25.1377,0.0,0.0,0.0,14.315,4.9190000000000005,15.1827,1.2225000000000001,0.13390000000000002,0.0,3.8024,44.778200000000005,0.0,0.0,0.0,71.9295,69.6536,57.063,28.1633,18.6836,946.1389999999999,0.0,0.0,151.41299999999998,0.0033
0.0,0.0,0.0,42.3138,0.0,610.2695,232.00810000000004,12.515699999999999,0.0,40.6648,3.8328,0.0,97.3716,596.1433999999999,1154.1284,15.262,0.0,110.25760000000002,0.0,784.1812,2151.2472000000002,0.0,11.0825,138.23000000000002,273.4021000000001,0.0,0.0,0.0,0.0,0.0,70.0697,167.78320000000002,45.216899999999995,0.0,0.0,0.0,0.0,0.0,0.0,0.0,0.0,0.0,0.0,0.0,0.0,0.0,0.0,0.0,0.0,0.0,0.0,0.0,0.0,0.0,0.0,0.0,0.0,1.2895,10.8558,0.0,0.0,14.3685,0.0,0.0,0.0,0.0,0.0,0.0,364.7748,0.0,0.0,0.0,0.0,3.0631000000000004,49.1415,0.0,112.1346,0.0,0.0,0.0,0.0,0.0,0.0,0.0,0.0,0.0,0.0,0.0,0.0,0.0,201.8114,0.0,0.0,0.0,0.0,0.0,16.3046,0.0,0.1012,49.0722,25.1377,0.0,0.0,0.0,14.315,4.9190000000000005,15.1827,1.2225000000000001,0.13390000000000002,0.0,3.8024,44.778200000000005,0.0,0.0,0.0,71.9295,69.6536,57.063,28.1633,18.6836,946.1389999999999,0.0,0.0,151.41299999999998,0.0033
0.0,0.0,0.0,42.3138,0.0,610.2695,232.00810000000004,12.515699999999999,0.0,40.6648,3.8328,0.0,97.3716,596.1433999999999,1154.1284,15.262,0.0,110.25760000000002,0.0,784.1812,2151.2472000000002,0.0,11.0825,138.23000000000002,273.4021000000001,0.0,0.0,0.0,0.0,0.0,70.0697,167.78320000000002,45.216899999999995,0.0,0.0,0.0,0.0,0.0,0.0,0.0,0.0,0.0,0.0,0.0,0.0,0.0,0.0,0.0,0.0,0.0,0.0,0.0,0.0,0.0,0.0,0.0,0.0,1.2895,10.8558,0.0,0.0,14.3685,0.0,0.0,0.0,0.0,0.0,0.0,364.7748,0.0,0.0,0.0,0.0,3.0631000000000004,49.1415,0.0,112.1346,0.0,0.0,0.0,0.0,0.0,0.0,0.0,0.0,0.0,0.0,0.0,0.0,0.0,201.8114,0.0,0.0,0.0,0.0,0.0,16.3046,0.0,0.1012,49.0722,25.1377,0.0,0.0,0.0,14.315,4.9190000000000005,15.1827,1.2225000000000001,0.13390000000000002,0.0,3.8024,44.778200000000005,0.0,0.0,0.0,71.9295,69.6536,57.063,28.1633,18.6836,946.1389999999999,0.0,0.0,151.41299999999998,0.0033
0.0,0.0,0.0,42.3138,0.0,610.2695,232.00810000000004,12.515699999999999,0.0,40.6648,3.8328,0.0,97.3716,596.1433999999999,1154.1284,15.262,0.0,110.25760000000002,0.0,784.1812,2151.2472000000002,0.0,11.0825,138.23000000000002,273.4021000000001,0.0,0.0,0.0,0.0,0.0,70.0697,167.78320000000002,45.216899999999995,0.0,0.0,0.0,0.0,0.0,0.0,0.0,0.0,0.0,0.0,0.0,0.0,0.0,0.0,0.0,0.0,0.0,0.0,0.0,0.0,0.0,0.0,0.0,0.0,1.2895,10.8558,0.0,0.0,14.3685,0.0,0.0,0.0,0.0,0.0,0.0,364.7748,0.0,0.0,0.0,0.0,3.0631000000000004,49.1415,0.0,112.1346,0.0,0.0,0.0,0.0,0.0,0.0,0.0,0.0,0.0,0.0,0.0,0.0,0.0,201.8114,0.0,0.0,0.0,0.0,0.0,16.3046,0.0,0.1012,49.0722,25.1377,0.0,0.0,0.0,14.315,4.9190000000000005,15.1827,1.2225000000000001,0.13390000000000002,0.0,3.8024,44.778200000000005,0.0,0.0,0.0,71.9295,69.6536,57.063,28.1633,18.6836,946.1389999999999,0.0,0.0,151.41299999999998,0.0033
0.0,0.0,0.0,42.3138,0.0,610.2695,232.00810000000004,12.515699999999999,0.0,40.6648,3.8328,0.0,97.3716,596.1433999999999,1154.1284,15.262,0.0,110.25760000000002,0.0,784.1812,2151.2472000000002,0.0,11.0825,138.23000000000002,273.4021000000001,0.0,0.0,0.0,0.0,0.0,70.0697,167.78320000000002,45.216899999999995,0.0,0.0,0.0,0.0,0.0,0.0,0.0,0.0,0.0,0.0,0.0,0.0,0.0,0.0,0.0,0.0,0.0,0.0,0.0,0.0,0.0,0.0,0.0,0.0,1.2895,10.8558,0.0,0.0,14.3685,0.0,0.0,0.0,0.0,0.0,0.0,364.7748,0.0,0.0,0.0,0.0,3.0631000000000004,49.1415,0.0,112.1346,0.0,0.0,0.0,0.0,0.0,0.0,0.0,0.0,0.0,0.0,0.0,0.0,0.0,201.8114,0.0,0.0,0.0,0.0,0.0,16.3046,0.0,0.1012,49.0722,25.1377,0.0,0.0,0.0,14.315,4.9190000000000005,15.1827,1.2225000000000001,0.13390000000000002,0.0,3.8024,44.778200000000005,0.0,0.0,0.0,71.9295,69.6536,57.063,28.1633,18.6836,946.1389999999999,0.0,0.0,151.41299999999998,0.0033
0.0,0.0,0.0,42.3138,0.0,610.2695,232.00810000000004,12.515699999999999,0.0,40.6648,3.8328,0.0,97.3716,596.1433999999999,1154.1284,15.262,0.0,110.25760000000002,0.0,784.1812,2151.2472000000002,0.0,11.0825,138.23000000000002,273.4021000000001,0.0,0.0,0.0,0.0,0.0,70.0697,167.78320000000002,45.216899999999995,0.0,0.0,0.0,0.0,0.0,0.0,0.0,0.0,0.0,0.0,0.0,0.0,0.0,0.0,0.0,0.0,0.0,0.0,0.0,0.0,0.0,0.0,0.0,0.0,1.2895,10.8558,0.0,0.0,14.3685,0.0,0.0,0.0,0.0,0.0,0.0,364.7748,0.0,0.0,0.0,0.0,3.0631000000000004,49.1415,0.0,112.1346,0.0,0.0,0.0,0.0,0.0,0.0,0.0,0.0,0.0,0.0,0.0,0.0,0.0,201.8114,0.0,0.0,0.0,0.0,0.0,16.3046,0.0,0.1012,49.0722,25.1377,0.0,0.0,0.0,14.315,4.9190000000000005,15.1827,1.2225000000000001,0.13390000000000002,0.0,3.8024,44.778200000000005,0.0,0.0,0.0,71.9295,69.6536,57.063,28.1633,18.6836,946.1389999999999,0.0,0.0,151.41299999999998,0.0033
0.0,0.0,0.0,35.9602,0.0,531.3937,227.8981,12.394200000000001,0.0,36.2654,2.461,0.0,72.7411,531.6477,934.811,13.394599999999999,0.0,97.38440000000001,0.0,857.6767,1928.7481,0.0,10.0243,122.021,246.57140000000004,0.0,0.0,0.0,0.0,0.0,69.7593,167.04,40.565799999999996,0.0,0.0,0.0,0.0,0.0,0.0,0.0,0.0,0.0,0.0,0.0,0.0,0.0,0.0,0.0,0.0,0.0,0.0,0.0,0.0,0.0,0.0,0.0,0.0,1.2106000000000001,10.878900000000002,0.0,0.0,13.8524,0.0,0.0,0.0,0.0,0.0,0.0,365.7335,0.0,0.0,0.0,0.0,3.0446999999999997,49.270700000000005,0.0,112.4293,0.0,0.0,0.0,0.0,0.0,0.0,0.0,0.0,0.0,0.0,0.0,0.0,0.0,200.6411,0.0,0.0,0.0,0.0,0.0,16.1291,0.0,0.0442,50.841300000000004,26.4268,0.0,0.0,0.0,16.8837,4.1982,17.9289,1.2481,0.1367,0.0,4.959099999999999,44.2963,0.0,0.0,0.0,60.319500000000005,56.2042,45.3468,27.8601,15.9077,648.5426,0.0,0.0,137.3979,0.004
0.0,0.0,0.0,35.9602,0.0,531.3937,227.8981,12.394200000000001,0.0,36.2654,2.461,0.0,72.7411,531.6477,934.811,13.394599999999999,0.0,97.38440000000001,0.0,857.6767,1928.7481,0.0,10.0243,122.021,246.57140000000004,0.0,0.0,0.0,0.0,0.0,69.7593,167.04,40.565799999999996,0.0,0.0,0.0,0.0,0.0,0.0,0.0,0.0,0.0,0.0,0.0,0.0,0.0,0.0,0.0,0.0,0.0,0.0,0.0,0.0,0.0,0.0,0.0,0.0,1.2106000000000001,10.878900000000002,0.0,0.0,13.8524,0.0,0.0,0.0,0.0,0.0,0.0,365.7335,0.0,0.0,0.0,0.0,3.0446999999999997,49.270700000000005,0.0,112.4293,0.0,0.0,0.0,0.0,0.0,0.0,0.0,0.0,0.0,0.0,0.0,0.0,0.0,200.6411,0.0,0.0,0.0,0.0,0.0,16.1291,0.0,0.0442,50.841300000000004,26.4268,0.0,0.0,0.0,16.8837,4.1982,17.9289,1.2481,0.1367,0.0,4.959099999999999,44.2963,0.0,0.0,0.0,60.319500000000005,56.2042,45.3468,27.8601,15.9077,648.5426,0.0,0.0,137.3979,0.004
0.0,0.0,0.0,35.9602,0.0,531.3937,227.8981,12.394200000000001,0.0,36.2654,2.461,0.0,72.7411,531.6477,934.811,13.394599999999999,0.0,97.38440000000001,0.0,857.6767,1928.7481,0.0,10.0243,122.021,246.57140000000004,0.0,0.0,0.0,0.0,0.0,69.7593,167.04,40.565799999999996,0.0,0.0,0.0,0.0,0.0,0.0,0.0,0.0,0.0,0.0,0.0,0.0,0.0,0.0,0.0,0.0,0.0,0.0,0.0,0.0,0.0,0.0,0.0,0.0,1.2106000000000001,10.878900000000002,0.0,0.0,13.8524,0.0,0.0,0.0,0.0,0.0,0.0,365.7335,0.0,0.0,0.0,0.0,3.0446999999999997,49.270700000000005,0.0,112.4293,0.0,0.0,0.0,0.0,0.0,0.0,0.0,0.0,0.0,0.0,0.0,0.0,0.0,200.6411,0.0,0.0,0.0,0.0,0.0,16.1291,0.0,0.0442,50.841300000000004,26.4268,0.0,0.0,0.0,16.8837,4.1982,17.9289,1.2481,0.1367,0.0,4.959099999999999,44.2963,0.0,0.0,0.0,60.319500000000005,56.2042,45.3468,27.8601,15.9077,648.5426,0.0,0.0,137.3979,0.004
0.0,0.0,0.0,35.9602,0.0,531.3937,227.8981,12.394200000000001,0.0,36.2654,2.461,0.0,72.7411,531.6477,934.811,13.394599999999999,0.0,97.38440000000001,0.0,857.6767,1928.7481,0.0,10.0243,122.021,246.57140000000004,0.0,0.0,0.0,0.0,0.0,69.7593,167.04,40.565799999999996,0.0,0.0,0.0,0.0,0.0,0.0,0.0,0.0,0.0,0.0,0.0,0.0,0.0,0.0,0.0,0.0,0.0,0.0,0.0,0.0,0.0,0.0,0.0,0.0,1.2106000000000001,10.878900000000002,0.0,0.0,13.8524,0.0,0.0,0.0,0.0,0.0,0.0,365.7335,0.0,0.0,0.0,0.0,3.0446999999999997,49.270700000000005,0.0,112.4293,0.0,0.0,0.0,0.0,0.0,0.0,0.0,0.0,0.0,0.0,0.0,0.0,0.0,200.6411,0.0,0.0,0.0,0.0,0.0,16.1291,0.0,0.0442,50.841300000000004,26.4268,0.0,0.0,0.0,16.8837,4.1982,17.9289,1.2481,0.1367,0.0,4.959099999999999,44.2963,0.0,0.0,0.0,60.319500000000005,56.2042,45.3468,27.8601,15.9077,648.5426,0.0,0.0,137.3979,0.004
0.0,0.0,0.0,35.9602,0.0,531.3937,227.8981,12.394200000000001,0.0,36.2654,2.461,0.0,72.7411,531.6477,934.811,13.394599999999999,0.0,97.38440000000001,0.0,857.6767,1928.7481,0.0,10.0243,122.021,246.57140000000004,0.0,0.0,0.0,0.0,0.0,69.7593,167.04,40.565799999999996,0.0,0.0,0.0,0.0,0.0,0.0,0.0,0.0,0.0,0.0,0.0,0.0,0.0,0.0,0.0,0.0,0.0,0.0,0.0,0.0,0.0,0.0,0.0,0.0,1.2106000000000001,10.878900000000002,0.0,0.0,13.8524,0.0,0.0,0.0,0.0,0.0,0.0,365.7335,0.0,0.0,0.0,0.0,3.0446999999999997,49.270700000000005,0.0,112.4293,0.0,0.0,0.0,0.0,0.0,0.0,0.0,0.0,0.0,0.0,0.0,0.0,0.0,200.6411,0.0,0.0,0.0,0.0,0.0,16.1291,0.0,0.0442,50.841300000000004,26.4268,0.0,0.0,0.0,16.8837,4.1982,17.9289,1.2481,0.1367,0.0,4.959099999999999,44.2963,0.0,0.0,0.0,60.319500000000005,56.2042,45.3468,27.8601,15.9077,648.5426,0.0,0.0,137.3979,0.004
0.0,0.0,0.0,35.9602,0.0,531.3937,227.8981,12.394200000000001,0.0,36.2654,2.461,0.0,72.7411,531.6477,934.811,13.394599999999999,0.0,97.38440000000001,0.0,857.6767,1928.7481,0.0,10.0243,122.021,246.57140000000004,0.0,0.0,0.0,0.0,0.0,69.7593,167.04,40.565799999999996,0.0,0.0,0.0,0.0,0.0,0.0,0.0,0.0,0.0,0.0,0.0,0.0,0.0,0.0,0.0,0.0,0.0,0.0,0.0,0.0,0.0,0.0,0.0,0.0,1.2106000000000001,10.878900000000002,0.0,0.0,13.8524,0.0,0.0,0.0,0.0,0.0,0.0,365.7335,0.0,0.0,0.0,0.0,3.0446999999999997,49.270700000000005,0.0,112.4293,0.0,0.0,0.0,0.0,0.0,0.0,0.0,0.0,0.0,0.0,0.0,0.0,0.0,200.6411,0.0,0.0,0.0,0.0,0.0,16.1291,0.0,0.0442,50.841300000000004,26.4268,0.0,0.0,0.0,16.8837,4.1982,17.9289,1.2481,0.1367,0.0,4.959099999999999,44.2963,0.0,0.0,0.0,60.319500000000005,56.2042,45.3468,27.8601,15.9077,648.5426,0.0,0.0,137.3979,0.004
0.0,0.0,0.0,35.9602,0.0,531.3937,227.8981,12.394200000000001,0.0,36.2654,2.461,0.0,72.7411,531.6477,934.811,13.394599999999999,0.0,97.38440000000001,0.0,857.6767,1928.7481,0.0,10.0243,122.021,246.57140000000004,0.0,0.0,0.0,0.0,0.0,69.7593,167.04,40.565799999999996,0.0,0.0,0.0,0.0,0.0,0.0,0.0,0.0,0.0,0.0,0.0,0.0,0.0,0.0,0.0,0.0,0.0,0.0,0.0,0.0,0.0,0.0,0.0,0.0,1.2106000000000001,10.878900000000002,0.0,0.0,13.8524,0.0,0.0,0.0,0.0,0.0,0.0,365.7335,0.0,0.0,0.0,0.0,3.0446999999999997,49.270700000000005,0.0,112.4293,0.0,0.0,0.0,0.0,0.0,0.0,0.0,0.0,0.0,0.0,0.0,0.0,0.0,200.6411,0.0,0.0,0.0,0.0,0.0,16.1291,0.0,0.0442,50.841300000000004,26.4268,0.0,0.0,0.0,16.8837,4.1982,17.9289,1.2481,0.1367,0.0,4.959099999999999,44.2963,0.0,0.0,0.0,60.319500000000005,56.2042,45.3468,27.8601,15.9077,648.5426,0.0,0.0,137.3979,0.004
0.0,0.0,0.0,35.5696,0.0,515.3826,227.75510000000003,12.4093,0.0,34.5691,2.084,0.0,63.30270000000001,506.78189999999995,866.4202,9.3162,0.0,90.28790000000001,0.0,902.5956,1949.4173,0.0,7.281700000000001,121.9229,240.84440000000006,0.0,0.0,0.0,0.0,0.0,30.668300000000002,73.4357,28.232699999999998,0.0,0.0,0.0,0.0,0.0,0.0,0.0,0.0,0.0,0.0,0.0,0.0,0.0,0.0,0.0,0.0,0.0,0.0,0.0,0.0,0.0,0.0,0.0,0.0,1.2406000000000001,10.9154,0.0,0.0,8.4292,0.0,0.0,0.0,0.0,0.0,0.0,367.65070000000003,0.0,0.0,0.0,0.0,2.9603,49.5289,0.0,113.0187,0.0,0.0,0.0,0.0,0.0,0.0,0.0,0.0,0.0,0.0,0.0,0.0,0.0,191.1487,0.0,0.0,0.0,0.0,0.0,16.1447,0.0,0.2141,50.67079999999999,23.5416,0.0,0.0,0.0,14.567599999999999,3.6668,16.321,3.2089999999999996,0.3516,0.0,4.3105,44.339099999999995,0.0,0.0,0.0,35.812599999999996,55.6861,39.5256,27.886999999999993,8.9921,564.391,0.0,0.0,95.71000000000001,0.0157
0.0,0.0,0.0,35.5696,0.0,515.3826,227.75510000000003,12.4093,0.0,34.5691,2.084,0.0,63.30270000000001,506.78189999999995,866.4202,9.3162,0.0,90.28790000000001,0.0,902.5956,1949.4173,0.0,7.281700000000001,121.9229,240.84440000000006,0.0,0.0,0.0,0.0,0.0,30.668300000000002,73.4357,28.232699999999998,0.0,0.0,0.0,0.0,0.0,0.0,0.0,0.0,0.0,0.0,0.0,0.0,0.0,0.0,0.0,0.0,0.0,0.0,0.0,0.0,0.0,0.0,0.0,0.0,1.2406000000000001,10.9154,0.0,0.0,8.4292,0.0,0.0,0.0,0.0,0.0,0.0,367.65070000000003,0.0,0.0,0.0,0.0,2.9603,49.5289,0.0,113.0187,0.0,0.0,0.0,0.0,0.0,0.0,0.0,0.0,0.0,0.0,0.0,0.0,0.0,191.1487,0.0,0.0,0.0,0.0,0.0,16.1447,0.0,0.2141,50.67079999999999,23.5416,0.0,0.0,0.0,14.567599999999999,3.6668,16.321,3.2089999999999996,0.3516,0.0,4.3105,44.339099999999995,0.0,0.0,0.0,35.812599999999996,55.6861,39.5256,27.886999999999993,8.9921,564.391,0.0,0.0,95.71000000000001,0.0157
0.0,0.0,0.0,35.5696,0.0,515.3826,227.75510000000003,12.4093,0.0,34.5691,2.084,0.0,63.30270000000001,506.78189999999995,866.4202,9.3162,0.0,90.28790000000001,0.0,902.5956,1949.4173,0.0,7.281700000000001,121.9229,240.84440000000006,0.0,0.0,0.0,0.0,0.0,30.668300000000002,73.4357,28.232699999999998,0.0,0.0,0.0,0.0,0.0,0.0,0.0,0.0,0.0,0.0,0.0,0.0,0.0,0.0,0.0,0.0,0.0,0.0,0.0,0.0,0.0,0.0,0.0,0.0,1.2406000000000001,10.9154,0.0,0.0,8.4292,0.0,0.0,0.0,0.0,0.0,0.0,367.65070000000003,0.0,0.0,0.0,0.0,2.9603,49.5289,0.0,113.0187,0.0,0.0,0.0,0.0,0.0,0.0,0.0,0.0,0.0,0.0,0.0,0.0,0.0,191.1487,0.0,0.0,0.0,0.0,0.0,16.1447,0.0,0.2141,50.67079999999999,23.5416,0.0,0.0,0.0,14.567599999999999,3.6668,16.321,3.2089999999999996,0.3516,0.0,4.3105,44.339099999999995,0.0,0.0,0.0,35.812599999999996,55.6861,39.5256,27.886999999999993,8.9921,564.391,0.0,0.0,95.71000000000001,0.0157
0.0,0.0,0.0,35.5696,0.0,515.3826,227.75510000000003,12.4093,0.0,34.5691,2.084,0.0,63.30270000000001,506.78189999999995,866.4202,9.3162,0.0,90.28790000000001,0.0,902.5956,1949.4173,0.0,7.281700000000001,121.9229,240.84440000000006,0.0,0.0,0.0,0.0,0.0,30.668300000000002,73.4357,28.232699999999998,0.0,0.0,0.0,0.0,0.0,0.0,0.0,0.0,0.0,0.0,0.0,0.0,0.0,0.0,0.0,0.0,0.0,0.0,0.0,0.0,0.0,0.0,0.0,0.0,1.2406000000000001,10.9154,0.0,0.0,8.4292,0.0,0.0,0.0,0.0,0.0,0.0,367.65070000000003,0.0,0.0,0.0,0.0,2.9603,49.5289,0.0,113.0187,0.0,0.0,0.0,0.0,0.0,0.0,0.0,0.0,0.0,0.0,0.0,0.0,0.0,191.1487,0.0,0.0,0.0,0.0,0.0,16.1447,0.0,0.2141,50.67079999999999,23.5416,0.0,0.0,0.0,14.567599999999999,3.6668,16.321,3.2089999999999996,0.3516,0.0,4.3105,44.339099999999995,0.0,0.0,0.0,35.812599999999996,55.6861,39.5256,27.886999999999993,8.9921,564.391,0.0,0.0,95.71000000000001,0.0157
0.0,0.0,0.0,35.5696,0.0,515.3826,227.75510000000003,12.4093,0.0,34.5691,2.084,0.0,63.30270000000001,506.78189999999995,866.4202,9.3162,0.0,90.28790000000001,0.0,902.5956,1949.4173,0.0,7.281700000000001,121.9229,240.84440000000006,0.0,0.0,0.0,0.0,0.0,30.668300000000002,73.4357,28.232699999999998,0.0,0.0,0.0,0.0,0.0,0.0,0.0,0.0,0.0,0.0,0.0,0.0,0.0,0.0,0.0,0.0,0.0,0.0,0.0,0.0,0.0,0.0,0.0,0.0,1.2406000000000001,10.9154,0.0,0.0,8.4292,0.0,0.0,0.0,0.0,0.0,0.0,367.65070000000003,0.0,0.0,0.0,0.0,2.9603,49.5289,0.0,113.0187,0.0,0.0,0.0,0.0,0.0,0.0,0.0,0.0,0.0,0.0,0.0,0.0,0.0,191.1487,0.0,0.0,0.0,0.0,0.0,16.1447,0.0,0.2141,50.67079999999999,23.5416,0.0,0.0,0.0,14.567599999999999,3.6668,16.321,3.2089999999999996,0.3516,0.0,4.3105,44.339099999999995,0.0,0.0,0.0,35.812599999999996,55.6861,39.5256,27.886999999999993,8.9921,564.391,0.0,0.0,95.71000000000001,0.0157
0.0,0.0,0.0,35.5696,0.0,515.3826,227.75510000000003,12.4093,0.0,34.5691,2.084,0.0,63.30270000000001,506.78189999999995,866.4202,9.3162,0.0,90.28790000000001,0.0,902.5956,1949.4173,0.0,7.281700000000001,121.9229,240.84440000000006,0.0,0.0,0.0,0.0,0.0,30.668300000000002,73.4357,28.232699999999998,0.0,0.0,0.0,0.0,0.0,0.0,0.0,0.0,0.0,0.0,0.0,0.0,0.0,0.0,0.0,0.0,0.0,0.0,0.0,0.0,0.0,0.0,0.0,0.0,1.2406000000000001,10.9154,0.0,0.0,8.4292,0.0,0.0,0.0,0.0,0.0,0.0,367.65070000000003,0.0,0.0,0.0,0.0,2.9603,49.5289,0.0,113.0187,0.0,0.0,0.0,0.0,0.0,0.0,0.0,0.0,0.0,0.0,0.0,0.0,0.0,191.1487,0.0,0.0,0.0,0.0,0.0,16.1447,0.0,0.2141,50.67079999999999,23.5416,0.0,0.0,0.0,14.567599999999999,3.6668,16.321,3.2089999999999996,0.3516,0.0,4.3105,44.339099999999995,0.0,0.0,0.0,35.812599999999996,55.6861,39.5256,27.886999999999993,8.9921,564.391,0.0,0.0,95.71000000000001,0.0157
0.0,0.0,0.0,35.5696,0.0,515.3826,227.75510000000003,12.4093,0.0,34.5691,2.084,0.0,63.30270000000001,506.78189999999995,866.4202,9.3162,0.0,90.28790000000001,0.0,902.5956,1949.4173,0.0,7.281700000000001,121.9229,240.84440000000006,0.0,0.0,0.0,0.0,0.0,30.668300000000002,73.4357,28.232699999999998,0.0,0.0,0.0,0.0,0.0,0.0,0.0,0.0,0.0,0.0,0.0,0.0,0.0,0.0,0.0,0.0,0.0,0.0,0.0,0.0,0.0,0.0,0.0,0.0,1.2406000000000001,10.9154,0.0,0.0,8.4292,0.0,0.0,0.0,0.0,0.0,0.0,367.65070000000003,0.0,0.0,0.0,0.0,2.9603,49.5289,0.0,113.0187,0.0,0.0,0.0,0.0,0.0,0.0,0.0,0.0,0.0,0.0,0.0,0.0,0.0,191.1487,0.0,0.0,0.0,0.0,0.0,16.1447,0.0,0.2141,50.67079999999999,23.5416,0.0,0.0,0.0,14.567599999999999,3.6668,16.321,3.2089999999999996,0.3516,0.0,4.3105,44.339099999999995,0.0,0.0,0.0,35.812599999999996,55.6861,39.5256,27.886999999999993,8.9921,564.391,0.0,0.0,95.71000000000001,0.0157
0.0,0.0,0.0,34.3004,0.0,438.60290000000003,183.0847,11.465699999999998,0.0,36.808,1.8086,0.0,54.527100000000004,530.9463,902.4925000000001,5.8929,0.0,100.93690000000001,0.0,836.0961,1857.5096999999998,0.0,4.7825,167.4313,293.2926,0.0,0.0,0.0,0.0,0.0,48.1931,111.87029999999999,23.073099999999997,0.0,0.0,0.0,0.0,0.0,0.0,0.0,0.0,0.0,0.0,0.0,0.0,0.0,0.0,0.0,0.0,0.0,0.0,0.0,0.0,0.0,0.0,0.0,0.0,0.9801,11.4303,0.0,0.0,6.9877,0.0,0.0,0.0,0.0,0.0,0.0,286.8068,0.0,0.0,0.0,0.0,2.9196,38.4801,0.0,90.0455,0.0,0.0,0.0,0.0,0.0,0.0,0.0,0.0,0.0,0.0,0.0,0.0,0.0,158.1723,0.0,0.0,0.0,0.0,0.0,14.8731,0.0,0.0219,55.3528,21.242,0.0,0.0,0.0,11.4289,3.0937,19.5746,9.8979,1.0845,0.0,5.543699999999999,40.847,0.0,0.0,0.0,11.992399999999998,57.768600000000006,34.0462,25.690600000000003,8.3629,861.8369,0.0,0.0,90.2111,0.8797
0.0,0.0,0.0,34.3004,0.0,438.60290000000003,183.0847,11.465699999999998,0.0,36.808,1.8086,0.0,54.527100000000004,530.9463,902.4925000000001,5.8929,0.0,100.93690000000001,0.0,836.0961,1857.5096999999998,0.0,4.7825,167.4313,293.2926,0.0,0.0,0.0,0.0,0.0,48.1931,111.87029999999999,23.073099999999997,0.0,0.0,0.0,0.0,0.0,0.0,0.0,0.0,0.0,0.0,0.0,0.0,0.0,0.0,0.0,0.0,0.0,0.0,0.0,0.0,0.0,0.0,0.0,0.0,0.9801,11.4303,0.0,0.0,6.9877,0.0,0.0,0.0,0.0,0.0,0.0,286.8068,0.0,0.0,0.0,0.0,2.9196,38.4801,0.0,90.0455,0.0,0.0,0.0,0.0,0.0,0.0,0.0,0.0,0.0,0.0,0.0,0.0,0.0,158.1723,0.0,0.0,0.0,0.0,0.0,14.8731,0.0,0.0219,55.3528,21.242,0.0,0.0,0.0,11.4289,3.0937,19.5746,9.8979,1.0845,0.0,5.543699999999999,40.847,0.0,0.0,0.0,11.992399999999998,57.768600000000006,34.0462,25.690600000000003,8.3629,861.8369,0.0,0.0,90.2111,0.8797
0.0,0.0,0.0,34.3004,0.0,438.60290000000003,183.0847,11.465699999999998,0.0,36.808,1.8086,0.0,54.527100000000004,530.9463,902.4925000000001,5.8929,0.0,100.93690000000001,0.0,836.0961,1857.5096999999998,0.0,4.7825,167.4313,293.2926,0.0,0.0,0.0,0.0,0.0,48.1931,111.87029999999999,23.073099999999997,0.0,0.0,0.0,0.0,0.0,0.0,0.0,0.0,0.0,0.0,0.0,0.0,0.0,0.0,0.0,0.0,0.0,0.0,0.0,0.0,0.0,0.0,0.0,0.0,0.9801,11.4303,0.0,0.0,6.9877,0.0,0.0,0.0,0.0,0.0,0.0,286.8068,0.0,0.0,0.0,0.0,2.9196,38.4801,0.0,90.0455,0.0,0.0,0.0,0.0,0.0,0.0,0.0,0.0,0.0,0.0,0.0,0.0,0.0,158.1723,0.0,0.0,0.0,0.0,0.0,14.8731,0.0,0.0219,55.3528,21.242,0.0,0.0,0.0,11.4289,3.0937,19.5746,9.8979,1.0845,0.0,5.543699999999999,40.847,0.0,0.0,0.0,11.992399999999998,57.768600000000006,34.0462,25.690600000000003,8.3629,861.8369,0.0,0.0,90.2111,0.8797
0.0,0.0,0.0,34.3004,0.0,438.60290000000003,183.0847,11.465699999999998,0.0,36.808,1.8086,0.0,54.527100000000004,530.9463,902.4925000000001,5.8929,0.0,100.93690000000001,0.0,836.0961,1857.5096999999998,0.0,4.7825,167.4313,293.2926,0.0,0.0,0.0,0.0,0.0,48.1931,111.87029999999999,23.073099999999997,0.0,0.0,0.0,0.0,0.0,0.0,0.0,0.0,0.0,0.0,0.0,0.0,0.0,0.0,0.0,0.0,0.0,0.0,0.0,0.0,0.0,0.0,0.0,0.0,0.9801,11.4303,0.0,0.0,6.9877,0.0,0.0,0.0,0.0,0.0,0.0,286.8068,0.0,0.0,0.0,0.0,2.9196,38.4801,0.0,90.0455,0.0,0.0,0.0,0.0,0.0,0.0,0.0,0.0,0.0,0.0,0.0,0.0,0.0,158.1723,0.0,0.0,0.0,0.0,0.0,14.8731,0.0,0.0219,55.3528,21.242,0.0,0.0,0.0,11.4289,3.0937,19.5746,9.8979,1.0845,0.0,5.543699999999999,40.847,0.0,0.0,0.0,11.992399999999998,57.768600000000006,34.0462,25.690600000000003,8.3629,861.8369,0.0,0.0,90.2111,0.8797
0.0,0.0,0.0,34.3004,0.0,438.60290000000003,183.0847,11.465699999999998,0.0,36.808,1.8086,0.0,54.527100000000004,530.9463,902.4925000000001,5.8929,0.0,100.93690000000001,0.0,836.0961,1857.5096999999998,0.0,4.7825,167.4313,293.2926,0.0,0.0,0.0,0.0,0.0,48.1931,111.87029999999999,23.073099999999997,0.0,0.0,0.0,0.0,0.0,0.0,0.0,0.0,0.0,0.0,0.0,0.0,0.0,0.0,0.0,0.0,0.0,0.0,0.0,0.0,0.0,0.0,0.0,0.0,0.9801,11.4303,0.0,0.0,6.9877,0.0,0.0,0.0,0.0,0.0,0.0,286.8068,0.0,0.0,0.0,0.0,2.9196,38.4801,0.0,90.0455,0.0,0.0,0.0,0.0,0.0,0.0,0.0,0.0,0.0,0.0,0.0,0.0,0.0,158.1723,0.0,0.0,0.0,0.0,0.0,14.8731,0.0,0.0219,55.3528,21.242,0.0,0.0,0.0,11.4289,3.0937,19.5746,9.8979,1.0845,0.0,5.543699999999999,40.847,0.0,0.0,0.0,11.992399999999998,57.768600000000006,34.0462,25.690600000000003,8.3629,861.8369,0.0,0.0,90.2111,0.8797
0.0,0.0,0.0,34.3004,0.0,438.60290000000003,183.0847,11.465699999999998,0.0,36.808,1.8086,0.0,54.527100000000004,530.9463,902.4925000000001,5.8929,0.0,100.93690000000001,0.0,836.0961,1857.5096999999998,0.0,4.7825,167.4313,293.2926,0.0,0.0,0.0,0.0,0.0,48.1931,111.87029999999999,23.073099999999997,0.0,0.0,0.0,0.0,0.0,0.0,0.0,0.0,0.0,0.0,0.0,0.0,0.0,0.0,0.0,0.0,0.0,0.0,0.0,0.0,0.0,0.0,0.0,0.0,0.9801,11.4303,0.0,0.0,6.9877,0.0,0.0,0.0,0.0,0.0,0.0,286.8068,0.0,0.0,0.0,0.0,2.9196,38.4801,0.0,90.0455,0.0,0.0,0.0,0.0,0.0,0.0,0.0,0.0,0.0,0.0,0.0,0.0,0.0,158.1723,0.0,0.0,0.0,0.0,0.0,14.8731,0.0,0.0219,55.3528,21.242,0.0,0.0,0.0,11.4289,3.0937,19.5746,9.8979,1.0845,0.0,5.543699999999999,40.847,0.0,0.0,0.0,11.992399999999998,57.768600000000006,34.0462,25.690600000000003,8.3629,861.8369,0.0,0.0,90.2111,0.8797
0.0,0.0,0.0,34.3004,0.0,438.60290000000003,183.0847,11.465699999999998,0.0,36.808,1.8086,0.0,54.527100000000004,530.9463,902.4925000000001,5.8929,0.0,100.93690000000001,0.0,836.0961,1857.5096999999998,0.0,4.7825,167.4313,293.2926,0.0,0.0,0.0,0.0,0.0,48.1931,111.87029999999999,23.073099999999997,0.0,0.0,0.0,0.0,0.0,0.0,0.0,0.0,0.0,0.0,0.0,0.0,0.0,0.0,0.0,0.0,0.0,0.0,0.0,0.0,0.0,0.0,0.0,0.0,0.9801,11.4303,0.0,0.0,6.9877,0.0,0.0,0.0,0.0,0.0,0.0,286.8068,0.0,0.0,0.0,0.0,2.9196,38.4801,0.0,90.0455,0.0,0.0,0.0,0.0,0.0,0.0,0.0,0.0,0.0,0.0,0.0,0.0,0.0,158.1723,0.0,0.0,0.0,0.0,0.0,14.8731,0.0,0.0219,55.3528,21.242,0.0,0.0,0.0,11.4289,3.0937,19.5746,9.8979,1.0845,0.0,5.543699999999999,40.847,0.0,0.0,0.0,11.992399999999998,57.768600000000006,34.0462,25.690600000000003,8.3629,861.8369,0.0,0.0,90.2111,0.8797
0.0,0.0,0.0,32.2047,0.0,408.0512,174.95679999999996,11.2668,0.0,33.3188,2.4464,0.0,48.333,479.55969999999996,818.6985,4.6507000000000005,0.0,104.209,0.0,789.9011,1739.3405,0.0,4.0587,198.7931,346.7523999999999,0.0,0.0,0.0,0.0,0.0,52.961499999999994,122.6614,24.6197,0.0,0.0,0.0,0.0,0.0,0.0,0.0,0.0,0.0,0.0,0.0,0.0,0.0,0.0,0.0,0.0,0.0,0.0,0.0,0.0,0.0,0.0,0.0,0.0,1.0872000000000002,11.9345,0.0,0.0,7.5838,0.0,0.0,0.0,0.0,0.0,0.0,283.4655,0.0,0.0,0.0,0.0,2.8287,37.9951,0.0,89.4336,0.0,0.0,0.0,0.0,0.0,0.0,0.0,0.0,0.0,0.0,0.0,0.0,0.0,173.1964,0.0,0.0,0.0,0.0,0.0,16.7183,0.0,0.1053,56.607299999999995,41.704299999999996,0.0,0.0,0.0,32.4857,3.8726,50.544599999999996,25.2864,2.7706999999999997,0.0,9.5991,45.9146,0.0,0.0,0.0,20.552599999999998,70.59469999999999,30.1788,28.877800000000004,8.7508,829.1660999999999,0.0,0.0,93.8369,2.436
0.0,0.0,0.0,32.2047,0.0,408.0512,174.95679999999996,11.2668,0.0,33.3188,2.4464,0.0,48.333,479.55969999999996,818.6985,4.6507000000000005,0.0,104.209,0.0,789.9011,1739.3405,0.0,4.0587,198.7931,346.7523999999999,0.0,0.0,0.0,0.0,0.0,52.961499999999994,122.6614,24.6197,0.0,0.0,0.0,0.0,0.0,0.0,0.0,0.0,0.0,0.0,0.0,0.0,0.0,0.0,0.0,0.0,0.0,0.0,0.0,0.0,0.0,0.0,0.0,0.0,1.0872000000000002,11.9345,0.0,0.0,7.5838,0.0,0.0,0.0,0.0,0.0,0.0,283.4655,0.0,0.0,0.0,0.0,2.8287,37.9951,0.0,89.4336,0.0,0.0,0.0,0.0,0.0,0.0,0.0,0.0,0.0,0.0,0.0,0.0,0.0,173.1964,0.0,0.0,0.0,0.0,0.0,16.7183,0.0,0.1053,56.607299999999995,41.704299999999996,0.0,0.0,0.0,32.4857,3.8726,50.544599999999996,25.2864,2.7706999999999997,0.0,9.5991,45.9146,0.0,0.0,0.0,20.552599999999998,70.59469999999999,30.1788,28.877800000000004,8.7508,829.1660999999999,0.0,0.0,93.8369,2.436
0.0,0.0,0.0,32.2047,0.0,408.0512,174.95679999999996,11.2668,0.0,33.3188,2.4464,0.0,48.333,479.55969999999996,818.6985,4.6507000000000005,0.0,104.209,0.0,789.9011,1739.3405,0.0,4.0587,198.7931,346.7523999999999,0.0,0.0,0.0,0.0,0.0,52.961499999999994,122.6614,24.6197,0.0,0.0,0.0,0.0,0.0,0.0,0.0,0.0,0.0,0.0,0.0,0.0,0.0,0.0,0.0,0.0,0.0,0.0,0.0,0.0,0.0,0.0,0.0,0.0,1.0872000000000002,11.9345,0.0,0.0,7.5838,0.0,0.0,0.0,0.0,0.0,0.0,283.4655,0.0,0.0,0.0,0.0,2.8287,37.9951,0.0,89.4336,0.0,0.0,0.0,0.0,0.0,0.0,0.0,0.0,0.0,0.0,0.0,0.0,0.0,173.1964,0.0,0.0,0.0,0.0,0.0,16.7183,0.0,0.1053,56.607299999999995,41.704299999999996,0.0,0.0,0.0,32.4857,3.8726,50.544599999999996,25.2864,2.7706999999999997,0.0,9.5991,45.9146,0.0,0.0,0.0,20.552599999999998,70.59469999999999,30.1788,28.877800000000004,8.7508,829.1660999999999,0.0,0.0,93.8369,2.436
0.0,0.0,0.0,32.2047,0.0,408.0512,174.95679999999996,11.2668,0.0,33.3188,2.4464,0.0,48.333,479.55969999999996,818.6985,4.6507000000000005,0.0,104.209,0.0,789.9011,1739.3405,0.0,4.0587,198.7931,346.7523999999999,0.0,0.0,0.0,0.0,0.0,52.961499999999994,122.6614,24.6197,0.0,0.0,0.0,0.0,0.0,0.0,0.0,0.0,0.0,0.0,0.0,0.0,0.0,0.0,0.0,0.0,0.0,0.0,0.0,0.0,0.0,0.0,0.0,0.0,1.0872000000000002,11.9345,0.0,0.0,7.5838,0.0,0.0,0.0,0.0,0.0,0.0,283.4655,0.0,0.0,0.0,0.0,2.8287,37.9951,0.0,89.4336,0.0,0.0,0.0,0.0,0.0,0.0,0.0,0.0,0.0,0.0,0.0,0.0,0.0,173.1964,0.0,0.0,0.0,0.0,0.0,16.7183,0.0,0.1053,56.607299999999995,41.704299999999996,0.0,0.0,0.0,32.4857,3.8726,50.544599999999996,25.2864,2.7706999999999997,0.0,9.5991,45.9146,0.0,0.0,0.0,20.552599999999998,70.59469999999999,30.1788,28.877800000000004,8.7508,829.1660999999999,0.0,0.0,93.8369,2.436
0.0,0.0,0.0,32.2047,0.0,408.0512,174.95679999999996,11.2668,0.0,33.3188,2.4464,0.0,48.333,479.55969999999996,818.6985,4.6507000000000005,0.0,104.209,0.0,789.9011,1739.3405,0.0,4.0587,198.7931,346.7523999999999,0.0,0.0,0.0,0.0,0.0,52.961499999999994,122.6614,24.6197,0.0,0.0,0.0,0.0,0.0,0.0,0.0,0.0,0.0,0.0,0.0,0.0,0.0,0.0,0.0,0.0,0.0,0.0,0.0,0.0,0.0,0.0,0.0,0.0,1.0872000000000002,11.9345,0.0,0.0,7.5838,0.0,0.0,0.0,0.0,0.0,0.0,283.4655,0.0,0.0,0.0,0.0,2.8287,37.9951,0.0,89.4336,0.0,0.0,0.0,0.0,0.0,0.0,0.0,0.0,0.0,0.0,0.0,0.0,0.0,173.1964,0.0,0.0,0.0,0.0,0.0,16.7183,0.0,0.1053,56.607299999999995,41.704299999999996,0.0,0.0,0.0,32.4857,3.8726,50.544599999999996,25.2864,2.7706999999999997,0.0,9.5991,45.9146,0.0,0.0,0.0,20.552599999999998,70.59469999999999,30.1788,28.877800000000004,8.7508,829.1660999999999,0.0,0.0,93.8369,2.436
0.0,0.0,0.0,32.2047,0.0,408.0512,174.95679999999996,11.2668,0.0,33.3188,2.4464,0.0,48.333,479.55969999999996,818.6985,4.6507000000000005,0.0,104.209,0.0,789.9011,1739.3405,0.0,4.0587,198.7931,346.7523999999999,0.0,0.0,0.0,0.0,0.0,52.961499999999994,122.6614,24.6197,0.0,0.0,0.0,0.0,0.0,0.0,0.0,0.0,0.0,0.0,0.0,0.0,0.0,0.0,0.0,0.0,0.0,0.0,0.0,0.0,0.0,0.0,0.0,0.0,1.0872000000000002,11.9345,0.0,0.0,7.5838,0.0,0.0,0.0,0.0,0.0,0.0,283.4655,0.0,0.0,0.0,0.0,2.8287,37.9951,0.0,89.4336,0.0,0.0,0.0,0.0,0.0,0.0,0.0,0.0,0.0,0.0,0.0,0.0,0.0,173.1964,0.0,0.0,0.0,0.0,0.0,16.7183,0.0,0.1053,56.607299999999995,41.704299999999996,0.0,0.0,0.0,32.4857,3.8726,50.544599999999996,25.2864,2.7706999999999997,0.0,9.5991,45.9146,0.0,0.0,0.0,20.552599999999998,70.59469999999999,30.1788,28.877800000000004,8.7508,829.1660999999999,0.0,0.0,93.8369,2.436
0.0,0.0,0.0,32.2047,0.0,408.0512,174.95679999999996,11.2668,0.0,33.3188,2.4464,0.0,48.333,479.55969999999996,818.6985,4.6507000000000005,0.0,104.209,0.0,789.9011,1739.3405,0.0,4.0587,198.7931,346.7523999999999,0.0,0.0,0.0,0.0,0.0,52.961499999999994,122.6614,24.6197,0.0,0.0,0.0,0.0,0.0,0.0,0.0,0.0,0.0,0.0,0.0,0.0,0.0,0.0,0.0,0.0,0.0,0.0,0.0,0.0,0.0,0.0,0.0,0.0,1.0872000000000002,11.9345,0.0,0.0,7.5838,0.0,0.0,0.0,0.0,0.0,0.0,283.4655,0.0,0.0,0.0,0.0,2.8287,37.9951,0.0,89.4336,0.0,0.0,0.0,0.0,0.0,0.0,0.0,0.0,0.0,0.0,0.0,0.0,0.0,173.1964,0.0,0.0,0.0,0.0,0.0,16.7183,0.0,0.1053,56.607299999999995,41.704299999999996,0.0,0.0,0.0,32.4857,3.8726,50.544599999999996,25.2864,2.7706999999999997,0.0,9.5991,45.9146,0.0,0.0,0.0,20.552599999999998,70.59469999999999,30.1788,28.877800000000004,8.7508,829.1660999999999,0.0,0.0,93.8369,2.436
0.0,0.0,0.0,37.4965,0.0,468.9584,184.57090000000002,11.818000000000001,0.0,41.7686,3.1295,0.0,49.0768,601.1781,964.1093,4.7366,0.0,109.9743,0.0,943.2206,2075.7508000000003,0.0,4.1737,210.90419999999997,396.80620000000005,0.0,0.0,0.0,0.0,0.0,52.131600000000006,120.73949999999999,24.383099999999995,0.0,0.0,0.0,0.0,0.0,0.0,0.0,0.0,0.0,0.0,0.0,0.0,0.0,0.0,0.0,0.0,0.0,0.0,0.0,0.0,0.0,0.0,0.0,0.0,1.0675,11.9017,0.0,0.0,8.2375,0.0,0.0,0.0,0.0,0.0,0.0,283.4655,0.0,0.0,0.0,0.0,2.6687000000000003,37.9951,0.0,89.4336,0.0,0.0,0.0,0.0,0.0,0.0,0.0,0.0,0.0,0.0,0.0,0.0,0.0,448.0898,0.0,0.0,0.0,0.0,0.0,23.032,0.0,0.1049,74.8198,99.8139,0.0,0.0,0.0,22.858,4.4695,39.726499999999994,44.73100000000001,4.8879,0.0,9.490300000000001,63.2543,0.0,0.0,0.0,50.8284,98.6208,30.6432,39.6769,18.5269,841.9264000000001,0.0,0.0,150.7778,2.0549
0.0,0.0,0.0,37.4965,0.0,468.9584,184.57090000000002,11.818000000000001,0.0,41.7686,3.1295,0.0,49.0768,601.1781,964.1093,4.7366,0.0,109.9743,0.0,943.2206,2075.7508000000003,0.0,4.1737,210.90419999999997,396.80620000000005,0.0,0.0,0.0,0.0,0.0,52.131600000000006,120.73949999999999,24.383099999999995,0.0,0.0,0.0,0.0,0.0,0.0,0.0,0.0,0.0,0.0,0.0,0.0,0.0,0.0,0.0,0.0,0.0,0.0,0.0,0.0,0.0,0.0,0.0,0.0,1.0675,11.9017,0.0,0.0,8.2375,0.0,0.0,0.0,0.0,0.0,0.0,283.4655,0.0,0.0,0.0,0.0,2.6687000000000003,37.9951,0.0,89.4336,0.0,0.0,0.0,0.0,0.0,0.0,0.0,0.0,0.0,0.0,0.0,0.0,0.0,448.0898,0.0,0.0,0.0,0.0,0.0,23.032,0.0,0.1049,74.8198,99.8139,0.0,0.0,0.0,22.858,4.4695,39.726499999999994,44.73100000000001,4.8879,0.0,9.490300000000001,63.2543,0.0,0.0,0.0,50.8284,98.6208,30.6432,39.6769,18.5269,841.9264000000001,0.0,0.0,150.7778,2.0549
0.0,0.0,0.0,37.4965,0.0,468.9584,184.57090000000002,11.818000000000001,0.0,41.7686,3.1295,0.0,49.0768,601.1781,964.1093,4.7366,0.0,109.9743,0.0,943.2206,2075.7508000000003,0.0,4.1737,210.90419999999997,396.80620000000005,0.0,0.0,0.0,0.0,0.0,52.131600000000006,120.73949999999999,24.383099999999995,0.0,0.0,0.0,0.0,0.0,0.0,0.0,0.0,0.0,0.0,0.0,0.0,0.0,0.0,0.0,0.0,0.0,0.0,0.0,0.0,0.0,0.0,0.0,0.0,1.0675,11.9017,0.0,0.0,8.2375,0.0,0.0,0.0,0.0,0.0,0.0,283.4655,0.0,0.0,0.0,0.0,2.6687000000000003,37.9951,0.0,89.4336,0.0,0.0,0.0,0.0,0.0,0.0,0.0,0.0,0.0,0.0,0.0,0.0,0.0,448.0898,0.0,0.0,0.0,0.0,0.0,23.032,0.0,0.1049,74.8198,99.8139,0.0,0.0,0.0,22.858,4.4695,39.726499999999994,44.73100000000001,4.8879,0.0,9.490300000000001,63.2543,0.0,0.0,0.0,50.8284,98.6208,30.6432,39.6769,18.5269,841.9264000000001,0.0,0.0,150.7778,2.0549
0.0,0.0,0.0,37.4965,0.0,468.9584,184.57090000000002,11.818000000000001,0.0,41.7686,3.1295,0.0,49.0768,601.1781,964.1093,4.7366,0.0,109.9743,0.0,943.2206,2075.7508000000003,0.0,4.1737,210.90419999999997,396.80620000000005,0.0,0.0,0.0,0.0,0.0,52.131600000000006,120.73949999999999,24.383099999999995,0.0,0.0,0.0,0.0,0.0,0.0,0.0,0.0,0.0,0.0,0.0,0.0,0.0,0.0,0.0,0.0,0.0,0.0,0.0,0.0,0.0,0.0,0.0,0.0,1.0675,11.9017,0.0,0.0,8.2375,0.0,0.0,0.0,0.0,0.0,0.0,283.4655,0.0,0.0,0.0,0.0,2.6687000000000003,37.9951,0.0,89.4336,0.0,0.0,0.0,0.0,0.0,0.0,0.0,0.0,0.0,0.0,0.0,0.0,0.0,448.0898,0.0,0.0,0.0,0.0,0.0,23.032,0.0,0.1049,74.8198,99.8139,0.0,0.0,0.0,22.858,4.4695,39.726499999999994,44.73100000000001,4.8879,0.0,9.490300000000001,63.2543,0.0,0.0,0.0,50.8284,98.6208,30.6432,39.6769,18.5269,841.9264000000001,0.0,0.0,150.7778,2.0549
0.0,0.0,0.0,37.4965,0.0,468.9584,184.57090000000002,11.818000000000001,0.0,41.7686,3.1295,0.0,49.0768,601.1781,964.1093,4.7366,0.0,109.9743,0.0,943.2206,2075.7508000000003,0.0,4.1737,210.90419999999997,396.80620000000005,0.0,0.0,0.0,0.0,0.0,52.131600000000006,120.73949999999999,24.383099999999995,0.0,0.0,0.0,0.0,0.0,0.0,0.0,0.0,0.0,0.0,0.0,0.0,0.0,0.0,0.0,0.0,0.0,0.0,0.0,0.0,0.0,0.0,0.0,0.0,1.0675,11.9017,0.0,0.0,8.2375,0.0,0.0,0.0,0.0,0.0,0.0,283.4655,0.0,0.0,0.0,0.0,2.6687000000000003,37.9951,0.0,89.4336,0.0,0.0,0.0,0.0,0.0,0.0,0.0,0.0,0.0,0.0,0.0,0.0,0.0,448.0898,0.0,0.0,0.0,0.0,0.0,23.032,0.0,0.1049,74.8198,99.8139,0.0,0.0,0.0,22.858,4.4695,39.726499999999994,44.73100000000001,4.8879,0.0,9.490300000000001,63.2543,0.0,0.0,0.0,50.8284,98.6208,30.6432,39.6769,18.5269,841.9264000000001,0.0,0.0,150.7778,2.0549
0.0,0.0,0.0,37.4965,0.0,468.9584,184.57090000000002,11.818000000000001,0.0,41.7686,3.1295,0.0,49.0768,601.1781,964.1093,4.7366,0.0,109.9743,0.0,943.2206,2075.7508000000003,0.0,4.1737,210.90419999999997,396.80620000000005,0.0,0.0,0.0,0.0,0.0,52.131600000000006,120.73949999999999,24.383099999999995,0.0,0.0,0.0,0.0,0.0,0.0,0.0,0.0,0.0,0.0,0.0,0.0,0.0,0.0,0.0,0.0,0.0,0.0,0.0,0.0,0.0,0.0,0.0,0.0,1.0675,11.9017,0.0,0.0,8.2375,0.0,0.0,0.0,0.0,0.0,0.0,283.4655,0.0,0.0,0.0,0.0,2.6687000000000003,37.9951,0.0,89.4336,0.0,0.0,0.0,0.0,0.0,0.0,0.0,0.0,0.0,0.0,0.0,0.0,0.0,448.0898,0.0,0.0,0.0,0.0,0.0,23.032,0.0,0.1049,74.8198,99.8139,0.0,0.0,0.0,22.858,4.4695,39.726499999999994,44.73100000000001,4.8879,0.0,9.490300000000001,63.2543,0.0,0.0,0.0,50.8284,98.6208,30.6432,39.6769,18.5269,841.9264000000001,0.0,0.0,150.7778,2.0549
0.0,0.0,0.0,37.4965,0.0,468.9584,184.57090000000002,11.818000000000001,0.0,41.7686,3.1295,0.0,49.0768,601.1781,964.1093,4.7366,0.0,109.9743,0.0,943.2206,2075.7508000000003,0.0,4.1737,210.90419999999997,396.80620000000005,0.0,0.0,0.0,0.0,0.0,52.131600000000006,120.73949999999999,24.383099999999995,0.0,0.0,0.0,0.0,0.0,0.0,0.0,0.0,0.0,0.0,0.0,0.0,0.0,0.0,0.0,0.0,0.0,0.0,0.0,0.0,0.0,0.0,0.0,0.0,1.0675,11.9017,0.0,0.0,8.2375,0.0,0.0,0.0,0.0,0.0,0.0,283.4655,0.0,0.0,0.0,0.0,2.6687000000000003,37.9951,0.0,89.4336,0.0,0.0,0.0,0.0,0.0,0.0,0.0,0.0,0.0,0.0,0.0,0.0,0.0,448.0898,0.0,0.0,0.0,0.0,0.0,23.032,0.0,0.1049,74.8198,99.8139,0.0,0.0,0.0,22.858,4.4695,39.726499999999994,44.73100000000001,4.8879,0.0,9.490300000000001,63.2543,0.0,0.0,0.0,50.8284,98.6208,30.6432,39.6769,18.5269,841.9264000000001,0.0,0.0,150.7778,2.0549
0.0,0.0,0.0,39.9913,0.0,502.27279999999996,187.69610000000003,12.0679,0.0,47.6582,1.9823,0.0,47.3365,685.4507,1053.2572,3.5027999999999997,0.0,99.373,0.0,872.2192,2251.1824,0.0,3.6444,207.3127,385.11960000000005,0.0,0.0,0.0,0.0,0.0,46.3232,107.28650000000002,24.4425,0.0,0.0,0.0,0.0,0.0,0.0,0.0,0.0,0.0,0.0,0.0,0.0,0.0,0.0,0.0,0.0,0.0,0.0,0.0,0.0,0.0,0.0,0.0,0.0,0.9450999999999999,11.725800000000001,0.0,0.0,7.7725,0.0,0.0,0.0,0.0,0.0,0.0,279.5691,0.0,0.0,0.0,0.0,2.5719000000000003,37.472899999999996,0.0,88.2043,0.0,0.0,0.0,0.0,0.0,0.0,0.0,0.0,0.0,0.0,0.0,0.0,0.0,224.2999,0.0,0.0,0.0,0.0,0.0,23.3981,0.0,0.0945,80.67650000000002,90.9196,0.0,0.0,0.0,27.2613,8.5893,45.700199999999995,43.96430000000001,4.7608999999999995,0.0,13.821800000000001,64.2596,0.0,0.0,0.0,100.2797,114.6389,29.556500000000003,40.1942,20.2818,812.0673999999999,0.0,0.0,200.1836,5.0184
0.0,0.0,0.0,39.9913,0.0,502.27279999999996,187.69610000000003,12.0679,0.0,47.6582,1.9823,0.0,47.3365,685.4507,1053.2572,3.5027999999999997,0.0,99.373,0.0,872.2192,2251.1824,0.0,3.6444,207.3127,385.11960000000005,0.0,0.0,0.0,0.0,0.0,46.3232,107.28650000000002,24.4425,0.0,0.0,0.0,0.0,0.0,0.0,0.0,0.0,0.0,0.0,0.0,0.0,0.0,0.0,0.0,0.0,0.0,0.0,0.0,0.0,0.0,0.0,0.0,0.0,0.9450999999999999,11.725800000000001,0.0,0.0,7.7725,0.0,0.0,0.0,0.0,0.0,0.0,279.5691,0.0,0.0,0.0,0.0,2.5719000000000003,37.472899999999996,0.0,88.2043,0.0,0.0,0.0,0.0,0.0,0.0,0.0,0.0,0.0,0.0,0.0,0.0,0.0,224.2999,0.0,0.0,0.0,0.0,0.0,23.3981,0.0,0.0945,80.67650000000002,90.9196,0.0,0.0,0.0,27.2613,8.5893,45.700199999999995,43.96430000000001,4.7608999999999995,0.0,13.821800000000001,64.2596,0.0,0.0,0.0,100.2797,114.6389,29.556500000000003,40.1942,20.2818,812.0673999999999,0.0,0.0,200.1836,5.0184
0.0,0.0,0.0,39.9913,0.0,502.27279999999996,187.69610000000003,12.0679,0.0,47.6582,1.9823,0.0,47.3365,685.4507,1053.2572,3.5027999999999997,0.0,99.373,0.0,872.2192,2251.1824,0.0,3.6444,207.3127,385.11960000000005,0.0,0.0,0.0,0.0,0.0,46.3232,107.28650000000002,24.4425,0.0,0.0,0.0,0.0,0.0,0.0,0.0,0.0,0.0,0.0,0.0,0.0,0.0,0.0,0.0,0.0,0.0,0.0,0.0,0.0,0.0,0.0,0.0,0.0,0.9450999999999999,11.725800000000001,0.0,0.0,7.7725,0.0,0.0,0.0,0.0,0.0,0.0,279.5691,0.0,0.0,0.0,0.0,2.5719000000000003,37.472899999999996,0.0,88.2043,0.0,0.0,0.0,0.0,0.0,0.0,0.0,0.0,0.0,0.0,0.0,0.0,0.0,224.2999,0.0,0.0,0.0,0.0,0.0,23.3981,0.0,0.0945,80.67650000000002,90.9196,0.0,0.0,0.0,27.2613,8.5893,45.700199999999995,43.96430000000001,4.7608999999999995,0.0,13.821800000000001,64.2596,0.0,0.0,0.0,100.2797,114.6389,29.556500000000003,40.1942,20.2818,812.0673999999999,0.0,0.0,200.1836,5.0184
0.0,0.0,0.0,39.9913,0.0,502.27279999999996,187.69610000000003,12.0679,0.0,47.6582,1.9823,0.0,47.3365,685.4507,1053.2572,3.5027999999999997,0.0,99.373,0.0,872.2192,2251.1824,0.0,3.6444,207.3127,385.11960000000005,0.0,0.0,0.0,0.0,0.0,46.3232,107.28650000000002,24.4425,0.0,0.0,0.0,0.0,0.0,0.0,0.0,0.0,0.0,0.0,0.0,0.0,0.0,0.0,0.0,0.0,0.0,0.0,0.0,0.0,0.0,0.0,0.0,0.0,0.9450999999999999,11.725800000000001,0.0,0.0,7.7725,0.0,0.0,0.0,0.0,0.0,0.0,279.5691,0.0,0.0,0.0,0.0,2.5719000000000003,37.472899999999996,0.0,88.2043,0.0,0.0,0.0,0.0,0.0,0.0,0.0,0.0,0.0,0.0,0.0,0.0,0.0,224.2999,0.0,0.0,0.0,0.0,0.0,23.3981,0.0,0.0945,80.67650000000002,90.9196,0.0,0.0,0.0,27.2613,8.5893,45.700199999999995,43.96430000000001,4.7608999999999995,0.0,13.821800000000001,64.2596,0.0,0.0,0.0,100.2797,114.6389,29.556500000000003,40.1942,20.2818,812.0673999999999,0.0,0.0,200.1836,5.0184
0.0,0.0,0.0,39.9913,0.0,502.27279999999996,187.69610000000003,12.0679,0.0,47.6582,1.9823,0.0,47.3365,685.4507,1053.2572,3.5027999999999997,0.0,99.373,0.0,872.2192,2251.1824,0.0,3.6444,207.3127,385.11960000000005,0.0,0.0,0.0,0.0,0.0,46.3232,107.28650000000002,24.4425,0.0,0.0,0.0,0.0,0.0,0.0,0.0,0.0,0.0,0.0,0.0,0.0,0.0,0.0,0.0,0.0,0.0,0.0,0.0,0.0,0.0,0.0,0.0,0.0,0.9450999999999999,11.725800000000001,0.0,0.0,7.7725,0.0,0.0,0.0,0.0,0.0,0.0,279.5691,0.0,0.0,0.0,0.0,2.5719000000000003,37.472899999999996,0.0,88.2043,0.0,0.0,0.0,0.0,0.0,0.0,0.0,0.0,0.0,0.0,0.0,0.0,0.0,224.2999,0.0,0.0,0.0,0.0,0.0,23.3981,0.0,0.0945,80.67650000000002,90.9196,0.0,0.0,0.0,27.2613,8.5893,45.700199999999995,43.96430000000001,4.7608999999999995,0.0,13.821800000000001,64.2596,0.0,0.0,0.0,100.2797,114.6389,29.556500000000003,40.1942,20.2818,812.0673999999999,0.0,0.0,200.1836,5.0184
0.0,0.0,0.0,39.9913,0.0,502.27279999999996,187.69610000000003,12.0679,0.0,47.6582,1.9823,0.0,47.3365,685.4507,1053.2572,3.5027999999999997,0.0,99.373,0.0,872.2192,2251.1824,0.0,3.6444,207.3127,385.11960000000005,0.0,0.0,0.0,0.0,0.0,46.3232,107.28650000000002,24.4425,0.0,0.0,0.0,0.0,0.0,0.0,0.0,0.0,0.0,0.0,0.0,0.0,0.0,0.0,0.0,0.0,0.0,0.0,0.0,0.0,0.0,0.0,0.0,0.0,0.9450999999999999,11.725800000000001,0.0,0.0,7.7725,0.0,0.0,0.0,0.0,0.0,0.0,279.5691,0.0,0.0,0.0,0.0,2.5719000000000003,37.472899999999996,0.0,88.2043,0.0,0.0,0.0,0.0,0.0,0.0,0.0,0.0,0.0,0.0,0.0,0.0,0.0,224.2999,0.0,0.0,0.0,0.0,0.0,23.3981,0.0,0.0945,80.67650000000002,90.9196,0.0,0.0,0.0,27.2613,8.5893,45.700199999999995,43.96430000000001,4.7608999999999995,0.0,13.821800000000001,64.2596,0.0,0.0,0.0,100.2797,114.6389,29.556500000000003,40.1942,20.2818,812.0673999999999,0.0,0.0,200.1836,5.0184
0.0,0.0,0.0,39.9913,0.0,502.27279999999996,187.69610000000003,12.0679,0.0,47.6582,1.9823,0.0,47.3365,685.4507,1053.2572,3.5027999999999997,0.0,99.373,0.0,872.2192,2251.1824,0.0,3.6444,207.3127,385.11960000000005,0.0,0.0,0.0,0.0,0.0,46.3232,107.28650000000002,24.4425,0.0,0.0,0.0,0.0,0.0,0.0,0.0,0.0,0.0,0.0,0.0,0.0,0.0,0.0,0.0,0.0,0.0,0.0,0.0,0.0,0.0,0.0,0.0,0.0,0.9450999999999999,11.725800000000001,0.0,0.0,7.7725,0.0,0.0,0.0,0.0,0.0,0.0,279.5691,0.0,0.0,0.0,0.0,2.5719000000000003,37.472899999999996,0.0,88.2043,0.0,0.0,0.0,0.0,0.0,0.0,0.0,0.0,0.0,0.0,0.0,0.0,0.0,224.2999,0.0,0.0,0.0,0.0,0.0,23.3981,0.0,0.0945,80.67650000000002,90.9196,0.0,0.0,0.0,27.2613,8.5893,45.700199999999995,43.96430000000001,4.7608999999999995,0.0,13.821800000000001,64.2596,0.0,0.0,0.0,100.2797,114.6389,29.556500000000003,40.1942,20.2818,812.0673999999999,0.0,0.0,200.1836,5.0184
0.0,0.0,0.0,38.2643,0.0,479.4100000000001,208.94410000000002,12.314799999999998,0.0,43.5965,1.722,0.0,48.0459,621.0174,1137.2992,2.9461000000000004,0.0,100.49550000000002,0.0,821.5461999999999,2077.0553,0.0,3.2523,214.52309999999997,392.54760000000005,0.0,0.0,0.0,0.0,0.0,42.1939,112.1166,70.6743,0.0,0.0,0.0,0.0,0.0,0.0,0.0,0.0,0.0,0.0,0.0,0.0,0.0,0.0,0.0,0.0,0.0,0.0,0.0,0.0,0.0,0.0,0.0,0.0,0.7283999999999999,12.294599999999999,0.0,0.0,6.5794,0.0,0.0,0.0,0.0,0.0,0.0,273.8363,0.0,0.0,0.0,0.0,2.9063,38.536100000000005,0.0,86.2559,0.0,0.0,0.0,0.0,0.0,0.0,0.0,0.0,0.0,0.0,0.0,0.0,0.0,174.9948,0.0,0.0,0.0,0.0,0.0,22.356,0.0,0.8894,80.02720000000001,43.4381,0.0,0.0,0.0,30.615,6.896599999999999,51.5041,46.239000000000004,5.0229,0.0,16.9857,61.397600000000004,0.0,0.0,0.0,124.50410000000001,107.23460000000001,29.9995,38.6159,20.2818,969.3767,0.0,0.0,288.733,7.362
0.0,0.0,0.0,38.2643,0.0,479.4100000000001,208.94410000000002,12.314799999999998,0.0,43.5965,1.722,0.0,48.0459,621.0174,1137.2992,2.9461000000000004,0.0,100.49550000000002,0.0,821.5461999999999,2077.0553,0.0,3.2523,214.52309999999997,392.54760000000005,0.0,0.0,0.0,0.0,0.0,42.1939,112.1166,70.6743,0.0,0.0,0.0,0.0,0.0,0.0,0.0,0.0,0.0,0.0,0.0,0.0,0.0,0.0,0.0,0.0,0.0,0.0,0.0,0.0,0.0,0.0,0.0,0.0,0.7283999999999999,12.294599999999999,0.0,0.0,6.5794,0.0,0.0,0.0,0.0,0.0,0.0,273.8363,0.0,0.0,0.0,0.0,2.9063,38.536100000000005,0.0,86.2559,0.0,0.0,0.0,0.0,0.0,0.0,0.0,0.0,0.0,0.0,0.0,0.0,0.0,174.9948,0.0,0.0,0.0,0.0,0.0,22.356,0.0,0.8894,80.02720000000001,43.4381,0.0,0.0,0.0,30.615,6.896599999999999,51.5041,46.239000000000004,5.0229,0.0,16.9857,61.397600000000004,0.0,0.0,0.0,124.50410000000001,107.23460000000001,29.9995,38.6159,20.2818,969.3767,0.0,0.0,288.733,7.362
0.0,0.0,0.0,38.2643,0.0,479.4100000000001,208.94410000000002,12.314799999999998,0.0,43.5965,1.722,0.0,48.0459,621.0174,1137.2992,2.9461000000000004,0.0,100.49550000000002,0.0,821.5461999999999,2077.0553,0.0,3.2523,214.52309999999997,392.54760000000005,0.0,0.0,0.0,0.0,0.0,42.1939,112.1166,70.6743,0.0,0.0,0.0,0.0,0.0,0.0,0.0,0.0,0.0,0.0,0.0,0.0,0.0,0.0,0.0,0.0,0.0,0.0,0.0,0.0,0.0,0.0,0.0,0.0,0.7283999999999999,12.294599999999999,0.0,0.0,6.5794,0.0,0.0,0.0,0.0,0.0,0.0,273.8363,0.0,0.0,0.0,0.0,2.9063,38.536100000000005,0.0,86.2559,0.0,0.0,0.0,0.0,0.0,0.0,0.0,0.0,0.0,0.0,0.0,0.0,0.0,174.9948,0.0,0.0,0.0,0.0,0.0,22.356,0.0,0.8894,80.02720000000001,43.4381,0.0,0.0,0.0,30.615,6.896599999999999,51.5041,46.239000000000004,5.0229,0.0,16.9857,61.397600000000004,0.0,0.0,0.0,124.50410000000001,107.23460000000001,29.9995,38.6159,20.2818,969.3767,0.0,0.0,288.733,7.362
0.0,0.0,0.0,38.2643,0.0,479.4100000000001,208.94410000000002,12.314799999999998,0.0,43.5965,1.722,0.0,48.0459,621.0174,1137.2992,2.9461000000000004,0.0,100.49550000000002,0.0,821.5461999999999,2077.0553,0.0,3.2523,214.52309999999997,392.54760000000005,0.0,0.0,0.0,0.0,0.0,42.1939,112.1166,70.6743,0.0,0.0,0.0,0.0,0.0,0.0,0.0,0.0,0.0,0.0,0.0,0.0,0.0,0.0,0.0,0.0,0.0,0.0,0.0,0.0,0.0,0.0,0.0,0.0,0.7283999999999999,12.294599999999999,0.0,0.0,6.5794,0.0,0.0,0.0,0.0,0.0,0.0,273.8363,0.0,0.0,0.0,0.0,2.9063,38.536100000000005,0.0,86.2559,0.0,0.0,0.0,0.0,0.0,0.0,0.0,0.0,0.0,0.0,0.0,0.0,0.0,174.9948,0.0,0.0,0.0,0.0,0.0,22.356,0.0,0.8894,80.02720000000001,43.4381,0.0,0.0,0.0,30.615,6.896599999999999,51.5041,46.239000000000004,5.0229,0.0,16.9857,61.397600000000004,0.0,0.0,0.0,124.50410000000001,107.23460000000001,29.9995,38.6159,20.2818,969.3767,0.0,0.0,288.733,7.362
0.0,0.0,0.0,38.2643,0.0,479.4100000000001,208.94410000000002,12.314799999999998,0.0,43.5965,1.722,0.0,48.0459,621.0174,1137.2992,2.9461000000000004,0.0,100.49550000000002,0.0,821.5461999999999,2077.0553,0.0,3.2523,214.52309999999997,392.54760000000005,0.0,0.0,0.0,0.0,0.0,42.1939,112.1166,70.6743,0.0,0.0,0.0,0.0,0.0,0.0,0.0,0.0,0.0,0.0,0.0,0.0,0.0,0.0,0.0,0.0,0.0,0.0,0.0,0.0,0.0,0.0,0.0,0.0,0.7283999999999999,12.294599999999999,0.0,0.0,6.5794,0.0,0.0,0.0,0.0,0.0,0.0,273.8363,0.0,0.0,0.0,0.0,2.9063,38.536100000000005,0.0,86.2559,0.0,0.0,0.0,0.0,0.0,0.0,0.0,0.0,0.0,0.0,0.0,0.0,0.0,174.9948,0.0,0.0,0.0,0.0,0.0,22.356,0.0,0.8894,80.02720000000001,43.4381,0.0,0.0,0.0,30.615,6.896599999999999,51.5041,46.239000000000004,5.0229,0.0,16.9857,61.397600000000004,0.0,0.0,0.0,124.50410000000001,107.23460000000001,29.9995,38.6159,20.2818,969.3767,0.0,0.0,288.733,7.362
0.0,0.0,0.0,38.2643,0.0,479.4100000000001,208.94410000000002,12.314799999999998,0.0,43.5965,1.722,0.0,48.0459,621.0174,1137.2992,2.9461000000000004,0.0,100.49550000000002,0.0,821.5461999999999,2077.0553,0.0,3.2523,214.52309999999997,392.54760000000005,0.0,0.0,0.0,0.0,0.0,42.1939,112.1166,70.6743,0.0,0.0,0.0,0.0,0.0,0.0,0.0,0.0,0.0,0.0,0.0,0.0,0.0,0.0,0.0,0.0,0.0,0.0,0.0,0.0,0.0,0.0,0.0,0.0,0.7283999999999999,12.294599999999999,0.0,0.0,6.5794,0.0,0.0,0.0,0.0,0.0,0.0,273.8363,0.0,0.0,0.0,0.0,2.9063,38.536100000000005,0.0,86.2559,0.0,0.0,0.0,0.0,0.0,0.0,0.0,0.0,0.0,0.0,0.0,0.0,0.0,174.9948,0.0,0.0,0.0,0.0,0.0,22.356,0.0,0.8894,80.02720000000001,43.4381,0.0,0.0,0.0,30.615,6.896599999999999,51.5041,46.239000000000004,5.0229,0.0,16.9857,61.397600000000004,0.0,0.0,0.0,124.50410000000001,107.23460000000001,29.9995,38.6159,20.2818,969.3767,0.0,0.0,288.733,7.362
0.0,0.0,0.0,38.2643,0.0,479.4100000000001,208.94410000000002,12.314799999999998,0.0,43.5965,1.722,0.0,48.0459,621.0174,1137.2992,2.9461000000000004,0.0,100.49550000000002,0.0,821.5461999999999,2077.0553,0.0,3.2523,214.52309999999997,392.54760000000005,0.0,0.0,0.0,0.0,0.0,42.1939,112.1166,70.6743,0.0,0.0,0.0,0.0,0.0,0.0,0.0,0.0,0.0,0.0,0.0,0.0,0.0,0.0,0.0,0.0,0.0,0.0,0.0,0.0,0.0,0.0,0.0,0.0,0.7283999999999999,12.294599999999999,0.0,0.0,6.5794,0.0,0.0,0.0,0.0,0.0,0.0,273.8363,0.0,0.0,0.0,0.0,2.9063,38.536100000000005,0.0,86.2559,0.0,0.0,0.0,0.0,0.0,0.0,0.0,0.0,0.0,0.0,0.0,0.0,0.0,174.9948,0.0,0.0,0.0,0.0,0.0,22.356,0.0,0.8894,80.02720000000001,43.4381,0.0,0.0,0.0,30.615,6.896599999999999,51.5041,46.239000000000004,5.0229,0.0,16.9857,61.397600000000004,0.0,0.0,0.0,124.50410000000001,107.23460000000001,29.9995,38.6159,20.2818,969.3767,0.0,0.0,288.733,7.362
0.0,0.0,0.0,35.5957,0.0,443.06519999999995,227.91590000000005,12.136,0.0,43.6091,1.4049,0.0,35.263799999999996,612.5351,1175.9663,2.6788,0.0,114.82839999999999,0.0,804.5545000000001,1997.1413999999997,0.0,2.8674999999999997,265.2581,494.87139999999994,0.0,0.0,0.0,0.0,0.0,37.3644,112.59420000000003,110.52749999999999,0.0,0.0,0.0,0.0,0.0,0.0,0.0,0.0,0.0,0.0,0.0,0.0,0.0,0.0,0.0,0.0,0.0,0.0,0.0,0.0,0.0,0.0,0.0,0.0,0.6473,13.8498,0.0,0.0,6.359500000000001,0.0,0.0,0.0,0.0,0.0,0.0,283.0731,0.0,0.0,0.0,0.0,2.8518999999999997,42.776199999999996,0.0,88.9413,0.0,0.0,0.0,0.0,0.0,0.0,0.0,0.0,0.0,0.0,0.0,0.0,0.0,558.8914,0.0,0.0,0.0,0.0,0.0,22.3764,0.0,1.7708,77.8779,38.2434,0.0,0.0,0.0,44.988299999999995,4.8676,64.6127,43.069500000000005,4.6124,0.0,24.967899999999997,61.4536,0.0,0.0,0.0,86.25299999999999,103.3243,22.0185,38.650999999999996,20.2818,842.7688,0.0,0.0,339.3378,7.5873
0.0,0.0,0.0,35.5957,0.0,443.06519999999995,227.91590000000005,12.136,0.0,43.6091,1.4049,0.0,35.263799999999996,612.5351,1175.9663,2.6788,0.0,114.82839999999999,0.0,804.5545000000001,1997.1413999999997,0.0,2.8674999999999997,265.2581,494.87139999999994,0.0,0.0,0.0,0.0,0.0,37.3644,112.59420000000003,110.52749999999999,0.0,0.0,0.0,0.0,0.0,0.0,0.0,0.0,0.0,0.0,0.0,0.0,0.0,0.0,0.0,0.0,0.0,0.0,0.0,0.0,0.0,0.0,0.0,0.0,0.6473,13.8498,0.0,0.0,6.359500000000001,0.0,0.0,0.0,0.0,0.0,0.0,283.0731,0.0,0.0,0.0,0.0,2.8518999999999997,42.776199999999996,0.0,88.9413,0.0,0.0,0.0,0.0,0.0,0.0,0.0,0.0,0.0,0.0,0.0,0.0,0.0,558.8914,0.0,0.0,0.0,0.0,0.0,22.3764,0.0,1.7708,77.8779,38.2434,0.0,0.0,0.0,44.988299999999995,4.8676,64.6127,43.069500000000005,4.6124,0.0,24.967899999999997,61.4536,0.0,0.0,0.0,86.25299999999999,103.3243,22.0185,38.650999999999996,20.2818,842.7688,0.0,0.0,339.3378,7.5873
0.0,0.0,0.0,35.5957,0.0,443.06519999999995,227.91590000000005,12.136,0.0,43.6091,1.4049,0.0,35.263799999999996,612.5351,1175.9663,2.6788,0.0,114.82839999999999,0.0,804.5545000000001,1997.1413999999997,0.0,2.8674999999999997,265.2581,494.87139999999994,0.0,0.0,0.0,0.0,0.0,37.3644,112.59420000000003,110.52749999999999,0.0,0.0,0.0,0.0,0.0,0.0,0.0,0.0,0.0,0.0,0.0,0.0,0.0,0.0,0.0,0.0,0.0,0.0,0.0,0.0,0.0,0.0,0.0,0.0,0.6473,13.8498,0.0,0.0,6.359500000000001,0.0,0.0,0.0,0.0,0.0,0.0,283.0731,0.0,0.0,0.0,0.0,2.8518999999999997,42.776199999999996,0.0,88.9413,0.0,0.0,0.0,0.0,0.0,0.0,0.0,0.0,0.0,0.0,0.0,0.0,0.0,558.8914,0.0,0.0,0.0,0.0,0.0,22.3764,0.0,1.7708,77.8779,38.2434,0.0,0.0,0.0,44.988299999999995,4.8676,64.6127,43.069500000000005,4.6124,0.0,24.967899999999997,61.4536,0.0,0.0,0.0,86.25299999999999,103.3243,22.0185,38.650999999999996,20.2818,842.7688,0.0,0.0,339.3378,7.5873
0.0,0.0,0.0,35.5957,0.0,443.06519999999995,227.91590000000005,12.136,0.0,43.6091,1.4049,0.0,35.263799999999996,612.5351,1175.9663,2.6788,0.0,114.82839999999999,0.0,804.5545000000001,1997.1413999999997,0.0,2.8674999999999997,265.2581,494.87139999999994,0.0,0.0,0.0,0.0,0.0,37.3644,112.59420000000003,110.52749999999999,0.0,0.0,0.0,0.0,0.0,0.0,0.0,0.0,0.0,0.0,0.0,0.0,0.0,0.0,0.0,0.0,0.0,0.0,0.0,0.0,0.0,0.0,0.0,0.0,0.6473,13.8498,0.0,0.0,6.359500000000001,0.0,0.0,0.0,0.0,0.0,0.0,283.0731,0.0,0.0,0.0,0.0,2.8518999999999997,42.776199999999996,0.0,88.9413,0.0,0.0,0.0,0.0,0.0,0.0,0.0,0.0,0.0,0.0,0.0,0.0,0.0,558.8914,0.0,0.0,0.0,0.0,0.0,22.3764,0.0,1.7708,77.8779,38.2434,0.0,0.0,0.0,44.988299999999995,4.8676,64.6127,43.069500000000005,4.6124,0.0,24.967899999999997,61.4536,0.0,0.0,0.0,86.25299999999999,103.3243,22.0185,38.650999999999996,20.2818,842.7688,0.0,0.0,339.3378,7.5873
0.0,0.0,0.0,35.5957,0.0,443.06519999999995,227.91590000000005,12.136,0.0,43.6091,1.4049,0.0,35.263799999999996,612.5351,1175.9663,2.6788,0.0,114.82839999999999,0.0,804.5545000000001,1997.1413999999997,0.0,2.8674999999999997,265.2581,494.87139999999994,0.0,0.0,0.0,0.0,0.0,37.3644,112.59420000000003,110.52749999999999,0.0,0.0,0.0,0.0,0.0,0.0,0.0,0.0,0.0,0.0,0.0,0.0,0.0,0.0,0.0,0.0,0.0,0.0,0.0,0.0,0.0,0.0,0.0,0.0,0.6473,13.8498,0.0,0.0,6.359500000000001,0.0,0.0,0.0,0.0,0.0,0.0,283.0731,0.0,0.0,0.0,0.0,2.8518999999999997,42.776199999999996,0.0,88.9413,0.0,0.0,0.0,0.0,0.0,0.0,0.0,0.0,0.0,0.0,0.0,0.0,0.0,558.8914,0.0,0.0,0.0,0.0,0.0,22.3764,0.0,1.7708,77.8779,38.2434,0.0,0.0,0.0,44.988299999999995,4.8676,64.6127,43.069500000000005,4.6124,0.0,24.967899999999997,61.4536,0.0,0.0,0.0,86.25299999999999,103.3243,22.0185,38.650999999999996,20.2818,842.7688,0.0,0.0,339.3378,7.5873
0.0,0.0,0.0,35.5957,0.0,443.06519999999995,227.91590000000005,12.136,0.0,43.6091,1.4049,0.0,35.263799999999996,612.5351,1175.9663,2.6788,0.0,114.82839999999999,0.0,804.5545000000001,1997.1413999999997,0.0,2.8674999999999997,265.2581,494.87139999999994,0.0,0.0,0.0,0.0,0.0,37.3644,112.59420000000003,110.52749999999999,0.0,0.0,0.0,0.0,0.0,0.0,0.0,0.0,0.0,0.0,0.0,0.0,0.0,0.0,0.0,0.0,0.0,0.0,0.0,0.0,0.0,0.0,0.0,0.0,0.6473,13.8498,0.0,0.0,6.359500000000001,0.0,0.0,0.0,0.0,0.0,0.0,283.0731,0.0,0.0,0.0,0.0,2.8518999999999997,42.776199999999996,0.0,88.9413,0.0,0.0,0.0,0.0,0.0,0.0,0.0,0.0,0.0,0.0,0.0,0.0,0.0,558.8914,0.0,0.0,0.0,0.0,0.0,22.3764,0.0,1.7708,77.8779,38.2434,0.0,0.0,0.0,44.988299999999995,4.8676,64.6127,43.069500000000005,4.6124,0.0,24.967899999999997,61.4536,0.0,0.0,0.0,86.25299999999999,103.3243,22.0185,38.650999999999996,20.2818,842.7688,0.0,0.0,339.3378,7.5873
0.0,0.0,0.0,35.5957,0.0,443.06519999999995,227.91590000000005,12.136,0.0,43.6091,1.4049,0.0,35.263799999999996,612.5351,1175.9663,2.6788,0.0,114.82839999999999,0.0,804.5545000000001,1997.1413999999997,0.0,2.8674999999999997,265.2581,494.87139999999994,0.0,0.0,0.0,0.0,0.0,37.3644,112.59420000000003,110.52749999999999,0.0,0.0,0.0,0.0,0.0,0.0,0.0,0.0,0.0,0.0,0.0,0.0,0.0,0.0,0.0,0.0,0.0,0.0,0.0,0.0,0.0,0.0,0.0,0.0,0.6473,13.8498,0.0,0.0,6.359500000000001,0.0,0.0,0.0,0.0,0.0,0.0,283.0731,0.0,0.0,0.0,0.0,2.8518999999999997,42.776199999999996,0.0,88.9413,0.0,0.0,0.0,0.0,0.0,0.0,0.0,0.0,0.0,0.0,0.0,0.0,0.0,558.8914,0.0,0.0,0.0,0.0,0.0,22.3764,0.0,1.7708,77.8779,38.2434,0.0,0.0,0.0,44.988299999999995,4.8676,64.6127,43.069500000000005,4.6124,0.0,24.967899999999997,61.4536,0.0,0.0,0.0,86.25299999999999,103.3243,22.0185,38.650999999999996,20.2818,842.7688,0.0,0.0,339.3378,7.5873
0.0,0.0,0.0,32.9397,0.0,408.82099999999997,207.1646,11.0499,0.0,41.826100000000004,1.0837,0.0,19.8146,587.4922,961.4853,1.9239,0.0,97.3269,0.0,569.0654999999999,1761.5217,0.0,2.3682999999999996,234.66920000000002,445.3539,0.0,0.0,0.0,0.0,0.0,26.148500000000002,78.79599999999999,78.26780000000001,0.0,0.0,0.0,0.0,0.0,0.0,0.0,0.0,0.0,0.0,0.0,0.0,0.0,0.0,0.0,0.0,0.0,0.0,0.0,0.0,0.0,0.0,0.0,0.0,0.5523,13.970200000000002,0.0,0.0,5.3601,0.0,0.0,0.0,0.0,0.0,0.0,284.7938,0.0,0.0,0.0,0.0,3.0454999999999997,43.0362,0.0,89.482,0.0,0.0,0.0,0.0,0.0,0.0,0.0,0.0,0.0,0.0,0.0,0.0,0.0,563.6695,0.0,0.0,0.0,0.0,0.0,20.5591,0.0,1.142,80.4308,38.138,0.0,0.0,0.0,71.4449,6.7537,83.4751,50.5731,5.3347,0.0,27.786699999999996,56.4628,0.0,0.0,0.0,85.58350000000002,75.5804,12.3721,35.512,20.2818,488.2512,0.0,0.0,309.4628,7.6222
0.0,0.0,0.0,32.9397,0.0,408.82099999999997,207.1646,11.0499,0.0,41.826100000000004,1.0837,0.0,19.8146,587.4922,961.4853,1.9239,0.0,97.3269,0.0,569.0654999999999,1761.5217,0.0,2.3682999999999996,234.66920000000002,445.3539,0.0,0.0,0.0,0.0,0.0,26.148500000000002,78.79599999999999,78.26780000000001,0.0,0.0,0.0,0.0,0.0,0.0,0.0,0.0,0.0,0.0,0.0,0.0,0.0,0.0,0.0,0.0,0.0,0.0,0.0,0.0,0.0,0.0,0.0,0.0,0.5523,13.970200000000002,0.0,0.0,5.3601,0.0,0.0,0.0,0.0,0.0,0.0,284.7938,0.0,0.0,0.0,0.0,3.0454999999999997,43.0362,0.0,89.482,0.0,0.0,0.0,0.0,0.0,0.0,0.0,0.0,0.0,0.0,0.0,0.0,0.0,563.6695,0.0,0.0,0.0,0.0,0.0,20.5591,0.0,1.142,80.4308,38.138,0.0,0.0,0.0,71.4449,6.7537,83.4751,50.5731,5.3347,0.0,27.786699999999996,56.4628,0.0,0.0,0.0,85.58350000000002,75.5804,12.3721,35.512,20.2818,488.2512,0.0,0.0,309.4628,7.6222
0.0,0.0,0.0,32.9397,0.0,408.82099999999997,207.1646,11.0499,0.0,41.826100000000004,1.0837,0.0,19.8146,587.4922,961.4853,1.9239,0.0,97.3269,0.0,569.0654999999999,1761.5217,0.0,2.3682999999999996,234.66920000000002,445.3539,0.0,0.0,0.0,0.0,0.0,26.148500000000002,78.79599999999999,78.26780000000001,0.0,0.0,0.0,0.0,0.0,0.0,0.0,0.0,0.0,0.0,0.0,0.0,0.0,0.0,0.0,0.0,0.0,0.0,0.0,0.0,0.0,0.0,0.0,0.0,0.5523,13.970200000000002,0.0,0.0,5.3601,0.0,0.0,0.0,0.0,0.0,0.0,284.7938,0.0,0.0,0.0,0.0,3.0454999999999997,43.0362,0.0,89.482,0.0,0.0,0.0,0.0,0.0,0.0,0.0,0.0,0.0,0.0,0.0,0.0,0.0,563.6695,0.0,0.0,0.0,0.0,0.0,20.5591,0.0,1.142,80.4308,38.138,0.0,0.0,0.0,71.4449,6.7537,83.4751,50.5731,5.3347,0.0,27.786699999999996,56.4628,0.0,0.0,0.0,85.58350000000002,75.5804,12.3721,35.512,20.2818,488.2512,0.0,0.0,309.4628,7.6222
0.0,0.0,0.0,32.9397,0.0,408.82099999999997,207.1646,11.0499,0.0,41.826100000000004,1.0837,0.0,19.8146,587.4922,961.4853,1.9239,0.0,97.3269,0.0,569.0654999999999,1761.5217,0.0,2.3682999999999996,234.66920000000002,445.3539,0.0,0.0,0.0,0.0,0.0,26.148500000000002,78.79599999999999,78.26780000000001,0.0,0.0,0.0,0.0,0.0,0.0,0.0,0.0,0.0,0.0,0.0,0.0,0.0,0.0,0.0,0.0,0.0,0.0,0.0,0.0,0.0,0.0,0.0,0.0,0.5523,13.970200000000002,0.0,0.0,5.3601,0.0,0.0,0.0,0.0,0.0,0.0,284.7938,0.0,0.0,0.0,0.0,3.0454999999999997,43.0362,0.0,89.482,0.0,0.0,0.0,0.0,0.0,0.0,0.0,0.0,0.0,0.0,0.0,0.0,0.0,563.6695,0.0,0.0,0.0,0.0,0.0,20.5591,0.0,1.142,80.4308,38.138,0.0,0.0,0.0,71.4449,6.7537,83.4751,50.5731,5.3347,0.0,27.786699999999996,56.4628,0.0,0.0,0.0,85.58350000000002,75.5804,12.3721,35.512,20.2818,488.2512,0.0,0.0,309.4628,7.6222
0.0,0.0,0.0,32.9397,0.0,408.82099999999997,207.1646,11.0499,0.0,41.826100000000004,1.0837,0.0,19.8146,587.4922,961.4853,1.9239,0.0,97.3269,0.0,569.0654999999999,1761.5217,0.0,2.3682999999999996,234.66920000000002,445.3539,0.0,0.0,0.0,0.0,0.0,26.148500000000002,78.79599999999999,78.26780000000001,0.0,0.0,0.0,0.0,0.0,0.0,0.0,0.0,0.0,0.0,0.0,0.0,0.0,0.0,0.0,0.0,0.0,0.0,0.0,0.0,0.0,0.0,0.0,0.0,0.5523,13.970200000000002,0.0,0.0,5.3601,0.0,0.0,0.0,0.0,0.0,0.0,284.7938,0.0,0.0,0.0,0.0,3.0454999999999997,43.0362,0.0,89.482,0.0,0.0,0.0,0.0,0.0,0.0,0.0,0.0,0.0,0.0,0.0,0.0,0.0,563.6695,0.0,0.0,0.0,0.0,0.0,20.5591,0.0,1.142,80.4308,38.138,0.0,0.0,0.0,71.4449,6.7537,83.4751,50.5731,5.3347,0.0,27.786699999999996,56.4628,0.0,0.0,0.0,85.58350000000002,75.5804,12.3721,35.512,20.2818,488.2512,0.0,0.0,309.4628,7.6222
0.0,0.0,0.0,32.9397,0.0,408.82099999999997,207.1646,11.0499,0.0,41.826100000000004,1.0837,0.0,19.8146,587.4922,961.4853,1.9239,0.0,97.3269,0.0,569.0654999999999,1761.5217,0.0,2.3682999999999996,234.66920000000002,445.3539,0.0,0.0,0.0,0.0,0.0,26.148500000000002,78.79599999999999,78.26780000000001,0.0,0.0,0.0,0.0,0.0,0.0,0.0,0.0,0.0,0.0,0.0,0.0,0.0,0.0,0.0,0.0,0.0,0.0,0.0,0.0,0.0,0.0,0.0,0.0,0.5523,13.970200000000002,0.0,0.0,5.3601,0.0,0.0,0.0,0.0,0.0,0.0,284.7938,0.0,0.0,0.0,0.0,3.0454999999999997,43.0362,0.0,89.482,0.0,0.0,0.0,0.0,0.0,0.0,0.0,0.0,0.0,0.0,0.0,0.0,0.0,563.6695,0.0,0.0,0.0,0.0,0.0,20.5591,0.0,1.142,80.4308,38.138,0.0,0.0,0.0,71.4449,6.7537,83.4751,50.5731,5.3347,0.0,27.786699999999996,56.4628,0.0,0.0,0.0,85.58350000000002,75.5804,12.3721,35.512,20.2818,488.2512,0.0,0.0,309.4628,7.6222
0.0,0.0,0.0,32.9397,0.0,408.82099999999997,207.1646,11.0499,0.0,41.826100000000004,1.0837,0.0,19.8146,587.4922,961.4853,1.9239,0.0,97.3269,0.0,569.0654999999999,1761.5217,0.0,2.3682999999999996,234.66920000000002,445.3539,0.0,0.0,0.0,0.0,0.0,26.148500000000002,78.79599999999999,78.26780000000001,0.0,0.0,0.0,0.0,0.0,0.0,0.0,0.0,0.0,0.0,0.0,0.0,0.0,0.0,0.0,0.0,0.0,0.0,0.0,0.0,0.0,0.0,0.0,0.0,0.5523,13.970200000000002,0.0,0.0,5.3601,0.0,0.0,0.0,0.0,0.0,0.0,284.7938,0.0,0.0,0.0,0.0,3.0454999999999997,43.0362,0.0,89.482,0.0,0.0,0.0,0.0,0.0,0.0,0.0,0.0,0.0,0.0,0.0,0.0,0.0,563.6695,0.0,0.0,0.0,0.0,0.0,20.5591,0.0,1.142,80.4308,38.138,0.0,0.0,0.0,71.4449,6.7537,83.4751,50.5731,5.3347,0.0,27.786699999999996,56.4628,0.0,0.0,0.0,85.58350000000002,75.5804,12.3721,35.512,20.2818,488.2512,0.0,0.0,309.4628,7.6222
0.0,0.0,0.0,24.3988,0.0,312.62960000000004,180.08370000000002,9.6343,0.0,32.680299999999995,1.0428,0.0,18.3697,459.02909999999997,785.5492999999999,1.6414,0.0,88.68610000000001,0.0,549.4574,1346.8635000000002,0.0,2.1319,217.93809999999996,426.08180000000004,0.0,0.0,0.0,0.0,0.0,24.0248,72.3963,67.4958,0.0,0.0,0.0,0.0,0.0,0.0,0.0,0.0,0.0,0.0,0.0,0.0,0.0,0.0,0.0,0.0,0.0,0.0,0.0,0.0,0.0,0.0,0.0,0.0,0.3467,14.4157,0.0,0.0,5.079899999999999,0.0,0.0,0.0,0.0,0.0,0.0,294.8319,0.0,0.0,0.0,0.0,2.9237,44.5531,0.0,92.6359,0.0,0.0,0.0,0.0,0.0,0.0,0.0,0.0,0.0,0.0,0.0,0.0,0.0,94.0414,0.0,0.0,0.0,0.0,0.0,20.3602,0.0,0.3673,89.2854,37.8218,0.0,0.0,0.0,88.4912,5.883,87.21369999999999,46.740300000000005,5.058999999999999,0.0,22.446299999999997,55.9166,0.0,0.0,0.0,80.7861,68.8004,11.469899999999999,35.1685,6.8369,452.6455,0.0,0.0,227.04119999999998,7.8199
0.0,0.0,0.0,24.3988,0.0,312.62960000000004,180.08370000000002,9.6343,0.0,32.680299999999995,1.0428,0.0,18.3697,459.02909999999997,785.5492999999999,1.6414,0.0,88.68610000000001,0.0,549.4574,1346.8635000000002,0.0,2.1319,217.93809999999996,426.08180000000004,0.0,0.0,0.0,0.0,0.0,24.0248,72.3963,67.4958,0.0,0.0,0.0,0.0,0.0,0.0,0.0,0.0,0.0,0.0,0.0,0.0,0.0,0.0,0.0,0.0,0.0,0.0,0.0,0.0,0.0,0.0,0.0,0.0,0.3467,14.4157,0.0,0.0,5.079899999999999,0.0,0.0,0.0,0.0,0.0,0.0,294.8319,0.0,0.0,0.0,0.0,2.9237,44.5531,0.0,92.6359,0.0,0.0,0.0,0.0,0.0,0.0,0.0,0.0,0.0,0.0,0.0,0.0,0.0,94.0414,0.0,0.0,0.0,0.0,0.0,20.3602,0.0,0.3673,89.2854,37.8218,0.0,0.0,0.0,88.4912,5.883,87.21369999999999,46.740300000000005,5.058999999999999,0.0,22.446299999999997,55.9166,0.0,0.0,0.0,80.7861,68.8004,11.469899999999999,35.1685,6.8369,452.6455,0.0,0.0,227.04119999999998,7.8199
0.0,0.0,0.0,24.3988,0.0,312.62960000000004,180.08370000000002,9.6343,0.0,32.680299999999995,1.0428,0.0,18.3697,459.02909999999997,785.5492999999999,1.6414,0.0,88.68610000000001,0.0,549.4574,1346.8635000000002,0.0,2.1319,217.93809999999996,426.08180000000004,0.0,0.0,0.0,0.0,0.0,24.0248,72.3963,67.4958,0.0,0.0,0.0,0.0,0.0,0.0,0.0,0.0,0.0,0.0,0.0,0.0,0.0,0.0,0.0,0.0,0.0,0.0,0.0,0.0,0.0,0.0,0.0,0.0,0.3467,14.4157,0.0,0.0,5.079899999999999,0.0,0.0,0.0,0.0,0.0,0.0,294.8319,0.0,0.0,0.0,0.0,2.9237,44.5531,0.0,92.6359,0.0,0.0,0.0,0.0,0.0,0.0,0.0,0.0,0.0,0.0,0.0,0.0,0.0,94.0414,0.0,0.0,0.0,0.0,0.0,20.3602,0.0,0.3673,89.2854,37.8218,0.0,0.0,0.0,88.4912,5.883,87.21369999999999,46.740300000000005,5.058999999999999,0.0,22.446299999999997,55.9166,0.0,0.0,0.0,80.7861,68.8004,11.469899999999999,35.1685,6.8369,452.6455,0.0,0.0,227.04119999999998,7.8199
0.0,0.0,0.0,24.3988,0.0,312.62960000000004,180.08370000000002,9.6343,0.0,32.680299999999995,1.0428,0.0,18.3697,459.02909999999997,785.5492999999999,1.6414,0.0,88.68610000000001,0.0,549.4574,1346.8635000000002,0.0,2.1319,217.93809999999996,426.08180000000004,0.0,0.0,0.0,0.0,0.0,24.0248,72.3963,67.4958,0.0,0.0,0.0,0.0,0.0,0.0,0.0,0.0,0.0,0.0,0.0,0.0,0.0,0.0,0.0,0.0,0.0,0.0,0.0,0.0,0.0,0.0,0.0,0.0,0.3467,14.4157,0.0,0.0,5.079899999999999,0.0,0.0,0.0,0.0,0.0,0.0,294.8319,0.0,0.0,0.0,0.0,2.9237,44.5531,0.0,92.6359,0.0,0.0,0.0,0.0,0.0,0.0,0.0,0.0,0.0,0.0,0.0,0.0,0.0,94.0414,0.0,0.0,0.0,0.0,0.0,20.3602,0.0,0.3673,89.2854,37.8218,0.0,0.0,0.0,88.4912,5.883,87.21369999999999,46.740300000000005,5.058999999999999,0.0,22.446299999999997,55.9166,0.0,0.0,0.0,80.7861,68.8004,11.469899999999999,35.1685,6.8369,452.6455,0.0,0.0,227.04119999999998,7.8199
0.0,0.0,0.0,24.3988,0.0,312.62960000000004,180.08370000000002,9.6343,0.0,32.680299999999995,1.0428,0.0,18.3697,459.02909999999997,785.5492999999999,1.6414,0.0,88.68610000000001,0.0,549.4574,1346.8635000000002,0.0,2.1319,217.93809999999996,426.08180000000004,0.0,0.0,0.0,0.0,0.0,24.0248,72.3963,67.4958,0.0,0.0,0.0,0.0,0.0,0.0,0.0,0.0,0.0,0.0,0.0,0.0,0.0,0.0,0.0,0.0,0.0,0.0,0.0,0.0,0.0,0.0,0.0,0.0,0.3467,14.4157,0.0,0.0,5.079899999999999,0.0,0.0,0.0,0.0,0.0,0.0,294.8319,0.0,0.0,0.0,0.0,2.9237,44.5531,0.0,92.6359,0.0,0.0,0.0,0.0,0.0,0.0,0.0,0.0,0.0,0.0,0.0,0.0,0.0,94.0414,0.0,0.0,0.0,0.0,0.0,20.3602,0.0,0.3673,89.2854,37.8218,0.0,0.0,0.0,88.4912,5.883,87.21369999999999,46.740300000000005,5.058999999999999,0.0,22.446299999999997,55.9166,0.0,0.0,0.0,80.7861,68.8004,11.469899999999999,35.1685,6.8369,452.6455,0.0,0.0,227.04119999999998,7.8199
0.0,0.0,0.0,24.3988,0.0,312.62960000000004,180.08370000000002,9.6343,0.0,32.680299999999995,1.0428,0.0,18.3697,459.02909999999997,785.5492999999999,1.6414,0.0,88.68610000000001,0.0,549.4574,1346.8635000000002,0.0,2.1319,217.93809999999996,426.08180000000004,0.0,0.0,0.0,0.0,0.0,24.0248,72.3963,67.4958,0.0,0.0,0.0,0.0,0.0,0.0,0.0,0.0,0.0,0.0,0.0,0.0,0.0,0.0,0.0,0.0,0.0,0.0,0.0,0.0,0.0,0.0,0.0,0.0,0.3467,14.4157,0.0,0.0,5.079899999999999,0.0,0.0,0.0,0.0,0.0,0.0,294.8319,0.0,0.0,0.0,0.0,2.9237,44.5531,0.0,92.6359,0.0,0.0,0.0,0.0,0.0,0.0,0.0,0.0,0.0,0.0,0.0,0.0,0.0,94.0414,0.0,0.0,0.0,0.0,0.0,20.3602,0.0,0.3673,89.2854,37.8218,0.0,0.0,0.0,88.4912,5.883,87.21369999999999,46.740300000000005,5.058999999999999,0.0,22.446299999999997,55.9166,0.0,0.0,0.0,80.7861,68.8004,11.469899999999999,35.1685,6.8369,452.6455,0.0,0.0,227.04119999999998,7.8199
0.0,0.0,0.0,24.3988,0.0,312.62960000000004,180.08370000000002,9.6343,0.0,32.680299999999995,1.0428,0.0,18.3697,459.02909999999997,785.5492999999999,1.6414,0.0,88.68610000000001,0.0,549.4574,1346.8635000000002,0.0,2.1319,217.93809999999996,426.08180000000004,0.0,0.0,0.0,0.0,0.0,24.0248,72.3963,67.4958,0.0,0.0,0.0,0.0,0.0,0.0,0.0,0.0,0.0,0.0,0.0,0.0,0.0,0.0,0.0,0.0,0.0,0.0,0.0,0.0,0.0,0.0,0.0,0.0,0.3467,14.4157,0.0,0.0,5.079899999999999,0.0,0.0,0.0,0.0,0.0,0.0,294.8319,0.0,0.0,0.0,0.0,2.9237,44.5531,0.0,92.6359,0.0,0.0,0.0,0.0,0.0,0.0,0.0,0.0,0.0,0.0,0.0,0.0,0.0,94.0414,0.0,0.0,0.0,0.0,0.0,20.3602,0.0,0.3673,89.2854,37.8218,0.0,0.0,0.0,88.4912,5.883,87.21369999999999,46.740300000000005,5.058999999999999,0.0,22.446299999999997,55.9166,0.0,0.0,0.0,80.7861,68.8004,11.469899999999999,35.1685,6.8369,452.6455,0.0,0.0,227.04119999999998,7.8199
0.0,0.0,0.0,29.2883,0.0,368.33219999999994,179.7096,9.357800000000001,0.0,40.776900000000005,1.1025,0.0,17.090299999999996,582.8103,919.8795,1.3279999999999998,0.0,81.50649999999999,0.0,695.5856,1695.0211000000002,0.0,2.0368,212.6054,422.09250000000003,0.0,0.0,0.0,0.0,0.0,22.9773,77.15110000000001,74.34540000000001,0.0,0.0,0.0,0.0,0.0,0.0,0.0,0.0,0.0,0.0,0.0,0.0,0.0,0.0,0.0,0.0,0.0,0.0,0.0,0.0,0.0,0.0,0.0,0.0,0.29269999999999996,14.5835,0.0,0.0,4.8628,0.0,0.0,0.0,0.0,0.0,0.0,284.628,0.0,0.0,0.0,0.0,2.9514,43.6314,0.0,89.7348,0.0,0.0,0.0,0.0,0.0,0.0,0.0,0.0,0.0,0.0,0.0,0.0,0.0,28.0583,0.0,0.0,0.0,0.0,0.0,19.1477,0.0,0.1774,100.04520000000001,38.0186,0.0,0.0,0.0,68.4188,3.8308999999999997,80.81909999999999,36.952799999999996,3.6973,0.0,23.637199999999996,52.5865,0.0,0.0,0.0,69.5509,66.4029,10.6712,33.0741,2.6392,422.6943,0.0,0.0,181.79209999999998,7.743
0.0,0.0,0.0,29.2883,0.0,368.33219999999994,179.7096,9.357800000000001,0.0,40.776900000000005,1.1025,0.0,17.090299999999996,582.8103,919.8795,1.3279999999999998,0.0,81.50649999999999,0.0,695.5856,1695.0211000000002,0.0,2.0368,212.6054,422.09250000000003,0.0,0.0,0.0,0.0,0.0,22.9773,77.15110000000001,74.34540000000001,0.0,0.0,0.0,0.0,0.0,0.0,0.0,0.0,0.0,0.0,0.0,0.0,0.0,0.0,0.0,0.0,0.0,0.0,0.0,0.0,0.0,0.0,0.0,0.0,0.29269999999999996,14.5835,0.0,0.0,4.8628,0.0,0.0,0.0,0.0,0.0,0.0,284.628,0.0,0.0,0.0,0.0,2.9514,43.6314,0.0,89.7348,0.0,0.0,0.0,0.0,0.0,0.0,0.0,0.0,0.0,0.0,0.0,0.0,0.0,28.0583,0.0,0.0,0.0,0.0,0.0,19.1477,0.0,0.1774,100.04520000000001,38.0186,0.0,0.0,0.0,68.4188,3.8308999999999997,80.81909999999999,36.952799999999996,3.6973,0.0,23.637199999999996,52.5865,0.0,0.0,0.0,69.5509,66.4029,10.6712,33.0741,2.6392,422.6943,0.0,0.0,181.79209999999998,7.743
0.0,0.0,0.0,29.2883,0.0,368.33219999999994,179.7096,9.357800000000001,0.0,40.776900000000005,1.1025,0.0,17.090299999999996,582.8103,919.8795,1.3279999999999998,0.0,81.50649999999999,0.0,695.5856,1695.0211000000002,0.0,2.0368,212.6054,422.09250000000003,0.0,0.0,0.0,0.0,0.0,22.9773,77.15110000000001,74.34540000000001,0.0,0.0,0.0,0.0,0.0,0.0,0.0,0.0,0.0,0.0,0.0,0.0,0.0,0.0,0.0,0.0,0.0,0.0,0.0,0.0,0.0,0.0,0.0,0.0,0.29269999999999996,14.5835,0.0,0.0,4.8628,0.0,0.0,0.0,0.0,0.0,0.0,284.628,0.0,0.0,0.0,0.0,2.9514,43.6314,0.0,89.7348,0.0,0.0,0.0,0.0,0.0,0.0,0.0,0.0,0.0,0.0,0.0,0.0,0.0,28.0583,0.0,0.0,0.0,0.0,0.0,19.1477,0.0,0.1774,100.04520000000001,38.0186,0.0,0.0,0.0,68.4188,3.8308999999999997,80.81909999999999,36.952799999999996,3.6973,0.0,23.637199999999996,52.5865,0.0,0.0,0.0,69.5509,66.4029,10.6712,33.0741,2.6392,422.6943,0.0,0.0,181.79209999999998,7.743
0.0,0.0,0.0,29.2883,0.0,368.33219999999994,179.7096,9.357800000000001,0.0,40.776900000000005,1.1025,0.0,17.090299999999996,582.8103,919.8795,1.3279999999999998,0.0,81.50649999999999,0.0,695.5856,1695.0211000000002,0.0,2.0368,212.6054,422.09250000000003,0.0,0.0,0.0,0.0,0.0,22.9773,77.15110000000001,74.34540000000001,0.0,0.0,0.0,0.0,0.0,0.0,0.0,0.0,0.0,0.0,0.0,0.0,0.0,0.0,0.0,0.0,0.0,0.0,0.0,0.0,0.0,0.0,0.0,0.0,0.29269999999999996,14.5835,0.0,0.0,4.8628,0.0,0.0,0.0,0.0,0.0,0.0,284.628,0.0,0.0,0.0,0.0,2.9514,43.6314,0.0,89.7348,0.0,0.0,0.0,0.0,0.0,0.0,0.0,0.0,0.0,0.0,0.0,0.0,0.0,28.0583,0.0,0.0,0.0,0.0,0.0,19.1477,0.0,0.1774,100.04520000000001,38.0186,0.0,0.0,0.0,68.4188,3.8308999999999997,80.81909999999999,36.952799999999996,3.6973,0.0,23.637199999999996,52.5865,0.0,0.0,0.0,69.5509,66.4029,10.6712,33.0741,2.6392,422.6943,0.0,0.0,181.79209999999998,7.743
0.0,0.0,0.0,29.2883,0.0,368.33219999999994,179.7096,9.357800000000001,0.0,40.776900000000005,1.1025,0.0,17.090299999999996,582.8103,919.8795,1.3279999999999998,0.0,81.50649999999999,0.0,695.5856,1695.0211000000002,0.0,2.0368,212.6054,422.09250000000003,0.0,0.0,0.0,0.0,0.0,22.9773,77.15110000000001,74.34540000000001,0.0,0.0,0.0,0.0,0.0,0.0,0.0,0.0,0.0,0.0,0.0,0.0,0.0,0.0,0.0,0.0,0.0,0.0,0.0,0.0,0.0,0.0,0.0,0.0,0.29269999999999996,14.5835,0.0,0.0,4.8628,0.0,0.0,0.0,0.0,0.0,0.0,284.628,0.0,0.0,0.0,0.0,2.9514,43.6314,0.0,89.7348,0.0,0.0,0.0,0.0,0.0,0.0,0.0,0.0,0.0,0.0,0.0,0.0,0.0,28.0583,0.0,0.0,0.0,0.0,0.0,19.1477,0.0,0.1774,100.04520000000001,38.0186,0.0,0.0,0.0,68.4188,3.8308999999999997,80.81909999999999,36.952799999999996,3.6973,0.0,23.637199999999996,52.5865,0.0,0.0,0.0,69.5509,66.4029,10.6712,33.0741,2.6392,422.6943,0.0,0.0,181.79209999999998,7.743
0.0,0.0,0.0,29.2883,0.0,368.33219999999994,179.7096,9.357800000000001,0.0,40.776900000000005,1.1025,0.0,17.090299999999996,582.8103,919.8795,1.3279999999999998,0.0,81.50649999999999,0.0,695.5856,1695.0211000000002,0.0,2.0368,212.6054,422.09250000000003,0.0,0.0,0.0,0.0,0.0,22.9773,77.15110000000001,74.34540000000001,0.0,0.0,0.0,0.0,0.0,0.0,0.0,0.0,0.0,0.0,0.0,0.0,0.0,0.0,0.0,0.0,0.0,0.0,0.0,0.0,0.0,0.0,0.0,0.0,0.29269999999999996,14.5835,0.0,0.0,4.8628,0.0,0.0,0.0,0.0,0.0,0.0,284.628,0.0,0.0,0.0,0.0,2.9514,43.6314,0.0,89.7348,0.0,0.0,0.0,0.0,0.0,0.0,0.0,0.0,0.0,0.0,0.0,0.0,0.0,28.0583,0.0,0.0,0.0,0.0,0.0,19.1477,0.0,0.1774,100.04520000000001,38.0186,0.0,0.0,0.0,68.4188,3.8308999999999997,80.81909999999999,36.952799999999996,3.6973,0.0,23.637199999999996,52.5865,0.0,0.0,0.0,69.5509,66.4029,10.6712,33.0741,2.6392,422.6943,0.0,0.0,181.79209999999998,7.743
0.0,0.0,0.0,29.2883,0.0,368.33219999999994,179.7096,9.357800000000001,0.0,40.776900000000005,1.1025,0.0,17.090299999999996,582.8103,919.8795,1.3279999999999998,0.0,81.50649999999999,0.0,695.5856,1695.0211000000002,0.0,2.0368,212.6054,422.09250000000003,0.0,0.0,0.0,0.0,0.0,22.9773,77.15110000000001,74.34540000000001,0.0,0.0,0.0,0.0,0.0,0.0,0.0,0.0,0.0,0.0,0.0,0.0,0.0,0.0,0.0,0.0,0.0,0.0,0.0,0.0,0.0,0.0,0.0,0.0,0.29269999999999996,14.5835,0.0,0.0,4.8628,0.0,0.0,0.0,0.0,0.0,0.0,284.628,0.0,0.0,0.0,0.0,2.9514,43.6314,0.0,89.7348,0.0,0.0,0.0,0.0,0.0,0.0,0.0,0.0,0.0,0.0,0.0,0.0,0.0,28.0583,0.0,0.0,0.0,0.0,0.0,19.1477,0.0,0.1774,100.04520000000001,38.0186,0.0,0.0,0.0,68.4188,3.8308999999999997,80.81909999999999,36.952799999999996,3.6973,0.0,23.637199999999996,52.5865,0.0,0.0,0.0,69.5509,66.4029,10.6712,33.0741,2.6392,422.6943,0.0,0.0,181.79209999999998,7.743
0.0,0.0,0.0,26.434,0.0,325.5796000000001,192.3235,9.006,0.0,38.3784,0.8943,0.0,14.569800000000003,609.7991999999999,919.3960999999999,1.0464,0.0,80.2851,0.0,588.1135,1602.7215,0.0,1.5348000000000002,234.03139999999996,484.52559999999994,0.0,0.0,0.0,0.0,0.0,26.5454,129.52769999999998,153.2263,0.0,0.0,0.0,0.0,0.0,0.0,0.0,0.0,0.0,0.0,0.0,0.0,0.0,0.0,0.0,0.0,0.0,0.0,0.0,0.0,0.0,0.0,0.0,0.0,0.25029999999999997,17.3201,0.0,0.0,4.8465,0.0,0.0,0.0,0.0,0.0,0.0,241.51440000000002,0.0,0.0,0.0,0.0,3.0879,41.6966,0.0,78.4405,0.0,0.0,0.0,0.0,0.0,0.0,0.0,0.0,0.0,0.0,0.0,0.0,0.0,465.7721,0.0,0.0,0.0,0.0,0.0,17.6655,0.0,0.6039,92.3752,36.074200000000005,0.0,0.0,0.0,45.6434,6.0836,58.11529999999999,20.8423,2.2839,0.0,29.9425,48.516,0.0,0.0,0.0,89.7129,65.6607,9.0973,30.513999999999996,9.2177,366.99649999999997,0.0,0.0,173.29309999999998,7.7871
0.0,0.0,0.0,26.434,0.0,325.5796000000001,192.3235,9.006,0.0,38.3784,0.8943,0.0,14.569800000000003,609.7991999999999,919.3960999999999,1.0464,0.0,80.2851,0.0,588.1135,1602.7215,0.0,1.5348000000000002,234.03139999999996,484.52559999999994,0.0,0.0,0.0,0.0,0.0,26.5454,129.52769999999998,153.2263,0.0,0.0,0.0,0.0,0.0,0.0,0.0,0.0,0.0,0.0,0.0,0.0,0.0,0.0,0.0,0.0,0.0,0.0,0.0,0.0,0.0,0.0,0.0,0.0,0.25029999999999997,17.3201,0.0,0.0,4.8465,0.0,0.0,0.0,0.0,0.0,0.0,241.51440000000002,0.0,0.0,0.0,0.0,3.0879,41.6966,0.0,78.4405,0.0,0.0,0.0,0.0,0.0,0.0,0.0,0.0,0.0,0.0,0.0,0.0,0.0,465.7721,0.0,0.0,0.0,0.0,0.0,17.6655,0.0,0.6039,92.3752,36.074200000000005,0.0,0.0,0.0,45.6434,6.0836,58.11529999999999,20.8423,2.2839,0.0,29.9425,48.516,0.0,0.0,0.0,89.7129,65.6607,9.0973,30.513999999999996,9.2177,366.99649999999997,0.0,0.0,173.29309999999998,7.7871
0.0,0.0,0.0,26.434,0.0,325.5796000000001,192.3235,9.006,0.0,38.3784,0.8943,0.0,14.569800000000003,609.7991999999999,919.3960999999999,1.0464,0.0,80.2851,0.0,588.1135,1602.7215,0.0,1.5348000000000002,234.03139999999996,484.52559999999994,0.0,0.0,0.0,0.0,0.0,26.5454,129.52769999999998,153.2263,0.0,0.0,0.0,0.0,0.0,0.0,0.0,0.0,0.0,0.0,0.0,0.0,0.0,0.0,0.0,0.0,0.0,0.0,0.0,0.0,0.0,0.0,0.0,0.0,0.25029999999999997,17.3201,0.0,0.0,4.8465,0.0,0.0,0.0,0.0,0.0,0.0,241.51440000000002,0.0,0.0,0.0,0.0,3.0879,41.6966,0.0,78.4405,0.0,0.0,0.0,0.0,0.0,0.0,0.0,0.0,0.0,0.0,0.0,0.0,0.0,465.7721,0.0,0.0,0.0,0.0,0.0,17.6655,0.0,0.6039,92.3752,36.074200000000005,0.0,0.0,0.0,45.6434,6.0836,58.11529999999999,20.8423,2.2839,0.0,29.9425,48.516,0.0,0.0,0.0,89.7129,65.6607,9.0973,30.513999999999996,9.2177,366.99649999999997,0.0,0.0,173.29309999999998,7.7871
0.0,0.0,0.0,26.434,0.0,325.5796000000001,192.3235,9.006,0.0,38.3784,0.8943,0.0,14.569800000000003,609.7991999999999,919.3960999999999,1.0464,0.0,80.2851,0.0,588.1135,1602.7215,0.0,1.5348000000000002,234.03139999999996,484.52559999999994,0.0,0.0,0.0,0.0,0.0,26.5454,129.52769999999998,153.2263,0.0,0.0,0.0,0.0,0.0,0.0,0.0,0.0,0.0,0.0,0.0,0.0,0.0,0.0,0.0,0.0,0.0,0.0,0.0,0.0,0.0,0.0,0.0,0.0,0.25029999999999997,17.3201,0.0,0.0,4.8465,0.0,0.0,0.0,0.0,0.0,0.0,241.51440000000002,0.0,0.0,0.0,0.0,3.0879,41.6966,0.0,78.4405,0.0,0.0,0.0,0.0,0.0,0.0,0.0,0.0,0.0,0.0,0.0,0.0,0.0,465.7721,0.0,0.0,0.0,0.0,0.0,17.6655,0.0,0.6039,92.3752,36.074200000000005,0.0,0.0,0.0,45.6434,6.0836,58.11529999999999,20.8423,2.2839,0.0,29.9425,48.516,0.0,0.0,0.0,89.7129,65.6607,9.0973,30.513999999999996,9.2177,366.99649999999997,0.0,0.0,173.29309999999998,7.7871
0.0,0.0,0.0,26.434,0.0,325.5796000000001,192.3235,9.006,0.0,38.3784,0.8943,0.0,14.569800000000003,609.7991999999999,919.3960999999999,1.0464,0.0,80.2851,0.0,588.1135,1602.7215,0.0,1.5348000000000002,234.03139999999996,484.52559999999994,0.0,0.0,0.0,0.0,0.0,26.5454,129.52769999999998,153.2263,0.0,0.0,0.0,0.0,0.0,0.0,0.0,0.0,0.0,0.0,0.0,0.0,0.0,0.0,0.0,0.0,0.0,0.0,0.0,0.0,0.0,0.0,0.0,0.0,0.25029999999999997,17.3201,0.0,0.0,4.8465,0.0,0.0,0.0,0.0,0.0,0.0,241.51440000000002,0.0,0.0,0.0,0.0,3.0879,41.6966,0.0,78.4405,0.0,0.0,0.0,0.0,0.0,0.0,0.0,0.0,0.0,0.0,0.0,0.0,0.0,465.7721,0.0,0.0,0.0,0.0,0.0,17.6655,0.0,0.6039,92.3752,36.074200000000005,0.0,0.0,0.0,45.6434,6.0836,58.11529999999999,20.8423,2.2839,0.0,29.9425,48.516,0.0,0.0,0.0,89.7129,65.6607,9.0973,30.513999999999996,9.2177,366.99649999999997,0.0,0.0,173.29309999999998,7.7871
0.0,0.0,0.0,26.434,0.0,325.5796000000001,192.3235,9.006,0.0,38.3784,0.8943,0.0,14.569800000000003,609.7991999999999,919.3960999999999,1.0464,0.0,80.2851,0.0,588.1135,1602.7215,0.0,1.5348000000000002,234.03139999999996,484.52559999999994,0.0,0.0,0.0,0.0,0.0,26.5454,129.52769999999998,153.2263,0.0,0.0,0.0,0.0,0.0,0.0,0.0,0.0,0.0,0.0,0.0,0.0,0.0,0.0,0.0,0.0,0.0,0.0,0.0,0.0,0.0,0.0,0.0,0.0,0.25029999999999997,17.3201,0.0,0.0,4.8465,0.0,0.0,0.0,0.0,0.0,0.0,241.51440000000002,0.0,0.0,0.0,0.0,3.0879,41.6966,0.0,78.4405,0.0,0.0,0.0,0.0,0.0,0.0,0.0,0.0,0.0,0.0,0.0,0.0,0.0,465.7721,0.0,0.0,0.0,0.0,0.0,17.6655,0.0,0.6039,92.3752,36.074200000000005,0.0,0.0,0.0,45.6434,6.0836,58.11529999999999,20.8423,2.2839,0.0,29.9425,48.516,0.0,0.0,0.0,89.7129,65.6607,9.0973,30.513999999999996,9.2177,366.99649999999997,0.0,0.0,173.29309999999998,7.7871
0.0,0.0,0.0,26.434,0.0,325.5796000000001,192.3235,9.006,0.0,38.3784,0.8943,0.0,14.569800000000003,609.7991999999999,919.3960999999999,1.0464,0.0,80.2851,0.0,588.1135,1602.7215,0.0,1.5348000000000002,234.03139999999996,484.52559999999994,0.0,0.0,0.0,0.0,0.0,26.5454,129.52769999999998,153.2263,0.0,0.0,0.0,0.0,0.0,0.0,0.0,0.0,0.0,0.0,0.0,0.0,0.0,0.0,0.0,0.0,0.0,0.0,0.0,0.0,0.0,0.0,0.0,0.0,0.25029999999999997,17.3201,0.0,0.0,4.8465,0.0,0.0,0.0,0.0,0.0,0.0,241.51440000000002,0.0,0.0,0.0,0.0,3.0879,41.6966,0.0,78.4405,0.0,0.0,0.0,0.0,0.0,0.0,0.0,0.0,0.0,0.0,0.0,0.0,0.0,465.7721,0.0,0.0,0.0,0.0,0.0,17.6655,0.0,0.6039,92.3752,36.074200000000005,0.0,0.0,0.0,45.6434,6.0836,58.11529999999999,20.8423,2.2839,0.0,29.9425,48.516,0.0,0.0,0.0,89.7129,65.6607,9.0973,30.513999999999996,9.2177,366.99649999999997,0.0,0.0,173.29309999999998,7.7871
0.0,0.0,0.0,25.1741,0.0,317.85709999999995,179.00250000000003,8.3549,0.0,30.334400000000002,1.0003,0.0,15.6499,481.9859,763.3452,0.9449,0.0,82.95459999999999,0.0,817.3138000000001,1417.5361,0.0,1.6986,258.07840000000004,529.1833999999999,0.0,0.0,0.0,0.0,0.0,29.266299999999998,142.8046,162.96420000000006,0.0,0.0,0.0,0.0,0.0,0.0,0.0,0.0,0.0,0.0,0.0,0.0,0.0,0.0,0.0,0.0,0.0,0.0,0.0,0.0,0.0,0.0,0.0,0.0,0.2875,17.7301,0.0,0.0,5.3025,0.0,0.0,0.0,0.0,0.0,0.0,247.1617,0.0,0.0,0.0,0.0,3.1847000000000003,42.6716,0.0,80.2746,0.0,0.0,0.0,0.0,0.0,0.0,0.0,0.0,0.0,0.0,0.0,0.0,0.0,750.88,0.0,0.0,0.0,0.0,0.0,18.6996,0.0,2.7401,85.86330000000001,36.1606,0.0,0.0,0.0,53.03830000000001,9.4529,63.7715,15.8949,1.7417,0.0,33.3385,51.3559,0.0,0.0,0.0,70.6754,84.3006,9.7716,32.3001,20.2818,394.2009,0.0,0.0,238.07020000000003,7.9671
0.0,0.0,0.0,25.1741,0.0,317.85709999999995,179.00250000000003,8.3549,0.0,30.334400000000002,1.0003,0.0,15.6499,481.9859,763.3452,0.9449,0.0,82.95459999999999,0.0,817.3138000000001,1417.5361,0.0,1.6986,258.07840000000004,529.1833999999999,0.0,0.0,0.0,0.0,0.0,29.266299999999998,142.8046,162.96420000000006,0.0,0.0,0.0,0.0,0.0,0.0,0.0,0.0,0.0,0.0,0.0,0.0,0.0,0.0,0.0,0.0,0.0,0.0,0.0,0.0,0.0,0.0,0.0,0.0,0.2875,17.7301,0.0,0.0,5.3025,0.0,0.0,0.0,0.0,0.0,0.0,247.1617,0.0,0.0,0.0,0.0,3.1847000000000003,42.6716,0.0,80.2746,0.0,0.0,0.0,0.0,0.0,0.0,0.0,0.0,0.0,0.0,0.0,0.0,0.0,750.88,0.0,0.0,0.0,0.0,0.0,18.6996,0.0,2.7401,85.86330000000001,36.1606,0.0,0.0,0.0,53.03830000000001,9.4529,63.7715,15.8949,1.7417,0.0,33.3385,51.3559,0.0,0.0,0.0,70.6754,84.3006,9.7716,32.3001,20.2818,394.2009,0.0,0.0,238.07020000000003,7.9671
0.0,0.0,0.0,25.1741,0.0,317.85709999999995,179.00250000000003,8.3549,0.0,30.334400000000002,1.0003,0.0,15.6499,481.9859,763.3452,0.9449,0.0,82.95459999999999,0.0,817.3138000000001,1417.5361,0.0,1.6986,258.07840000000004,529.1833999999999,0.0,0.0,0.0,0.0,0.0,29.266299999999998,142.8046,162.96420000000006,0.0,0.0,0.0,0.0,0.0,0.0,0.0,0.0,0.0,0.0,0.0,0.0,0.0,0.0,0.0,0.0,0.0,0.0,0.0,0.0,0.0,0.0,0.0,0.0,0.2875,17.7301,0.0,0.0,5.3025,0.0,0.0,0.0,0.0,0.0,0.0,247.1617,0.0,0.0,0.0,0.0,3.1847000000000003,42.6716,0.0,80.2746,0.0,0.0,0.0,0.0,0.0,0.0,0.0,0.0,0.0,0.0,0.0,0.0,0.0,750.88,0.0,0.0,0.0,0.0,0.0,18.6996,0.0,2.7401,85.86330000000001,36.1606,0.0,0.0,0.0,53.03830000000001,9.4529,63.7715,15.8949,1.7417,0.0,33.3385,51.3559,0.0,0.0,0.0,70.6754,84.3006,9.7716,32.3001,20.2818,394.2009,0.0,0.0,238.07020000000003,7.9671
0.0,0.0,0.0,25.1741,0.0,317.85709999999995,179.00250000000003,8.3549,0.0,30.334400000000002,1.0003,0.0,15.6499,481.9859,763.3452,0.9449,0.0,82.95459999999999,0.0,817.3138000000001,1417.5361,0.0,1.6986,258.07840000000004,529.1833999999999,0.0,0.0,0.0,0.0,0.0,29.266299999999998,142.8046,162.96420000000006,0.0,0.0,0.0,0.0,0.0,0.0,0.0,0.0,0.0,0.0,0.0,0.0,0.0,0.0,0.0,0.0,0.0,0.0,0.0,0.0,0.0,0.0,0.0,0.0,0.2875,17.7301,0.0,0.0,5.3025,0.0,0.0,0.0,0.0,0.0,0.0,247.1617,0.0,0.0,0.0,0.0,3.1847000000000003,42.6716,0.0,80.2746,0.0,0.0,0.0,0.0,0.0,0.0,0.0,0.0,0.0,0.0,0.0,0.0,0.0,750.88,0.0,0.0,0.0,0.0,0.0,18.6996,0.0,2.7401,85.86330000000001,36.1606,0.0,0.0,0.0,53.03830000000001,9.4529,63.7715,15.8949,1.7417,0.0,33.3385,51.3559,0.0,0.0,0.0,70.6754,84.3006,9.7716,32.3001,20.2818,394.2009,0.0,0.0,238.07020000000003,7.9671
0.0,0.0,0.0,25.1741,0.0,317.85709999999995,179.00250000000003,8.3549,0.0,30.334400000000002,1.0003,0.0,15.6499,481.9859,763.3452,0.9449,0.0,82.95459999999999,0.0,817.3138000000001,1417.5361,0.0,1.6986,258.07840000000004,529.1833999999999,0.0,0.0,0.0,0.0,0.0,29.266299999999998,142.8046,162.96420000000006,0.0,0.0,0.0,0.0,0.0,0.0,0.0,0.0,0.0,0.0,0.0,0.0,0.0,0.0,0.0,0.0,0.0,0.0,0.0,0.0,0.0,0.0,0.0,0.0,0.2875,17.7301,0.0,0.0,5.3025,0.0,0.0,0.0,0.0,0.0,0.0,247.1617,0.0,0.0,0.0,0.0,3.1847000000000003,42.6716,0.0,80.2746,0.0,0.0,0.0,0.0,0.0,0.0,0.0,0.0,0.0,0.0,0.0,0.0,0.0,750.88,0.0,0.0,0.0,0.0,0.0,18.6996,0.0,2.7401,85.86330000000001,36.1606,0.0,0.0,0.0,53.03830000000001,9.4529,63.7715,15.8949,1.7417,0.0,33.3385,51.3559,0.0,0.0,0.0,70.6754,84.3006,9.7716,32.3001,20.2818,394.2009,0.0,0.0,238.07020000000003,7.9671
0.0,0.0,0.0,25.1741,0.0,317.85709999999995,179.00250000000003,8.3549,0.0,30.334400000000002,1.0003,0.0,15.6499,481.9859,763.3452,0.9449,0.0,82.95459999999999,0.0,817.3138000000001,1417.5361,0.0,1.6986,258.07840000000004,529.1833999999999,0.0,0.0,0.0,0.0,0.0,29.266299999999998,142.8046,162.96420000000006,0.0,0.0,0.0,0.0,0.0,0.0,0.0,0.0,0.0,0.0,0.0,0.0,0.0,0.0,0.0,0.0,0.0,0.0,0.0,0.0,0.0,0.0,0.0,0.0,0.2875,17.7301,0.0,0.0,5.3025,0.0,0.0,0.0,0.0,0.0,0.0,247.1617,0.0,0.0,0.0,0.0,3.1847000000000003,42.6716,0.0,80.2746,0.0,0.0,0.0,0.0,0.0,0.0,0.0,0.0,0.0,0.0,0.0,0.0,0.0,750.88,0.0,0.0,0.0,0.0,0.0,18.6996,0.0,2.7401,85.86330000000001,36.1606,0.0,0.0,0.0,53.03830000000001,9.4529,63.7715,15.8949,1.7417,0.0,33.3385,51.3559,0.0,0.0,0.0,70.6754,84.3006,9.7716,32.3001,20.2818,394.2009,0.0,0.0,238.07020000000003,7.9671
0.0,0.0,0.0,25.1741,0.0,317.85709999999995,179.00250000000003,8.3549,0.0,30.334400000000002,1.0003,0.0,15.6499,481.9859,763.3452,0.9449,0.0,82.95459999999999,0.0,817.3138000000001,1417.5361,0.0,1.6986,258.07840000000004,529.1833999999999,0.0,0.0,0.0,0.0,0.0,29.266299999999998,142.8046,162.96420000000006,0.0,0.0,0.0,0.0,0.0,0.0,0.0,0.0,0.0,0.0,0.0,0.0,0.0,0.0,0.0,0.0,0.0,0.0,0.0,0.0,0.0,0.0,0.0,0.0,0.2875,17.7301,0.0,0.0,5.3025,0.0,0.0,0.0,0.0,0.0,0.0,247.1617,0.0,0.0,0.0,0.0,3.1847000000000003,42.6716,0.0,80.2746,0.0,0.0,0.0,0.0,0.0,0.0,0.0,0.0,0.0,0.0,0.0,0.0,0.0,750.88,0.0,0.0,0.0,0.0,0.0,18.6996,0.0,2.7401,85.86330000000001,36.1606,0.0,0.0,0.0,53.03830000000001,9.4529,63.7715,15.8949,1.7417,0.0,33.3385,51.3559,0.0,0.0,0.0,70.6754,84.3006,9.7716,32.3001,20.2818,394.2009,0.0,0.0,238.07020000000003,7.9671
0.0,0.0,0.0,25.6025,0.0,319.0959000000001,167.17079999999999,7.7978,0.0,34.475300000000004,0.8501,0.0,14.206999999999999,547.7819,835.8125,0.8479,0.0,78.82329999999999,0.0,755.5731000000001,1535.5686999999998,0.0,1.5294,243.15650000000002,516.4304999999998,0.0,0.0,0.0,0.0,0.0,25.1374,122.6575,140.9621,0.0,0.0,0.0,0.0,0.0,0.0,0.0,0.0,0.0,0.0,0.0,0.0,0.0,0.0,0.0,0.0,0.0,0.0,0.0,0.0,0.0,0.0,0.0,0.0,1.0455,18.135299999999997,0.0,0.0,5.0586,0.0,0.0,0.0,0.0,0.0,0.0,252.6206,0.0,0.0,0.0,0.0,3.3211,43.6141,0.0,82.0476,0.0,0.0,0.0,0.0,0.0,0.0,0.0,0.0,0.0,0.0,0.0,0.0,0.0,405.8295,0.0,0.0,0.0,0.0,0.0,18.3599,0.0,0.5452,79.6437,36.2181,0.0,0.0,0.0,47.769200000000005,5.2669,56.2244,13.169699999999999,1.4431,0.0,28.2624,50.4231,0.0,0.0,0.0,70.9314,81.2262,8.870600000000001,31.713400000000004,7.4306,357.8533,0.0,0.0,117.078,7.9221
0.0,0.0,0.0,25.6025,0.0,319.0959000000001,167.17079999999999,7.7978,0.0,34.475300000000004,0.8501,0.0,14.206999999999999,547.7819,835.8125,0.8479,0.0,78.82329999999999,0.0,755.5731000000001,1535.5686999999998,0.0,1.5294,243.15650000000002,516.4304999999998,0.0,0.0,0.0,0.0,0.0,25.1374,122.6575,140.9621,0.0,0.0,0.0,0.0,0.0,0.0,0.0,0.0,0.0,0.0,0.0,0.0,0.0,0.0,0.0,0.0,0.0,0.0,0.0,0.0,0.0,0.0,0.0,0.0,1.0455,18.135299999999997,0.0,0.0,5.0586,0.0,0.0,0.0,0.0,0.0,0.0,252.6206,0.0,0.0,0.0,0.0,3.3211,43.6141,0.0,82.0476,0.0,0.0,0.0,0.0,0.0,0.0,0.0,0.0,0.0,0.0,0.0,0.0,0.0,405.8295,0.0,0.0,0.0,0.0,0.0,18.3599,0.0,0.5452,79.6437,36.2181,0.0,0.0,0.0,47.769200000000005,5.2669,56.2244,13.169699999999999,1.4431,0.0,28.2624,50.4231,0.0,0.0,0.0,70.9314,81.2262,8.870600000000001,31.713400000000004,7.4306,357.8533,0.0,0.0,117.078,7.9221
0.0,0.0,0.0,25.6025,0.0,319.0959000000001,167.17079999999999,7.7978,0.0,34.475300000000004,0.8501,0.0,14.206999999999999,547.7819,835.8125,0.8479,0.0,78.82329999999999,0.0,755.5731000000001,1535.5686999999998,0.0,1.5294,243.15650000000002,516.4304999999998,0.0,0.0,0.0,0.0,0.0,25.1374,122.6575,140.9621,0.0,0.0,0.0,0.0,0.0,0.0,0.0,0.0,0.0,0.0,0.0,0.0,0.0,0.0,0.0,0.0,0.0,0.0,0.0,0.0,0.0,0.0,0.0,0.0,1.0455,18.135299999999997,0.0,0.0,5.0586,0.0,0.0,0.0,0.0,0.0,0.0,252.6206,0.0,0.0,0.0,0.0,3.3211,43.6141,0.0,82.0476,0.0,0.0,0.0,0.0,0.0,0.0,0.0,0.0,0.0,0.0,0.0,0.0,0.0,405.8295,0.0,0.0,0.0,0.0,0.0,18.3599,0.0,0.5452,79.6437,36.2181,0.0,0.0,0.0,47.769200000000005,5.2669,56.2244,13.169699999999999,1.4431,0.0,28.2624,50.4231,0.0,0.0,0.0,70.9314,81.2262,8.870600000000001,31.713400000000004,7.4306,357.8533,0.0,0.0,117.078,7.9221
0.0,0.0,0.0,25.6025,0.0,319.0959000000001,167.17079999999999,7.7978,0.0,34.475300000000004,0.8501,0.0,14.206999999999999,547.7819,835.8125,0.8479,0.0,78.82329999999999,0.0,755.5731000000001,1535.5686999999998,0.0,1.5294,243.15650000000002,516.4304999999998,0.0,0.0,0.0,0.0,0.0,25.1374,122.6575,140.9621,0.0,0.0,0.0,0.0,0.0,0.0,0.0,0.0,0.0,0.0,0.0,0.0,0.0,0.0,0.0,0.0,0.0,0.0,0.0,0.0,0.0,0.0,0.0,0.0,1.0455,18.135299999999997,0.0,0.0,5.0586,0.0,0.0,0.0,0.0,0.0,0.0,252.6206,0.0,0.0,0.0,0.0,3.3211,43.6141,0.0,82.0476,0.0,0.0,0.0,0.0,0.0,0.0,0.0,0.0,0.0,0.0,0.0,0.0,0.0,405.8295,0.0,0.0,0.0,0.0,0.0,18.3599,0.0,0.5452,79.6437,36.2181,0.0,0.0,0.0,47.769200000000005,5.2669,56.2244,13.169699999999999,1.4431,0.0,28.2624,50.4231,0.0,0.0,0.0,70.9314,81.2262,8.870600000000001,31.713400000000004,7.4306,357.8533,0.0,0.0,117.078,7.9221
0.0,0.0,0.0,25.6025,0.0,319.0959000000001,167.17079999999999,7.7978,0.0,34.475300000000004,0.8501,0.0,14.206999999999999,547.7819,835.8125,0.8479,0.0,78.82329999999999,0.0,755.5731000000001,1535.5686999999998,0.0,1.5294,243.15650000000002,516.4304999999998,0.0,0.0,0.0,0.0,0.0,25.1374,122.6575,140.9621,0.0,0.0,0.0,0.0,0.0,0.0,0.0,0.0,0.0,0.0,0.0,0.0,0.0,0.0,0.0,0.0,0.0,0.0,0.0,0.0,0.0,0.0,0.0,0.0,1.0455,18.135299999999997,0.0,0.0,5.0586,0.0,0.0,0.0,0.0,0.0,0.0,252.6206,0.0,0.0,0.0,0.0,3.3211,43.6141,0.0,82.0476,0.0,0.0,0.0,0.0,0.0,0.0,0.0,0.0,0.0,0.0,0.0,0.0,0.0,405.8295,0.0,0.0,0.0,0.0,0.0,18.3599,0.0,0.5452,79.6437,36.2181,0.0,0.0,0.0,47.769200000000005,5.2669,56.2244,13.169699999999999,1.4431,0.0,28.2624,50.4231,0.0,0.0,0.0,70.9314,81.2262,8.870600000000001,31.713400000000004,7.4306,357.8533,0.0,0.0,117.078,7.9221
0.0,0.0,0.0,25.6025,0.0,319.0959000000001,167.17079999999999,7.7978,0.0,34.475300000000004,0.8501,0.0,14.206999999999999,547.7819,835.8125,0.8479,0.0,78.82329999999999,0.0,755.5731000000001,1535.5686999999998,0.0,1.5294,243.15650000000002,516.4304999999998,0.0,0.0,0.0,0.0,0.0,25.1374,122.6575,140.9621,0.0,0.0,0.0,0.0,0.0,0.0,0.0,0.0,0.0,0.0,0.0,0.0,0.0,0.0,0.0,0.0,0.0,0.0,0.0,0.0,0.0,0.0,0.0,0.0,1.0455,18.135299999999997,0.0,0.0,5.0586,0.0,0.0,0.0,0.0,0.0,0.0,252.6206,0.0,0.0,0.0,0.0,3.3211,43.6141,0.0,82.0476,0.0,0.0,0.0,0.0,0.0,0.0,0.0,0.0,0.0,0.0,0.0,0.0,0.0,405.8295,0.0,0.0,0.0,0.0,0.0,18.3599,0.0,0.5452,79.6437,36.2181,0.0,0.0,0.0,47.769200000000005,5.2669,56.2244,13.169699999999999,1.4431,0.0,28.2624,50.4231,0.0,0.0,0.0,70.9314,81.2262,8.870600000000001,31.713400000000004,7.4306,357.8533,0.0,0.0,117.078,7.9221
0.0,0.0,0.0,25.6025,0.0,319.0959000000001,167.17079999999999,7.7978,0.0,34.475300000000004,0.8501,0.0,14.206999999999999,547.7819,835.8125,0.8479,0.0,78.82329999999999,0.0,755.5731000000001,1535.5686999999998,0.0,1.5294,243.15650000000002,516.4304999999998,0.0,0.0,0.0,0.0,0.0,25.1374,122.6575,140.9621,0.0,0.0,0.0,0.0,0.0,0.0,0.0,0.0,0.0,0.0,0.0,0.0,0.0,0.0,0.0,0.0,0.0,0.0,0.0,0.0,0.0,0.0,0.0,0.0,1.0455,18.135299999999997,0.0,0.0,5.0586,0.0,0.0,0.0,0.0,0.0,0.0,252.6206,0.0,0.0,0.0,0.0,3.3211,43.6141,0.0,82.0476,0.0,0.0,0.0,0.0,0.0,0.0,0.0,0.0,0.0,0.0,0.0,0.0,0.0,405.8295,0.0,0.0,0.0,0.0,0.0,18.3599,0.0,0.5452,79.6437,36.2181,0.0,0.0,0.0,47.769200000000005,5.2669,56.2244,13.169699999999999,1.4431,0.0,28.2624,50.4231,0.0,0.0,0.0,70.9314,81.2262,8.870600000000001,31.713400000000004,7.4306,357.8533,0.0,0.0,117.078,7.9221
0.0,0.0,0.0,24.1157,0.0,307.3084999999999,163.97459999999998,7.6405,0.0,34.5359,0.9543,0.0,13.582099999999999,548.7452999999999,831.5208,0.8087,0.0,76.208,0.0,698.2444000000002,1462.1989,0.0,1.6245,233.5699,505.92609999999985,0.0,0.0,0.0,0.0,0.0,28.5197,139.1612,156.96289999999996,0.0,0.0,0.0,0.0,0.0,0.0,0.0,0.0,0.0,0.0,0.0,0.0,0.0,0.0,0.0,0.0,0.0,0.0,0.0,0.0,0.0,0.0,0.0,0.0,0.6249,17.2032,0.0,0.0,5.0878,0.0,0.0,0.0,0.0,0.0,0.0,240.0084,0.0,0.0,0.0,0.0,3.0254,41.4367,0.0,77.9514,0.0,0.0,0.0,0.0,0.0,0.0,0.0,0.0,0.0,0.0,0.0,0.0,0.0,110.5676,0.0,0.0,0.0,0.0,0.0,18.7298,0.0,0.3987,84.14030000000001,36.1606,0.0,0.0,0.0,30.9451,2.5038,36.796499999999995,9.9179,1.0867,0.0,23.358399999999996,51.4388,0.0,0.0,0.0,64.17,74.52010000000001,8.4805,32.3523,10.5262,342.1155,0.0,0.0,115.503,6.0316
0.0,0.0,0.0,24.1157,0.0,307.3084999999999,163.97459999999998,7.6405,0.0,34.5359,0.9543,0.0,13.582099999999999,548.7452999999999,831.5208,0.8087,0.0,76.208,0.0,698.2444000000002,1462.1989,0.0,1.6245,233.5699,505.92609999999985,0.0,0.0,0.0,0.0,0.0,28.5197,139.1612,156.96289999999996,0.0,0.0,0.0,0.0,0.0,0.0,0.0,0.0,0.0,0.0,0.0,0.0,0.0,0.0,0.0,0.0,0.0,0.0,0.0,0.0,0.0,0.0,0.0,0.0,0.6249,17.2032,0.0,0.0,5.0878,0.0,0.0,0.0,0.0,0.0,0.0,240.0084,0.0,0.0,0.0,0.0,3.0254,41.4367,0.0,77.9514,0.0,0.0,0.0,0.0,0.0,0.0,0.0,0.0,0.0,0.0,0.0,0.0,0.0,110.5676,0.0,0.0,0.0,0.0,0.0,18.7298,0.0,0.3987,84.14030000000001,36.1606,0.0,0.0,0.0,30.9451,2.5038,36.796499999999995,9.9179,1.0867,0.0,23.358399999999996,51.4388,0.0,0.0,0.0,64.17,74.52010000000001,8.4805,32.3523,10.5262,342.1155,0.0,0.0,115.503,6.0316
0.0,0.0,0.0,24.1157,0.0,307.3084999999999,163.97459999999998,7.6405,0.0,34.5359,0.9543,0.0,13.582099999999999,548.7452999999999,831.5208,0.8087,0.0,76.208,0.0,698.2444000000002,1462.1989,0.0,1.6245,233.5699,505.92609999999985,0.0,0.0,0.0,0.0,0.0,28.5197,139.1612,156.96289999999996,0.0,0.0,0.0,0.0,0.0,0.0,0.0,0.0,0.0,0.0,0.0,0.0,0.0,0.0,0.0,0.0,0.0,0.0,0.0,0.0,0.0,0.0,0.0,0.0,0.6249,17.2032,0.0,0.0,5.0878,0.0,0.0,0.0,0.0,0.0,0.0,240.0084,0.0,0.0,0.0,0.0,3.0254,41.4367,0.0,77.9514,0.0,0.0,0.0,0.0,0.0,0.0,0.0,0.0,0.0,0.0,0.0,0.0,0.0,110.5676,0.0,0.0,0.0,0.0,0.0,18.7298,0.0,0.3987,84.14030000000001,36.1606,0.0,0.0,0.0,30.9451,2.5038,36.796499999999995,9.9179,1.0867,0.0,23.358399999999996,51.4388,0.0,0.0,0.0,64.17,74.52010000000001,8.4805,32.3523,10.5262,342.1155,0.0,0.0,115.503,6.0316
0.0,0.0,0.0,24.1157,0.0,307.3084999999999,163.97459999999998,7.6405,0.0,34.5359,0.9543,0.0,13.582099999999999,548.7452999999999,831.5208,0.8087,0.0,76.208,0.0,698.2444000000002,1462.1989,0.0,1.6245,233.5699,505.92609999999985,0.0,0.0,0.0,0.0,0.0,28.5197,139.1612,156.96289999999996,0.0,0.0,0.0,0.0,0.0,0.0,0.0,0.0,0.0,0.0,0.0,0.0,0.0,0.0,0.0,0.0,0.0,0.0,0.0,0.0,0.0,0.0,0.0,0.0,0.6249,17.2032,0.0,0.0,5.0878,0.0,0.0,0.0,0.0,0.0,0.0,240.0084,0.0,0.0,0.0,0.0,3.0254,41.4367,0.0,77.9514,0.0,0.0,0.0,0.0,0.0,0.0,0.0,0.0,0.0,0.0,0.0,0.0,0.0,110.5676,0.0,0.0,0.0,0.0,0.0,18.7298,0.0,0.3987,84.14030000000001,36.1606,0.0,0.0,0.0,30.9451,2.5038,36.796499999999995,9.9179,1.0867,0.0,23.358399999999996,51.4388,0.0,0.0,0.0,64.17,74.52010000000001,8.4805,32.3523,10.5262,342.1155,0.0,0.0,115.503,6.0316
0.0,0.0,0.0,24.1157,0.0,307.3084999999999,163.97459999999998,7.6405,0.0,34.5359,0.9543,0.0,13.582099999999999,548.7452999999999,831.5208,0.8087,0.0,76.208,0.0,698.2444000000002,1462.1989,0.0,1.6245,233.5699,505.92609999999985,0.0,0.0,0.0,0.0,0.0,28.5197,139.1612,156.96289999999996,0.0,0.0,0.0,0.0,0.0,0.0,0.0,0.0,0.0,0.0,0.0,0.0,0.0,0.0,0.0,0.0,0.0,0.0,0.0,0.0,0.0,0.0,0.0,0.0,0.6249,17.2032,0.0,0.0,5.0878,0.0,0.0,0.0,0.0,0.0,0.0,240.0084,0.0,0.0,0.0,0.0,3.0254,41.4367,0.0,77.9514,0.0,0.0,0.0,0.0,0.0,0.0,0.0,0.0,0.0,0.0,0.0,0.0,0.0,110.5676,0.0,0.0,0.0,0.0,0.0,18.7298,0.0,0.3987,84.14030000000001,36.1606,0.0,0.0,0.0,30.9451,2.5038,36.796499999999995,9.9179,1.0867,0.0,23.358399999999996,51.4388,0.0,0.0,0.0,64.17,74.52010000000001,8.4805,32.3523,10.5262,342.1155,0.0,0.0,115.503,6.0316
0.0,0.0,0.0,24.1157,0.0,307.3084999999999,163.97459999999998,7.6405,0.0,34.5359,0.9543,0.0,13.582099999999999,548.7452999999999,831.5208,0.8087,0.0,76.208,0.0,698.2444000000002,1462.1989,0.0,1.6245,233.5699,505.92609999999985,0.0,0.0,0.0,0.0,0.0,28.5197,139.1612,156.96289999999996,0.0,0.0,0.0,0.0,0.0,0.0,0.0,0.0,0.0,0.0,0.0,0.0,0.0,0.0,0.0,0.0,0.0,0.0,0.0,0.0,0.0,0.0,0.0,0.0,0.6249,17.2032,0.0,0.0,5.0878,0.0,0.0,0.0,0.0,0.0,0.0,240.0084,0.0,0.0,0.0,0.0,3.0254,41.4367,0.0,77.9514,0.0,0.0,0.0,0.0,0.0,0.0,0.0,0.0,0.0,0.0,0.0,0.0,0.0,110.5676,0.0,0.0,0.0,0.0,0.0,18.7298,0.0,0.3987,84.14030000000001,36.1606,0.0,0.0,0.0,30.9451,2.5038,36.796499999999995,9.9179,1.0867,0.0,23.358399999999996,51.4388,0.0,0.0,0.0,64.17,74.52010000000001,8.4805,32.3523,10.5262,342.1155,0.0,0.0,115.503,6.0316
0.0,0.0,0.0,24.1157,0.0,307.3084999999999,163.97459999999998,7.6405,0.0,34.5359,0.9543,0.0,13.582099999999999,548.7452999999999,831.5208,0.8087,0.0,76.208,0.0,698.2444000000002,1462.1989,0.0,1.6245,233.5699,505.92609999999985,0.0,0.0,0.0,0.0,0.0,28.5197,139.1612,156.96289999999996,0.0,0.0,0.0,0.0,0.0,0.0,0.0,0.0,0.0,0.0,0.0,0.0,0.0,0.0,0.0,0.0,0.0,0.0,0.0,0.0,0.0,0.0,0.0,0.0,0.6249,17.2032,0.0,0.0,5.0878,0.0,0.0,0.0,0.0,0.0,0.0,240.0084,0.0,0.0,0.0,0.0,3.0254,41.4367,0.0,77.9514,0.0,0.0,0.0,0.0,0.0,0.0,0.0,0.0,0.0,0.0,0.0,0.0,0.0,110.5676,0.0,0.0,0.0,0.0,0.0,18.7298,0.0,0.3987,84.14030000000001,36.1606,0.0,0.0,0.0,30.9451,2.5038,36.796499999999995,9.9179,1.0867,0.0,23.358399999999996,51.4388,0.0,0.0,0.0,64.17,74.52010000000001,8.4805,32.3523,10.5262,342.1155,0.0,0.0,115.503,6.0316
0.0,0.0,0.0,24.9221,0.0,288.52750000000003,124.82919999999999,6.9306,0.0,33.2303,0.8928,0.0,13.4035,543.0507000000001,789.3648000000001,0.6859,0.0,75.0297,0.0,658.4634,1563.0325999999998,0.0,1.2053,229.3071,442.53639999999996,0.0,0.0,0.0,0.0,0.0,28.320599999999995,118.064,132.67499999999998,0.0,0.0,0.0,0.0,0.0,0.0,0.0,0.0,0.0,0.0,0.0,0.0,0.0,0.0,0.0,0.0,0.0,0.0,0.0,0.0,0.0,0.0,0.0,0.0,0.3712,15.278899999999998,0.0,0.0,5.3163,0.0,0.0,0.0,0.0,0.0,0.0,258.9933,0.0,0.0,0.0,0.0,2.9009,41.373,0.0,82.0903,0.0,0.0,0.0,0.0,0.0,0.0,0.0,0.0,0.0,0.0,0.0,0.0,0.0,808.5616,0.0,0.0,0.0,0.0,0.0,16.7485,0.0,2.1491,75.28709999999998,35.693,0.0,0.0,0.0,28.816,11.035,29.4986,5.082,0.5567,0.0,23.7651,45.9974,0.0,0.0,0.0,73.214,69.4427,8.3691,28.93,20.2818,316.3484,0.0,0.0,201.4187,6.268
0.0,0.0,0.0,24.9221,0.0,288.52750000000003,124.82919999999999,6.9306,0.0,33.2303,0.8928,0.0,13.4035,543.0507000000001,789.3648000000001,0.6859,0.0,75.0297,0.0,658.4634,1563.0325999999998,0.0,1.2053,229.3071,442.53639999999996,0.0,0.0,0.0,0.0,0.0,28.320599999999995,118.064,132.67499999999998,0.0,0.0,0.0,0.0,0.0,0.0,0.0,0.0,0.0,0.0,0.0,0.0,0.0,0.0,0.0,0.0,0.0,0.0,0.0,0.0,0.0,0.0,0.0,0.0,0.3712,15.278899999999998,0.0,0.0,5.3163,0.0,0.0,0.0,0.0,0.0,0.0,258.9933,0.0,0.0,0.0,0.0,2.9009,41.373,0.0,82.0903,0.0,0.0,0.0,0.0,0.0,0.0,0.0,0.0,0.0,0.0,0.0,0.0,0.0,808.5616,0.0,0.0,0.0,0.0,0.0,16.7485,0.0,2.1491,75.28709999999998,35.693,0.0,0.0,0.0,28.816,11.035,29.4986,5.082,0.5567,0.0,23.7651,45.9974,0.0,0.0,0.0,73.214,69.4427,8.3691,28.93,20.2818,316.3484,0.0,0.0,201.4187,6.268
0.0,0.0,0.0,24.9221,0.0,288.52750000000003,124.82919999999999,6.9306,0.0,33.2303,0.8928,0.0,13.4035,543.0507000000001,789.3648000000001,0.6859,0.0,75.0297,0.0,658.4634,1563.0325999999998,0.0,1.2053,229.3071,442.53639999999996,0.0,0.0,0.0,0.0,0.0,28.320599999999995,118.064,132.67499999999998,0.0,0.0,0.0,0.0,0.0,0.0,0.0,0.0,0.0,0.0,0.0,0.0,0.0,0.0,0.0,0.0,0.0,0.0,0.0,0.0,0.0,0.0,0.0,0.0,0.3712,15.278899999999998,0.0,0.0,5.3163,0.0,0.0,0.0,0.0,0.0,0.0,258.9933,0.0,0.0,0.0,0.0,2.9009,41.373,0.0,82.0903,0.0,0.0,0.0,0.0,0.0,0.0,0.0,0.0,0.0,0.0,0.0,0.0,0.0,808.5616,0.0,0.0,0.0,0.0,0.0,16.7485,0.0,2.1491,75.28709999999998,35.693,0.0,0.0,0.0,28.816,11.035,29.4986,5.082,0.5567,0.0,23.7651,45.9974,0.0,0.0,0.0,73.214,69.4427,8.3691,28.93,20.2818,316.3484,0.0,0.0,201.4187,6.268
0.0,0.0,0.0,24.9221,0.0,288.52750000000003,124.82919999999999,6.9306,0.0,33.2303,0.8928,0.0,13.4035,543.0507000000001,789.3648000000001,0.6859,0.0,75.0297,0.0,658.4634,1563.0325999999998,0.0,1.2053,229.3071,442.53639999999996,0.0,0.0,0.0,0.0,0.0,28.320599999999995,118.064,132.67499999999998,0.0,0.0,0.0,0.0,0.0,0.0,0.0,0.0,0.0,0.0,0.0,0.0,0.0,0.0,0.0,0.0,0.0,0.0,0.0,0.0,0.0,0.0,0.0,0.0,0.3712,15.278899999999998,0.0,0.0,5.3163,0.0,0.0,0.0,0.0,0.0,0.0,258.9933,0.0,0.0,0.0,0.0,2.9009,41.373,0.0,82.0903,0.0,0.0,0.0,0.0,0.0,0.0,0.0,0.0,0.0,0.0,0.0,0.0,0.0,808.5616,0.0,0.0,0.0,0.0,0.0,16.7485,0.0,2.1491,75.28709999999998,35.693,0.0,0.0,0.0,28.816,11.035,29.4986,5.082,0.5567,0.0,23.7651,45.9974,0.0,0.0,0.0,73.214,69.4427,8.3691,28.93,20.2818,316.3484,0.0,0.0,201.4187,6.268
0.0,0.0,0.0,24.9221,0.0,288.52750000000003,124.82919999999999,6.9306,0.0,33.2303,0.8928,0.0,13.4035,543.0507000000001,789.3648000000001,0.6859,0.0,75.0297,0.0,658.4634,1563.0325999999998,0.0,1.2053,229.3071,442.53639999999996,0.0,0.0,0.0,0.0,0.0,28.320599999999995,118.064,132.67499999999998,0.0,0.0,0.0,0.0,0.0,0.0,0.0,0.0,0.0,0.0,0.0,0.0,0.0,0.0,0.0,0.0,0.0,0.0,0.0,0.0,0.0,0.0,0.0,0.0,0.3712,15.278899999999998,0.0,0.0,5.3163,0.0,0.0,0.0,0.0,0.0,0.0,258.9933,0.0,0.0,0.0,0.0,2.9009,41.373,0.0,82.0903,0.0,0.0,0.0,0.0,0.0,0.0,0.0,0.0,0.0,0.0,0.0,0.0,0.0,808.5616,0.0,0.0,0.0,0.0,0.0,16.7485,0.0,2.1491,75.28709999999998,35.693,0.0,0.0,0.0,28.816,11.035,29.4986,5.082,0.5567,0.0,23.7651,45.9974,0.0,0.0,0.0,73.214,69.4427,8.3691,28.93,20.2818,316.3484,0.0,0.0,201.4187,6.268
0.0,0.0,0.0,24.9221,0.0,288.52750000000003,124.82919999999999,6.9306,0.0,33.2303,0.8928,0.0,13.4035,543.0507000000001,789.3648000000001,0.6859,0.0,75.0297,0.0,658.4634,1563.0325999999998,0.0,1.2053,229.3071,442.53639999999996,0.0,0.0,0.0,0.0,0.0,28.320599999999995,118.064,132.67499999999998,0.0,0.0,0.0,0.0,0.0,0.0,0.0,0.0,0.0,0.0,0.0,0.0,0.0,0.0,0.0,0.0,0.0,0.0,0.0,0.0,0.0,0.0,0.0,0.0,0.3712,15.278899999999998,0.0,0.0,5.3163,0.0,0.0,0.0,0.0,0.0,0.0,258.9933,0.0,0.0,0.0,0.0,2.9009,41.373,0.0,82.0903,0.0,0.0,0.0,0.0,0.0,0.0,0.0,0.0,0.0,0.0,0.0,0.0,0.0,808.5616,0.0,0.0,0.0,0.0,0.0,16.7485,0.0,2.1491,75.28709999999998,35.693,0.0,0.0,0.0,28.816,11.035,29.4986,5.082,0.5567,0.0,23.7651,45.9974,0.0,0.0,0.0,73.214,69.4427,8.3691,28.93,20.2818,316.3484,0.0,0.0,201.4187,6.268
0.0,0.0,0.0,24.9221,0.0,288.52750000000003,124.82919999999999,6.9306,0.0,33.2303,0.8928,0.0,13.4035,543.0507000000001,789.3648000000001,0.6859,0.0,75.0297,0.0,658.4634,1563.0325999999998,0.0,1.2053,229.3071,442.53639999999996,0.0,0.0,0.0,0.0,0.0,28.320599999999995,118.064,132.67499999999998,0.0,0.0,0.0,0.0,0.0,0.0,0.0,0.0,0.0,0.0,0.0,0.0,0.0,0.0,0.0,0.0,0.0,0.0,0.0,0.0,0.0,0.0,0.0,0.0,0.3712,15.278899999999998,0.0,0.0,5.3163,0.0,0.0,0.0,0.0,0.0,0.0,258.9933,0.0,0.0,0.0,0.0,2.9009,41.373,0.0,82.0903,0.0,0.0,0.0,0.0,0.0,0.0,0.0,0.0,0.0,0.0,0.0,0.0,0.0,808.5616,0.0,0.0,0.0,0.0,0.0,16.7485,0.0,2.1491,75.28709999999998,35.693,0.0,0.0,0.0,28.816,11.035,29.4986,5.082,0.5567,0.0,23.7651,45.9974,0.0,0.0,0.0,73.214,69.4427,8.3691,28.93,20.2818,316.3484,0.0,0.0,201.4187,6.268
0.0,0.0,0.0,26.7868,0.0,313.69280000000003,105.83390000000001,6.3691,0.0,36.228699999999996,1.044,0.0,12.421700000000001,599.5264,844.3032,0.5945,0.0,72.7556,0.0,516.6481,1616.9007000000001,0.0,1.5651,228.3201,419.5679999999999,0.0,0.0,0.0,0.0,0.0,29.813599999999994,118.7715,131.8952,0.0,0.0,0.0,0.0,0.0,0.0,0.0,0.0,0.0,0.0,0.0,0.0,0.0,0.0,0.0,0.0,0.0,0.0,0.0,0.0,0.0,0.0,0.0,0.0,0.27090000000000003,14.3604,0.0,0.0,5.5004,0.0,0.0,0.0,0.0,0.0,0.0,264.59659999999997,0.0,0.0,0.0,0.0,2.7344,41.0171,0.0,83.1074,0.0,0.0,0.0,0.0,0.0,0.0,0.0,0.0,0.0,0.0,0.0,0.0,0.0,126.1817,0.0,0.0,0.0,0.0,0.0,17.3334,0.0,1.3697,65.56190000000001,35.5226,0.0,0.0,0.0,32.4407,10.2457,30.955999999999996,2.2499000000000002,0.24659999999999999,0.0,21.506300000000003,47.6039,0.0,0.0,0.0,78.1011,67.0317,7.756,29.9405,20.2818,284.8737,0.0,0.0,180.3791,7.5903
0.0,0.0,0.0,26.7868,0.0,313.69280000000003,105.83390000000001,6.3691,0.0,36.228699999999996,1.044,0.0,12.421700000000001,599.5264,844.3032,0.5945,0.0,72.7556,0.0,516.6481,1616.9007000000001,0.0,1.5651,228.3201,419.5679999999999,0.0,0.0,0.0,0.0,0.0,29.813599999999994,118.7715,131.8952,0.0,0.0,0.0,0.0,0.0,0.0,0.0,0.0,0.0,0.0,0.0,0.0,0.0,0.0,0.0,0.0,0.0,0.0,0.0,0.0,0.0,0.0,0.0,0.0,0.27090000000000003,14.3604,0.0,0.0,5.5004,0.0,0.0,0.0,0.0,0.0,0.0,264.59659999999997,0.0,0.0,0.0,0.0,2.7344,41.0171,0.0,83.1074,0.0,0.0,0.0,0.0,0.0,0.0,0.0,0.0,0.0,0.0,0.0,0.0,0.0,126.1817,0.0,0.0,0.0,0.0,0.0,17.3334,0.0,1.3697,65.56190000000001,35.5226,0.0,0.0,0.0,32.4407,10.2457,30.955999999999996,2.2499000000000002,0.24659999999999999,0.0,21.506300000000003,47.6039,0.0,0.0,0.0,78.1011,67.0317,7.756,29.9405,20.2818,284.8737,0.0,0.0,180.3791,7.5903
0.0,0.0,0.0,26.7868,0.0,313.69280000000003,105.83390000000001,6.3691,0.0,36.228699999999996,1.044,0.0,12.421700000000001,599.5264,844.3032,0.5945,0.0,72.7556,0.0,516.6481,1616.9007000000001,0.0,1.5651,228.3201,419.5679999999999,0.0,0.0,0.0,0.0,0.0,29.813599999999994,118.7715,131.8952,0.0,0.0,0.0,0.0,0.0,0.0,0.0,0.0,0.0,0.0,0.0,0.0,0.0,0.0,0.0,0.0,0.0,0.0,0.0,0.0,0.0,0.0,0.0,0.0,0.27090000000000003,14.3604,0.0,0.0,5.5004,0.0,0.0,0.0,0.0,0.0,0.0,264.59659999999997,0.0,0.0,0.0,0.0,2.7344,41.0171,0.0,83.1074,0.0,0.0,0.0,0.0,0.0,0.0,0.0,0.0,0.0,0.0,0.0,0.0,0.0,126.1817,0.0,0.0,0.0,0.0,0.0,17.3334,0.0,1.3697,65.56190000000001,35.5226,0.0,0.0,0.0,32.4407,10.2457,30.955999999999996,2.2499000000000002,0.24659999999999999,0.0,21.506300000000003,47.6039,0.0,0.0,0.0,78.1011,67.0317,7.756,29.9405,20.2818,284.8737,0.0,0.0,180.3791,7.5903
0.0,0.0,0.0,26.7868,0.0,313.69280000000003,105.83390000000001,6.3691,0.0,36.228699999999996,1.044,0.0,12.421700000000001,599.5264,844.3032,0.5945,0.0,72.7556,0.0,516.6481,1616.9007000000001,0.0,1.5651,228.3201,419.5679999999999,0.0,0.0,0.0,0.0,0.0,29.813599999999994,118.7715,131.8952,0.0,0.0,0.0,0.0,0.0,0.0,0.0,0.0,0.0,0.0,0.0,0.0,0.0,0.0,0.0,0.0,0.0,0.0,0.0,0.0,0.0,0.0,0.0,0.0,0.27090000000000003,14.3604,0.0,0.0,5.5004,0.0,0.0,0.0,0.0,0.0,0.0,264.59659999999997,0.0,0.0,0.0,0.0,2.7344,41.0171,0.0,83.1074,0.0,0.0,0.0,0.0,0.0,0.0,0.0,0.0,0.0,0.0,0.0,0.0,0.0,126.1817,0.0,0.0,0.0,0.0,0.0,17.3334,0.0,1.3697,65.56190000000001,35.5226,0.0,0.0,0.0,32.4407,10.2457,30.955999999999996,2.2499000000000002,0.24659999999999999,0.0,21.506300000000003,47.6039,0.0,0.0,0.0,78.1011,67.0317,7.756,29.9405,20.2818,284.8737,0.0,0.0,180.3791,7.5903
0.0,0.0,0.0,26.7868,0.0,313.69280000000003,105.83390000000001,6.3691,0.0,36.228699999999996,1.044,0.0,12.421700000000001,599.5264,844.3032,0.5945,0.0,72.7556,0.0,516.6481,1616.9007000000001,0.0,1.5651,228.3201,419.5679999999999,0.0,0.0,0.0,0.0,0.0,29.813599999999994,118.7715,131.8952,0.0,0.0,0.0,0.0,0.0,0.0,0.0,0.0,0.0,0.0,0.0,0.0,0.0,0.0,0.0,0.0,0.0,0.0,0.0,0.0,0.0,0.0,0.0,0.0,0.27090000000000003,14.3604,0.0,0.0,5.5004,0.0,0.0,0.0,0.0,0.0,0.0,264.59659999999997,0.0,0.0,0.0,0.0,2.7344,41.0171,0.0,83.1074,0.0,0.0,0.0,0.0,0.0,0.0,0.0,0.0,0.0,0.0,0.0,0.0,0.0,126.1817,0.0,0.0,0.0,0.0,0.0,17.3334,0.0,1.3697,65.56190000000001,35.5226,0.0,0.0,0.0,32.4407,10.2457,30.955999999999996,2.2499000000000002,0.24659999999999999,0.0,21.506300000000003,47.6039,0.0,0.0,0.0,78.1011,67.0317,7.756,29.9405,20.2818,284.8737,0.0,0.0,180.3791,7.5903
0.0,0.0,0.0,26.7868,0.0,313.69280000000003,105.83390000000001,6.3691,0.0,36.228699999999996,1.044,0.0,12.421700000000001,599.5264,844.3032,0.5945,0.0,72.7556,0.0,516.6481,1616.9007000000001,0.0,1.5651,228.3201,419.5679999999999,0.0,0.0,0.0,0.0,0.0,29.813599999999994,118.7715,131.8952,0.0,0.0,0.0,0.0,0.0,0.0,0.0,0.0,0.0,0.0,0.0,0.0,0.0,0.0,0.0,0.0,0.0,0.0,0.0,0.0,0.0,0.0,0.0,0.0,0.27090000000000003,14.3604,0.0,0.0,5.5004,0.0,0.0,0.0,0.0,0.0,0.0,264.59659999999997,0.0,0.0,0.0,0.0,2.7344,41.0171,0.0,83.1074,0.0,0.0,0.0,0.0,0.0,0.0,0.0,0.0,0.0,0.0,0.0,0.0,0.0,126.1817,0.0,0.0,0.0,0.0,0.0,17.3334,0.0,1.3697,65.56190000000001,35.5226,0.0,0.0,0.0,32.4407,10.2457,30.955999999999996,2.2499000000000002,0.24659999999999999,0.0,21.506300000000003,47.6039,0.0,0.0,0.0,78.1011,67.0317,7.756,29.9405,20.2818,284.8737,0.0,0.0,180.3791,7.5903
0.0,0.0,0.0,26.7868,0.0,313.69280000000003,105.83390000000001,6.3691,0.0,36.228699999999996,1.044,0.0,12.421700000000001,599.5264,844.3032,0.5945,0.0,72.7556,0.0,516.6481,1616.9007000000001,0.0,1.5651,228.3201,419.5679999999999,0.0,0.0,0.0,0.0,0.0,29.813599999999994,118.7715,131.8952,0.0,0.0,0.0,0.0,0.0,0.0,0.0,0.0,0.0,0.0,0.0,0.0,0.0,0.0,0.0,0.0,0.0,0.0,0.0,0.0,0.0,0.0,0.0,0.0,0.27090000000000003,14.3604,0.0,0.0,5.5004,0.0,0.0,0.0,0.0,0.0,0.0,264.59659999999997,0.0,0.0,0.0,0.0,2.7344,41.0171,0.0,83.1074,0.0,0.0,0.0,0.0,0.0,0.0,0.0,0.0,0.0,0.0,0.0,0.0,0.0,126.1817,0.0,0.0,0.0,0.0,0.0,17.3334,0.0,1.3697,65.56190000000001,35.5226,0.0,0.0,0.0,32.4407,10.2457,30.955999999999996,2.2499000000000002,0.24659999999999999,0.0,21.506300000000003,47.6039,0.0,0.0,0.0,78.1011,67.0317,7.756,29.9405,20.2818,284.8737,0.0,0.0,180.3791,7.5903
0.0,0.0,0.0,26.8624,0.0,306.14639999999997,107.28529999999999,6.4484,0.0,38.7049,1.1247,0.0,12.867999999999999,640.503,900.0125,0.5781000000000001,0.0,69.0655,0.0,519.5836999999999,1703.4506,0.0,1.3163999999999998,224.8077,388.9593,0.0,0.0,0.0,0.0,0.0,30.2827,120.64080000000001,133.99519999999998,0.0,0.0,0.0,0.0,0.0,0.0,0.0,0.0,0.0,0.0,0.0,0.0,0.0,0.0,0.0,0.0,0.0,0.0,0.0,0.0,0.0,0.0,0.0,0.0,0.23409999999999997,13.924000000000001,0.0,0.0,5.2003,0.0,0.0,0.0,0.0,0.0,0.0,255.8682,0.0,0.0,0.0,0.0,2.8266,39.6641,0.0,80.3658,0.0,0.0,0.0,0.0,0.0,0.0,0.0,0.0,0.0,0.0,0.0,0.0,0.0,64.9125,0.0,0.0,0.0,0.0,0.0,16.556,0.0,0.6321,65.4736,35.382200000000005,0.0,0.0,0.0,32.653,5.9589,31.1542,1.9743,0.2163,0.0,13.7644,45.468900000000005,0.0,0.0,0.0,83.5883,67.4915,8.0347,28.5976,1.7578,295.1088,0.0,0.0,61.666000000000004,7.7479
0.0,0.0,0.0,26.8624,0.0,306.14639999999997,107.28529999999999,6.4484,0.0,38.7049,1.1247,0.0,12.867999999999999,640.503,900.0125,0.5781000000000001,0.0,69.0655,0.0,519.5836999999999,1703.4506,0.0,1.3163999999999998,224.8077,388.9593,0.0,0.0,0.0,0.0,0.0,30.2827,120.64080000000001,133.99519999999998,0.0,0.0,0.0,0.0,0.0,0.0,0.0,0.0,0.0,0.0,0.0,0.0,0.0,0.0,0.0,0.0,0.0,0.0,0.0,0.0,0.0,0.0,0.0,0.0,0.23409999999999997,13.924000000000001,0.0,0.0,5.2003,0.0,0.0,0.0,0.0,0.0,0.0,255.8682,0.0,0.0,0.0,0.0,2.8266,39.6641,0.0,80.3658,0.0,0.0,0.0,0.0,0.0,0.0,0.0,0.0,0.0,0.0,0.0,0.0,0.0,64.9125,0.0,0.0,0.0,0.0,0.0,16.556,0.0,0.6321,65.4736,35.382200000000005,0.0,0.0,0.0,32.653,5.9589,31.1542,1.9743,0.2163,0.0,13.7644,45.468900000000005,0.0,0.0,0.0,83.5883,67.4915,8.0347,28.5976,1.7578,295.1088,0.0,0.0,61.666000000000004,7.7479
0.0,0.0,0.0,26.8624,0.0,306.14639999999997,107.28529999999999,6.4484,0.0,38.7049,1.1247,0.0,12.867999999999999,640.503,900.0125,0.5781000000000001,0.0,69.0655,0.0,519.5836999999999,1703.4506,0.0,1.3163999999999998,224.8077,388.9593,0.0,0.0,0.0,0.0,0.0,30.2827,120.64080000000001,133.99519999999998,0.0,0.0,0.0,0.0,0.0,0.0,0.0,0.0,0.0,0.0,0.0,0.0,0.0,0.0,0.0,0.0,0.0,0.0,0.0,0.0,0.0,0.0,0.0,0.0,0.23409999999999997,13.924000000000001,0.0,0.0,5.2003,0.0,0.0,0.0,0.0,0.0,0.0,255.8682,0.0,0.0,0.0,0.0,2.8266,39.6641,0.0,80.3658,0.0,0.0,0.0,0.0,0.0,0.0,0.0,0.0,0.0,0.0,0.0,0.0,0.0,64.9125,0.0,0.0,0.0,0.0,0.0,16.556,0.0,0.6321,65.4736,35.382200000000005,0.0,0.0,0.0,32.653,5.9589,31.1542,1.9743,0.2163,0.0,13.7644,45.468900000000005,0.0,0.0,0.0,83.5883,67.4915,8.0347,28.5976,1.7578,295.1088,0.0,0.0,61.666000000000004,7.7479
0.0,0.0,0.0,26.8624,0.0,306.14639999999997,107.28529999999999,6.4484,0.0,38.7049,1.1247,0.0,12.867999999999999,640.503,900.0125,0.5781000000000001,0.0,69.0655,0.0,519.5836999999999,1703.4506,0.0,1.3163999999999998,224.8077,388.9593,0.0,0.0,0.0,0.0,0.0,30.2827,120.64080000000001,133.99519999999998,0.0,0.0,0.0,0.0,0.0,0.0,0.0,0.0,0.0,0.0,0.0,0.0,0.0,0.0,0.0,0.0,0.0,0.0,0.0,0.0,0.0,0.0,0.0,0.0,0.23409999999999997,13.924000000000001,0.0,0.0,5.2003,0.0,0.0,0.0,0.0,0.0,0.0,255.8682,0.0,0.0,0.0,0.0,2.8266,39.6641,0.0,80.3658,0.0,0.0,0.0,0.0,0.0,0.0,0.0,0.0,0.0,0.0,0.0,0.0,0.0,64.9125,0.0,0.0,0.0,0.0,0.0,16.556,0.0,0.6321,65.4736,35.382200000000005,0.0,0.0,0.0,32.653,5.9589,31.1542,1.9743,0.2163,0.0,13.7644,45.468900000000005,0.0,0.0,0.0,83.5883,67.4915,8.0347,28.5976,1.7578,295.1088,0.0,0.0,61.666000000000004,7.7479
0.0,0.0,0.0,26.8624,0.0,306.14639999999997,107.28529999999999,6.4484,0.0,38.7049,1.1247,0.0,12.867999999999999,640.503,900.0125,0.5781000000000001,0.0,69.0655,0.0,519.5836999999999,1703.4506,0.0,1.3163999999999998,224.8077,388.9593,0.0,0.0,0.0,0.0,0.0,30.2827,120.64080000000001,133.99519999999998,0.0,0.0,0.0,0.0,0.0,0.0,0.0,0.0,0.0,0.0,0.0,0.0,0.0,0.0,0.0,0.0,0.0,0.0,0.0,0.0,0.0,0.0,0.0,0.0,0.23409999999999997,13.924000000000001,0.0,0.0,5.2003,0.0,0.0,0.0,0.0,0.0,0.0,255.8682,0.0,0.0,0.0,0.0,2.8266,39.6641,0.0,80.3658,0.0,0.0,0.0,0.0,0.0,0.0,0.0,0.0,0.0,0.0,0.0,0.0,0.0,64.9125,0.0,0.0,0.0,0.0,0.0,16.556,0.0,0.6321,65.4736,35.382200000000005,0.0,0.0,0.0,32.653,5.9589,31.1542,1.9743,0.2163,0.0,13.7644,45.468900000000005,0.0,0.0,0.0,83.5883,67.4915,8.0347,28.5976,1.7578,295.1088,0.0,0.0,61.666000000000004,7.7479
0.0,0.0,0.0,26.8624,0.0,306.14639999999997,107.28529999999999,6.4484,0.0,38.7049,1.1247,0.0,12.867999999999999,640.503,900.0125,0.5781000000000001,0.0,69.0655,0.0,519.5836999999999,1703.4506,0.0,1.3163999999999998,224.8077,388.9593,0.0,0.0,0.0,0.0,0.0,30.2827,120.64080000000001,133.99519999999998,0.0,0.0,0.0,0.0,0.0,0.0,0.0,0.0,0.0,0.0,0.0,0.0,0.0,0.0,0.0,0.0,0.0,0.0,0.0,0.0,0.0,0.0,0.0,0.0,0.23409999999999997,13.924000000000001,0.0,0.0,5.2003,0.0,0.0,0.0,0.0,0.0,0.0,255.8682,0.0,0.0,0.0,0.0,2.8266,39.6641,0.0,80.3658,0.0,0.0,0.0,0.0,0.0,0.0,0.0,0.0,0.0,0.0,0.0,0.0,0.0,64.9125,0.0,0.0,0.0,0.0,0.0,16.556,0.0,0.6321,65.4736,35.382200000000005,0.0,0.0,0.0,32.653,5.9589,31.1542,1.9743,0.2163,0.0,13.7644,45.468900000000005,0.0,0.0,0.0,83.5883,67.4915,8.0347,28.5976,1.7578,295.1088,0.0,0.0,61.666000000000004,7.7479
0.0,0.0,0.0,26.8624,0.0,306.14639999999997,107.28529999999999,6.4484,0.0,38.7049,1.1247,0.0,12.867999999999999,640.503,900.0125,0.5781000000000001,0.0,69.0655,0.0,519.5836999999999,1703.4506,0.0,1.3163999999999998,224.8077,388.9593,0.0,0.0,0.0,0.0,0.0,30.2827,120.64080000000001,133.99519999999998,0.0,0.0,0.0,0.0,0.0,0.0,0.0,0.0,0.0,0.0,0.0,0.0,0.0,0.0,0.0,0.0,0.0,0.0,0.0,0.0,0.0,0.0,0.0,0.0,0.23409999999999997,13.924000000000001,0.0,0.0,5.2003,0.0,0.0,0.0,0.0,0.0,0.0,255.8682,0.0,0.0,0.0,0.0,2.8266,39.6641,0.0,80.3658,0.0,0.0,0.0,0.0,0.0,0.0,0.0,0.0,0.0,0.0,0.0,0.0,0.0,64.9125,0.0,0.0,0.0,0.0,0.0,16.556,0.0,0.6321,65.4736,35.382200000000005,0.0,0.0,0.0,32.653,5.9589,31.1542,1.9743,0.2163,0.0,13.7644,45.468900000000005,0.0,0.0,0.0,83.5883,67.4915,8.0347,28.5976,1.7578,295.1088,0.0,0.0,61.666000000000004,7.7479
0.0,0.0,0.0,27.5932,0.0,316.494,103.232,6.1721,0.0,39.4043,1.1667,0.0,12.168800000000001,652.0784,911.6559,0.5159,0.0,72.92090000000002,0.0,473.47369999999995,1708.3718000000001,0.0,1.3891,256.043,440.0095,0.0,0.0,0.0,0.0,0.0,29.4574,117.35289999999999,131.37870000000004,0.0,0.0,0.0,0.0,0.0,0.0,0.0,0.0,0.0,0.0,0.0,0.0,0.0,0.0,0.0,0.0,0.0,0.0,0.0,0.0,0.0,0.0,0.0,0.0,0.29359999999999997,13.350000000000001,0.0,0.0,5.6991,0.0,0.0,0.0,0.0,0.0,0.0,244.64589999999998,0.0,0.0,0.0,0.0,2.8816,37.9244,0.0,76.841,0.0,0.0,0.0,0.0,0.0,0.0,0.0,0.0,0.0,0.0,0.0,0.0,0.0,245.979,0.0,0.0,0.0,0.0,0.0,16.4956,0.0,0.5754,75.16910000000001,35.2418,0.0,0.0,0.0,29.359299999999998,2.9701000000000004,27.7731,1.6468,0.18039999999999998,0.0,9.657499999999999,45.303,0.0,0.0,0.0,75.0373,71.1831,7.5981000000000005,28.4932,0.0,279.0739,0.0,0.0,48.1568,7.6747
0.0,0.0,0.0,27.5932,0.0,316.494,103.232,6.1721,0.0,39.4043,1.1667,0.0,12.168800000000001,652.0784,911.6559,0.5159,0.0,72.92090000000002,0.0,473.47369999999995,1708.3718000000001,0.0,1.3891,256.043,440.0095,0.0,0.0,0.0,0.0,0.0,29.4574,117.35289999999999,131.37870000000004,0.0,0.0,0.0,0.0,0.0,0.0,0.0,0.0,0.0,0.0,0.0,0.0,0.0,0.0,0.0,0.0,0.0,0.0,0.0,0.0,0.0,0.0,0.0,0.0,0.29359999999999997,13.350000000000001,0.0,0.0,5.6991,0.0,0.0,0.0,0.0,0.0,0.0,244.64589999999998,0.0,0.0,0.0,0.0,2.8816,37.9244,0.0,76.841,0.0,0.0,0.0,0.0,0.0,0.0,0.0,0.0,0.0,0.0,0.0,0.0,0.0,245.979,0.0,0.0,0.0,0.0,0.0,16.4956,0.0,0.5754,75.16910000000001,35.2418,0.0,0.0,0.0,29.359299999999998,2.9701000000000004,27.7731,1.6468,0.18039999999999998,0.0,9.657499999999999,45.303,0.0,0.0,0.0,75.0373,71.1831,7.5981000000000005,28.4932,0.0,279.0739,0.0,0.0,48.1568,7.6747
0.0,0.0,0.0,27.5932,0.0,316.494,103.232,6.1721,0.0,39.4043,1.1667,0.0,12.168800000000001,652.0784,911.6559,0.5159,0.0,72.92090000000002,0.0,473.47369999999995,1708.3718000000001,0.0,1.3891,256.043,440.0095,0.0,0.0,0.0,0.0,0.0,29.4574,117.35289999999999,131.37870000000004,0.0,0.0,0.0,0.0,0.0,0.0,0.0,0.0,0.0,0.0,0.0,0.0,0.0,0.0,0.0,0.0,0.0,0.0,0.0,0.0,0.0,0.0,0.0,0.0,0.29359999999999997,13.350000000000001,0.0,0.0,5.6991,0.0,0.0,0.0,0.0,0.0,0.0,244.64589999999998,0.0,0.0,0.0,0.0,2.8816,37.9244,0.0,76.841,0.0,0.0,0.0,0.0,0.0,0.0,0.0,0.0,0.0,0.0,0.0,0.0,0.0,245.979,0.0,0.0,0.0,0.0,0.0,16.4956,0.0,0.5754,75.16910000000001,35.2418,0.0,0.0,0.0,29.359299999999998,2.9701000000000004,27.7731,1.6468,0.18039999999999998,0.0,9.657499999999999,45.303,0.0,0.0,0.0,75.0373,71.1831,7.5981000000000005,28.4932,0.0,279.0739,0.0,0.0,48.1568,7.6747
0.0,0.0,0.0,27.5932,0.0,316.494,103.232,6.1721,0.0,39.4043,1.1667,0.0,12.168800000000001,652.0784,911.6559,0.5159,0.0,72.92090000000002,0.0,473.47369999999995,1708.3718000000001,0.0,1.3891,256.043,440.0095,0.0,0.0,0.0,0.0,0.0,29.4574,117.35289999999999,131.37870000000004,0.0,0.0,0.0,0.0,0.0,0.0,0.0,0.0,0.0,0.0,0.0,0.0,0.0,0.0,0.0,0.0,0.0,0.0,0.0,0.0,0.0,0.0,0.0,0.0,0.29359999999999997,13.350000000000001,0.0,0.0,5.6991,0.0,0.0,0.0,0.0,0.0,0.0,244.64589999999998,0.0,0.0,0.0,0.0,2.8816,37.9244,0.0,76.841,0.0,0.0,0.0,0.0,0.0,0.0,0.0,0.0,0.0,0.0,0.0,0.0,0.0,245.979,0.0,0.0,0.0,0.0,0.0,16.4956,0.0,0.5754,75.16910000000001,35.2418,0.0,0.0,0.0,29.359299999999998,2.9701000000000004,27.7731,1.6468,0.18039999999999998,0.0,9.657499999999999,45.303,0.0,0.0,0.0,75.0373,71.1831,7.5981000000000005,28.4932,0.0,279.0739,0.0,0.0,48.1568,7.6747
0.0,0.0,0.0,27.5932,0.0,316.494,103.232,6.1721,0.0,39.4043,1.1667,0.0,12.168800000000001,652.0784,911.6559,0.5159,0.0,72.92090000000002,0.0,473.47369999999995,1708.3718000000001,0.0,1.3891,256.043,440.0095,0.0,0.0,0.0,0.0,0.0,29.4574,117.35289999999999,131.37870000000004,0.0,0.0,0.0,0.0,0.0,0.0,0.0,0.0,0.0,0.0,0.0,0.0,0.0,0.0,0.0,0.0,0.0,0.0,0.0,0.0,0.0,0.0,0.0,0.0,0.29359999999999997,13.350000000000001,0.0,0.0,5.6991,0.0,0.0,0.0,0.0,0.0,0.0,244.64589999999998,0.0,0.0,0.0,0.0,2.8816,37.9244,0.0,76.841,0.0,0.0,0.0,0.0,0.0,0.0,0.0,0.0,0.0,0.0,0.0,0.0,0.0,245.979,0.0,0.0,0.0,0.0,0.0,16.4956,0.0,0.5754,75.16910000000001,35.2418,0.0,0.0,0.0,29.359299999999998,2.9701000000000004,27.7731,1.6468,0.18039999999999998,0.0,9.657499999999999,45.303,0.0,0.0,0.0,75.0373,71.1831,7.5981000000000005,28.4932,0.0,279.0739,0.0,0.0,48.1568,7.6747
0.0,0.0,0.0,27.5932,0.0,316.494,103.232,6.1721,0.0,39.4043,1.1667,0.0,12.168800000000001,652.0784,911.6559,0.5159,0.0,72.92090000000002,0.0,473.47369999999995,1708.3718000000001,0.0,1.3891,256.043,440.0095,0.0,0.0,0.0,0.0,0.0,29.4574,117.35289999999999,131.37870000000004,0.0,0.0,0.0,0.0,0.0,0.0,0.0,0.0,0.0,0.0,0.0,0.0,0.0,0.0,0.0,0.0,0.0,0.0,0.0,0.0,0.0,0.0,0.0,0.0,0.29359999999999997,13.350000000000001,0.0,0.0,5.6991,0.0,0.0,0.0,0.0,0.0,0.0,244.64589999999998,0.0,0.0,0.0,0.0,2.8816,37.9244,0.0,76.841,0.0,0.0,0.0,0.0,0.0,0.0,0.0,0.0,0.0,0.0,0.0,0.0,0.0,245.979,0.0,0.0,0.0,0.0,0.0,16.4956,0.0,0.5754,75.16910000000001,35.2418,0.0,0.0,0.0,29.359299999999998,2.9701000000000004,27.7731,1.6468,0.18039999999999998,0.0,9.657499999999999,45.303,0.0,0.0,0.0,75.0373,71.1831,7.5981000000000005,28.4932,0.0,279.0739,0.0,0.0,48.1568,7.6747
0.0,0.0,0.0,27.5932,0.0,316.494,103.232,6.1721,0.0,39.4043,1.1667,0.0,12.168800000000001,652.0784,911.6559,0.5159,0.0,72.92090000000002,0.0,473.47369999999995,1708.3718000000001,0.0,1.3891,256.043,440.0095,0.0,0.0,0.0,0.0,0.0,29.4574,117.35289999999999,131.37870000000004,0.0,0.0,0.0,0.0,0.0,0.0,0.0,0.0,0.0,0.0,0.0,0.0,0.0,0.0,0.0,0.0,0.0,0.0,0.0,0.0,0.0,0.0,0.0,0.0,0.29359999999999997,13.350000000000001,0.0,0.0,5.6991,0.0,0.0,0.0,0.0,0.0,0.0,244.64589999999998,0.0,0.0,0.0,0.0,2.8816,37.9244,0.0,76.841,0.0,0.0,0.0,0.0,0.0,0.0,0.0,0.0,0.0,0.0,0.0,0.0,0.0,245.979,0.0,0.0,0.0,0.0,0.0,16.4956,0.0,0.5754,75.16910000000001,35.2418,0.0,0.0,0.0,29.359299999999998,2.9701000000000004,27.7731,1.6468,0.18039999999999998,0.0,9.657499999999999,45.303,0.0,0.0,0.0,75.0373,71.1831,7.5981000000000005,28.4932,0.0,279.0739,0.0,0.0,48.1568,7.6747
0.0,0.0,0.0,23.2951,0.0,344.20740000000006,188.11159999999998,9.554400000000001,0.0,30.694699999999997,1.9609,0.0,14.201399999999998,509.0792,739.7330000000001,0.8237,0.0,87.54320000000001,0.0,523.1305000000001,1510.0601,0.0,1.4522,270.6288,465.81350000000003,0.0,0.0,0.0,0.0,0.0,24.7956,94.48859999999999,99.36789999999995,0.0,0.0,0.0,0.0,0.0,0.0,0.0,0.0,0.0,0.0,0.0,0.0,0.0,0.0,0.0,0.0,0.0,0.0,0.0,0.0,0.0,0.0,0.0,0.0,0.2525,13.7955,0.0,0.0,6.4824,0.0,0.0,0.0,0.0,0.0,0.0,253.387,0.0,0.0,0.0,0.0,2.9422,38.7815,0.0,82.5282,0.0,0.0,0.0,0.0,0.0,0.0,0.0,0.0,0.0,0.0,0.0,0.0,0.0,452.9629,0.0,0.0,0.0,0.0,0.0,16.9939,0.0,0.656,79.5832,35.348800000000004,0.0,0.0,0.0,33.0944,5.9013,31.444300000000002,1.1215,0.12290000000000001,0.0,10.174199999999999,46.6714,0.0,0.0,0.0,62.177299999999995,68.57789999999999,8.8672,29.354000000000003,0.0,320.76959999999997,0.0,0.0,46.483799999999995,5.4465
0.0,0.0,0.0,23.2951,0.0,344.20740000000006,188.11159999999998,9.554400000000001,0.0,30.694699999999997,1.9609,0.0,14.201399999999998,509.0792,739.7330000000001,0.8237,0.0,87.54320000000001,0.0,523.1305000000001,1510.0601,0.0,1.4522,270.6288,465.81350000000003,0.0,0.0,0.0,0.0,0.0,24.7956,94.48859999999999,99.36789999999995,0.0,0.0,0.0,0.0,0.0,0.0,0.0,0.0,0.0,0.0,0.0,0.0,0.0,0.0,0.0,0.0,0.0,0.0,0.0,0.0,0.0,0.0,0.0,0.0,0.2525,13.7955,0.0,0.0,6.4824,0.0,0.0,0.0,0.0,0.0,0.0,253.387,0.0,0.0,0.0,0.0,2.9422,38.7815,0.0,82.5282,0.0,0.0,0.0,0.0,0.0,0.0,0.0,0.0,0.0,0.0,0.0,0.0,0.0,452.9629,0.0,0.0,0.0,0.0,0.0,16.9939,0.0,0.656,79.5832,35.348800000000004,0.0,0.0,0.0,33.0944,5.9013,31.444300000000002,1.1215,0.12290000000000001,0.0,10.174199999999999,46.6714,0.0,0.0,0.0,62.177299999999995,68.57789999999999,8.8672,29.354000000000003,0.0,320.76959999999997,0.0,0.0,46.483799999999995,5.4465
0.0,0.0,0.0,23.2951,0.0,344.20740000000006,188.11159999999998,9.554400000000001,0.0,30.694699999999997,1.9609,0.0,14.201399999999998,509.0792,739.7330000000001,0.8237,0.0,87.54320000000001,0.0,523.1305000000001,1510.0601,0.0,1.4522,270.6288,465.81350000000003,0.0,0.0,0.0,0.0,0.0,24.7956,94.48859999999999,99.36789999999995,0.0,0.0,0.0,0.0,0.0,0.0,0.0,0.0,0.0,0.0,0.0,0.0,0.0,0.0,0.0,0.0,0.0,0.0,0.0,0.0,0.0,0.0,0.0,0.0,0.2525,13.7955,0.0,0.0,6.4824,0.0,0.0,0.0,0.0,0.0,0.0,253.387,0.0,0.0,0.0,0.0,2.9422,38.7815,0.0,82.5282,0.0,0.0,0.0,0.0,0.0,0.0,0.0,0.0,0.0,0.0,0.0,0.0,0.0,452.9629,0.0,0.0,0.0,0.0,0.0,16.9939,0.0,0.656,79.5832,35.348800000000004,0.0,0.0,0.0,33.0944,5.9013,31.444300000000002,1.1215,0.12290000000000001,0.0,10.174199999999999,46.6714,0.0,0.0,0.0,62.177299999999995,68.57789999999999,8.8672,29.354000000000003,0.0,320.76959999999997,0.0,0.0,46.483799999999995,5.4465
0.0,0.0,0.0,23.2951,0.0,344.20740000000006,188.11159999999998,9.554400000000001,0.0,30.694699999999997,1.9609,0.0,14.201399999999998,509.0792,739.7330000000001,0.8237,0.0,87.54320000000001,0.0,523.1305000000001,1510.0601,0.0,1.4522,270.6288,465.81350000000003,0.0,0.0,0.0,0.0,0.0,24.7956,94.48859999999999,99.36789999999995,0.0,0.0,0.0,0.0,0.0,0.0,0.0,0.0,0.0,0.0,0.0,0.0,0.0,0.0,0.0,0.0,0.0,0.0,0.0,0.0,0.0,0.0,0.0,0.0,0.2525,13.7955,0.0,0.0,6.4824,0.0,0.0,0.0,0.0,0.0,0.0,253.387,0.0,0.0,0.0,0.0,2.9422,38.7815,0.0,82.5282,0.0,0.0,0.0,0.0,0.0,0.0,0.0,0.0,0.0,0.0,0.0,0.0,0.0,452.9629,0.0,0.0,0.0,0.0,0.0,16.9939,0.0,0.656,79.5832,35.348800000000004,0.0,0.0,0.0,33.0944,5.9013,31.444300000000002,1.1215,0.12290000000000001,0.0,10.174199999999999,46.6714,0.0,0.0,0.0,62.177299999999995,68.57789999999999,8.8672,29.354000000000003,0.0,320.76959999999997,0.0,0.0,46.483799999999995,5.4465
0.0,0.0,0.0,23.2951,0.0,344.20740000000006,188.11159999999998,9.554400000000001,0.0,30.694699999999997,1.9609,0.0,14.201399999999998,509.0792,739.7330000000001,0.8237,0.0,87.54320000000001,0.0,523.1305000000001,1510.0601,0.0,1.4522,270.6288,465.81350000000003,0.0,0.0,0.0,0.0,0.0,24.7956,94.48859999999999,99.36789999999995,0.0,0.0,0.0,0.0,0.0,0.0,0.0,0.0,0.0,0.0,0.0,0.0,0.0,0.0,0.0,0.0,0.0,0.0,0.0,0.0,0.0,0.0,0.0,0.0,0.2525,13.7955,0.0,0.0,6.4824,0.0,0.0,0.0,0.0,0.0,0.0,253.387,0.0,0.0,0.0,0.0,2.9422,38.7815,0.0,82.5282,0.0,0.0,0.0,0.0,0.0,0.0,0.0,0.0,0.0,0.0,0.0,0.0,0.0,452.9629,0.0,0.0,0.0,0.0,0.0,16.9939,0.0,0.656,79.5832,35.348800000000004,0.0,0.0,0.0,33.0944,5.9013,31.444300000000002,1.1215,0.12290000000000001,0.0,10.174199999999999,46.6714,0.0,0.0,0.0,62.177299999999995,68.57789999999999,8.8672,29.354000000000003,0.0,320.76959999999997,0.0,0.0,46.483799999999995,5.4465
0.0,0.0,0.0,23.2951,0.0,344.20740000000006,188.11159999999998,9.554400000000001,0.0,30.694699999999997,1.9609,0.0,14.201399999999998,509.0792,739.7330000000001,0.8237,0.0,87.54320000000001,0.0,523.1305000000001,1510.0601,0.0,1.4522,270.6288,465.81350000000003,0.0,0.0,0.0,0.0,0.0,24.7956,94.48859999999999,99.36789999999995,0.0,0.0,0.0,0.0,0.0,0.0,0.0,0.0,0.0,0.0,0.0,0.0,0.0,0.0,0.0,0.0,0.0,0.0,0.0,0.0,0.0,0.0,0.0,0.0,0.2525,13.7955,0.0,0.0,6.4824,0.0,0.0,0.0,0.0,0.0,0.0,253.387,0.0,0.0,0.0,0.0,2.9422,38.7815,0.0,82.5282,0.0,0.0,0.0,0.0,0.0,0.0,0.0,0.0,0.0,0.0,0.0,0.0,0.0,452.9629,0.0,0.0,0.0,0.0,0.0,16.9939,0.0,0.656,79.5832,35.348800000000004,0.0,0.0,0.0,33.0944,5.9013,31.444300000000002,1.1215,0.12290000000000001,0.0,10.174199999999999,46.6714,0.0,0.0,0.0,62.177299999999995,68.57789999999999,8.8672,29.354000000000003,0.0,320.76959999999997,0.0,0.0,46.483799999999995,5.4465
0.0,0.0,0.0,23.2951,0.0,344.20740000000006,188.11159999999998,9.554400000000001,0.0,30.694699999999997,1.9609,0.0,14.201399999999998,509.0792,739.7330000000001,0.8237,0.0,87.54320000000001,0.0,523.1305000000001,1510.0601,0.0,1.4522,270.6288,465.81350000000003,0.0,0.0,0.0,0.0,0.0,24.7956,94.48859999999999,99.36789999999995,0.0,0.0,0.0,0.0,0.0,0.0,0.0,0.0,0.0,0.0,0.0,0.0,0.0,0.0,0.0,0.0,0.0,0.0,0.0,0.0,0.0,0.0,0.0,0.0,0.2525,13.7955,0.0,0.0,6.4824,0.0,0.0,0.0,0.0,0.0,0.0,253.387,0.0,0.0,0.0,0.0,2.9422,38.7815,0.0,82.5282,0.0,0.0,0.0,0.0,0.0,0.0,0.0,0.0,0.0,0.0,0.0,0.0,0.0,452.9629,0.0,0.0,0.0,0.0,0.0,16.9939,0.0,0.656,79.5832,35.348800000000004,0.0,0.0,0.0,33.0944,5.9013,31.444300000000002,1.1215,0.12290000000000001,0.0,10.174199999999999,46.6714,0.0,0.0,0.0,62.177299999999995,68.57789999999999,8.8672,29.354000000000003,0.0,320.76959999999997,0.0,0.0,46.483799999999995,5.4465
0.0,0.0,0.0,20.9356,0.0,504.55940000000004,224.2347,9.5478,0.0,23.3802,1.5109,0.0,13.7428,389.94350000000003,598.8733,0.9168999999999999,0.0,77.672,0.0,612.9918,1583.3539,0.0,1.5351,223.22609999999997,348.235,0.0,0.0,0.0,0.0,0.0,27.9341,97.1143,87.94780000000002,0.0,0.0,0.0,0.0,0.0,0.0,0.0,0.0,0.0,0.0,0.0,0.0,0.0,0.0,0.0,0.0,0.0,0.0,0.0,0.0,0.0,0.0,0.0,0.0,0.31799999999999995,12.839500000000001,0.0,0.0,7.081999999999999,0.0,0.0,0.0,0.0,0.0,0.0,236.18759999999997,0.0,0.0,0.0,0.0,2.9055,34.9873,0.0,83.7896,0.0,0.0,0.0,0.0,0.0,0.0,0.0,0.0,0.0,0.0,0.0,0.0,0.0,272.76,0.0,0.0,0.0,0.0,0.0,18.3012,0.0,0.301,71.99010000000001,35.828300000000006,0.0,0.0,0.0,34.105900000000005,8.301400000000001,32.7915,0.7632,0.0836,0.0,12.540200000000002,50.2617,0.0,0.0,0.0,49.0505,66.8347,8.5809,31.611900000000002,0.0,298.3842,0.0,0.0,46.70230000000001,2.7296
0.0,0.0,0.0,20.9356,0.0,504.55940000000004,224.2347,9.5478,0.0,23.3802,1.5109,0.0,13.7428,389.94350000000003,598.8733,0.9168999999999999,0.0,77.672,0.0,612.9918,1583.3539,0.0,1.5351,223.22609999999997,348.235,0.0,0.0,0.0,0.0,0.0,27.9341,97.1143,87.94780000000002,0.0,0.0,0.0,0.0,0.0,0.0,0.0,0.0,0.0,0.0,0.0,0.0,0.0,0.0,0.0,0.0,0.0,0.0,0.0,0.0,0.0,0.0,0.0,0.0,0.31799999999999995,12.839500000000001,0.0,0.0,7.081999999999999,0.0,0.0,0.0,0.0,0.0,0.0,236.18759999999997,0.0,0.0,0.0,0.0,2.9055,34.9873,0.0,83.7896,0.0,0.0,0.0,0.0,0.0,0.0,0.0,0.0,0.0,0.0,0.0,0.0,0.0,272.76,0.0,0.0,0.0,0.0,0.0,18.3012,0.0,0.301,71.99010000000001,35.828300000000006,0.0,0.0,0.0,34.105900000000005,8.301400000000001,32.7915,0.7632,0.0836,0.0,12.540200000000002,50.2617,0.0,0.0,0.0,49.0505,66.8347,8.5809,31.611900000000002,0.0,298.3842,0.0,0.0,46.70230000000001,2.7296
0.0,0.0,0.0,20.9356,0.0,504.55940000000004,224.2347,9.5478,0.0,23.3802,1.5109,0.0,13.7428,389.94350000000003,598.8733,0.9168999999999999,0.0,77.672,0.0,612.9918,1583.3539,0.0,1.5351,223.22609999999997,348.235,0.0,0.0,0.0,0.0,0.0,27.9341,97.1143,87.94780000000002,0.0,0.0,0.0,0.0,0.0,0.0,0.0,0.0,0.0,0.0,0.0,0.0,0.0,0.0,0.0,0.0,0.0,0.0,0.0,0.0,0.0,0.0,0.0,0.0,0.31799999999999995,12.839500000000001,0.0,0.0,7.081999999999999,0.0,0.0,0.0,0.0,0.0,0.0,236.18759999999997,0.0,0.0,0.0,0.0,2.9055,34.9873,0.0,83.7896,0.0,0.0,0.0,0.0,0.0,0.0,0.0,0.0,0.0,0.0,0.0,0.0,0.0,272.76,0.0,0.0,0.0,0.0,0.0,18.3012,0.0,0.301,71.99010000000001,35.828300000000006,0.0,0.0,0.0,34.105900000000005,8.301400000000001,32.7915,0.7632,0.0836,0.0,12.540200000000002,50.2617,0.0,0.0,0.0,49.0505,66.8347,8.5809,31.611900000000002,0.0,298.3842,0.0,0.0,46.70230000000001,2.7296
0.0,0.0,0.0,20.9356,0.0,504.55940000000004,224.2347,9.5478,0.0,23.3802,1.5109,0.0,13.7428,389.94350000000003,598.8733,0.9168999999999999,0.0,77.672,0.0,612.9918,1583.3539,0.0,1.5351,223.22609999999997,348.235,0.0,0.0,0.0,0.0,0.0,27.9341,97.1143,87.94780000000002,0.0,0.0,0.0,0.0,0.0,0.0,0.0,0.0,0.0,0.0,0.0,0.0,0.0,0.0,0.0,0.0,0.0,0.0,0.0,0.0,0.0,0.0,0.0,0.0,0.31799999999999995,12.839500000000001,0.0,0.0,7.081999999999999,0.0,0.0,0.0,0.0,0.0,0.0,236.18759999999997,0.0,0.0,0.0,0.0,2.9055,34.9873,0.0,83.7896,0.0,0.0,0.0,0.0,0.0,0.0,0.0,0.0,0.0,0.0,0.0,0.0,0.0,272.76,0.0,0.0,0.0,0.0,0.0,18.3012,0.0,0.301,71.99010000000001,35.828300000000006,0.0,0.0,0.0,34.105900000000005,8.301400000000001,32.7915,0.7632,0.0836,0.0,12.540200000000002,50.2617,0.0,0.0,0.0,49.0505,66.8347,8.5809,31.611900000000002,0.0,298.3842,0.0,0.0,46.70230000000001,2.7296
0.0,0.0,0.0,20.9356,0.0,504.55940000000004,224.2347,9.5478,0.0,23.3802,1.5109,0.0,13.7428,389.94350000000003,598.8733,0.9168999999999999,0.0,77.672,0.0,612.9918,1583.3539,0.0,1.5351,223.22609999999997,348.235,0.0,0.0,0.0,0.0,0.0,27.9341,97.1143,87.94780000000002,0.0,0.0,0.0,0.0,0.0,0.0,0.0,0.0,0.0,0.0,0.0,0.0,0.0,0.0,0.0,0.0,0.0,0.0,0.0,0.0,0.0,0.0,0.0,0.0,0.31799999999999995,12.839500000000001,0.0,0.0,7.081999999999999,0.0,0.0,0.0,0.0,0.0,0.0,236.18759999999997,0.0,0.0,0.0,0.0,2.9055,34.9873,0.0,83.7896,0.0,0.0,0.0,0.0,0.0,0.0,0.0,0.0,0.0,0.0,0.0,0.0,0.0,272.76,0.0,0.0,0.0,0.0,0.0,18.3012,0.0,0.301,71.99010000000001,35.828300000000006,0.0,0.0,0.0,34.105900000000005,8.301400000000001,32.7915,0.7632,0.0836,0.0,12.540200000000002,50.2617,0.0,0.0,0.0,49.0505,66.8347,8.5809,31.611900000000002,0.0,298.3842,0.0,0.0,46.70230000000001,2.7296
0.0,0.0,0.0,20.9356,0.0,504.55940000000004,224.2347,9.5478,0.0,23.3802,1.5109,0.0,13.7428,389.94350000000003,598.8733,0.9168999999999999,0.0,77.672,0.0,612.9918,1583.3539,0.0,1.5351,223.22609999999997,348.235,0.0,0.0,0.0,0.0,0.0,27.9341,97.1143,87.94780000000002,0.0,0.0,0.0,0.0,0.0,0.0,0.0,0.0,0.0,0.0,0.0,0.0,0.0,0.0,0.0,0.0,0.0,0.0,0.0,0.0,0.0,0.0,0.0,0.0,0.31799999999999995,12.839500000000001,0.0,0.0,7.081999999999999,0.0,0.0,0.0,0.0,0.0,0.0,236.18759999999997,0.0,0.0,0.0,0.0,2.9055,34.9873,0.0,83.7896,0.0,0.0,0.0,0.0,0.0,0.0,0.0,0.0,0.0,0.0,0.0,0.0,0.0,272.76,0.0,0.0,0.0,0.0,0.0,18.3012,0.0,0.301,71.99010000000001,35.828300000000006,0.0,0.0,0.0,34.105900000000005,8.301400000000001,32.7915,0.7632,0.0836,0.0,12.540200000000002,50.2617,0.0,0.0,0.0,49.0505,66.8347,8.5809,31.611900000000002,0.0,298.3842,0.0,0.0,46.70230000000001,2.7296
0.0,0.0,0.0,20.9356,0.0,504.55940000000004,224.2347,9.5478,0.0,23.3802,1.5109,0.0,13.7428,389.94350000000003,598.8733,0.9168999999999999,0.0,77.672,0.0,612.9918,1583.3539,0.0,1.5351,223.22609999999997,348.235,0.0,0.0,0.0,0.0,0.0,27.9341,97.1143,87.94780000000002,0.0,0.0,0.0,0.0,0.0,0.0,0.0,0.0,0.0,0.0,0.0,0.0,0.0,0.0,0.0,0.0,0.0,0.0,0.0,0.0,0.0,0.0,0.0,0.0,0.31799999999999995,12.839500000000001,0.0,0.0,7.081999999999999,0.0,0.0,0.0,0.0,0.0,0.0,236.18759999999997,0.0,0.0,0.0,0.0,2.9055,34.9873,0.0,83.7896,0.0,0.0,0.0,0.0,0.0,0.0,0.0,0.0,0.0,0.0,0.0,0.0,0.0,272.76,0.0,0.0,0.0,0.0,0.0,18.3012,0.0,0.301,71.99010000000001,35.828300000000006,0.0,0.0,0.0,34.105900000000005,8.301400000000001,32.7915,0.7632,0.0836,0.0,12.540200000000002,50.2617,0.0,0.0,0.0,49.0505,66.8347,8.5809,31.611900000000002,0.0,298.3842,0.0,0.0,46.70230000000001,2.7296
0.0,0.0,0.0,20.2481,0.0,482.2283999999999,199.66330000000002,8.4967,0.0,24.9945,1.0487,0.0,14.25,416.8665,636.6668,0.6866000000000001,0.0,72.5745,0.0,588.2786,1639.5528999999997,0.0,1.2110999999999998,233.25460000000004,346.84090000000003,0.0,0.0,0.0,0.0,0.0,34.3606,119.45649999999999,107.2925,0.0,0.0,0.0,0.0,0.0,0.0,0.0,0.0,0.0,0.0,0.0,0.0,0.0,0.0,0.0,0.0,0.0,0.0,0.0,0.0,0.0,0.0,0.0,0.0,0.8044,12.7561,0.0,0.0,7.3831999999999995,0.0,0.0,0.0,0.0,0.0,0.0,235.15050000000002,0.0,0.0,0.0,0.0,2.7617000000000003,34.8337,0.0,83.4217,0.0,0.0,0.0,0.0,0.0,0.0,0.0,0.0,0.0,0.0,0.0,0.0,0.0,254.0779,0.0,0.0,0.0,0.0,0.0,18.9368,0.0,2.0699,71.27060000000002,35.4321,0.0,0.0,0.0,32.404,6.214300000000001,30.914099999999998,0.7041,0.0771,0.0,10.3418,52.007400000000004,0.0,0.0,0.0,40.2661,71.14750000000001,8.8976,32.709900000000005,16.2122,309.39829999999995,0.0,0.0,152.23369999999997,2.5633
0.0,0.0,0.0,20.2481,0.0,482.2283999999999,199.66330000000002,8.4967,0.0,24.9945,1.0487,0.0,14.25,416.8665,636.6668,0.6866000000000001,0.0,72.5745,0.0,588.2786,1639.5528999999997,0.0,1.2110999999999998,233.25460000000004,346.84090000000003,0.0,0.0,0.0,0.0,0.0,34.3606,119.45649999999999,107.2925,0.0,0.0,0.0,0.0,0.0,0.0,0.0,0.0,0.0,0.0,0.0,0.0,0.0,0.0,0.0,0.0,0.0,0.0,0.0,0.0,0.0,0.0,0.0,0.0,0.8044,12.7561,0.0,0.0,7.3831999999999995,0.0,0.0,0.0,0.0,0.0,0.0,235.15050000000002,0.0,0.0,0.0,0.0,2.7617000000000003,34.8337,0.0,83.4217,0.0,0.0,0.0,0.0,0.0,0.0,0.0,0.0,0.0,0.0,0.0,0.0,0.0,254.0779,0.0,0.0,0.0,0.0,0.0,18.9368,0.0,2.0699,71.27060000000002,35.4321,0.0,0.0,0.0,32.404,6.214300000000001,30.914099999999998,0.7041,0.0771,0.0,10.3418,52.007400000000004,0.0,0.0,0.0,40.2661,71.14750000000001,8.8976,32.709900000000005,16.2122,309.39829999999995,0.0,0.0,152.23369999999997,2.5633
0.0,0.0,0.0,20.2481,0.0,482.2283999999999,199.66330000000002,8.4967,0.0,24.9945,1.0487,0.0,14.25,416.8665,636.6668,0.6866000000000001,0.0,72.5745,0.0,588.2786,1639.5528999999997,0.0,1.2110999999999998,233.25460000000004,346.84090000000003,0.0,0.0,0.0,0.0,0.0,34.3606,119.45649999999999,107.2925,0.0,0.0,0.0,0.0,0.0,0.0,0.0,0.0,0.0,0.0,0.0,0.0,0.0,0.0,0.0,0.0,0.0,0.0,0.0,0.0,0.0,0.0,0.0,0.0,0.8044,12.7561,0.0,0.0,7.3831999999999995,0.0,0.0,0.0,0.0,0.0,0.0,235.15050000000002,0.0,0.0,0.0,0.0,2.7617000000000003,34.8337,0.0,83.4217,0.0,0.0,0.0,0.0,0.0,0.0,0.0,0.0,0.0,0.0,0.0,0.0,0.0,254.0779,0.0,0.0,0.0,0.0,0.0,18.9368,0.0,2.0699,71.27060000000002,35.4321,0.0,0.0,0.0,32.404,6.214300000000001,30.914099999999998,0.7041,0.0771,0.0,10.3418,52.007400000000004,0.0,0.0,0.0,40.2661,71.14750000000001,8.8976,32.709900000000005,16.2122,309.39829999999995,0.0,0.0,152.23369999999997,2.5633
0.0,0.0,0.0,20.2481,0.0,482.2283999999999,199.66330000000002,8.4967,0.0,24.9945,1.0487,0.0,14.25,416.8665,636.6668,0.6866000000000001,0.0,72.5745,0.0,588.2786,1639.5528999999997,0.0,1.2110999999999998,233.25460000000004,346.84090000000003,0.0,0.0,0.0,0.0,0.0,34.3606,119.45649999999999,107.2925,0.0,0.0,0.0,0.0,0.0,0.0,0.0,0.0,0.0,0.0,0.0,0.0,0.0,0.0,0.0,0.0,0.0,0.0,0.0,0.0,0.0,0.0,0.0,0.0,0.8044,12.7561,0.0,0.0,7.3831999999999995,0.0,0.0,0.0,0.0,0.0,0.0,235.15050000000002,0.0,0.0,0.0,0.0,2.7617000000000003,34.8337,0.0,83.4217,0.0,0.0,0.0,0.0,0.0,0.0,0.0,0.0,0.0,0.0,0.0,0.0,0.0,254.0779,0.0,0.0,0.0,0.0,0.0,18.9368,0.0,2.0699,71.27060000000002,35.4321,0.0,0.0,0.0,32.404,6.214300000000001,30.914099999999998,0.7041,0.0771,0.0,10.3418,52.007400000000004,0.0,0.0,0.0,40.2661,71.14750000000001,8.8976,32.709900000000005,16.2122,309.39829999999995,0.0,0.0,152.23369999999997,2.5633
0.0,0.0,0.0,20.2481,0.0,482.2283999999999,199.66330000000002,8.4967,0.0,24.9945,1.0487,0.0,14.25,416.8665,636.6668,0.6866000000000001,0.0,72.5745,0.0,588.2786,1639.5528999999997,0.0,1.2110999999999998,233.25460000000004,346.84090000000003,0.0,0.0,0.0,0.0,0.0,34.3606,119.45649999999999,107.2925,0.0,0.0,0.0,0.0,0.0,0.0,0.0,0.0,0.0,0.0,0.0,0.0,0.0,0.0,0.0,0.0,0.0,0.0,0.0,0.0,0.0,0.0,0.0,0.0,0.8044,12.7561,0.0,0.0,7.3831999999999995,0.0,0.0,0.0,0.0,0.0,0.0,235.15050000000002,0.0,0.0,0.0,0.0,2.7617000000000003,34.8337,0.0,83.4217,0.0,0.0,0.0,0.0,0.0,0.0,0.0,0.0,0.0,0.0,0.0,0.0,0.0,254.0779,0.0,0.0,0.0,0.0,0.0,18.9368,0.0,2.0699,71.27060000000002,35.4321,0.0,0.0,0.0,32.404,6.214300000000001,30.914099999999998,0.7041,0.0771,0.0,10.3418,52.007400000000004,0.0,0.0,0.0,40.2661,71.14750000000001,8.8976,32.709900000000005,16.2122,309.39829999999995,0.0,0.0,152.23369999999997,2.5633
0.0,0.0,0.0,20.2481,0.0,482.2283999999999,199.66330000000002,8.4967,0.0,24.9945,1.0487,0.0,14.25,416.8665,636.6668,0.6866000000000001,0.0,72.5745,0.0,588.2786,1639.5528999999997,0.0,1.2110999999999998,233.25460000000004,346.84090000000003,0.0,0.0,0.0,0.0,0.0,34.3606,119.45649999999999,107.2925,0.0,0.0,0.0,0.0,0.0,0.0,0.0,0.0,0.0,0.0,0.0,0.0,0.0,0.0,0.0,0.0,0.0,0.0,0.0,0.0,0.0,0.0,0.0,0.0,0.8044,12.7561,0.0,0.0,7.3831999999999995,0.0,0.0,0.0,0.0,0.0,0.0,235.15050000000002,0.0,0.0,0.0,0.0,2.7617000000000003,34.8337,0.0,83.4217,0.0,0.0,0.0,0.0,0.0,0.0,0.0,0.0,0.0,0.0,0.0,0.0,0.0,254.0779,0.0,0.0,0.0,0.0,0.0,18.9368,0.0,2.0699,71.27060000000002,35.4321,0.0,0.0,0.0,32.404,6.214300000000001,30.914099999999998,0.7041,0.0771,0.0,10.3418,52.007400000000004,0.0,0.0,0.0,40.2661,71.14750000000001,8.8976,32.709900000000005,16.2122,309.39829999999995,0.0,0.0,152.23369999999997,2.5633
0.0,0.0,0.0,20.2481,0.0,482.2283999999999,199.66330000000002,8.4967,0.0,24.9945,1.0487,0.0,14.25,416.8665,636.6668,0.6866000000000001,0.0,72.5745,0.0,588.2786,1639.5528999999997,0.0,1.2110999999999998,233.25460000000004,346.84090000000003,0.0,0.0,0.0,0.0,0.0,34.3606,119.45649999999999,107.2925,0.0,0.0,0.0,0.0,0.0,0.0,0.0,0.0,0.0,0.0,0.0,0.0,0.0,0.0,0.0,0.0,0.0,0.0,0.0,0.0,0.0,0.0,0.0,0.0,0.8044,12.7561,0.0,0.0,7.3831999999999995,0.0,0.0,0.0,0.0,0.0,0.0,235.15050000000002,0.0,0.0,0.0,0.0,2.7617000000000003,34.8337,0.0,83.4217,0.0,0.0,0.0,0.0,0.0,0.0,0.0,0.0,0.0,0.0,0.0,0.0,0.0,254.0779,0.0,0.0,0.0,0.0,0.0,18.9368,0.0,2.0699,71.27060000000002,35.4321,0.0,0.0,0.0,32.404,6.214300000000001,30.914099999999998,0.7041,0.0771,0.0,10.3418,52.007400000000004,0.0,0.0,0.0,40.2661,71.14750000000001,8.8976,32.709900000000005,16.2122,309.39829999999995,0.0,0.0,152.23369999999997,2.5633
0.0,0.0,0.0,19.0113,0.0,468.1582000000001,248.56550000000001,10.656600000000001,0.0,23.052599999999998,1.1884,0.0,13.834900000000001,384.4785,592.7735,0.8198,0.0,75.7774,0.0,454.25199999999995,1457.0633,0.0,1.5418,222.5715,355.0078,0.0,0.0,0.0,0.0,0.0,34.382099999999994,119.53109999999998,108.41009999999999,0.0,0.0,0.0,0.0,0.0,0.0,0.0,0.0,0.0,0.0,0.0,0.0,0.0,0.0,0.0,0.0,0.0,0.0,0.0,0.0,0.0,0.0,0.0,0.0,0.6486999999999999,12.8185,0.0,0.0,7.5173000000000005,0.0,0.0,0.0,0.0,0.0,0.0,236.4468,0.0,0.0,0.0,0.0,2.7378,35.0257,0.0,83.8815,0.0,0.0,0.0,0.0,0.0,0.0,0.0,0.0,0.0,0.0,0.0,0.0,0.0,176.9471,0.0,0.0,0.0,0.0,0.0,20.2237,0.0,1.6559,60.32190000000001,35.913199999999996,0.0,0.0,0.0,32.9298,4.5641,31.727899999999998,1.1320999999999999,0.124,0.0,10.8271,55.5418,0.0,0.0,0.0,66.3144,88.44650000000001,8.638399999999999,34.9327,20.2818,300.38660000000004,0.0,0.0,171.6235,0.0028
0.0,0.0,0.0,19.0113,0.0,468.1582000000001,248.56550000000001,10.656600000000001,0.0,23.052599999999998,1.1884,0.0,13.834900000000001,384.4785,592.7735,0.8198,0.0,75.7774,0.0,454.25199999999995,1457.0633,0.0,1.5418,222.5715,355.0078,0.0,0.0,0.0,0.0,0.0,34.382099999999994,119.53109999999998,108.41009999999999,0.0,0.0,0.0,0.0,0.0,0.0,0.0,0.0,0.0,0.0,0.0,0.0,0.0,0.0,0.0,0.0,0.0,0.0,0.0,0.0,0.0,0.0,0.0,0.0,0.6486999999999999,12.8185,0.0,0.0,7.5173000000000005,0.0,0.0,0.0,0.0,0.0,0.0,236.4468,0.0,0.0,0.0,0.0,2.7378,35.0257,0.0,83.8815,0.0,0.0,0.0,0.0,0.0,0.0,0.0,0.0,0.0,0.0,0.0,0.0,0.0,176.9471,0.0,0.0,0.0,0.0,0.0,20.2237,0.0,1.6559,60.32190000000001,35.913199999999996,0.0,0.0,0.0,32.9298,4.5641,31.727899999999998,1.1320999999999999,0.124,0.0,10.8271,55.5418,0.0,0.0,0.0,66.3144,88.44650000000001,8.638399999999999,34.9327,20.2818,300.38660000000004,0.0,0.0,171.6235,0.0028
0.0,0.0,0.0,19.0113,0.0,468.1582000000001,248.56550000000001,10.656600000000001,0.0,23.052599999999998,1.1884,0.0,13.834900000000001,384.4785,592.7735,0.8198,0.0,75.7774,0.0,454.25199999999995,1457.0633,0.0,1.5418,222.5715,355.0078,0.0,0.0,0.0,0.0,0.0,34.382099999999994,119.53109999999998,108.41009999999999,0.0,0.0,0.0,0.0,0.0,0.0,0.0,0.0,0.0,0.0,0.0,0.0,0.0,0.0,0.0,0.0,0.0,0.0,0.0,0.0,0.0,0.0,0.0,0.0,0.6486999999999999,12.8185,0.0,0.0,7.5173000000000005,0.0,0.0,0.0,0.0,0.0,0.0,236.4468,0.0,0.0,0.0,0.0,2.7378,35.0257,0.0,83.8815,0.0,0.0,0.0,0.0,0.0,0.0,0.0,0.0,0.0,0.0,0.0,0.0,0.0,176.9471,0.0,0.0,0.0,0.0,0.0,20.2237,0.0,1.6559,60.32190000000001,35.913199999999996,0.0,0.0,0.0,32.9298,4.5641,31.727899999999998,1.1320999999999999,0.124,0.0,10.8271,55.5418,0.0,0.0,0.0,66.3144,88.44650000000001,8.638399999999999,34.9327,20.2818,300.38660000000004,0.0,0.0,171.6235,0.0028
0.0,0.0,0.0,19.0113,0.0,468.1582000000001,248.56550000000001,10.656600000000001,0.0,23.052599999999998,1.1884,0.0,13.834900000000001,384.4785,592.7735,0.8198,0.0,75.7774,0.0,454.25199999999995,1457.0633,0.0,1.5418,222.5715,355.0078,0.0,0.0,0.0,0.0,0.0,34.382099999999994,119.53109999999998,108.41009999999999,0.0,0.0,0.0,0.0,0.0,0.0,0.0,0.0,0.0,0.0,0.0,0.0,0.0,0.0,0.0,0.0,0.0,0.0,0.0,0.0,0.0,0.0,0.0,0.0,0.6486999999999999,12.8185,0.0,0.0,7.5173000000000005,0.0,0.0,0.0,0.0,0.0,0.0,236.4468,0.0,0.0,0.0,0.0,2.7378,35.0257,0.0,83.8815,0.0,0.0,0.0,0.0,0.0,0.0,0.0,0.0,0.0,0.0,0.0,0.0,0.0,176.9471,0.0,0.0,0.0,0.0,0.0,20.2237,0.0,1.6559,60.32190000000001,35.913199999999996,0.0,0.0,0.0,32.9298,4.5641,31.727899999999998,1.1320999999999999,0.124,0.0,10.8271,55.5418,0.0,0.0,0.0,66.3144,88.44650000000001,8.638399999999999,34.9327,20.2818,300.38660000000004,0.0,0.0,171.6235,0.0028
0.0,0.0,0.0,19.0113,0.0,468.1582000000001,248.56550000000001,10.656600000000001,0.0,23.052599999999998,1.1884,0.0,13.834900000000001,384.4785,592.7735,0.8198,0.0,75.7774,0.0,454.25199999999995,1457.0633,0.0,1.5418,222.5715,355.0078,0.0,0.0,0.0,0.0,0.0,34.382099999999994,119.53109999999998,108.41009999999999,0.0,0.0,0.0,0.0,0.0,0.0,0.0,0.0,0.0,0.0,0.0,0.0,0.0,0.0,0.0,0.0,0.0,0.0,0.0,0.0,0.0,0.0,0.0,0.0,0.6486999999999999,12.8185,0.0,0.0,7.5173000000000005,0.0,0.0,0.0,0.0,0.0,0.0,236.4468,0.0,0.0,0.0,0.0,2.7378,35.0257,0.0,83.8815,0.0,0.0,0.0,0.0,0.0,0.0,0.0,0.0,0.0,0.0,0.0,0.0,0.0,176.9471,0.0,0.0,0.0,0.0,0.0,20.2237,0.0,1.6559,60.32190000000001,35.913199999999996,0.0,0.0,0.0,32.9298,4.5641,31.727899999999998,1.1320999999999999,0.124,0.0,10.8271,55.5418,0.0,0.0,0.0,66.3144,88.44650000000001,8.638399999999999,34.9327,20.2818,300.38660000000004,0.0,0.0,171.6235,0.0028
0.0,0.0,0.0,19.0113,0.0,468.1582000000001,248.56550000000001,10.656600000000001,0.0,23.052599999999998,1.1884,0.0,13.834900000000001,384.4785,592.7735,0.8198,0.0,75.7774,0.0,454.25199999999995,1457.0633,0.0,1.5418,222.5715,355.0078,0.0,0.0,0.0,0.0,0.0,34.382099999999994,119.53109999999998,108.41009999999999,0.0,0.0,0.0,0.0,0.0,0.0,0.0,0.0,0.0,0.0,0.0,0.0,0.0,0.0,0.0,0.0,0.0,0.0,0.0,0.0,0.0,0.0,0.0,0.0,0.6486999999999999,12.8185,0.0,0.0,7.5173000000000005,0.0,0.0,0.0,0.0,0.0,0.0,236.4468,0.0,0.0,0.0,0.0,2.7378,35.0257,0.0,83.8815,0.0,0.0,0.0,0.0,0.0,0.0,0.0,0.0,0.0,0.0,0.0,0.0,0.0,176.9471,0.0,0.0,0.0,0.0,0.0,20.2237,0.0,1.6559,60.32190000000001,35.913199999999996,0.0,0.0,0.0,32.9298,4.5641,31.727899999999998,1.1320999999999999,0.124,0.0,10.8271,55.5418,0.0,0.0,0.0,66.3144,88.44650000000001,8.638399999999999,34.9327,20.2818,300.38660000000004,0.0,0.0,171.6235,0.0028
0.0,0.0,0.0,19.0113,0.0,468.1582000000001,248.56550000000001,10.656600000000001,0.0,23.052599999999998,1.1884,0.0,13.834900000000001,384.4785,592.7735,0.8198,0.0,75.7774,0.0,454.25199999999995,1457.0633,0.0,1.5418,222.5715,355.0078,0.0,0.0,0.0,0.0,0.0,34.382099999999994,119.53109999999998,108.41009999999999,0.0,0.0,0.0,0.0,0.0,0.0,0.0,0.0,0.0,0.0,0.0,0.0,0.0,0.0,0.0,0.0,0.0,0.0,0.0,0.0,0.0,0.0,0.0,0.0,0.6486999999999999,12.8185,0.0,0.0,7.5173000000000005,0.0,0.0,0.0,0.0,0.0,0.0,236.4468,0.0,0.0,0.0,0.0,2.7378,35.0257,0.0,83.8815,0.0,0.0,0.0,0.0,0.0,0.0,0.0,0.0,0.0,0.0,0.0,0.0,0.0,176.9471,0.0,0.0,0.0,0.0,0.0,20.2237,0.0,1.6559,60.32190000000001,35.913199999999996,0.0,0.0,0.0,32.9298,4.5641,31.727899999999998,1.1320999999999999,0.124,0.0,10.8271,55.5418,0.0,0.0,0.0,66.3144,88.44650000000001,8.638399999999999,34.9327,20.2818,300.38660000000004,0.0,0.0,171.6235,0.0028
0.0,0.0,0.0,21.0892,0.0,506.6135,239.3133,10.2267,0.0,26.5172,1.2479,0.0,14.784999999999998,442.2626,672.771,0.6732,0.0,70.467,0.0,342.99,1642.0175,0.0,1.2926,206.9788,347.1695000000001,0.0,0.0,0.0,0.0,0.0,31.533,109.62610000000001,99.693,0.0,0.0,0.0,0.0,0.0,0.0,0.0,0.0,0.0,0.0,0.0,0.0,0.0,0.0,0.0,0.0,0.0,0.0,0.0,0.0,0.0,0.0,0.0,0.0,0.5482,12.8106,0.0,0.0,7.2459999999999996,0.0,0.0,0.0,0.0,0.0,0.0,235.15050000000002,0.0,0.0,0.0,0.0,3.0271,34.8337,0.0,83.4217,0.0,0.0,0.0,0.0,0.0,0.0,0.0,0.0,0.0,0.0,0.0,0.0,0.0,94.6787,0.0,0.0,0.0,0.0,0.0,19.2215,0.0,0.1569,57.5256,35.8566,0.0,0.0,0.0,31.1691,6.0035,30.076,1.2481,0.1367,0.0,8.974299999999998,52.7892,0.0,0.0,0.0,71.7367,79.74879999999999,9.2316,33.2017,18.3593,321.0133,0.0,0.0,164.6168,0.002
0.0,0.0,0.0,21.0892,0.0,506.6135,239.3133,10.2267,0.0,26.5172,1.2479,0.0,14.784999999999998,442.2626,672.771,0.6732,0.0,70.467,0.0,342.99,1642.0175,0.0,1.2926,206.9788,347.1695000000001,0.0,0.0,0.0,0.0,0.0,31.533,109.62610000000001,99.693,0.0,0.0,0.0,0.0,0.0,0.0,0.0,0.0,0.0,0.0,0.0,0.0,0.0,0.0,0.0,0.0,0.0,0.0,0.0,0.0,0.0,0.0,0.0,0.0,0.5482,12.8106,0.0,0.0,7.2459999999999996,0.0,0.0,0.0,0.0,0.0,0.0,235.15050000000002,0.0,0.0,0.0,0.0,3.0271,34.8337,0.0,83.4217,0.0,0.0,0.0,0.0,0.0,0.0,0.0,0.0,0.0,0.0,0.0,0.0,0.0,94.6787,0.0,0.0,0.0,0.0,0.0,19.2215,0.0,0.1569,57.5256,35.8566,0.0,0.0,0.0,31.1691,6.0035,30.076,1.2481,0.1367,0.0,8.974299999999998,52.7892,0.0,0.0,0.0,71.7367,79.74879999999999,9.2316,33.2017,18.3593,321.0133,0.0,0.0,164.6168,0.002
0.0,0.0,0.0,21.0892,0.0,506.6135,239.3133,10.2267,0.0,26.5172,1.2479,0.0,14.784999999999998,442.2626,672.771,0.6732,0.0,70.467,0.0,342.99,1642.0175,0.0,1.2926,206.9788,347.1695000000001,0.0,0.0,0.0,0.0,0.0,31.533,109.62610000000001,99.693,0.0,0.0,0.0,0.0,0.0,0.0,0.0,0.0,0.0,0.0,0.0,0.0,0.0,0.0,0.0,0.0,0.0,0.0,0.0,0.0,0.0,0.0,0.0,0.0,0.5482,12.8106,0.0,0.0,7.2459999999999996,0.0,0.0,0.0,0.0,0.0,0.0,235.15050000000002,0.0,0.0,0.0,0.0,3.0271,34.8337,0.0,83.4217,0.0,0.0,0.0,0.0,0.0,0.0,0.0,0.0,0.0,0.0,0.0,0.0,0.0,94.6787,0.0,0.0,0.0,0.0,0.0,19.2215,0.0,0.1569,57.5256,35.8566,0.0,0.0,0.0,31.1691,6.0035,30.076,1.2481,0.1367,0.0,8.974299999999998,52.7892,0.0,0.0,0.0,71.7367,79.74879999999999,9.2316,33.2017,18.3593,321.0133,0.0,0.0,164.6168,0.002
0.0,0.0,0.0,21.0892,0.0,506.6135,239.3133,10.2267,0.0,26.5172,1.2479,0.0,14.784999999999998,442.2626,672.771,0.6732,0.0,70.467,0.0,342.99,1642.0175,0.0,1.2926,206.9788,347.1695000000001,0.0,0.0,0.0,0.0,0.0,31.533,109.62610000000001,99.693,0.0,0.0,0.0,0.0,0.0,0.0,0.0,0.0,0.0,0.0,0.0,0.0,0.0,0.0,0.0,0.0,0.0,0.0,0.0,0.0,0.0,0.0,0.0,0.0,0.5482,12.8106,0.0,0.0,7.2459999999999996,0.0,0.0,0.0,0.0,0.0,0.0,235.15050000000002,0.0,0.0,0.0,0.0,3.0271,34.8337,0.0,83.4217,0.0,0.0,0.0,0.0,0.0,0.0,0.0,0.0,0.0,0.0,0.0,0.0,0.0,94.6787,0.0,0.0,0.0,0.0,0.0,19.2215,0.0,0.1569,57.5256,35.8566,0.0,0.0,0.0,31.1691,6.0035,30.076,1.2481,0.1367,0.0,8.974299999999998,52.7892,0.0,0.0,0.0,71.7367,79.74879999999999,9.2316,33.2017,18.3593,321.0133,0.0,0.0,164.6168,0.002
0.0,0.0,0.0,21.0892,0.0,506.6135,239.3133,10.2267,0.0,26.5172,1.2479,0.0,14.784999999999998,442.2626,672.771,0.6732,0.0,70.467,0.0,342.99,1642.0175,0.0,1.2926,206.9788,347.1695000000001,0.0,0.0,0.0,0.0,0.0,31.533,109.62610000000001,99.693,0.0,0.0,0.0,0.0,0.0,0.0,0.0,0.0,0.0,0.0,0.0,0.0,0.0,0.0,0.0,0.0,0.0,0.0,0.0,0.0,0.0,0.0,0.0,0.0,0.5482,12.8106,0.0,0.0,7.2459999999999996,0.0,0.0,0.0,0.0,0.0,0.0,235.15050000000002,0.0,0.0,0.0,0.0,3.0271,34.8337,0.0,83.4217,0.0,0.0,0.0,0.0,0.0,0.0,0.0,0.0,0.0,0.0,0.0,0.0,0.0,94.6787,0.0,0.0,0.0,0.0,0.0,19.2215,0.0,0.1569,57.5256,35.8566,0.0,0.0,0.0,31.1691,6.0035,30.076,1.2481,0.1367,0.0,8.974299999999998,52.7892,0.0,0.0,0.0,71.7367,79.74879999999999,9.2316,33.2017,18.3593,321.0133,0.0,0.0,164.6168,0.002
0.0,0.0,0.0,21.0892,0.0,506.6135,239.3133,10.2267,0.0,26.5172,1.2479,0.0,14.784999999999998,442.2626,672.771,0.6732,0.0,70.467,0.0,342.99,1642.0175,0.0,1.2926,206.9788,347.1695000000001,0.0,0.0,0.0,0.0,0.0,31.533,109.62610000000001,99.693,0.0,0.0,0.0,0.0,0.0,0.0,0.0,0.0,0.0,0.0,0.0,0.0,0.0,0.0,0.0,0.0,0.0,0.0,0.0,0.0,0.0,0.0,0.0,0.0,0.5482,12.8106,0.0,0.0,7.2459999999999996,0.0,0.0,0.0,0.0,0.0,0.0,235.15050000000002,0.0,0.0,0.0,0.0,3.0271,34.8337,0.0,83.4217,0.0,0.0,0.0,0.0,0.0,0.0,0.0,0.0,0.0,0.0,0.0,0.0,0.0,94.6787,0.0,0.0,0.0,0.0,0.0,19.2215,0.0,0.1569,57.5256,35.8566,0.0,0.0,0.0,31.1691,6.0035,30.076,1.2481,0.1367,0.0,8.974299999999998,52.7892,0.0,0.0,0.0,71.7367,79.74879999999999,9.2316,33.2017,18.3593,321.0133,0.0,0.0,164.6168,0.002
0.0,0.0,0.0,21.0892,0.0,506.6135,239.3133,10.2267,0.0,26.5172,1.2479,0.0,14.784999999999998,442.2626,672.771,0.6732,0.0,70.467,0.0,342.99,1642.0175,0.0,1.2926,206.9788,347.1695000000001,0.0,0.0,0.0,0.0,0.0,31.533,109.62610000000001,99.693,0.0,0.0,0.0,0.0,0.0,0.0,0.0,0.0,0.0,0.0,0.0,0.0,0.0,0.0,0.0,0.0,0.0,0.0,0.0,0.0,0.0,0.0,0.0,0.0,0.5482,12.8106,0.0,0.0,7.2459999999999996,0.0,0.0,0.0,0.0,0.0,0.0,235.15050000000002,0.0,0.0,0.0,0.0,3.0271,34.8337,0.0,83.4217,0.0,0.0,0.0,0.0,0.0,0.0,0.0,0.0,0.0,0.0,0.0,0.0,0.0,94.6787,0.0,0.0,0.0,0.0,0.0,19.2215,0.0,0.1569,57.5256,35.8566,0.0,0.0,0.0,31.1691,6.0035,30.076,1.2481,0.1367,0.0,8.974299999999998,52.7892,0.0,0.0,0.0,71.7367,79.74879999999999,9.2316,33.2017,18.3593,321.0133,0.0,0.0,164.6168,0.002
0.0,0.0,0.0,15.0238,0.0,404.86830000000003,202.8884,9.0766,0.0,24.635900000000003,1.2486,0.0,14.757299999999999,411.88980000000004,750.3155999999999,0.6073,0.0,61.4334,0.0,351.0214,1559.1142,0.0,1.2454999999999998,156.11180000000002,285.6398,0.0,0.0,0.0,0.0,0.0,20.125,38.074799999999996,13.2871,0.0,0.0,0.0,0.0,0.0,0.0,0.0,0.0,0.0,0.0,0.0,0.0,0.0,0.0,0.0,0.0,0.0,0.0,0.0,0.0,0.0,0.0,0.0,0.0,0.8070999999999999,11.1236,0.0,0.0,7.8612,0.0,0.0,0.0,0.0,0.0,0.0,189.71570000000003,0.0,0.0,0.0,0.0,2.8384,32.214800000000004,0.0,69.9311,0.0,0.0,0.0,0.0,0.0,0.0,0.0,0.0,0.0,0.0,0.0,0.0,0.0,215.0074,0.0,0.0,0.0,0.0,0.0,19.9978,0.0,0.1904,53.00630000000001,38.517500000000005,0.0,0.0,0.0,24.2503,5.5756,25.2456,1.3719000000000001,0.1503,0.0,7.4207,54.9212,0.0,0.0,0.0,25.7695,51.3407,9.214400000000001,34.5425,10.1744,244.1221,0.0,0.0,103.68789999999998,0.0017
0.0,0.0,0.0,15.0238,0.0,404.86830000000003,202.8884,9.0766,0.0,24.635900000000003,1.2486,0.0,14.757299999999999,411.88980000000004,750.3155999999999,0.6073,0.0,61.4334,0.0,351.0214,1559.1142,0.0,1.2454999999999998,156.11180000000002,285.6398,0.0,0.0,0.0,0.0,0.0,20.125,38.074799999999996,13.2871,0.0,0.0,0.0,0.0,0.0,0.0,0.0,0.0,0.0,0.0,0.0,0.0,0.0,0.0,0.0,0.0,0.0,0.0,0.0,0.0,0.0,0.0,0.0,0.0,0.8070999999999999,11.1236,0.0,0.0,7.8612,0.0,0.0,0.0,0.0,0.0,0.0,189.71570000000003,0.0,0.0,0.0,0.0,2.8384,32.214800000000004,0.0,69.9311,0.0,0.0,0.0,0.0,0.0,0.0,0.0,0.0,0.0,0.0,0.0,0.0,0.0,215.0074,0.0,0.0,0.0,0.0,0.0,19.9978,0.0,0.1904,53.00630000000001,38.517500000000005,0.0,0.0,0.0,24.2503,5.5756,25.2456,1.3719000000000001,0.1503,0.0,7.4207,54.9212,0.0,0.0,0.0,25.7695,51.3407,9.214400000000001,34.5425,10.1744,244.1221,0.0,0.0,103.68789999999998,0.0017
0.0,0.0,0.0,15.0238,0.0,404.86830000000003,202.8884,9.0766,0.0,24.635900000000003,1.2486,0.0,14.757299999999999,411.88980000000004,750.3155999999999,0.6073,0.0,61.4334,0.0,351.0214,1559.1142,0.0,1.2454999999999998,156.11180000000002,285.6398,0.0,0.0,0.0,0.0,0.0,20.125,38.074799999999996,13.2871,0.0,0.0,0.0,0.0,0.0,0.0,0.0,0.0,0.0,0.0,0.0,0.0,0.0,0.0,0.0,0.0,0.0,0.0,0.0,0.0,0.0,0.0,0.0,0.0,0.8070999999999999,11.1236,0.0,0.0,7.8612,0.0,0.0,0.0,0.0,0.0,0.0,189.71570000000003,0.0,0.0,0.0,0.0,2.8384,32.214800000000004,0.0,69.9311,0.0,0.0,0.0,0.0,0.0,0.0,0.0,0.0,0.0,0.0,0.0,0.0,0.0,215.0074,0.0,0.0,0.0,0.0,0.0,19.9978,0.0,0.1904,53.00630000000001,38.517500000000005,0.0,0.0,0.0,24.2503,5.5756,25.2456,1.3719000000000001,0.1503,0.0,7.4207,54.9212,0.0,0.0,0.0,25.7695,51.3407,9.214400000000001,34.5425,10.1744,244.1221,0.0,0.0,103.68789999999998,0.0017
0.0,0.0,0.0,15.0238,0.0,404.86830000000003,202.8884,9.0766,0.0,24.635900000000003,1.2486,0.0,14.757299999999999,411.88980000000004,750.3155999999999,0.6073,0.0,61.4334,0.0,351.0214,1559.1142,0.0,1.2454999999999998,156.11180000000002,285.6398,0.0,0.0,0.0,0.0,0.0,20.125,38.074799999999996,13.2871,0.0,0.0,0.0,0.0,0.0,0.0,0.0,0.0,0.0,0.0,0.0,0.0,0.0,0.0,0.0,0.0,0.0,0.0,0.0,0.0,0.0,0.0,0.0,0.0,0.8070999999999999,11.1236,0.0,0.0,7.8612,0.0,0.0,0.0,0.0,0.0,0.0,189.71570000000003,0.0,0.0,0.0,0.0,2.8384,32.214800000000004,0.0,69.9311,0.0,0.0,0.0,0.0,0.0,0.0,0.0,0.0,0.0,0.0,0.0,0.0,0.0,215.0074,0.0,0.0,0.0,0.0,0.0,19.9978,0.0,0.1904,53.00630000000001,38.517500000000005,0.0,0.0,0.0,24.2503,5.5756,25.2456,1.3719000000000001,0.1503,0.0,7.4207,54.9212,0.0,0.0,0.0,25.7695,51.3407,9.214400000000001,34.5425,10.1744,244.1221,0.0,0.0,103.68789999999998,0.0017
0.0,0.0,0.0,15.0238,0.0,404.86830000000003,202.8884,9.0766,0.0,24.635900000000003,1.2486,0.0,14.757299999999999,411.88980000000004,750.3155999999999,0.6073,0.0,61.4334,0.0,351.0214,1559.1142,0.0,1.2454999999999998,156.11180000000002,285.6398,0.0,0.0,0.0,0.0,0.0,20.125,38.074799999999996,13.2871,0.0,0.0,0.0,0.0,0.0,0.0,0.0,0.0,0.0,0.0,0.0,0.0,0.0,0.0,0.0,0.0,0.0,0.0,0.0,0.0,0.0,0.0,0.0,0.0,0.8070999999999999,11.1236,0.0,0.0,7.8612,0.0,0.0,0.0,0.0,0.0,0.0,189.71570000000003,0.0,0.0,0.0,0.0,2.8384,32.214800000000004,0.0,69.9311,0.0,0.0,0.0,0.0,0.0,0.0,0.0,0.0,0.0,0.0,0.0,0.0,0.0,215.0074,0.0,0.0,0.0,0.0,0.0,19.9978,0.0,0.1904,53.00630000000001,38.517500000000005,0.0,0.0,0.0,24.2503,5.5756,25.2456,1.3719000000000001,0.1503,0.0,7.4207,54.9212,0.0,0.0,0.0,25.7695,51.3407,9.214400000000001,34.5425,10.1744,244.1221,0.0,0.0,103.68789999999998,0.0017
0.0,0.0,0.0,15.0238,0.0,404.86830000000003,202.8884,9.0766,0.0,24.635900000000003,1.2486,0.0,14.757299999999999,411.88980000000004,750.3155999999999,0.6073,0.0,61.4334,0.0,351.0214,1559.1142,0.0,1.2454999999999998,156.11180000000002,285.6398,0.0,0.0,0.0,0.0,0.0,20.125,38.074799999999996,13.2871,0.0,0.0,0.0,0.0,0.0,0.0,0.0,0.0,0.0,0.0,0.0,0.0,0.0,0.0,0.0,0.0,0.0,0.0,0.0,0.0,0.0,0.0,0.0,0.0,0.8070999999999999,11.1236,0.0,0.0,7.8612,0.0,0.0,0.0,0.0,0.0,0.0,189.71570000000003,0.0,0.0,0.0,0.0,2.8384,32.214800000000004,0.0,69.9311,0.0,0.0,0.0,0.0,0.0,0.0,0.0,0.0,0.0,0.0,0.0,0.0,0.0,215.0074,0.0,0.0,0.0,0.0,0.0,19.9978,0.0,0.1904,53.00630000000001,38.517500000000005,0.0,0.0,0.0,24.2503,5.5756,25.2456,1.3719000000000001,0.1503,0.0,7.4207,54.9212,0.0,0.0,0.0,25.7695,51.3407,9.214400000000001,34.5425,10.1744,244.1221,0.0,0.0,103.68789999999998,0.0017
0.0,0.0,0.0,15.0238,0.0,404.86830000000003,202.8884,9.0766,0.0,24.635900000000003,1.2486,0.0,14.757299999999999,411.88980000000004,750.3155999999999,0.6073,0.0,61.4334,0.0,351.0214,1559.1142,0.0,1.2454999999999998,156.11180000000002,285.6398,0.0,0.0,0.0,0.0,0.0,20.125,38.074799999999996,13.2871,0.0,0.0,0.0,0.0,0.0,0.0,0.0,0.0,0.0,0.0,0.0,0.0,0.0,0.0,0.0,0.0,0.0,0.0,0.0,0.0,0.0,0.0,0.0,0.0,0.8070999999999999,11.1236,0.0,0.0,7.8612,0.0,0.0,0.0,0.0,0.0,0.0,189.71570000000003,0.0,0.0,0.0,0.0,2.8384,32.214800000000004,0.0,69.9311,0.0,0.0,0.0,0.0,0.0,0.0,0.0,0.0,0.0,0.0,0.0,0.0,0.0,215.0074,0.0,0.0,0.0,0.0,0.0,19.9978,0.0,0.1904,53.00630000000001,38.517500000000005,0.0,0.0,0.0,24.2503,5.5756,25.2456,1.3719000000000001,0.1503,0.0,7.4207,54.9212,0.0,0.0,0.0,25.7695,51.3407,9.214400000000001,34.5425,10.1744,244.1221,0.0,0.0,103.68789999999998,0.0017
0.0,0.0,0.0,18.0074,0.0,471.4099,287.12749999999994,12.8896,0.0,21.082400000000003,1.4233,0.0,14.6827,352.4803,672.2377,0.8912,0.0,62.16510000000001,0.0,366.3096,1434.0942,0.0,1.3703,153.55079999999998,282.0967,0.0,0.0,0.0,0.0,0.0,23.0409,43.59150000000001,16.7425,0.0,0.0,0.0,0.0,0.0,0.0,0.0,0.0,0.0,0.0,0.0,0.0,0.0,0.0,0.0,0.0,0.0,0.0,0.0,0.0,0.0,0.0,0.0,0.0,0.8410000000000001,10.7075,0.0,0.0,8.154,0.0,0.0,0.0,0.0,0.0,0.0,181.8977,0.0,0.0,0.0,0.0,2.9272,30.887300000000003,0.0,67.0493,0.0,0.0,0.0,0.0,0.0,0.0,0.0,0.0,0.0,0.0,0.0,0.0,0.0,31.0052,0.0,0.0,0.0,0.0,0.0,19.4506,0.0,0.1283,50.09649999999999,43.785999999999994,0.0,0.0,0.0,26.3451,3.9498,27.5609,1.766,0.1935,0.0,8.3463,53.418400000000005,0.0,0.0,0.0,15.5765,52.1343,9.1679,33.5973,11.7438,242.8917,0.0,0.0,112.32500000000002,0.0014
0.0,0.0,0.0,18.0074,0.0,471.4099,287.12749999999994,12.8896,0.0,21.082400000000003,1.4233,0.0,14.6827,352.4803,672.2377,0.8912,0.0,62.16510000000001,0.0,366.3096,1434.0942,0.0,1.3703,153.55079999999998,282.0967,0.0,0.0,0.0,0.0,0.0,23.0409,43.59150000000001,16.7425,0.0,0.0,0.0,0.0,0.0,0.0,0.0,0.0,0.0,0.0,0.0,0.0,0.0,0.0,0.0,0.0,0.0,0.0,0.0,0.0,0.0,0.0,0.0,0.0,0.8410000000000001,10.7075,0.0,0.0,8.154,0.0,0.0,0.0,0.0,0.0,0.0,181.8977,0.0,0.0,0.0,0.0,2.9272,30.887300000000003,0.0,67.0493,0.0,0.0,0.0,0.0,0.0,0.0,0.0,0.0,0.0,0.0,0.0,0.0,0.0,31.0052,0.0,0.0,0.0,0.0,0.0,19.4506,0.0,0.1283,50.09649999999999,43.785999999999994,0.0,0.0,0.0,26.3451,3.9498,27.5609,1.766,0.1935,0.0,8.3463,53.418400000000005,0.0,0.0,0.0,15.5765,52.1343,9.1679,33.5973,11.7438,242.8917,0.0,0.0,112.32500000000002,0.0014
0.0,0.0,0.0,18.0074,0.0,471.4099,287.12749999999994,12.8896,0.0,21.082400000000003,1.4233,0.0,14.6827,352.4803,672.2377,0.8912,0.0,62.16510000000001,0.0,366.3096,1434.0942,0.0,1.3703,153.55079999999998,282.0967,0.0,0.0,0.0,0.0,0.0,23.0409,43.59150000000001,16.7425,0.0,0.0,0.0,0.0,0.0,0.0,0.0,0.0,0.0,0.0,0.0,0.0,0.0,0.0,0.0,0.0,0.0,0.0,0.0,0.0,0.0,0.0,0.0,0.0,0.8410000000000001,10.7075,0.0,0.0,8.154,0.0,0.0,0.0,0.0,0.0,0.0,181.8977,0.0,0.0,0.0,0.0,2.9272,30.887300000000003,0.0,67.0493,0.0,0.0,0.0,0.0,0.0,0.0,0.0,0.0,0.0,0.0,0.0,0.0,0.0,31.0052,0.0,0.0,0.0,0.0,0.0,19.4506,0.0,0.1283,50.09649999999999,43.785999999999994,0.0,0.0,0.0,26.3451,3.9498,27.5609,1.766,0.1935,0.0,8.3463,53.418400000000005,0.0,0.0,0.0,15.5765,52.1343,9.1679,33.5973,11.7438,242.8917,0.0,0.0,112.32500000000002,0.0014
0.0,0.0,0.0,18.0074,0.0,471.4099,287.12749999999994,12.8896,0.0,21.082400000000003,1.4233,0.0,14.6827,352.4803,672.2377,0.8912,0.0,62.16510000000001,0.0,366.3096,1434.0942,0.0,1.3703,153.55079999999998,282.0967,0.0,0.0,0.0,0.0,0.0,23.0409,43.59150000000001,16.7425,0.0,0.0,0.0,0.0,0.0,0.0,0.0,0.0,0.0,0.0,0.0,0.0,0.0,0.0,0.0,0.0,0.0,0.0,0.0,0.0,0.0,0.0,0.0,0.0,0.8410000000000001,10.7075,0.0,0.0,8.154,0.0,0.0,0.0,0.0,0.0,0.0,181.8977,0.0,0.0,0.0,0.0,2.9272,30.887300000000003,0.0,67.0493,0.0,0.0,0.0,0.0,0.0,0.0,0.0,0.0,0.0,0.0,0.0,0.0,0.0,31.0052,0.0,0.0,0.0,0.0,0.0,19.4506,0.0,0.1283,50.09649999999999,43.785999999999994,0.0,0.0,0.0,26.3451,3.9498,27.5609,1.766,0.1935,0.0,8.3463,53.418400000000005,0.0,0.0,0.0,15.5765,52.1343,9.1679,33.5973,11.7438,242.8917,0.0,0.0,112.32500000000002,0.0014
0.0,0.0,0.0,18.0074,0.0,471.4099,287.12749999999994,12.8896,0.0,21.082400000000003,1.4233,0.0,14.6827,352.4803,672.2377,0.8912,0.0,62.16510000000001,0.0,366.3096,1434.0942,0.0,1.3703,153.55079999999998,282.0967,0.0,0.0,0.0,0.0,0.0,23.0409,43.59150000000001,16.7425,0.0,0.0,0.0,0.0,0.0,0.0,0.0,0.0,0.0,0.0,0.0,0.0,0.0,0.0,0.0,0.0,0.0,0.0,0.0,0.0,0.0,0.0,0.0,0.0,0.8410000000000001,10.7075,0.0,0.0,8.154,0.0,0.0,0.0,0.0,0.0,0.0,181.8977,0.0,0.0,0.0,0.0,2.9272,30.887300000000003,0.0,67.0493,0.0,0.0,0.0,0.0,0.0,0.0,0.0,0.0,0.0,0.0,0.0,0.0,0.0,31.0052,0.0,0.0,0.0,0.0,0.0,19.4506,0.0,0.1283,50.09649999999999,43.785999999999994,0.0,0.0,0.0,26.3451,3.9498,27.5609,1.766,0.1935,0.0,8.3463,53.418400000000005,0.0,0.0,0.0,15.5765,52.1343,9.1679,33.5973,11.7438,242.8917,0.0,0.0,112.32500000000002,0.0014
0.0,0.0,0.0,18.0074,0.0,471.4099,287.12749999999994,12.8896,0.0,21.082400000000003,1.4233,0.0,14.6827,352.4803,672.2377,0.8912,0.0,62.16510000000001,0.0,366.3096,1434.0942,0.0,1.3703,153.55079999999998,282.0967,0.0,0.0,0.0,0.0,0.0,23.0409,43.59150000000001,16.7425,0.0,0.0,0.0,0.0,0.0,0.0,0.0,0.0,0.0,0.0,0.0,0.0,0.0,0.0,0.0,0.0,0.0,0.0,0.0,0.0,0.0,0.0,0.0,0.0,0.8410000000000001,10.7075,0.0,0.0,8.154,0.0,0.0,0.0,0.0,0.0,0.0,181.8977,0.0,0.0,0.0,0.0,2.9272,30.887300000000003,0.0,67.0493,0.0,0.0,0.0,0.0,0.0,0.0,0.0,0.0,0.0,0.0,0.0,0.0,0.0,31.0052,0.0,0.0,0.0,0.0,0.0,19.4506,0.0,0.1283,50.09649999999999,43.785999999999994,0.0,0.0,0.0,26.3451,3.9498,27.5609,1.766,0.1935,0.0,8.3463,53.418400000000005,0.0,0.0,0.0,15.5765,52.1343,9.1679,33.5973,11.7438,242.8917,0.0,0.0,112.32500000000002,0.0014
0.0,0.0,0.0,18.0074,0.0,471.4099,287.12749999999994,12.8896,0.0,21.082400000000003,1.4233,0.0,14.6827,352.4803,672.2377,0.8912,0.0,62.16510000000001,0.0,366.3096,1434.0942,0.0,1.3703,153.55079999999998,282.0967,0.0,0.0,0.0,0.0,0.0,23.0409,43.59150000000001,16.7425,0.0,0.0,0.0,0.0,0.0,0.0,0.0,0.0,0.0,0.0,0.0,0.0,0.0,0.0,0.0,0.0,0.0,0.0,0.0,0.0,0.0,0.0,0.0,0.0,0.8410000000000001,10.7075,0.0,0.0,8.154,0.0,0.0,0.0,0.0,0.0,0.0,181.8977,0.0,0.0,0.0,0.0,2.9272,30.887300000000003,0.0,67.0493,0.0,0.0,0.0,0.0,0.0,0.0,0.0,0.0,0.0,0.0,0.0,0.0,0.0,31.0052,0.0,0.0,0.0,0.0,0.0,19.4506,0.0,0.1283,50.09649999999999,43.785999999999994,0.0,0.0,0.0,26.3451,3.9498,27.5609,1.766,0.1935,0.0,8.3463,53.418400000000005,0.0,0.0,0.0,15.5765,52.1343,9.1679,33.5973,11.7438,242.8917,0.0,0.0,112.32500000000002,0.0014
0.0,0.0,0.0,19.096,0.0,490.0133000000001,233.45989999999995,10.337800000000001,0.0,23.1856,3.0403,0.0,16.988799999999998,387.6427,751.6412,0.8328,0.0,61.7198,0.0,375.72700000000003,1587.3180000000002,0.0,1.2026,153.32819999999998,281.94570000000004,0.0,0.0,0.0,0.0,0.0,24.1759,45.7388,18.2938,0.0,0.0,0.0,0.0,0.0,0.0,0.0,0.0,0.0,0.0,0.0,0.0,0.0,0.0,0.0,0.0,0.0,0.0,0.0,0.0,0.0,0.0,0.0,0.0,1.0155,10.815700000000001,0.0,0.0,8.2911,0.0,0.0,0.0,0.0,0.0,0.0,183.98090000000002,0.0,0.0,0.0,0.0,2.8907,31.241,0.0,67.8172,0.0,0.0,0.0,0.0,0.0,0.0,0.0,0.0,0.0,0.0,0.0,0.0,0.0,478.9954,0.0,0.0,0.0,0.0,0.0,19.0657,0.0,0.1007,49.12579999999999,44.031600000000005,0.0,0.0,0.0,26.064,3.2314,27.092100000000002,1.4525000000000001,0.1592,0.0,7.7208000000000006,52.3612,0.0,0.0,0.0,13.0765,54.4313,10.6077,32.9323,11.7651,281.0358,0.0,0.0,113.3873,0.0016
0.0,0.0,0.0,19.096,0.0,490.0133000000001,233.45989999999995,10.337800000000001,0.0,23.1856,3.0403,0.0,16.988799999999998,387.6427,751.6412,0.8328,0.0,61.7198,0.0,375.72700000000003,1587.3180000000002,0.0,1.2026,153.32819999999998,281.94570000000004,0.0,0.0,0.0,0.0,0.0,24.1759,45.7388,18.2938,0.0,0.0,0.0,0.0,0.0,0.0,0.0,0.0,0.0,0.0,0.0,0.0,0.0,0.0,0.0,0.0,0.0,0.0,0.0,0.0,0.0,0.0,0.0,0.0,1.0155,10.815700000000001,0.0,0.0,8.2911,0.0,0.0,0.0,0.0,0.0,0.0,183.98090000000002,0.0,0.0,0.0,0.0,2.8907,31.241,0.0,67.8172,0.0,0.0,0.0,0.0,0.0,0.0,0.0,0.0,0.0,0.0,0.0,0.0,0.0,478.9954,0.0,0.0,0.0,0.0,0.0,19.0657,0.0,0.1007,49.12579999999999,44.031600000000005,0.0,0.0,0.0,26.064,3.2314,27.092100000000002,1.4525000000000001,0.1592,0.0,7.7208000000000006,52.3612,0.0,0.0,0.0,13.0765,54.4313,10.6077,32.9323,11.7651,281.0358,0.0,0.0,113.3873,0.0016
0.0,0.0,0.0,19.096,0.0,490.0133000000001,233.45989999999995,10.337800000000001,0.0,23.1856,3.0403,0.0,16.988799999999998,387.6427,751.6412,0.8328,0.0,61.7198,0.0,375.72700000000003,1587.3180000000002,0.0,1.2026,153.32819999999998,281.94570000000004,0.0,0.0,0.0,0.0,0.0,24.1759,45.7388,18.2938,0.0,0.0,0.0,0.0,0.0,0.0,0.0,0.0,0.0,0.0,0.0,0.0,0.0,0.0,0.0,0.0,0.0,0.0,0.0,0.0,0.0,0.0,0.0,0.0,1.0155,10.815700000000001,0.0,0.0,8.2911,0.0,0.0,0.0,0.0,0.0,0.0,183.98090000000002,0.0,0.0,0.0,0.0,2.8907,31.241,0.0,67.8172,0.0,0.0,0.0,0.0,0.0,0.0,0.0,0.0,0.0,0.0,0.0,0.0,0.0,478.9954,0.0,0.0,0.0,0.0,0.0,19.0657,0.0,0.1007,49.12579999999999,44.031600000000005,0.0,0.0,0.0,26.064,3.2314,27.092100000000002,1.4525000000000001,0.1592,0.0,7.7208000000000006,52.3612,0.0,0.0,0.0,13.0765,54.4313,10.6077,32.9323,11.7651,281.0358,0.0,0.0,113.3873,0.0016
0.0,0.0,0.0,19.096,0.0,490.0133000000001,233.45989999999995,10.337800000000001,0.0,23.1856,3.0403,0.0,16.988799999999998,387.6427,751.6412,0.8328,0.0,61.7198,0.0,375.72700000000003,1587.3180000000002,0.0,1.2026,153.32819999999998,281.94570000000004,0.0,0.0,0.0,0.0,0.0,24.1759,45.7388,18.2938,0.0,0.0,0.0,0.0,0.0,0.0,0.0,0.0,0.0,0.0,0.0,0.0,0.0,0.0,0.0,0.0,0.0,0.0,0.0,0.0,0.0,0.0,0.0,0.0,1.0155,10.815700000000001,0.0,0.0,8.2911,0.0,0.0,0.0,0.0,0.0,0.0,183.98090000000002,0.0,0.0,0.0,0.0,2.8907,31.241,0.0,67.8172,0.0,0.0,0.0,0.0,0.0,0.0,0.0,0.0,0.0,0.0,0.0,0.0,0.0,478.9954,0.0,0.0,0.0,0.0,0.0,19.0657,0.0,0.1007,49.12579999999999,44.031600000000005,0.0,0.0,0.0,26.064,3.2314,27.092100000000002,1.4525000000000001,0.1592,0.0,7.7208000000000006,52.3612,0.0,0.0,0.0,13.0765,54.4313,10.6077,32.9323,11.7651,281.0358,0.0,0.0,113.3873,0.0016
0.0,0.0,0.0,19.096,0.0,490.0133000000001,233.45989999999995,10.337800000000001,0.0,23.1856,3.0403,0.0,16.988799999999998,387.6427,751.6412,0.8328,0.0,61.7198,0.0,375.72700000000003,1587.3180000000002,0.0,1.2026,153.32819999999998,281.94570000000004,0.0,0.0,0.0,0.0,0.0,24.1759,45.7388,18.2938,0.0,0.0,0.0,0.0,0.0,0.0,0.0,0.0,0.0,0.0,0.0,0.0,0.0,0.0,0.0,0.0,0.0,0.0,0.0,0.0,0.0,0.0,0.0,0.0,1.0155,10.815700000000001,0.0,0.0,8.2911,0.0,0.0,0.0,0.0,0.0,0.0,183.98090000000002,0.0,0.0,0.0,0.0,2.8907,31.241,0.0,67.8172,0.0,0.0,0.0,0.0,0.0,0.0,0.0,0.0,0.0,0.0,0.0,0.0,0.0,478.9954,0.0,0.0,0.0,0.0,0.0,19.0657,0.0,0.1007,49.12579999999999,44.031600000000005,0.0,0.0,0.0,26.064,3.2314,27.092100000000002,1.4525000000000001,0.1592,0.0,7.7208000000000006,52.3612,0.0,0.0,0.0,13.0765,54.4313,10.6077,32.9323,11.7651,281.0358,0.0,0.0,113.3873,0.0016
0.0,0.0,0.0,19.096,0.0,490.0133000000001,233.45989999999995,10.337800000000001,0.0,23.1856,3.0403,0.0,16.988799999999998,387.6427,751.6412,0.8328,0.0,61.7198,0.0,375.72700000000003,1587.3180000000002,0.0,1.2026,153.32819999999998,281.94570000000004,0.0,0.0,0.0,0.0,0.0,24.1759,45.7388,18.2938,0.0,0.0,0.0,0.0,0.0,0.0,0.0,0.0,0.0,0.0,0.0,0.0,0.0,0.0,0.0,0.0,0.0,0.0,0.0,0.0,0.0,0.0,0.0,0.0,1.0155,10.815700000000001,0.0,0.0,8.2911,0.0,0.0,0.0,0.0,0.0,0.0,183.98090000000002,0.0,0.0,0.0,0.0,2.8907,31.241,0.0,67.8172,0.0,0.0,0.0,0.0,0.0,0.0,0.0,0.0,0.0,0.0,0.0,0.0,0.0,478.9954,0.0,0.0,0.0,0.0,0.0,19.0657,0.0,0.1007,49.12579999999999,44.031600000000005,0.0,0.0,0.0,26.064,3.2314,27.092100000000002,1.4525000000000001,0.1592,0.0,7.7208000000000006,52.3612,0.0,0.0,0.0,13.0765,54.4313,10.6077,32.9323,11.7651,281.0358,0.0,0.0,113.3873,0.0016
0.0,0.0,0.0,19.096,0.0,490.0133000000001,233.45989999999995,10.337800000000001,0.0,23.1856,3.0403,0.0,16.988799999999998,387.6427,751.6412,0.8328,0.0,61.7198,0.0,375.72700000000003,1587.3180000000002,0.0,1.2026,153.32819999999998,281.94570000000004,0.0,0.0,0.0,0.0,0.0,24.1759,45.7388,18.2938,0.0,0.0,0.0,0.0,0.0,0.0,0.0,0.0,0.0,0.0,0.0,0.0,0.0,0.0,0.0,0.0,0.0,0.0,0.0,0.0,0.0,0.0,0.0,0.0,1.0155,10.815700000000001,0.0,0.0,8.2911,0.0,0.0,0.0,0.0,0.0,0.0,183.98090000000002,0.0,0.0,0.0,0.0,2.8907,31.241,0.0,67.8172,0.0,0.0,0.0,0.0,0.0,0.0,0.0,0.0,0.0,0.0,0.0,0.0,0.0,478.9954,0.0,0.0,0.0,0.0,0.0,19.0657,0.0,0.1007,49.12579999999999,44.031600000000005,0.0,0.0,0.0,26.064,3.2314,27.092100000000002,1.4525000000000001,0.1592,0.0,7.7208000000000006,52.3612,0.0,0.0,0.0,13.0765,54.4313,10.6077,32.9323,11.7651,281.0358,0.0,0.0,113.3873,0.0016
0.0,0.0,0.0,21.0918,0.0,537.721,191.15700000000007,8.3946,0.0,24.859799999999996,2.9086,0.0,20.588699999999996,415.632,840.7428,1.5863,0.0,62.7711,0.0,398.86830000000003,1744.4477000000004,0.0,1.7002000000000002,144.05209999999994,276.9074999999999,0.0,0.0,0.0,0.0,0.0,46.5617,88.0909,23.541200000000003,0.0,0.0,0.0,0.0,0.0,0.0,0.0,0.0,0.0,0.0,0.0,0.0,0.0,0.0,0.0,0.0,0.0,0.0,0.0,0.0,0.0,0.0,0.0,0.0,0.8319,10.8945,0.0,0.0,10.956800000000001,0.0,0.0,0.0,0.0,0.0,0.0,185.5727,0.0,0.0,0.0,0.0,2.8436,31.5112,0.0,68.4039,0.0,0.0,0.0,0.0,0.0,0.0,0.0,0.0,0.0,0.0,0.0,0.0,0.0,216.8462,0.0,0.0,0.0,0.0,0.0,18.5184,0.0,0.1211,47.80180000000001,43.9225,0.0,0.0,0.0,31.4891,5.6313,32.7526,1.4548,0.1593,0.0,12.463200000000002,50.8583,0.0,0.0,0.0,12.126100000000001,56.3006,12.855400000000001,31.987300000000005,12.3523,340.5898,0.0,0.0,117.9771,0.0069
0.0,0.0,0.0,21.0918,0.0,537.721,191.15700000000007,8.3946,0.0,24.859799999999996,2.9086,0.0,20.588699999999996,415.632,840.7428,1.5863,0.0,62.7711,0.0,398.86830000000003,1744.4477000000004,0.0,1.7002000000000002,144.05209999999994,276.9074999999999,0.0,0.0,0.0,0.0,0.0,46.5617,88.0909,23.541200000000003,0.0,0.0,0.0,0.0,0.0,0.0,0.0,0.0,0.0,0.0,0.0,0.0,0.0,0.0,0.0,0.0,0.0,0.0,0.0,0.0,0.0,0.0,0.0,0.0,0.8319,10.8945,0.0,0.0,10.956800000000001,0.0,0.0,0.0,0.0,0.0,0.0,185.5727,0.0,0.0,0.0,0.0,2.8436,31.5112,0.0,68.4039,0.0,0.0,0.0,0.0,0.0,0.0,0.0,0.0,0.0,0.0,0.0,0.0,0.0,216.8462,0.0,0.0,0.0,0.0,0.0,18.5184,0.0,0.1211,47.80180000000001,43.9225,0.0,0.0,0.0,31.4891,5.6313,32.7526,1.4548,0.1593,0.0,12.463200000000002,50.8583,0.0,0.0,0.0,12.126100000000001,56.3006,12.855400000000001,31.987300000000005,12.3523,340.5898,0.0,0.0,117.9771,0.0069
0.0,0.0,0.0,21.0918,0.0,537.721,191.15700000000007,8.3946,0.0,24.859799999999996,2.9086,0.0,20.588699999999996,415.632,840.7428,1.5863,0.0,62.7711,0.0,398.86830000000003,1744.4477000000004,0.0,1.7002000000000002,144.05209999999994,276.9074999999999,0.0,0.0,0.0,0.0,0.0,46.5617,88.0909,23.541200000000003,0.0,0.0,0.0,0.0,0.0,0.0,0.0,0.0,0.0,0.0,0.0,0.0,0.0,0.0,0.0,0.0,0.0,0.0,0.0,0.0,0.0,0.0,0.0,0.0,0.8319,10.8945,0.0,0.0,10.956800000000001,0.0,0.0,0.0,0.0,0.0,0.0,185.5727,0.0,0.0,0.0,0.0,2.8436,31.5112,0.0,68.4039,0.0,0.0,0.0,0.0,0.0,0.0,0.0,0.0,0.0,0.0,0.0,0.0,0.0,216.8462,0.0,0.0,0.0,0.0,0.0,18.5184,0.0,0.1211,47.80180000000001,43.9225,0.0,0.0,0.0,31.4891,5.6313,32.7526,1.4548,0.1593,0.0,12.463200000000002,50.8583,0.0,0.0,0.0,12.126100000000001,56.3006,12.855400000000001,31.987300000000005,12.3523,340.5898,0.0,0.0,117.9771,0.0069
0.0,0.0,0.0,21.0918,0.0,537.721,191.15700000000007,8.3946,0.0,24.859799999999996,2.9086,0.0,20.588699999999996,415.632,840.7428,1.5863,0.0,62.7711,0.0,398.86830000000003,1744.4477000000004,0.0,1.7002000000000002,144.05209999999994,276.9074999999999,0.0,0.0,0.0,0.0,0.0,46.5617,88.0909,23.541200000000003,0.0,0.0,0.0,0.0,0.0,0.0,0.0,0.0,0.0,0.0,0.0,0.0,0.0,0.0,0.0,0.0,0.0,0.0,0.0,0.0,0.0,0.0,0.0,0.0,0.8319,10.8945,0.0,0.0,10.956800000000001,0.0,0.0,0.0,0.0,0.0,0.0,185.5727,0.0,0.0,0.0,0.0,2.8436,31.5112,0.0,68.4039,0.0,0.0,0.0,0.0,0.0,0.0,0.0,0.0,0.0,0.0,0.0,0.0,0.0,216.8462,0.0,0.0,0.0,0.0,0.0,18.5184,0.0,0.1211,47.80180000000001,43.9225,0.0,0.0,0.0,31.4891,5.6313,32.7526,1.4548,0.1593,0.0,12.463200000000002,50.8583,0.0,0.0,0.0,12.126100000000001,56.3006,12.855400000000001,31.987300000000005,12.3523,340.5898,0.0,0.0,117.9771,0.0069
0.0,0.0,0.0,21.0918,0.0,537.721,191.15700000000007,8.3946,0.0,24.859799999999996,2.9086,0.0,20.588699999999996,415.632,840.7428,1.5863,0.0,62.7711,0.0,398.86830000000003,1744.4477000000004,0.0,1.7002000000000002,144.05209999999994,276.9074999999999,0.0,0.0,0.0,0.0,0.0,46.5617,88.0909,23.541200000000003,0.0,0.0,0.0,0.0,0.0,0.0,0.0,0.0,0.0,0.0,0.0,0.0,0.0,0.0,0.0,0.0,0.0,0.0,0.0,0.0,0.0,0.0,0.0,0.0,0.8319,10.8945,0.0,0.0,10.956800000000001,0.0,0.0,0.0,0.0,0.0,0.0,185.5727,0.0,0.0,0.0,0.0,2.8436,31.5112,0.0,68.4039,0.0,0.0,0.0,0.0,0.0,0.0,0.0,0.0,0.0,0.0,0.0,0.0,0.0,216.8462,0.0,0.0,0.0,0.0,0.0,18.5184,0.0,0.1211,47.80180000000001,43.9225,0.0,0.0,0.0,31.4891,5.6313,32.7526,1.4548,0.1593,0.0,12.463200000000002,50.8583,0.0,0.0,0.0,12.126100000000001,56.3006,12.855400000000001,31.987300000000005,12.3523,340.5898,0.0,0.0,117.9771,0.0069
0.0,0.0,0.0,21.0918,0.0,537.721,191.15700000000007,8.3946,0.0,24.859799999999996,2.9086,0.0,20.588699999999996,415.632,840.7428,1.5863,0.0,62.7711,0.0,398.86830000000003,1744.4477000000004,0.0,1.7002000000000002,144.05209999999994,276.9074999999999,0.0,0.0,0.0,0.0,0.0,46.5617,88.0909,23.541200000000003,0.0,0.0,0.0,0.0,0.0,0.0,0.0,0.0,0.0,0.0,0.0,0.0,0.0,0.0,0.0,0.0,0.0,0.0,0.0,0.0,0.0,0.0,0.0,0.0,0.8319,10.8945,0.0,0.0,10.956800000000001,0.0,0.0,0.0,0.0,0.0,0.0,185.5727,0.0,0.0,0.0,0.0,2.8436,31.5112,0.0,68.4039,0.0,0.0,0.0,0.0,0.0,0.0,0.0,0.0,0.0,0.0,0.0,0.0,0.0,216.8462,0.0,0.0,0.0,0.0,0.0,18.5184,0.0,0.1211,47.80180000000001,43.9225,0.0,0.0,0.0,31.4891,5.6313,32.7526,1.4548,0.1593,0.0,12.463200000000002,50.8583,0.0,0.0,0.0,12.126100000000001,56.3006,12.855400000000001,31.987300000000005,12.3523,340.5898,0.0,0.0,117.9771,0.0069
0.0,0.0,0.0,21.0918,0.0,537.721,191.15700000000007,8.3946,0.0,24.859799999999996,2.9086,0.0,20.588699999999996,415.632,840.7428,1.5863,0.0,62.7711,0.0,398.86830000000003,1744.4477000000004,0.0,1.7002000000000002,144.05209999999994,276.9074999999999,0.0,0.0,0.0,0.0,0.0,46.5617,88.0909,23.541200000000003,0.0,0.0,0.0,0.0,0.0,0.0,0.0,0.0,0.0,0.0,0.0,0.0,0.0,0.0,0.0,0.0,0.0,0.0,0.0,0.0,0.0,0.0,0.0,0.0,0.8319,10.8945,0.0,0.0,10.956800000000001,0.0,0.0,0.0,0.0,0.0,0.0,185.5727,0.0,0.0,0.0,0.0,2.8436,31.5112,0.0,68.4039,0.0,0.0,0.0,0.0,0.0,0.0,0.0,0.0,0.0,0.0,0.0,0.0,0.0,216.8462,0.0,0.0,0.0,0.0,0.0,18.5184,0.0,0.1211,47.80180000000001,43.9225,0.0,0.0,0.0,31.4891,5.6313,32.7526,1.4548,0.1593,0.0,12.463200000000002,50.8583,0.0,0.0,0.0,12.126100000000001,56.3006,12.855400000000001,31.987300000000005,12.3523,340.5898,0.0,0.0,117.9771,0.0069
0.0,0.0,0.0,26.2123,0.0,647.7391000000001,412.25929999999994,27.0035,0.0,24.697000000000003,3.7686,0.0,24.723000000000006,394.81329999999997,759.5904,26.7327,0.0,128.301,0.0,503.50520000000006,1648.5922999999998,0.0,17.2925,118.9328,254.0864,0.0,0.0,0.0,0.0,0.0,73.8928,106.518,45.6726,0.0,0.0,0.0,0.0,0.0,0.0,0.0,0.0,0.0,0.0,0.0,0.0,0.0,0.0,0.0,0.0,0.0,0.0,0.0,0.0,0.0,0.0,0.0,0.0,1.1560000000000001,10.5734,0.0,0.0,16.505699999999997,0.0,0.0,0.0,0.0,0.0,0.0,198.2825,0.0,0.0,0.0,0.0,2.7681,28.874399999999998,0.0,66.5838,0.0,0.0,0.0,0.0,0.0,0.0,0.0,0.0,0.0,0.0,0.0,0.0,0.0,154.5827,0.0,0.0,0.0,0.0,0.0,18.9376,0.0,0.0472,47.1901,45.1717,0.0,0.0,0.0,19.968899999999998,3.1961999999999997,23.0137,2.0639,0.2261,0.0,8.042200000000001,52.009499999999996,0.0,0.0,0.0,18.196599999999997,54.1104,15.4368,32.7112,12.1859,366.7206,0.0,0.0,117.2936,0.0003
0.0,0.0,0.0,26.2123,0.0,647.7391000000001,412.25929999999994,27.0035,0.0,24.697000000000003,3.7686,0.0,24.723000000000006,394.81329999999997,759.5904,26.7327,0.0,128.301,0.0,503.50520000000006,1648.5922999999998,0.0,17.2925,118.9328,254.0864,0.0,0.0,0.0,0.0,0.0,73.8928,106.518,45.6726,0.0,0.0,0.0,0.0,0.0,0.0,0.0,0.0,0.0,0.0,0.0,0.0,0.0,0.0,0.0,0.0,0.0,0.0,0.0,0.0,0.0,0.0,0.0,0.0,1.1560000000000001,10.5734,0.0,0.0,16.505699999999997,0.0,0.0,0.0,0.0,0.0,0.0,198.2825,0.0,0.0,0.0,0.0,2.7681,28.874399999999998,0.0,66.5838,0.0,0.0,0.0,0.0,0.0,0.0,0.0,0.0,0.0,0.0,0.0,0.0,0.0,154.5827,0.0,0.0,0.0,0.0,0.0,18.9376,0.0,0.0472,47.1901,45.1717,0.0,0.0,0.0,19.968899999999998,3.1961999999999997,23.0137,2.0639,0.2261,0.0,8.042200000000001,52.009499999999996,0.0,0.0,0.0,18.196599999999997,54.1104,15.4368,32.7112,12.1859,366.7206,0.0,0.0,117.2936,0.0003
0.0,0.0,0.0,26.2123,0.0,647.7391000000001,412.25929999999994,27.0035,0.0,24.697000000000003,3.7686,0.0,24.723000000000006,394.81329999999997,759.5904,26.7327,0.0,128.301,0.0,503.50520000000006,1648.5922999999998,0.0,17.2925,118.9328,254.0864,0.0,0.0,0.0,0.0,0.0,73.8928,106.518,45.6726,0.0,0.0,0.0,0.0,0.0,0.0,0.0,0.0,0.0,0.0,0.0,0.0,0.0,0.0,0.0,0.0,0.0,0.0,0.0,0.0,0.0,0.0,0.0,0.0,1.1560000000000001,10.5734,0.0,0.0,16.505699999999997,0.0,0.0,0.0,0.0,0.0,0.0,198.2825,0.0,0.0,0.0,0.0,2.7681,28.874399999999998,0.0,66.5838,0.0,0.0,0.0,0.0,0.0,0.0,0.0,0.0,0.0,0.0,0.0,0.0,0.0,154.5827,0.0,0.0,0.0,0.0,0.0,18.9376,0.0,0.0472,47.1901,45.1717,0.0,0.0,0.0,19.968899999999998,3.1961999999999997,23.0137,2.0639,0.2261,0.0,8.042200000000001,52.009499999999996,0.0,0.0,0.0,18.196599999999997,54.1104,15.4368,32.7112,12.1859,366.7206,0.0,0.0,117.2936,0.0003
0.0,0.0,0.0,26.2123,0.0,647.7391000000001,412.25929999999994,27.0035,0.0,24.697000000000003,3.7686,0.0,24.723000000000006,394.81329999999997,759.5904,26.7327,0.0,128.301,0.0,503.50520000000006,1648.5922999999998,0.0,17.2925,118.9328,254.0864,0.0,0.0,0.0,0.0,0.0,73.8928,106.518,45.6726,0.0,0.0,0.0,0.0,0.0,0.0,0.0,0.0,0.0,0.0,0.0,0.0,0.0,0.0,0.0,0.0,0.0,0.0,0.0,0.0,0.0,0.0,0.0,0.0,1.1560000000000001,10.5734,0.0,0.0,16.505699999999997,0.0,0.0,0.0,0.0,0.0,0.0,198.2825,0.0,0.0,0.0,0.0,2.7681,28.874399999999998,0.0,66.5838,0.0,0.0,0.0,0.0,0.0,0.0,0.0,0.0,0.0,0.0,0.0,0.0,0.0,154.5827,0.0,0.0,0.0,0.0,0.0,18.9376,0.0,0.0472,47.1901,45.1717,0.0,0.0,0.0,19.968899999999998,3.1961999999999997,23.0137,2.0639,0.2261,0.0,8.042200000000001,52.009499999999996,0.0,0.0,0.0,18.196599999999997,54.1104,15.4368,32.7112,12.1859,366.7206,0.0,0.0,117.2936,0.0003
0.0,0.0,0.0,26.2123,0.0,647.7391000000001,412.25929999999994,27.0035,0.0,24.697000000000003,3.7686,0.0,24.723000000000006,394.81329999999997,759.5904,26.7327,0.0,128.301,0.0,503.50520000000006,1648.5922999999998,0.0,17.2925,118.9328,254.0864,0.0,0.0,0.0,0.0,0.0,73.8928,106.518,45.6726,0.0,0.0,0.0,0.0,0.0,0.0,0.0,0.0,0.0,0.0,0.0,0.0,0.0,0.0,0.0,0.0,0.0,0.0,0.0,0.0,0.0,0.0,0.0,0.0,1.1560000000000001,10.5734,0.0,0.0,16.505699999999997,0.0,0.0,0.0,0.0,0.0,0.0,198.2825,0.0,0.0,0.0,0.0,2.7681,28.874399999999998,0.0,66.5838,0.0,0.0,0.0,0.0,0.0,0.0,0.0,0.0,0.0,0.0,0.0,0.0,0.0,154.5827,0.0,0.0,0.0,0.0,0.0,18.9376,0.0,0.0472,47.1901,45.1717,0.0,0.0,0.0,19.968899999999998,3.1961999999999997,23.0137,2.0639,0.2261,0.0,8.042200000000001,52.009499999999996,0.0,0.0,0.0,18.196599999999997,54.1104,15.4368,32.7112,12.1859,366.7206,0.0,0.0,117.2936,0.0003
0.0,0.0,0.0,26.2123,0.0,647.7391000000001,412.25929999999994,27.0035,0.0,24.697000000000003,3.7686,0.0,24.723000000000006,394.81329999999997,759.5904,26.7327,0.0,128.301,0.0,503.50520000000006,1648.5922999999998,0.0,17.2925,118.9328,254.0864,0.0,0.0,0.0,0.0,0.0,73.8928,106.518,45.6726,0.0,0.0,0.0,0.0,0.0,0.0,0.0,0.0,0.0,0.0,0.0,0.0,0.0,0.0,0.0,0.0,0.0,0.0,0.0,0.0,0.0,0.0,0.0,0.0,1.1560000000000001,10.5734,0.0,0.0,16.505699999999997,0.0,0.0,0.0,0.0,0.0,0.0,198.2825,0.0,0.0,0.0,0.0,2.7681,28.874399999999998,0.0,66.5838,0.0,0.0,0.0,0.0,0.0,0.0,0.0,0.0,0.0,0.0,0.0,0.0,0.0,154.5827,0.0,0.0,0.0,0.0,0.0,18.9376,0.0,0.0472,47.1901,45.1717,0.0,0.0,0.0,19.968899999999998,3.1961999999999997,23.0137,2.0639,0.2261,0.0,8.042200000000001,52.009499999999996,0.0,0.0,0.0,18.196599999999997,54.1104,15.4368,32.7112,12.1859,366.7206,0.0,0.0,117.2936,0.0003
0.0,0.0,0.0,26.2123,0.0,647.7391000000001,412.25929999999994,27.0035,0.0,24.697000000000003,3.7686,0.0,24.723000000000006,394.81329999999997,759.5904,26.7327,0.0,128.301,0.0,503.50520000000006,1648.5922999999998,0.0,17.2925,118.9328,254.0864,0.0,0.0,0.0,0.0,0.0,73.8928,106.518,45.6726,0.0,0.0,0.0,0.0,0.0,0.0,0.0,0.0,0.0,0.0,0.0,0.0,0.0,0.0,0.0,0.0,0.0,0.0,0.0,0.0,0.0,0.0,0.0,0.0,1.1560000000000001,10.5734,0.0,0.0,16.505699999999997,0.0,0.0,0.0,0.0,0.0,0.0,198.2825,0.0,0.0,0.0,0.0,2.7681,28.874399999999998,0.0,66.5838,0.0,0.0,0.0,0.0,0.0,0.0,0.0,0.0,0.0,0.0,0.0,0.0,0.0,154.5827,0.0,0.0,0.0,0.0,0.0,18.9376,0.0,0.0472,47.1901,45.1717,0.0,0.0,0.0,19.968899999999998,3.1961999999999997,23.0137,2.0639,0.2261,0.0,8.042200000000001,52.009499999999996,0.0,0.0,0.0,18.196599999999997,54.1104,15.4368,32.7112,12.1859,366.7206,0.0,0.0,117.2936,0.0003
0.0,0.0,0.0,26.508,0.0,590.4049,240.0064,18.819200000000002,0.0,29.8517,3.1647,0.0,30.652099999999994,461.3826,800.5425,8.3549,0.0,70.2878,0.0,424.02759999999995,1887.4778999999999,0.0,6.2454,98.14070000000001,213.86650000000003,0.0,0.0,0.0,0.0,0.0,55.288799999999995,58.843700000000005,47.3058,0.0,0.0,0.0,0.0,0.0,0.0,0.0,0.0,0.0,0.0,0.0,0.0,0.0,0.0,0.0,0.0,0.0,0.0,0.0,0.0,0.0,0.0,0.0,0.0,1.1577,10.209100000000001,0.0,0.0,14.5866,0.0,0.0,0.0,0.0,0.0,0.0,203.7465,0.0,0.0,0.0,0.0,2.8188,26.587699999999998,0.0,64.2368,0.0,0.0,0.0,0.0,0.0,0.0,0.0,0.0,0.0,0.0,0.0,0.0,0.0,217.3183,0.0,0.0,0.0,0.0,0.0,19.0811,0.0,0.0026,46.404799999999994,45.70569999999999,0.0,0.0,0.0,13.476999999999999,3.5195999999999996,17.7759,2.2241,0.2437,0.0,6.0415,52.4037,0.0,0.0,0.0,22.6753,53.5017,19.1389,32.9591,13.1137,416.1644,0.0,0.0,120.10199999999999,0.0003
0.0,0.0,0.0,26.508,0.0,590.4049,240.0064,18.819200000000002,0.0,29.8517,3.1647,0.0,30.652099999999994,461.3826,800.5425,8.3549,0.0,70.2878,0.0,424.02759999999995,1887.4778999999999,0.0,6.2454,98.14070000000001,213.86650000000003,0.0,0.0,0.0,0.0,0.0,55.288799999999995,58.843700000000005,47.3058,0.0,0.0,0.0,0.0,0.0,0.0,0.0,0.0,0.0,0.0,0.0,0.0,0.0,0.0,0.0,0.0,0.0,0.0,0.0,0.0,0.0,0.0,0.0,0.0,1.1577,10.209100000000001,0.0,0.0,14.5866,0.0,0.0,0.0,0.0,0.0,0.0,203.7465,0.0,0.0,0.0,0.0,2.8188,26.587699999999998,0.0,64.2368,0.0,0.0,0.0,0.0,0.0,0.0,0.0,0.0,0.0,0.0,0.0,0.0,0.0,217.3183,0.0,0.0,0.0,0.0,0.0,19.0811,0.0,0.0026,46.404799999999994,45.70569999999999,0.0,0.0,0.0,13.476999999999999,3.5195999999999996,17.7759,2.2241,0.2437,0.0,6.0415,52.4037,0.0,0.0,0.0,22.6753,53.5017,19.1389,32.9591,13.1137,416.1644,0.0,0.0,120.10199999999999,0.0003
0.0,0.0,0.0,26.508,0.0,590.4049,240.0064,18.819200000000002,0.0,29.8517,3.1647,0.0,30.652099999999994,461.3826,800.5425,8.3549,0.0,70.2878,0.0,424.02759999999995,1887.4778999999999,0.0,6.2454,98.14070000000001,213.86650000000003,0.0,0.0,0.0,0.0,0.0,55.288799999999995,58.843700000000005,47.3058,0.0,0.0,0.0,0.0,0.0,0.0,0.0,0.0,0.0,0.0,0.0,0.0,0.0,0.0,0.0,0.0,0.0,0.0,0.0,0.0,0.0,0.0,0.0,0.0,1.1577,10.209100000000001,0.0,0.0,14.5866,0.0,0.0,0.0,0.0,0.0,0.0,203.7465,0.0,0.0,0.0,0.0,2.8188,26.587699999999998,0.0,64.2368,0.0,0.0,0.0,0.0,0.0,0.0,0.0,0.0,0.0,0.0,0.0,0.0,0.0,217.3183,0.0,0.0,0.0,0.0,0.0,19.0811,0.0,0.0026,46.404799999999994,45.70569999999999,0.0,0.0,0.0,13.476999999999999,3.5195999999999996,17.7759,2.2241,0.2437,0.0,6.0415,52.4037,0.0,0.0,0.0,22.6753,53.5017,19.1389,32.9591,13.1137,416.1644,0.0,0.0,120.10199999999999,0.0003
0.0,0.0,0.0,26.508,0.0,590.4049,240.0064,18.819200000000002,0.0,29.8517,3.1647,0.0,30.652099999999994,461.3826,800.5425,8.3549,0.0,70.2878,0.0,424.02759999999995,1887.4778999999999,0.0,6.2454,98.14070000000001,213.86650000000003,0.0,0.0,0.0,0.0,0.0,55.288799999999995,58.843700000000005,47.3058,0.0,0.0,0.0,0.0,0.0,0.0,0.0,0.0,0.0,0.0,0.0,0.0,0.0,0.0,0.0,0.0,0.0,0.0,0.0,0.0,0.0,0.0,0.0,0.0,1.1577,10.209100000000001,0.0,0.0,14.5866,0.0,0.0,0.0,0.0,0.0,0.0,203.7465,0.0,0.0,0.0,0.0,2.8188,26.587699999999998,0.0,64.2368,0.0,0.0,0.0,0.0,0.0,0.0,0.0,0.0,0.0,0.0,0.0,0.0,0.0,217.3183,0.0,0.0,0.0,0.0,0.0,19.0811,0.0,0.0026,46.404799999999994,45.70569999999999,0.0,0.0,0.0,13.476999999999999,3.5195999999999996,17.7759,2.2241,0.2437,0.0,6.0415,52.4037,0.0,0.0,0.0,22.6753,53.5017,19.1389,32.9591,13.1137,416.1644,0.0,0.0,120.10199999999999,0.0003
0.0,0.0,0.0,26.508,0.0,590.4049,240.0064,18.819200000000002,0.0,29.8517,3.1647,0.0,30.652099999999994,461.3826,800.5425,8.3549,0.0,70.2878,0.0,424.02759999999995,1887.4778999999999,0.0,6.2454,98.14070000000001,213.86650000000003,0.0,0.0,0.0,0.0,0.0,55.288799999999995,58.843700000000005,47.3058,0.0,0.0,0.0,0.0,0.0,0.0,0.0,0.0,0.0,0.0,0.0,0.0,0.0,0.0,0.0,0.0,0.0,0.0,0.0,0.0,0.0,0.0,0.0,0.0,1.1577,10.209100000000001,0.0,0.0,14.5866,0.0,0.0,0.0,0.0,0.0,0.0,203.7465,0.0,0.0,0.0,0.0,2.8188,26.587699999999998,0.0,64.2368,0.0,0.0,0.0,0.0,0.0,0.0,0.0,0.0,0.0,0.0,0.0,0.0,0.0,217.3183,0.0,0.0,0.0,0.0,0.0,19.0811,0.0,0.0026,46.404799999999994,45.70569999999999,0.0,0.0,0.0,13.476999999999999,3.5195999999999996,17.7759,2.2241,0.2437,0.0,6.0415,52.4037,0.0,0.0,0.0,22.6753,53.5017,19.1389,32.9591,13.1137,416.1644,0.0,0.0,120.10199999999999,0.0003
0.0,0.0,0.0,26.508,0.0,590.4049,240.0064,18.819200000000002,0.0,29.8517,3.1647,0.0,30.652099999999994,461.3826,800.5425,8.3549,0.0,70.2878,0.0,424.02759999999995,1887.4778999999999,0.0,6.2454,98.14070000000001,213.86650000000003,0.0,0.0,0.0,0.0,0.0,55.288799999999995,58.843700000000005,47.3058,0.0,0.0,0.0,0.0,0.0,0.0,0.0,0.0,0.0,0.0,0.0,0.0,0.0,0.0,0.0,0.0,0.0,0.0,0.0,0.0,0.0,0.0,0.0,0.0,1.1577,10.209100000000001,0.0,0.0,14.5866,0.0,0.0,0.0,0.0,0.0,0.0,203.7465,0.0,0.0,0.0,0.0,2.8188,26.587699999999998,0.0,64.2368,0.0,0.0,0.0,0.0,0.0,0.0,0.0,0.0,0.0,0.0,0.0,0.0,0.0,217.3183,0.0,0.0,0.0,0.0,0.0,19.0811,0.0,0.0026,46.404799999999994,45.70569999999999,0.0,0.0,0.0,13.476999999999999,3.5195999999999996,17.7759,2.2241,0.2437,0.0,6.0415,52.4037,0.0,0.0,0.0,22.6753,53.5017,19.1389,32.9591,13.1137,416.1644,0.0,0.0,120.10199999999999,0.0003
0.0,0.0,0.0,26.508,0.0,590.4049,240.0064,18.819200000000002,0.0,29.8517,3.1647,0.0,30.652099999999994,461.3826,800.5425,8.3549,0.0,70.2878,0.0,424.02759999999995,1887.4778999999999,0.0,6.2454,98.14070000000001,213.86650000000003,0.0,0.0,0.0,0.0,0.0,55.288799999999995,58.843700000000005,47.3058,0.0,0.0,0.0,0.0,0.0,0.0,0.0,0.0,0.0,0.0,0.0,0.0,0.0,0.0,0.0,0.0,0.0,0.0,0.0,0.0,0.0,0.0,0.0,0.0,1.1577,10.209100000000001,0.0,0.0,14.5866,0.0,0.0,0.0,0.0,0.0,0.0,203.7465,0.0,0.0,0.0,0.0,2.8188,26.587699999999998,0.0,64.2368,0.0,0.0,0.0,0.0,0.0,0.0,0.0,0.0,0.0,0.0,0.0,0.0,0.0,217.3183,0.0,0.0,0.0,0.0,0.0,19.0811,0.0,0.0026,46.404799999999994,45.70569999999999,0.0,0.0,0.0,13.476999999999999,3.5195999999999996,17.7759,2.2241,0.2437,0.0,6.0415,52.4037,0.0,0.0,0.0,22.6753,53.5017,19.1389,32.9591,13.1137,416.1644,0.0,0.0,120.10199999999999,0.0003
0.0,0.0,0.0,34.5281,0.0,789.4091000000001,632.3245000000001,40.6071,0.0,32.926,3.6234,0.0,31.5744,508.8986,868.5235,55.211200000000005,0.0,132.6402,0.0,416.9285,1954.1119999999999,0.0,35.6217,102.5342,210.74469999999994,0.0,0.0,0.0,0.0,0.0,35.1618,37.42260000000001,36.64220000000001,0.0,0.0,0.0,0.0,0.0,0.0,0.0,0.0,0.0,0.0,0.0,0.0,0.0,0.0,0.0,0.0,0.0,0.0,0.0,0.0,0.0,0.0,0.0,0.0,1.2216,10.1822,0.0,0.0,11.056000000000001,0.0,0.0,0.0,0.0,0.0,0.0,203.4906,0.0,0.0,0.0,0.0,2.7477,26.5543,0.0,64.1562,0.0,0.0,0.0,0.0,0.0,0.0,0.0,0.0,0.0,0.0,0.0,0.0,0.0,219.2878,0.0,0.0,0.0,0.0,0.0,20.5435,0.0,0.003,65.6439,45.3938,0.0,0.0,0.0,13.808499999999999,3.8832000000000004,18.3643,2.5217,0.2764,0.0,7.5085,56.42,0.0,0.0,0.0,21.974899999999998,53.3709,19.7148,35.485099999999996,13.973,428.6869,0.0,0.0,125.0718,0.0018
0.0,0.0,0.0,34.5281,0.0,789.4091000000001,632.3245000000001,40.6071,0.0,32.926,3.6234,0.0,31.5744,508.8986,868.5235,55.211200000000005,0.0,132.6402,0.0,416.9285,1954.1119999999999,0.0,35.6217,102.5342,210.74469999999994,0.0,0.0,0.0,0.0,0.0,35.1618,37.42260000000001,36.64220000000001,0.0,0.0,0.0,0.0,0.0,0.0,0.0,0.0,0.0,0.0,0.0,0.0,0.0,0.0,0.0,0.0,0.0,0.0,0.0,0.0,0.0,0.0,0.0,0.0,1.2216,10.1822,0.0,0.0,11.056000000000001,0.0,0.0,0.0,0.0,0.0,0.0,203.4906,0.0,0.0,0.0,0.0,2.7477,26.5543,0.0,64.1562,0.0,0.0,0.0,0.0,0.0,0.0,0.0,0.0,0.0,0.0,0.0,0.0,0.0,219.2878,0.0,0.0,0.0,0.0,0.0,20.5435,0.0,0.003,65.6439,45.3938,0.0,0.0,0.0,13.808499999999999,3.8832000000000004,18.3643,2.5217,0.2764,0.0,7.5085,56.42,0.0,0.0,0.0,21.974899999999998,53.3709,19.7148,35.485099999999996,13.973,428.6869,0.0,0.0,125.0718,0.0018
0.0,0.0,0.0,34.5281,0.0,789.4091000000001,632.3245000000001,40.6071,0.0,32.926,3.6234,0.0,31.5744,508.8986,868.5235,55.211200000000005,0.0,132.6402,0.0,416.9285,1954.1119999999999,0.0,35.6217,102.5342,210.74469999999994,0.0,0.0,0.0,0.0,0.0,35.1618,37.42260000000001,36.64220000000001,0.0,0.0,0.0,0.0,0.0,0.0,0.0,0.0,0.0,0.0,0.0,0.0,0.0,0.0,0.0,0.0,0.0,0.0,0.0,0.0,0.0,0.0,0.0,0.0,1.2216,10.1822,0.0,0.0,11.056000000000001,0.0,0.0,0.0,0.0,0.0,0.0,203.4906,0.0,0.0,0.0,0.0,2.7477,26.5543,0.0,64.1562,0.0,0.0,0.0,0.0,0.0,0.0,0.0,0.0,0.0,0.0,0.0,0.0,0.0,219.2878,0.0,0.0,0.0,0.0,0.0,20.5435,0.0,0.003,65.6439,45.3938,0.0,0.0,0.0,13.808499999999999,3.8832000000000004,18.3643,2.5217,0.2764,0.0,7.5085,56.42,0.0,0.0,0.0,21.974899999999998,53.3709,19.7148,35.485099999999996,13.973,428.6869,0.0,0.0,125.0718,0.0018
0.0,0.0,0.0,34.5281,0.0,789.4091000000001,632.3245000000001,40.6071,0.0,32.926,3.6234,0.0,31.5744,508.8986,868.5235,55.211200000000005,0.0,132.6402,0.0,416.9285,1954.1119999999999,0.0,35.6217,102.5342,210.74469999999994,0.0,0.0,0.0,0.0,0.0,35.1618,37.42260000000001,36.64220000000001,0.0,0.0,0.0,0.0,0.0,0.0,0.0,0.0,0.0,0.0,0.0,0.0,0.0,0.0,0.0,0.0,0.0,0.0,0.0,0.0,0.0,0.0,0.0,0.0,1.2216,10.1822,0.0,0.0,11.056000000000001,0.0,0.0,0.0,0.0,0.0,0.0,203.4906,0.0,0.0,0.0,0.0,2.7477,26.5543,0.0,64.1562,0.0,0.0,0.0,0.0,0.0,0.0,0.0,0.0,0.0,0.0,0.0,0.0,0.0,219.2878,0.0,0.0,0.0,0.0,0.0,20.5435,0.0,0.003,65.6439,45.3938,0.0,0.0,0.0,13.808499999999999,3.8832000000000004,18.3643,2.5217,0.2764,0.0,7.5085,56.42,0.0,0.0,0.0,21.974899999999998,53.3709,19.7148,35.485099999999996,13.973,428.6869,0.0,0.0,125.0718,0.0018
0.0,0.0,0.0,34.5281,0.0,789.4091000000001,632.3245000000001,40.6071,0.0,32.926,3.6234,0.0,31.5744,508.8986,868.5235,55.211200000000005,0.0,132.6402,0.0,416.9285,1954.1119999999999,0.0,35.6217,102.5342,210.74469999999994,0.0,0.0,0.0,0.0,0.0,35.1618,37.42260000000001,36.64220000000001,0.0,0.0,0.0,0.0,0.0,0.0,0.0,0.0,0.0,0.0,0.0,0.0,0.0,0.0,0.0,0.0,0.0,0.0,0.0,0.0,0.0,0.0,0.0,0.0,1.2216,10.1822,0.0,0.0,11.056000000000001,0.0,0.0,0.0,0.0,0.0,0.0,203.4906,0.0,0.0,0.0,0.0,2.7477,26.5543,0.0,64.1562,0.0,0.0,0.0,0.0,0.0,0.0,0.0,0.0,0.0,0.0,0.0,0.0,0.0,219.2878,0.0,0.0,0.0,0.0,0.0,20.5435,0.0,0.003,65.6439,45.3938,0.0,0.0,0.0,13.808499999999999,3.8832000000000004,18.3643,2.5217,0.2764,0.0,7.5085,56.42,0.0,0.0,0.0,21.974899999999998,53.3709,19.7148,35.485099999999996,13.973,428.6869,0.0,0.0,125.0718,0.0018
0.0,0.0,0.0,34.5281,0.0,789.4091000000001,632.3245000000001,40.6071,0.0,32.926,3.6234,0.0,31.5744,508.8986,868.5235,55.211200000000005,0.0,132.6402,0.0,416.9285,1954.1119999999999,0.0,35.6217,102.5342,210.74469999999994,0.0,0.0,0.0,0.0,0.0,35.1618,37.42260000000001,36.64220000000001,0.0,0.0,0.0,0.0,0.0,0.0,0.0,0.0,0.0,0.0,0.0,0.0,0.0,0.0,0.0,0.0,0.0,0.0,0.0,0.0,0.0,0.0,0.0,0.0,1.2216,10.1822,0.0,0.0,11.056000000000001,0.0,0.0,0.0,0.0,0.0,0.0,203.4906,0.0,0.0,0.0,0.0,2.7477,26.5543,0.0,64.1562,0.0,0.0,0.0,0.0,0.0,0.0,0.0,0.0,0.0,0.0,0.0,0.0,0.0,219.2878,0.0,0.0,0.0,0.0,0.0,20.5435,0.0,0.003,65.6439,45.3938,0.0,0.0,0.0,13.808499999999999,3.8832000000000004,18.3643,2.5217,0.2764,0.0,7.5085,56.42,0.0,0.0,0.0,21.974899999999998,53.3709,19.7148,35.485099999999996,13.973,428.6869,0.0,0.0,125.0718,0.0018
0.0,0.0,0.0,34.5281,0.0,789.4091000000001,632.3245000000001,40.6071,0.0,32.926,3.6234,0.0,31.5744,508.8986,868.5235,55.211200000000005,0.0,132.6402,0.0,416.9285,1954.1119999999999,0.0,35.6217,102.5342,210.74469999999994,0.0,0.0,0.0,0.0,0.0,35.1618,37.42260000000001,36.64220000000001,0.0,0.0,0.0,0.0,0.0,0.0,0.0,0.0,0.0,0.0,0.0,0.0,0.0,0.0,0.0,0.0,0.0,0.0,0.0,0.0,0.0,0.0,0.0,0.0,1.2216,10.1822,0.0,0.0,11.056000000000001,0.0,0.0,0.0,0.0,0.0,0.0,203.4906,0.0,0.0,0.0,0.0,2.7477,26.5543,0.0,64.1562,0.0,0.0,0.0,0.0,0.0,0.0,0.0,0.0,0.0,0.0,0.0,0.0,0.0,219.2878,0.0,0.0,0.0,0.0,0.0,20.5435,0.0,0.003,65.6439,45.3938,0.0,0.0,0.0,13.808499999999999,3.8832000000000004,18.3643,2.5217,0.2764,0.0,7.5085,56.42,0.0,0.0,0.0,21.974899999999998,53.3709,19.7148,35.485099999999996,13.973,428.6869,0.0,0.0,125.0718,0.0018
0.0,0.0,0.0,43.9803,0.0,1029.2054000000003,364.9033,28.4034,0.0,34.4728,8.0334,0.0,33.1579,532.8057,909.9725000000001,46.3875,0.0,121.3599,0.0,415.99850000000004,2228.6953,0.0,33.5248,101.2111,201.5722,0.0,0.0,0.0,0.0,0.0,31.396099999999997,33.414699999999996,36.26069999999999,0.0,0.0,0.0,0.0,0.0,0.0,0.0,0.0,0.0,0.0,0.0,0.0,0.0,0.0,0.0,0.0,0.0,0.0,0.0,0.0,0.0,0.0,0.0,0.0,1.4578,10.848700000000001,0.0,0.0,10.190999999999999,0.0,0.0,0.0,0.0,0.0,0.0,217.5078,0.0,0.0,0.0,0.0,2.7661,28.3835,0.0,68.5755,0.0,0.0,0.0,0.0,0.0,0.0,0.0,0.0,0.0,0.0,0.0,0.0,0.0,221.8419,0.0,0.0,0.0,0.0,0.0,18.9992,0.0,0.0025,47.70870000000001,45.3371,0.0,0.0,0.0,16.9389,3.6227,22.2945,3.145,0.3446,0.0,7.726699999999999,52.1788,0.0,0.0,0.0,21.552999999999997,53.2111,20.703500000000002,32.8177,11.4577,450.1837,0.0,0.0,107.31260000000002,0.0015
0.0,0.0,0.0,43.9803,0.0,1029.2054000000003,364.9033,28.4034,0.0,34.4728,8.0334,0.0,33.1579,532.8057,909.9725000000001,46.3875,0.0,121.3599,0.0,415.99850000000004,2228.6953,0.0,33.5248,101.2111,201.5722,0.0,0.0,0.0,0.0,0.0,31.396099999999997,33.414699999999996,36.26069999999999,0.0,0.0,0.0,0.0,0.0,0.0,0.0,0.0,0.0,0.0,0.0,0.0,0.0,0.0,0.0,0.0,0.0,0.0,0.0,0.0,0.0,0.0,0.0,0.0,1.4578,10.848700000000001,0.0,0.0,10.190999999999999,0.0,0.0,0.0,0.0,0.0,0.0,217.5078,0.0,0.0,0.0,0.0,2.7661,28.3835,0.0,68.5755,0.0,0.0,0.0,0.0,0.0,0.0,0.0,0.0,0.0,0.0,0.0,0.0,0.0,221.8419,0.0,0.0,0.0,0.0,0.0,18.9992,0.0,0.0025,47.70870000000001,45.3371,0.0,0.0,0.0,16.9389,3.6227,22.2945,3.145,0.3446,0.0,7.726699999999999,52.1788,0.0,0.0,0.0,21.552999999999997,53.2111,20.703500000000002,32.8177,11.4577,450.1837,0.0,0.0,107.31260000000002,0.0015
0.0,0.0,0.0,43.9803,0.0,1029.2054000000003,364.9033,28.4034,0.0,34.4728,8.0334,0.0,33.1579,532.8057,909.9725000000001,46.3875,0.0,121.3599,0.0,415.99850000000004,2228.6953,0.0,33.5248,101.2111,201.5722,0.0,0.0,0.0,0.0,0.0,31.396099999999997,33.414699999999996,36.26069999999999,0.0,0.0,0.0,0.0,0.0,0.0,0.0,0.0,0.0,0.0,0.0,0.0,0.0,0.0,0.0,0.0,0.0,0.0,0.0,0.0,0.0,0.0,0.0,0.0,1.4578,10.848700000000001,0.0,0.0,10.190999999999999,0.0,0.0,0.0,0.0,0.0,0.0,217.5078,0.0,0.0,0.0,0.0,2.7661,28.3835,0.0,68.5755,0.0,0.0,0.0,0.0,0.0,0.0,0.0,0.0,0.0,0.0,0.0,0.0,0.0,221.8419,0.0,0.0,0.0,0.0,0.0,18.9992,0.0,0.0025,47.70870000000001,45.3371,0.0,0.0,0.0,16.9389,3.6227,22.2945,3.145,0.3446,0.0,7.726699999999999,52.1788,0.0,0.0,0.0,21.552999999999997,53.2111,20.703500000000002,32.8177,11.4577,450.1837,0.0,0.0,107.31260000000002,0.0015
0.0,0.0,0.0,43.9803,0.0,1029.2054000000003,364.9033,28.4034,0.0,34.4728,8.0334,0.0,33.1579,532.8057,909.9725000000001,46.3875,0.0,121.3599,0.0,415.99850000000004,2228.6953,0.0,33.5248,101.2111,201.5722,0.0,0.0,0.0,0.0,0.0,31.396099999999997,33.414699999999996,36.26069999999999,0.0,0.0,0.0,0.0,0.0,0.0,0.0,0.0,0.0,0.0,0.0,0.0,0.0,0.0,0.0,0.0,0.0,0.0,0.0,0.0,0.0,0.0,0.0,0.0,1.4578,10.848700000000001,0.0,0.0,10.190999999999999,0.0,0.0,0.0,0.0,0.0,0.0,217.5078,0.0,0.0,0.0,0.0,2.7661,28.3835,0.0,68.5755,0.0,0.0,0.0,0.0,0.0,0.0,0.0,0.0,0.0,0.0,0.0,0.0,0.0,221.8419,0.0,0.0,0.0,0.0,0.0,18.9992,0.0,0.0025,47.70870000000001,45.3371,0.0,0.0,0.0,16.9389,3.6227,22.2945,3.145,0.3446,0.0,7.726699999999999,52.1788,0.0,0.0,0.0,21.552999999999997,53.2111,20.703500000000002,32.8177,11.4577,450.1837,0.0,0.0,107.31260000000002,0.0015
0.0,0.0,0.0,43.9803,0.0,1029.2054000000003,364.9033,28.4034,0.0,34.4728,8.0334,0.0,33.1579,532.8057,909.9725000000001,46.3875,0.0,121.3599,0.0,415.99850000000004,2228.6953,0.0,33.5248,101.2111,201.5722,0.0,0.0,0.0,0.0,0.0,31.396099999999997,33.414699999999996,36.26069999999999,0.0,0.0,0.0,0.0,0.0,0.0,0.0,0.0,0.0,0.0,0.0,0.0,0.0,0.0,0.0,0.0,0.0,0.0,0.0,0.0,0.0,0.0,0.0,0.0,1.4578,10.848700000000001,0.0,0.0,10.190999999999999,0.0,0.0,0.0,0.0,0.0,0.0,217.5078,0.0,0.0,0.0,0.0,2.7661,28.3835,0.0,68.5755,0.0,0.0,0.0,0.0,0.0,0.0,0.0,0.0,0.0,0.0,0.0,0.0,0.0,221.8419,0.0,0.0,0.0,0.0,0.0,18.9992,0.0,0.0025,47.70870000000001,45.3371,0.0,0.0,0.0,16.9389,3.6227,22.2945,3.145,0.3446,0.0,7.726699999999999,52.1788,0.0,0.0,0.0,21.552999999999997,53.2111,20.703500000000002,32.8177,11.4577,450.1837,0.0,0.0,107.31260000000002,0.0015
0.0,0.0,0.0,43.9803,0.0,1029.2054000000003,364.9033,28.4034,0.0,34.4728,8.0334,0.0,33.1579,532.8057,909.9725000000001,46.3875,0.0,121.3599,0.0,415.99850000000004,2228.6953,0.0,33.5248,101.2111,201.5722,0.0,0.0,0.0,0.0,0.0,31.396099999999997,33.414699999999996,36.26069999999999,0.0,0.0,0.0,0.0,0.0,0.0,0.0,0.0,0.0,0.0,0.0,0.0,0.0,0.0,0.0,0.0,0.0,0.0,0.0,0.0,0.0,0.0,0.0,0.0,1.4578,10.848700000000001,0.0,0.0,10.190999999999999,0.0,0.0,0.0,0.0,0.0,0.0,217.5078,0.0,0.0,0.0,0.0,2.7661,28.3835,0.0,68.5755,0.0,0.0,0.0,0.0,0.0,0.0,0.0,0.0,0.0,0.0,0.0,0.0,0.0,221.8419,0.0,0.0,0.0,0.0,0.0,18.9992,0.0,0.0025,47.70870000000001,45.3371,0.0,0.0,0.0,16.9389,3.6227,22.2945,3.145,0.3446,0.0,7.726699999999999,52.1788,0.0,0.0,0.0,21.552999999999997,53.2111,20.703500000000002,32.8177,11.4577,450.1837,0.0,0.0,107.31260000000002,0.0015
0.0,0.0,0.0,43.9803,0.0,1029.2054000000003,364.9033,28.4034,0.0,34.4728,8.0334,0.0,33.1579,532.8057,909.9725000000001,46.3875,0.0,121.3599,0.0,415.99850000000004,2228.6953,0.0,33.5248,101.2111,201.5722,0.0,0.0,0.0,0.0,0.0,31.396099999999997,33.414699999999996,36.26069999999999,0.0,0.0,0.0,0.0,0.0,0.0,0.0,0.0,0.0,0.0,0.0,0.0,0.0,0.0,0.0,0.0,0.0,0.0,0.0,0.0,0.0,0.0,0.0,0.0,1.4578,10.848700000000001,0.0,0.0,10.190999999999999,0.0,0.0,0.0,0.0,0.0,0.0,217.5078,0.0,0.0,0.0,0.0,2.7661,28.3835,0.0,68.5755,0.0,0.0,0.0,0.0,0.0,0.0,0.0,0.0,0.0,0.0,0.0,0.0,0.0,221.8419,0.0,0.0,0.0,0.0,0.0,18.9992,0.0,0.0025,47.70870000000001,45.3371,0.0,0.0,0.0,16.9389,3.6227,22.2945,3.145,0.3446,0.0,7.726699999999999,52.1788,0.0,0.0,0.0,21.552999999999997,53.2111,20.703500000000002,32.8177,11.4577,450.1837,0.0,0.0,107.31260000000002,0.0015
0.0,0.0,0.0,32.7288,0.0,683.3679,211.67,15.2978,0.0,35.0278,4.2183,0.0,32.7491,547.9536,905.5704,16.8041,0.0,80.93079999999998,0.0,338.15070000000003,2144.494,0.0,11.6988,91.90500000000002,204.93710000000002,0.0,0.0,0.0,0.0,0.0,36.0518,37.7437,43.0077,0.0,0.0,0.0,0.0,0.0,0.0,0.0,0.0,0.0,0.0,0.0,0.0,0.0,0.0,0.0,0.0,0.0,0.0,0.0,0.0,0.0,0.0,0.0,0.0,1.4313,10.715,0.0,0.0,10.4344,0.0,0.0,0.0,0.0,0.0,0.0,198.2484,0.0,0.0,0.0,0.0,2.5878,25.377,0.0,60.6719,0.0,0.0,0.0,0.0,0.0,0.0,0.0,0.0,0.0,0.0,0.0,0.0,0.0,250.2051,0.0,0.0,0.0,0.0,0.0,18.413,0.0,0.0029,44.22650000000001,45.071400000000004,0.0,0.0,0.0,16.0981,3.6345,22.474700000000002,4.2028,0.4606,0.0,7.413300000000001,50.5689,0.0,0.0,0.0,21.7019,48.7645,20.448300000000003,31.805200000000003,9.5207,454.01180000000005,0.0,0.0,94.6107,0.0015
0.0,0.0,0.0,32.7288,0.0,683.3679,211.67,15.2978,0.0,35.0278,4.2183,0.0,32.7491,547.9536,905.5704,16.8041,0.0,80.93079999999998,0.0,338.15070000000003,2144.494,0.0,11.6988,91.90500000000002,204.93710000000002,0.0,0.0,0.0,0.0,0.0,36.0518,37.7437,43.0077,0.0,0.0,0.0,0.0,0.0,0.0,0.0,0.0,0.0,0.0,0.0,0.0,0.0,0.0,0.0,0.0,0.0,0.0,0.0,0.0,0.0,0.0,0.0,0.0,1.4313,10.715,0.0,0.0,10.4344,0.0,0.0,0.0,0.0,0.0,0.0,198.2484,0.0,0.0,0.0,0.0,2.5878,25.377,0.0,60.6719,0.0,0.0,0.0,0.0,0.0,0.0,0.0,0.0,0.0,0.0,0.0,0.0,0.0,250.2051,0.0,0.0,0.0,0.0,0.0,18.413,0.0,0.0029,44.22650000000001,45.071400000000004,0.0,0.0,0.0,16.0981,3.6345,22.474700000000002,4.2028,0.4606,0.0,7.413300000000001,50.5689,0.0,0.0,0.0,21.7019,48.7645,20.448300000000003,31.805200000000003,9.5207,454.01180000000005,0.0,0.0,94.6107,0.0015
0.0,0.0,0.0,32.7288,0.0,683.3679,211.67,15.2978,0.0,35.0278,4.2183,0.0,32.7491,547.9536,905.5704,16.8041,0.0,80.93079999999998,0.0,338.15070000000003,2144.494,0.0,11.6988,91.90500000000002,204.93710000000002,0.0,0.0,0.0,0.0,0.0,36.0518,37.7437,43.0077,0.0,0.0,0.0,0.0,0.0,0.0,0.0,0.0,0.0,0.0,0.0,0.0,0.0,0.0,0.0,0.0,0.0,0.0,0.0,0.0,0.0,0.0,0.0,0.0,1.4313,10.715,0.0,0.0,10.4344,0.0,0.0,0.0,0.0,0.0,0.0,198.2484,0.0,0.0,0.0,0.0,2.5878,25.377,0.0,60.6719,0.0,0.0,0.0,0.0,0.0,0.0,0.0,0.0,0.0,0.0,0.0,0.0,0.0,250.2051,0.0,0.0,0.0,0.0,0.0,18.413,0.0,0.0029,44.22650000000001,45.071400000000004,0.0,0.0,0.0,16.0981,3.6345,22.474700000000002,4.2028,0.4606,0.0,7.413300000000001,50.5689,0.0,0.0,0.0,21.7019,48.7645,20.448300000000003,31.805200000000003,9.5207,454.01180000000005,0.0,0.0,94.6107,0.0015
0.0,0.0,0.0,32.7288,0.0,683.3679,211.67,15.2978,0.0,35.0278,4.2183,0.0,32.7491,547.9536,905.5704,16.8041,0.0,80.93079999999998,0.0,338.15070000000003,2144.494,0.0,11.6988,91.90500000000002,204.93710000000002,0.0,0.0,0.0,0.0,0.0,36.0518,37.7437,43.0077,0.0,0.0,0.0,0.0,0.0,0.0,0.0,0.0,0.0,0.0,0.0,0.0,0.0,0.0,0.0,0.0,0.0,0.0,0.0,0.0,0.0,0.0,0.0,0.0,1.4313,10.715,0.0,0.0,10.4344,0.0,0.0,0.0,0.0,0.0,0.0,198.2484,0.0,0.0,0.0,0.0,2.5878,25.377,0.0,60.6719,0.0,0.0,0.0,0.0,0.0,0.0,0.0,0.0,0.0,0.0,0.0,0.0,0.0,250.2051,0.0,0.0,0.0,0.0,0.0,18.413,0.0,0.0029,44.22650000000001,45.071400000000004,0.0,0.0,0.0,16.0981,3.6345,22.474700000000002,4.2028,0.4606,0.0,7.413300000000001,50.5689,0.0,0.0,0.0,21.7019,48.7645,20.448300000000003,31.805200000000003,9.5207,454.01180000000005,0.0,0.0,94.6107,0.0015
0.0,0.0,0.0,32.7288,0.0,683.3679,211.67,15.2978,0.0,35.0278,4.2183,0.0,32.7491,547.9536,905.5704,16.8041,0.0,80.93079999999998,0.0,338.15070000000003,2144.494,0.0,11.6988,91.90500000000002,204.93710000000002,0.0,0.0,0.0,0.0,0.0,36.0518,37.7437,43.0077,0.0,0.0,0.0,0.0,0.0,0.0,0.0,0.0,0.0,0.0,0.0,0.0,0.0,0.0,0.0,0.0,0.0,0.0,0.0,0.0,0.0,0.0,0.0,0.0,1.4313,10.715,0.0,0.0,10.4344,0.0,0.0,0.0,0.0,0.0,0.0,198.2484,0.0,0.0,0.0,0.0,2.5878,25.377,0.0,60.6719,0.0,0.0,0.0,0.0,0.0,0.0,0.0,0.0,0.0,0.0,0.0,0.0,0.0,250.2051,0.0,0.0,0.0,0.0,0.0,18.413,0.0,0.0029,44.22650000000001,45.071400000000004,0.0,0.0,0.0,16.0981,3.6345,22.474700000000002,4.2028,0.4606,0.0,7.413300000000001,50.5689,0.0,0.0,0.0,21.7019,48.7645,20.448300000000003,31.805200000000003,9.5207,454.01180000000005,0.0,0.0,94.6107,0.0015
0.0,0.0,0.0,32.7288,0.0,683.3679,211.67,15.2978,0.0,35.0278,4.2183,0.0,32.7491,547.9536,905.5704,16.8041,0.0,80.93079999999998,0.0,338.15070000000003,2144.494,0.0,11.6988,91.90500000000002,204.93710000000002,0.0,0.0,0.0,0.0,0.0,36.0518,37.7437,43.0077,0.0,0.0,0.0,0.0,0.0,0.0,0.0,0.0,0.0,0.0,0.0,0.0,0.0,0.0,0.0,0.0,0.0,0.0,0.0,0.0,0.0,0.0,0.0,0.0,1.4313,10.715,0.0,0.0,10.4344,0.0,0.0,0.0,0.0,0.0,0.0,198.2484,0.0,0.0,0.0,0.0,2.5878,25.377,0.0,60.6719,0.0,0.0,0.0,0.0,0.0,0.0,0.0,0.0,0.0,0.0,0.0,0.0,0.0,250.2051,0.0,0.0,0.0,0.0,0.0,18.413,0.0,0.0029,44.22650000000001,45.071400000000004,0.0,0.0,0.0,16.0981,3.6345,22.474700000000002,4.2028,0.4606,0.0,7.413300000000001,50.5689,0.0,0.0,0.0,21.7019,48.7645,20.448300000000003,31.805200000000003,9.5207,454.01180000000005,0.0,0.0,94.6107,0.0015
0.0,0.0,0.0,32.7288,0.0,683.3679,211.67,15.2978,0.0,35.0278,4.2183,0.0,32.7491,547.9536,905.5704,16.8041,0.0,80.93079999999998,0.0,338.15070000000003,2144.494,0.0,11.6988,91.90500000000002,204.93710000000002,0.0,0.0,0.0,0.0,0.0,36.0518,37.7437,43.0077,0.0,0.0,0.0,0.0,0.0,0.0,0.0,0.0,0.0,0.0,0.0,0.0,0.0,0.0,0.0,0.0,0.0,0.0,0.0,0.0,0.0,0.0,0.0,0.0,1.4313,10.715,0.0,0.0,10.4344,0.0,0.0,0.0,0.0,0.0,0.0,198.2484,0.0,0.0,0.0,0.0,2.5878,25.377,0.0,60.6719,0.0,0.0,0.0,0.0,0.0,0.0,0.0,0.0,0.0,0.0,0.0,0.0,0.0,250.2051,0.0,0.0,0.0,0.0,0.0,18.413,0.0,0.0029,44.22650000000001,45.071400000000004,0.0,0.0,0.0,16.0981,3.6345,22.474700000000002,4.2028,0.4606,0.0,7.413300000000001,50.5689,0.0,0.0,0.0,21.7019,48.7645,20.448300000000003,31.805200000000003,9.5207,454.01180000000005,0.0,0.0,94.6107,0.0015
0.0,0.0,0.0,46.3163,0.0,926.055,474.4328,28.927599999999998,0.0,29.6116,3.5389,0.0,35.613800000000005,479.79519999999997,770.9892,57.0732,0.0,152.32639999999998,0.0,442.76689999999996,2023.5479,0.0,45.0981,76.9725,214.22310000000002,0.0,0.0,0.0,0.0,0.0,45.52230000000001,46.287099999999995,56.48329999999998,0.0,0.0,0.0,0.0,0.0,0.0,0.0,0.0,0.0,0.0,0.0,0.0,0.0,0.0,0.0,0.0,0.0,0.0,0.0,0.0,0.0,0.0,0.0,0.0,1.5029000000000001,14.2478,0.0,0.0,10.8369,0.0,0.0,0.0,0.0,0.0,0.0,204.96359999999999,0.0,0.0,0.0,0.0,2.8200000000000003,24.3319,0.0,55.655,0.0,0.0,0.0,0.0,0.0,0.0,0.0,0.0,0.0,0.0,0.0,0.0,0.0,309.2837,0.0,0.0,0.0,0.0,0.0,17.0127,0.0,0.0015,41.174400000000006,44.467999999999996,0.0,0.0,0.0,12.2399,3.6906,18.683699999999998,2.9312,0.3211,0.0,6.623500000000001,46.723,0.0,0.0,0.0,21.792600000000004,45.6659,22.237,29.386200000000002,13.4778,520.5070000000001,0.0,0.0,121.2342,0.0012
0.0,0.0,0.0,46.3163,0.0,926.055,474.4328,28.927599999999998,0.0,29.6116,3.5389,0.0,35.613800000000005,479.79519999999997,770.9892,57.0732,0.0,152.32639999999998,0.0,442.76689999999996,2023.5479,0.0,45.0981,76.9725,214.22310000000002,0.0,0.0,0.0,0.0,0.0,45.52230000000001,46.287099999999995,56.48329999999998,0.0,0.0,0.0,0.0,0.0,0.0,0.0,0.0,0.0,0.0,0.0,0.0,0.0,0.0,0.0,0.0,0.0,0.0,0.0,0.0,0.0,0.0,0.0,0.0,1.5029000000000001,14.2478,0.0,0.0,10.8369,0.0,0.0,0.0,0.0,0.0,0.0,204.96359999999999,0.0,0.0,0.0,0.0,2.8200000000000003,24.3319,0.0,55.655,0.0,0.0,0.0,0.0,0.0,0.0,0.0,0.0,0.0,0.0,0.0,0.0,0.0,309.2837,0.0,0.0,0.0,0.0,0.0,17.0127,0.0,0.0015,41.174400000000006,44.467999999999996,0.0,0.0,0.0,12.2399,3.6906,18.683699999999998,2.9312,0.3211,0.0,6.623500000000001,46.723,0.0,0.0,0.0,21.792600000000004,45.6659,22.237,29.386200000000002,13.4778,520.5070000000001,0.0,0.0,121.2342,0.0012
0.0,0.0,0.0,46.3163,0.0,926.055,474.4328,28.927599999999998,0.0,29.6116,3.5389,0.0,35.613800000000005,479.79519999999997,770.9892,57.0732,0.0,152.32639999999998,0.0,442.76689999999996,2023.5479,0.0,45.0981,76.9725,214.22310000000002,0.0,0.0,0.0,0.0,0.0,45.52230000000001,46.287099999999995,56.48329999999998,0.0,0.0,0.0,0.0,0.0,0.0,0.0,0.0,0.0,0.0,0.0,0.0,0.0,0.0,0.0,0.0,0.0,0.0,0.0,0.0,0.0,0.0,0.0,0.0,1.5029000000000001,14.2478,0.0,0.0,10.8369,0.0,0.0,0.0,0.0,0.0,0.0,204.96359999999999,0.0,0.0,0.0,0.0,2.8200000000000003,24.3319,0.0,55.655,0.0,0.0,0.0,0.0,0.0,0.0,0.0,0.0,0.0,0.0,0.0,0.0,0.0,309.2837,0.0,0.0,0.0,0.0,0.0,17.0127,0.0,0.0015,41.174400000000006,44.467999999999996,0.0,0.0,0.0,12.2399,3.6906,18.683699999999998,2.9312,0.3211,0.0,6.623500000000001,46.723,0.0,0.0,0.0,21.792600000000004,45.6659,22.237,29.386200000000002,13.4778,520.5070000000001,0.0,0.0,121.2342,0.0012
0.0,0.0,0.0,46.3163,0.0,926.055,474.4328,28.927599999999998,0.0,29.6116,3.5389,0.0,35.613800000000005,479.79519999999997,770.9892,57.0732,0.0,152.32639999999998,0.0,442.76689999999996,2023.5479,0.0,45.0981,76.9725,214.22310000000002,0.0,0.0,0.0,0.0,0.0,45.52230000000001,46.287099999999995,56.48329999999998,0.0,0.0,0.0,0.0,0.0,0.0,0.0,0.0,0.0,0.0,0.0,0.0,0.0,0.0,0.0,0.0,0.0,0.0,0.0,0.0,0.0,0.0,0.0,0.0,1.5029000000000001,14.2478,0.0,0.0,10.8369,0.0,0.0,0.0,0.0,0.0,0.0,204.96359999999999,0.0,0.0,0.0,0.0,2.8200000000000003,24.3319,0.0,55.655,0.0,0.0,0.0,0.0,0.0,0.0,0.0,0.0,0.0,0.0,0.0,0.0,0.0,309.2837,0.0,0.0,0.0,0.0,0.0,17.0127,0.0,0.0015,41.174400000000006,44.467999999999996,0.0,0.0,0.0,12.2399,3.6906,18.683699999999998,2.9312,0.3211,0.0,6.623500000000001,46.723,0.0,0.0,0.0,21.792600000000004,45.6659,22.237,29.386200000000002,13.4778,520.5070000000001,0.0,0.0,121.2342,0.0012
0.0,0.0,0.0,46.3163,0.0,926.055,474.4328,28.927599999999998,0.0,29.6116,3.5389,0.0,35.613800000000005,479.79519999999997,770.9892,57.0732,0.0,152.32639999999998,0.0,442.76689999999996,2023.5479,0.0,45.0981,76.9725,214.22310000000002,0.0,0.0,0.0,0.0,0.0,45.52230000000001,46.287099999999995,56.48329999999998,0.0,0.0,0.0,0.0,0.0,0.0,0.0,0.0,0.0,0.0,0.0,0.0,0.0,0.0,0.0,0.0,0.0,0.0,0.0,0.0,0.0,0.0,0.0,0.0,1.5029000000000001,14.2478,0.0,0.0,10.8369,0.0,0.0,0.0,0.0,0.0,0.0,204.96359999999999,0.0,0.0,0.0,0.0,2.8200000000000003,24.3319,0.0,55.655,0.0,0.0,0.0,0.0,0.0,0.0,0.0,0.0,0.0,0.0,0.0,0.0,0.0,309.2837,0.0,0.0,0.0,0.0,0.0,17.0127,0.0,0.0015,41.174400000000006,44.467999999999996,0.0,0.0,0.0,12.2399,3.6906,18.683699999999998,2.9312,0.3211,0.0,6.623500000000001,46.723,0.0,0.0,0.0,21.792600000000004,45.6659,22.237,29.386200000000002,13.4778,520.5070000000001,0.0,0.0,121.2342,0.0012
0.0,0.0,0.0,46.3163,0.0,926.055,474.4328,28.927599999999998,0.0,29.6116,3.5389,0.0,35.613800000000005,479.79519999999997,770.9892,57.0732,0.0,152.32639999999998,0.0,442.76689999999996,2023.5479,0.0,45.0981,76.9725,214.22310000000002,0.0,0.0,0.0,0.0,0.0,45.52230000000001,46.287099999999995,56.48329999999998,0.0,0.0,0.0,0.0,0.0,0.0,0.0,0.0,0.0,0.0,0.0,0.0,0.0,0.0,0.0,0.0,0.0,0.0,0.0,0.0,0.0,0.0,0.0,0.0,1.5029000000000001,14.2478,0.0,0.0,10.8369,0.0,0.0,0.0,0.0,0.0,0.0,204.96359999999999,0.0,0.0,0.0,0.0,2.8200000000000003,24.3319,0.0,55.655,0.0,0.0,0.0,0.0,0.0,0.0,0.0,0.0,0.0,0.0,0.0,0.0,0.0,309.2837,0.0,0.0,0.0,0.0,0.0,17.0127,0.0,0.0015,41.174400000000006,44.467999999999996,0.0,0.0,0.0,12.2399,3.6906,18.683699999999998,2.9312,0.3211,0.0,6.623500000000001,46.723,0.0,0.0,0.0,21.792600000000004,45.6659,22.237,29.386200000000002,13.4778,520.5070000000001,0.0,0.0,121.2342,0.0012
0.0,0.0,0.0,46.3163,0.0,926.055,474.4328,28.927599999999998,0.0,29.6116,3.5389,0.0,35.613800000000005,479.79519999999997,770.9892,57.0732,0.0,152.32639999999998,0.0,442.76689999999996,2023.5479,0.0,45.0981,76.9725,214.22310000000002,0.0,0.0,0.0,0.0,0.0,45.52230000000001,46.287099999999995,56.48329999999998,0.0,0.0,0.0,0.0,0.0,0.0,0.0,0.0,0.0,0.0,0.0,0.0,0.0,0.0,0.0,0.0,0.0,0.0,0.0,0.0,0.0,0.0,0.0,0.0,1.5029000000000001,14.2478,0.0,0.0,10.8369,0.0,0.0,0.0,0.0,0.0,0.0,204.96359999999999,0.0,0.0,0.0,0.0,2.8200000000000003,24.3319,0.0,55.655,0.0,0.0,0.0,0.0,0.0,0.0,0.0,0.0,0.0,0.0,0.0,0.0,0.0,309.2837,0.0,0.0,0.0,0.0,0.0,17.0127,0.0,0.0015,41.174400000000006,44.467999999999996,0.0,0.0,0.0,12.2399,3.6906,18.683699999999998,2.9312,0.3211,0.0,6.623500000000001,46.723,0.0,0.0,0.0,21.792600000000004,45.6659,22.237,29.386200000000002,13.4778,520.5070000000001,0.0,0.0,121.2342,0.0012
0.0,0.0,0.0,74.8419,0.0,1387.2752,556.4932,33.6901,0.0,30.6094,8.0334,0.0,53.2869,495.96479999999997,861.7967000000001,57.667699999999996,0.0,201.4787,0.0,611.6384,2507.5323,0.0,47.5041,102.9682,254.3583,0.0,0.0,0.0,0.0,0.0,47.1663,47.9585,60.5162,0.0,0.0,0.0,0.0,0.0,0.0,0.0,0.0,0.0,0.0,0.0,0.0,0.0,0.0,0.0,0.0,0.0,0.0,0.0,0.0,0.0,0.0,0.0,0.0,1.6321,14.365299999999998,0.0,0.0,12.1349,0.0,0.0,0.0,0.0,0.0,0.0,206.52370000000002,0.0,0.0,0.0,0.0,2.8853999999999997,24.5171,0.0,56.0786,0.0,0.0,0.0,0.0,0.0,0.0,0.0,0.0,0.0,0.0,0.0,0.0,0.0,392.0498,0.0,0.0,0.0,0.0,0.0,17.2391,0.0,0.0023,41.7531,44.7202,0.0,0.0,0.0,12.1066,3.8051000000000004,18.4638,2.8547000000000002,0.31279999999999997,0.0,6.786299999999999,47.3448,0.0,0.0,0.0,21.8575,56.5143,33.2719,29.7774,12.0184,778.8037,0.0,0.0,112.7118,0.0162
0.0,0.0,0.0,74.8419,0.0,1387.2752,556.4932,33.6901,0.0,30.6094,8.0334,0.0,53.2869,495.96479999999997,861.7967000000001,57.667699999999996,0.0,201.4787,0.0,611.6384,2507.5323,0.0,47.5041,102.9682,254.3583,0.0,0.0,0.0,0.0,0.0,47.1663,47.9585,60.5162,0.0,0.0,0.0,0.0,0.0,0.0,0.0,0.0,0.0,0.0,0.0,0.0,0.0,0.0,0.0,0.0,0.0,0.0,0.0,0.0,0.0,0.0,0.0,0.0,1.6321,14.365299999999998,0.0,0.0,12.1349,0.0,0.0,0.0,0.0,0.0,0.0,206.52370000000002,0.0,0.0,0.0,0.0,2.8853999999999997,24.5171,0.0,56.0786,0.0,0.0,0.0,0.0,0.0,0.0,0.0,0.0,0.0,0.0,0.0,0.0,0.0,392.0498,0.0,0.0,0.0,0.0,0.0,17.2391,0.0,0.0023,41.7531,44.7202,0.0,0.0,0.0,12.1066,3.8051000000000004,18.4638,2.8547000000000002,0.31279999999999997,0.0,6.786299999999999,47.3448,0.0,0.0,0.0,21.8575,56.5143,33.2719,29.7774,12.0184,778.8037,0.0,0.0,112.7118,0.0162
0.0,0.0,0.0,74.8419,0.0,1387.2752,556.4932,33.6901,0.0,30.6094,8.0334,0.0,53.2869,495.96479999999997,861.7967000000001,57.667699999999996,0.0,201.4787,0.0,611.6384,2507.5323,0.0,47.5041,102.9682,254.3583,0.0,0.0,0.0,0.0,0.0,47.1663,47.9585,60.5162,0.0,0.0,0.0,0.0,0.0,0.0,0.0,0.0,0.0,0.0,0.0,0.0,0.0,0.0,0.0,0.0,0.0,0.0,0.0,0.0,0.0,0.0,0.0,0.0,1.6321,14.365299999999998,0.0,0.0,12.1349,0.0,0.0,0.0,0.0,0.0,0.0,206.52370000000002,0.0,0.0,0.0,0.0,2.8853999999999997,24.5171,0.0,56.0786,0.0,0.0,0.0,0.0,0.0,0.0,0.0,0.0,0.0,0.0,0.0,0.0,0.0,392.0498,0.0,0.0,0.0,0.0,0.0,17.2391,0.0,0.0023,41.7531,44.7202,0.0,0.0,0.0,12.1066,3.8051000000000004,18.4638,2.8547000000000002,0.31279999999999997,0.0,6.786299999999999,47.3448,0.0,0.0,0.0,21.8575,56.5143,33.2719,29.7774,12.0184,778.8037,0.0,0.0,112.7118,0.0162
0.0,0.0,0.0,74.8419,0.0,1387.2752,556.4932,33.6901,0.0,30.6094,8.0334,0.0,53.2869,495.96479999999997,861.7967000000001,57.667699999999996,0.0,201.4787,0.0,611.6384,2507.5323,0.0,47.5041,102.9682,254.3583,0.0,0.0,0.0,0.0,0.0,47.1663,47.9585,60.5162,0.0,0.0,0.0,0.0,0.0,0.0,0.0,0.0,0.0,0.0,0.0,0.0,0.0,0.0,0.0,0.0,0.0,0.0,0.0,0.0,0.0,0.0,0.0,0.0,1.6321,14.365299999999998,0.0,0.0,12.1349,0.0,0.0,0.0,0.0,0.0,0.0,206.52370000000002,0.0,0.0,0.0,0.0,2.8853999999999997,24.5171,0.0,56.0786,0.0,0.0,0.0,0.0,0.0,0.0,0.0,0.0,0.0,0.0,0.0,0.0,0.0,392.0498,0.0,0.0,0.0,0.0,0.0,17.2391,0.0,0.0023,41.7531,44.7202,0.0,0.0,0.0,12.1066,3.8051000000000004,18.4638,2.8547000000000002,0.31279999999999997,0.0,6.786299999999999,47.3448,0.0,0.0,0.0,21.8575,56.5143,33.2719,29.7774,12.0184,778.8037,0.0,0.0,112.7118,0.0162
0.0,0.0,0.0,74.8419,0.0,1387.2752,556.4932,33.6901,0.0,30.6094,8.0334,0.0,53.2869,495.96479999999997,861.7967000000001,57.667699999999996,0.0,201.4787,0.0,611.6384,2507.5323,0.0,47.5041,102.9682,254.3583,0.0,0.0,0.0,0.0,0.0,47.1663,47.9585,60.5162,0.0,0.0,0.0,0.0,0.0,0.0,0.0,0.0,0.0,0.0,0.0,0.0,0.0,0.0,0.0,0.0,0.0,0.0,0.0,0.0,0.0,0.0,0.0,0.0,1.6321,14.365299999999998,0.0,0.0,12.1349,0.0,0.0,0.0,0.0,0.0,0.0,206.52370000000002,0.0,0.0,0.0,0.0,2.8853999999999997,24.5171,0.0,56.0786,0.0,0.0,0.0,0.0,0.0,0.0,0.0,0.0,0.0,0.0,0.0,0.0,0.0,392.0498,0.0,0.0,0.0,0.0,0.0,17.2391,0.0,0.0023,41.7531,44.7202,0.0,0.0,0.0,12.1066,3.8051000000000004,18.4638,2.8547000000000002,0.31279999999999997,0.0,6.786299999999999,47.3448,0.0,0.0,0.0,21.8575,56.5143,33.2719,29.7774,12.0184,778.8037,0.0,0.0,112.7118,0.0162
0.0,0.0,0.0,74.8419,0.0,1387.2752,556.4932,33.6901,0.0,30.6094,8.0334,0.0,53.2869,495.96479999999997,861.7967000000001,57.667699999999996,0.0,201.4787,0.0,611.6384,2507.5323,0.0,47.5041,102.9682,254.3583,0.0,0.0,0.0,0.0,0.0,47.1663,47.9585,60.5162,0.0,0.0,0.0,0.0,0.0,0.0,0.0,0.0,0.0,0.0,0.0,0.0,0.0,0.0,0.0,0.0,0.0,0.0,0.0,0.0,0.0,0.0,0.0,0.0,1.6321,14.365299999999998,0.0,0.0,12.1349,0.0,0.0,0.0,0.0,0.0,0.0,206.52370000000002,0.0,0.0,0.0,0.0,2.8853999999999997,24.5171,0.0,56.0786,0.0,0.0,0.0,0.0,0.0,0.0,0.0,0.0,0.0,0.0,0.0,0.0,0.0,392.0498,0.0,0.0,0.0,0.0,0.0,17.2391,0.0,0.0023,41.7531,44.7202,0.0,0.0,0.0,12.1066,3.8051000000000004,18.4638,2.8547000000000002,0.31279999999999997,0.0,6.786299999999999,47.3448,0.0,0.0,0.0,21.8575,56.5143,33.2719,29.7774,12.0184,778.8037,0.0,0.0,112.7118,0.0162
0.0,0.0,0.0,74.8419,0.0,1387.2752,556.4932,33.6901,0.0,30.6094,8.0334,0.0,53.2869,495.96479999999997,861.7967000000001,57.667699999999996,0.0,201.4787,0.0,611.6384,2507.5323,0.0,47.5041,102.9682,254.3583,0.0,0.0,0.0,0.0,0.0,47.1663,47.9585,60.5162,0.0,0.0,0.0,0.0,0.0,0.0,0.0,0.0,0.0,0.0,0.0,0.0,0.0,0.0,0.0,0.0,0.0,0.0,0.0,0.0,0.0,0.0,0.0,0.0,1.6321,14.365299999999998,0.0,0.0,12.1349,0.0,0.0,0.0,0.0,0.0,0.0,206.52370000000002,0.0,0.0,0.0,0.0,2.8853999999999997,24.5171,0.0,56.0786,0.0,0.0,0.0,0.0,0.0,0.0,0.0,0.0,0.0,0.0,0.0,0.0,0.0,392.0498,0.0,0.0,0.0,0.0,0.0,17.2391,0.0,0.0023,41.7531,44.7202,0.0,0.0,0.0,12.1066,3.8051000000000004,18.4638,2.8547000000000002,0.31279999999999997,0.0,6.786299999999999,47.3448,0.0,0.0,0.0,21.8575,56.5143,33.2719,29.7774,12.0184,778.8037,0.0,0.0,112.7118,0.0162
0.0,0.0,0.0,66.0977,0.0,1281.8861000000002,317.18269999999995,18.9323,0.0,32.4094,6.9826,0.0,56.0241,525.1303,910.9156,56.668000000000006,0.0,211.7248,0.0,504.26640000000003,2372.6865000000003,0.0,43.4577,127.27690000000001,306.58029999999985,0.0,0.0,0.0,0.0,0.0,50.2713,51.11579999999999,64.8614,0.0,0.0,0.0,0.0,0.0,0.0,0.0,0.0,0.0,0.0,0.0,0.0,0.0,0.0,0.0,0.0,0.0,0.0,0.0,0.0,0.0,0.0,0.0,0.0,1.747,14.3274,0.0,0.0,13.9267,0.0,0.0,0.0,0.0,0.0,0.0,206.32870000000003,0.0,0.0,0.0,0.0,2.7645999999999997,24.494,0.0,56.0257,0.0,0.0,0.0,0.0,0.0,0.0,0.0,0.0,0.0,0.0,0.0,0.0,0.0,338.8955,0.0,0.0,0.0,0.0,0.0,17.8958,0.0,0.0037,43.2496,44.355900000000005,0.0,0.0,0.0,15.6676,3.6443,24.1931,4.0438,0.4431,0.0,6.9082,49.1482,0.0,0.0,0.0,21.8954,56.5143,34.981,30.911599999999996,9.0138,818.8092,0.0,0.0,92.99889999999999,0.0047
0.0,0.0,0.0,66.0977,0.0,1281.8861000000002,317.18269999999995,18.9323,0.0,32.4094,6.9826,0.0,56.0241,525.1303,910.9156,56.668000000000006,0.0,211.7248,0.0,504.26640000000003,2372.6865000000003,0.0,43.4577,127.27690000000001,306.58029999999985,0.0,0.0,0.0,0.0,0.0,50.2713,51.11579999999999,64.8614,0.0,0.0,0.0,0.0,0.0,0.0,0.0,0.0,0.0,0.0,0.0,0.0,0.0,0.0,0.0,0.0,0.0,0.0,0.0,0.0,0.0,0.0,0.0,0.0,1.747,14.3274,0.0,0.0,13.9267,0.0,0.0,0.0,0.0,0.0,0.0,206.32870000000003,0.0,0.0,0.0,0.0,2.7645999999999997,24.494,0.0,56.0257,0.0,0.0,0.0,0.0,0.0,0.0,0.0,0.0,0.0,0.0,0.0,0.0,0.0,338.8955,0.0,0.0,0.0,0.0,0.0,17.8958,0.0,0.0037,43.2496,44.355900000000005,0.0,0.0,0.0,15.6676,3.6443,24.1931,4.0438,0.4431,0.0,6.9082,49.1482,0.0,0.0,0.0,21.8954,56.5143,34.981,30.911599999999996,9.0138,818.8092,0.0,0.0,92.99889999999999,0.0047
0.0,0.0,0.0,66.0977,0.0,1281.8861000000002,317.18269999999995,18.9323,0.0,32.4094,6.9826,0.0,56.0241,525.1303,910.9156,56.668000000000006,0.0,211.7248,0.0,504.26640000000003,2372.6865000000003,0.0,43.4577,127.27690000000001,306.58029999999985,0.0,0.0,0.0,0.0,0.0,50.2713,51.11579999999999,64.8614,0.0,0.0,0.0,0.0,0.0,0.0,0.0,0.0,0.0,0.0,0.0,0.0,0.0,0.0,0.0,0.0,0.0,0.0,0.0,0.0,0.0,0.0,0.0,0.0,1.747,14.3274,0.0,0.0,13.9267,0.0,0.0,0.0,0.0,0.0,0.0,206.32870000000003,0.0,0.0,0.0,0.0,2.7645999999999997,24.494,0.0,56.0257,0.0,0.0,0.0,0.0,0.0,0.0,0.0,0.0,0.0,0.0,0.0,0.0,0.0,338.8955,0.0,0.0,0.0,0.0,0.0,17.8958,0.0,0.0037,43.2496,44.355900000000005,0.0,0.0,0.0,15.6676,3.6443,24.1931,4.0438,0.4431,0.0,6.9082,49.1482,0.0,0.0,0.0,21.8954,56.5143,34.981,30.911599999999996,9.0138,818.8092,0.0,0.0,92.99889999999999,0.0047
0.0,0.0,0.0,66.0977,0.0,1281.8861000000002,317.18269999999995,18.9323,0.0,32.4094,6.9826,0.0,56.0241,525.1303,910.9156,56.668000000000006,0.0,211.7248,0.0,504.26640000000003,2372.6865000000003,0.0,43.4577,127.27690000000001,306.58029999999985,0.0,0.0,0.0,0.0,0.0,50.2713,51.11579999999999,64.8614,0.0,0.0,0.0,0.0,0.0,0.0,0.0,0.0,0.0,0.0,0.0,0.0,0.0,0.0,0.0,0.0,0.0,0.0,0.0,0.0,0.0,0.0,0.0,0.0,1.747,14.3274,0.0,0.0,13.9267,0.0,0.0,0.0,0.0,0.0,0.0,206.32870000000003,0.0,0.0,0.0,0.0,2.7645999999999997,24.494,0.0,56.0257,0.0,0.0,0.0,0.0,0.0,0.0,0.0,0.0,0.0,0.0,0.0,0.0,0.0,338.8955,0.0,0.0,0.0,0.0,0.0,17.8958,0.0,0.0037,43.2496,44.355900000000005,0.0,0.0,0.0,15.6676,3.6443,24.1931,4.0438,0.4431,0.0,6.9082,49.1482,0.0,0.0,0.0,21.8954,56.5143,34.981,30.911599999999996,9.0138,818.8092,0.0,0.0,92.99889999999999,0.0047
0.0,0.0,0.0,66.0977,0.0,1281.8861000000002,317.18269999999995,18.9323,0.0,32.4094,6.9826,0.0,56.0241,525.1303,910.9156,56.668000000000006,0.0,211.7248,0.0,504.26640000000003,2372.6865000000003,0.0,43.4577,127.27690000000001,306.58029999999985,0.0,0.0,0.0,0.0,0.0,50.2713,51.11579999999999,64.8614,0.0,0.0,0.0,0.0,0.0,0.0,0.0,0.0,0.0,0.0,0.0,0.0,0.0,0.0,0.0,0.0,0.0,0.0,0.0,0.0,0.0,0.0,0.0,0.0,1.747,14.3274,0.0,0.0,13.9267,0.0,0.0,0.0,0.0,0.0,0.0,206.32870000000003,0.0,0.0,0.0,0.0,2.7645999999999997,24.494,0.0,56.0257,0.0,0.0,0.0,0.0,0.0,0.0,0.0,0.0,0.0,0.0,0.0,0.0,0.0,338.8955,0.0,0.0,0.0,0.0,0.0,17.8958,0.0,0.0037,43.2496,44.355900000000005,0.0,0.0,0.0,15.6676,3.6443,24.1931,4.0438,0.4431,0.0,6.9082,49.1482,0.0,0.0,0.0,21.8954,56.5143,34.981,30.911599999999996,9.0138,818.8092,0.0,0.0,92.99889999999999,0.0047
0.0,0.0,0.0,66.0977,0.0,1281.8861000000002,317.18269999999995,18.9323,0.0,32.4094,6.9826,0.0,56.0241,525.1303,910.9156,56.668000000000006,0.0,211.7248,0.0,504.26640000000003,2372.6865000000003,0.0,43.4577,127.27690000000001,306.58029999999985,0.0,0.0,0.0,0.0,0.0,50.2713,51.11579999999999,64.8614,0.0,0.0,0.0,0.0,0.0,0.0,0.0,0.0,0.0,0.0,0.0,0.0,0.0,0.0,0.0,0.0,0.0,0.0,0.0,0.0,0.0,0.0,0.0,0.0,1.747,14.3274,0.0,0.0,13.9267,0.0,0.0,0.0,0.0,0.0,0.0,206.32870000000003,0.0,0.0,0.0,0.0,2.7645999999999997,24.494,0.0,56.0257,0.0,0.0,0.0,0.0,0.0,0.0,0.0,0.0,0.0,0.0,0.0,0.0,0.0,338.8955,0.0,0.0,0.0,0.0,0.0,17.8958,0.0,0.0037,43.2496,44.355900000000005,0.0,0.0,0.0,15.6676,3.6443,24.1931,4.0438,0.4431,0.0,6.9082,49.1482,0.0,0.0,0.0,21.8954,56.5143,34.981,30.911599999999996,9.0138,818.8092,0.0,0.0,92.99889999999999,0.0047
0.0,0.0,0.0,66.0977,0.0,1281.8861000000002,317.18269999999995,18.9323,0.0,32.4094,6.9826,0.0,56.0241,525.1303,910.9156,56.668000000000006,0.0,211.7248,0.0,504.26640000000003,2372.6865000000003,0.0,43.4577,127.27690000000001,306.58029999999985,0.0,0.0,0.0,0.0,0.0,50.2713,51.11579999999999,64.8614,0.0,0.0,0.0,0.0,0.0,0.0,0.0,0.0,0.0,0.0,0.0,0.0,0.0,0.0,0.0,0.0,0.0,0.0,0.0,0.0,0.0,0.0,0.0,0.0,1.747,14.3274,0.0,0.0,13.9267,0.0,0.0,0.0,0.0,0.0,0.0,206.32870000000003,0.0,0.0,0.0,0.0,2.7645999999999997,24.494,0.0,56.0257,0.0,0.0,0.0,0.0,0.0,0.0,0.0,0.0,0.0,0.0,0.0,0.0,0.0,338.8955,0.0,0.0,0.0,0.0,0.0,17.8958,0.0,0.0037,43.2496,44.355900000000005,0.0,0.0,0.0,15.6676,3.6443,24.1931,4.0438,0.4431,0.0,6.9082,49.1482,0.0,0.0,0.0,21.8954,56.5143,34.981,30.911599999999996,9.0138,818.8092,0.0,0.0,92.99889999999999,0.0047
0.0,0.0,0.0,60.6547,0.0,1178.8662999999997,243.0528,14.4344,0.0,29.3504,5.2861,0.0,56.2621,475.56399999999996,846.682,49.0686,0.0,190.55129999999997,0.0,438.145,2052.9499,0.0,38.4857,139.25220000000002,382.6623,0.0,0.0,0.0,0.0,0.0,78.2382,79.55259999999998,83.4487,0.0,0.0,0.0,0.0,0.0,0.0,0.0,0.0,0.0,0.0,0.0,0.0,0.0,0.0,0.0,0.0,0.0,0.0,0.0,0.0,0.0,0.0,0.0,0.0,1.6358,14.0697,0.0,0.0,19.030299999999997,0.0,0.0,0.0,0.0,0.0,0.0,202.8183,0.0,0.0,0.0,0.0,2.649,24.0772,0.0,55.0725,0.0,0.0,0.0,0.0,0.0,0.0,0.0,0.0,0.0,0.0,0.0,0.0,0.0,237.8729,0.0,0.0,0.0,0.0,0.0,16.9259,0.0,0.0024,40.642500000000005,43.823499999999996,0.0,0.0,0.0,16.2943,3.5989999999999998,25.5481,5.1974,0.5694999999999999,0.0,5.9177,46.4846,0.0,0.0,0.0,20.8221,50.3894,35.1297,29.2363,8.2412,822.288,0.0,0.0,87.7145,0.0
0.0,0.0,0.0,60.6547,0.0,1178.8662999999997,243.0528,14.4344,0.0,29.3504,5.2861,0.0,56.2621,475.56399999999996,846.682,49.0686,0.0,190.55129999999997,0.0,438.145,2052.9499,0.0,38.4857,139.25220000000002,382.6623,0.0,0.0,0.0,0.0,0.0,78.2382,79.55259999999998,83.4487,0.0,0.0,0.0,0.0,0.0,0.0,0.0,0.0,0.0,0.0,0.0,0.0,0.0,0.0,0.0,0.0,0.0,0.0,0.0,0.0,0.0,0.0,0.0,0.0,1.6358,14.0697,0.0,0.0,19.030299999999997,0.0,0.0,0.0,0.0,0.0,0.0,202.8183,0.0,0.0,0.0,0.0,2.649,24.0772,0.0,55.0725,0.0,0.0,0.0,0.0,0.0,0.0,0.0,0.0,0.0,0.0,0.0,0.0,0.0,237.8729,0.0,0.0,0.0,0.0,0.0,16.9259,0.0,0.0024,40.642500000000005,43.823499999999996,0.0,0.0,0.0,16.2943,3.5989999999999998,25.5481,5.1974,0.5694999999999999,0.0,5.9177,46.4846,0.0,0.0,0.0,20.8221,50.3894,35.1297,29.2363,8.2412,822.288,0.0,0.0,87.7145,0.0
0.0,0.0,0.0,60.6547,0.0,1178.8662999999997,243.0528,14.4344,0.0,29.3504,5.2861,0.0,56.2621,475.56399999999996,846.682,49.0686,0.0,190.55129999999997,0.0,438.145,2052.9499,0.0,38.4857,139.25220000000002,382.6623,0.0,0.0,0.0,0.0,0.0,78.2382,79.55259999999998,83.4487,0.0,0.0,0.0,0.0,0.0,0.0,0.0,0.0,0.0,0.0,0.0,0.0,0.0,0.0,0.0,0.0,0.0,0.0,0.0,0.0,0.0,0.0,0.0,0.0,1.6358,14.0697,0.0,0.0,19.030299999999997,0.0,0.0,0.0,0.0,0.0,0.0,202.8183,0.0,0.0,0.0,0.0,2.649,24.0772,0.0,55.0725,0.0,0.0,0.0,0.0,0.0,0.0,0.0,0.0,0.0,0.0,0.0,0.0,0.0,237.8729,0.0,0.0,0.0,0.0,0.0,16.9259,0.0,0.0024,40.642500000000005,43.823499999999996,0.0,0.0,0.0,16.2943,3.5989999999999998,25.5481,5.1974,0.5694999999999999,0.0,5.9177,46.4846,0.0,0.0,0.0,20.8221,50.3894,35.1297,29.2363,8.2412,822.288,0.0,0.0,87.7145,0.0
0.0,0.0,0.0,60.6547,0.0,1178.8662999999997,243.0528,14.4344,0.0,29.3504,5.2861,0.0,56.2621,475.56399999999996,846.682,49.0686,0.0,190.55129999999997,0.0,438.145,2052.9499,0.0,38.4857,139.25220000000002,382.6623,0.0,0.0,0.0,0.0,0.0,78.2382,79.55259999999998,83.4487,0.0,0.0,0.0,0.0,0.0,0.0,0.0,0.0,0.0,0.0,0.0,0.0,0.0,0.0,0.0,0.0,0.0,0.0,0.0,0.0,0.0,0.0,0.0,0.0,1.6358,14.0697,0.0,0.0,19.030299999999997,0.0,0.0,0.0,0.0,0.0,0.0,202.8183,0.0,0.0,0.0,0.0,2.649,24.0772,0.0,55.0725,0.0,0.0,0.0,0.0,0.0,0.0,0.0,0.0,0.0,0.0,0.0,0.0,0.0,237.8729,0.0,0.0,0.0,0.0,0.0,16.9259,0.0,0.0024,40.642500000000005,43.823499999999996,0.0,0.0,0.0,16.2943,3.5989999999999998,25.5481,5.1974,0.5694999999999999,0.0,5.9177,46.4846,0.0,0.0,0.0,20.8221,50.3894,35.1297,29.2363,8.2412,822.288,0.0,0.0,87.7145,0.0
0.0,0.0,0.0,60.6547,0.0,1178.8662999999997,243.0528,14.4344,0.0,29.3504,5.2861,0.0,56.2621,475.56399999999996,846.682,49.0686,0.0,190.55129999999997,0.0,438.145,2052.9499,0.0,38.4857,139.25220000000002,382.6623,0.0,0.0,0.0,0.0,0.0,78.2382,79.55259999999998,83.4487,0.0,0.0,0.0,0.0,0.0,0.0,0.0,0.0,0.0,0.0,0.0,0.0,0.0,0.0,0.0,0.0,0.0,0.0,0.0,0.0,0.0,0.0,0.0,0.0,1.6358,14.0697,0.0,0.0,19.030299999999997,0.0,0.0,0.0,0.0,0.0,0.0,202.8183,0.0,0.0,0.0,0.0,2.649,24.0772,0.0,55.0725,0.0,0.0,0.0,0.0,0.0,0.0,0.0,0.0,0.0,0.0,0.0,0.0,0.0,237.8729,0.0,0.0,0.0,0.0,0.0,16.9259,0.0,0.0024,40.642500000000005,43.823499999999996,0.0,0.0,0.0,16.2943,3.5989999999999998,25.5481,5.1974,0.5694999999999999,0.0,5.9177,46.4846,0.0,0.0,0.0,20.8221,50.3894,35.1297,29.2363,8.2412,822.288,0.0,0.0,87.7145,0.0
0.0,0.0,0.0,60.6547,0.0,1178.8662999999997,243.0528,14.4344,0.0,29.3504,5.2861,0.0,56.2621,475.56399999999996,846.682,49.0686,0.0,190.55129999999997,0.0,438.145,2052.9499,0.0,38.4857,139.25220000000002,382.6623,0.0,0.0,0.0,0.0,0.0,78.2382,79.55259999999998,83.4487,0.0,0.0,0.0,0.0,0.0,0.0,0.0,0.0,0.0,0.0,0.0,0.0,0.0,0.0,0.0,0.0,0.0,0.0,0.0,0.0,0.0,0.0,0.0,0.0,1.6358,14.0697,0.0,0.0,19.030299999999997,0.0,0.0,0.0,0.0,0.0,0.0,202.8183,0.0,0.0,0.0,0.0,2.649,24.0772,0.0,55.0725,0.0,0.0,0.0,0.0,0.0,0.0,0.0,0.0,0.0,0.0,0.0,0.0,0.0,237.8729,0.0,0.0,0.0,0.0,0.0,16.9259,0.0,0.0024,40.642500000000005,43.823499999999996,0.0,0.0,0.0,16.2943,3.5989999999999998,25.5481,5.1974,0.5694999999999999,0.0,5.9177,46.4846,0.0,0.0,0.0,20.8221,50.3894,35.1297,29.2363,8.2412,822.288,0.0,0.0,87.7145,0.0
0.0,0.0,0.0,60.6547,0.0,1178.8662999999997,243.0528,14.4344,0.0,29.3504,5.2861,0.0,56.2621,475.56399999999996,846.682,49.0686,0.0,190.55129999999997,0.0,438.145,2052.9499,0.0,38.4857,139.25220000000002,382.6623,0.0,0.0,0.0,0.0,0.0,78.2382,79.55259999999998,83.4487,0.0,0.0,0.0,0.0,0.0,0.0,0.0,0.0,0.0,0.0,0.0,0.0,0.0,0.0,0.0,0.0,0.0,0.0,0.0,0.0,0.0,0.0,0.0,0.0,1.6358,14.0697,0.0,0.0,19.030299999999997,0.0,0.0,0.0,0.0,0.0,0.0,202.8183,0.0,0.0,0.0,0.0,2.649,24.0772,0.0,55.0725,0.0,0.0,0.0,0.0,0.0,0.0,0.0,0.0,0.0,0.0,0.0,0.0,0.0,237.8729,0.0,0.0,0.0,0.0,0.0,16.9259,0.0,0.0024,40.642500000000005,43.823499999999996,0.0,0.0,0.0,16.2943,3.5989999999999998,25.5481,5.1974,0.5694999999999999,0.0,5.9177,46.4846,0.0,0.0,0.0,20.8221,50.3894,35.1297,29.2363,8.2412,822.288,0.0,0.0,87.7145,0.0
0.0,0.0,0.0,60.6547,0.0,1178.8662999999997,243.0528,14.4344,0.0,29.3504,5.2861,0.0,56.2621,475.56399999999996,846.682,49.0686,0.0,190.55129999999997,0.0,438.145,2052.9499,0.0,38.4857,139.25220000000002,382.6623,0.0,0.0,0.0,0.0,0.0,78.2382,79.55259999999998,83.4487,0.0,0.0,0.0,0.0,0.0,0.0,0.0,0.0,0.0,0.0,0.0,0.0,0.0,0.0,0.0,0.0,0.0,0.0,0.0,0.0,0.0,0.0,0.0,0.0,1.6358,14.0697,0.0,0.0,19.030299999999997,0.0,0.0,0.0,0.0,0.0,0.0,202.8183,0.0,0.0,0.0,0.0,2.649,24.0772,0.0,55.0725,0.0,0.0,0.0,0.0,0.0,0.0,0.0,0.0,0.0,0.0,0.0,0.0,0.0,237.8729,0.0,0.0,0.0,0.0,0.0,16.9259,0.0,0.0024,40.642500000000005,43.823499999999996,0.0,0.0,0.0,16.2943,3.5989999999999998,25.5481,5.1974,0.5694999999999999,0.0,5.9177,46.4846,0.0,0.0,0.0,20.8221,50.3894,35.1297,29.2363,8.2412,822.288,0.0,0.0,87.7145,0.0
