bus_100011,bus_100221,bus_100251,bus_100331,bus_100351,bus_100931,bus_102281,bus_103441,bus_105251,bus_105581,bus_105701,bus_106001,bus_106771,bus_107501,bus_110161,bus_130001,bus_131751,bus_133661,bus_134201,bus_134461,bus_135041,bus_200001,bus_200071,bus_200261,bus_201361,bus_204901,bus_211211,bus_211651,bus_216471,bus_230171,bus_230541,bus_230601,bus_232301,bus_232631,bus_233771,bus_251601,bus_252891,bus_253751,bus_253851,bus_254001,bus_254031,bus_254391,bus_255951,bus_255981,bus_256181,bus_256751,bus_257141,bus_257301,bus_258301,bus_261001,bus_261161,bus_261331,bus_262011,bus_280781,bus_280991,bus_281221,bus_283651,bus_284011,bus_284741,bus_285491,bus_286671,bus_300011,bus_301441,bus_301461,bus_301721,bus_301741,bus_302051,bus_302071,bus_302201,bus_302211,bus_303741,bus_400011,bus_400031,bus_400041,bus_400061,bus_400071,bus_400081,bus_400501,bus_401601,bus_401621,bus_401681,bus_401691,bus_402791,bus_402811,bus_403671,bus_403691,bus_403911,bus_405951,bus_406021,bus_406911,bus_407871,bus_408441,bus_408811,bus_409611,bus_409941,bus_500001,bus_500071,bus_500241,bus_500991,bus_501961,bus_503161,bus_530001,bus_530021,bus_530121,bus_532171,bus_600001,bus_600031,bus_601941,bus_605141,bus_605771,bus_606631,bus_700001,bus_700161,bus_700631,bus_701551,bus_701721,bus_740011,bus_740531,bus_741041,bus_741321,bus_742351,bus_770011,bus_771731,bus_772611,bus_800071
0.0,0.0,0.0,2339.3376,0.0,46321.68,10305.429600000001,0.0,0.0,1613.2703999999999,291.91200000000003,0.0,2528.4768,66942.4752,94917.52320000001,739.9464,0.0,3345.0984000000003,0.0,20230.7088,123837.95039999997,0.0,2888.8271999999997,8062.9944,15517.893599999998,0.0,0.0,0.0,0.0,0.0,1186.3536000000001,5547.801600000001,0.0,0.0,0.0,0.0,266.604,0.0,0.0,0.0,0.0,0.0,0.0,0.0,0.0,0.0,0.0,0.0,0.0,0.0,0.0,0.0,0.0,0.0,88.8072,0.0,0.0,0.0,0.0,0.0,0.0,658.8096,0.0,0.0,0.0,0.0,0.0,0.0,10561.9608,0.0,0.0,0.0,0.0,641.9736,992.2752,0.0,2605.2048,0.0,0.0,0.0,0.0,0.0,0.0,0.0,3.8544,0.0,0.0,0.0,0.0,0.0,7829.3112,0.0,0.0,0.0,0.0,0.0,824.6687999999999,0.0,0.0,1790.3496,1573.6752,0.0,0.0,0.0,0.0,113.64000000000001,1691.8872000000001,309.12239999999997,0.0,0.0,0.0,1968.1007999999997,82.3536,589.8384,0.0,0.0,1987.6584000000003,1783.4184,1397.7672,3050.1551999999997,16945.4712,2133.4488,0.0,0.0,0.0912
0.0,0.0,0.0,2339.3376,0.0,46321.68,10305.429600000001,0.0,0.0,1613.2703999999999,291.91200000000003,0.0,2528.4768,66942.4752,94917.52320000001,739.9464,0.0,3345.0984000000003,0.0,20230.7088,123837.95039999997,0.0,2888.8271999999997,8062.9944,15517.893599999998,0.0,0.0,0.0,0.0,0.0,1186.3536000000001,5547.801600000001,0.0,0.0,0.0,0.0,266.604,0.0,0.0,0.0,0.0,0.0,0.0,0.0,0.0,0.0,0.0,0.0,0.0,0.0,0.0,0.0,0.0,0.0,88.8072,0.0,0.0,0.0,0.0,0.0,0.0,658.8096,0.0,0.0,0.0,0.0,0.0,0.0,10561.9608,0.0,0.0,0.0,0.0,641.9736,992.2752,0.0,2605.2048,0.0,0.0,0.0,0.0,0.0,0.0,0.0,3.8544,0.0,0.0,0.0,0.0,0.0,7829.3112,0.0,0.0,0.0,0.0,0.0,824.6687999999999,0.0,0.0,1790.3496,1573.6752,0.0,0.0,0.0,0.0,113.64000000000001,1691.8872000000001,309.12239999999997,0.0,0.0,0.0,1968.1007999999997,82.3536,589.8384,0.0,0.0,1987.6584000000003,1783.4184,1397.7672,3050.1551999999997,16945.4712,2133.4488,0.0,0.0,0.0912
0.0,0.0,0.0,2339.3376,0.0,46321.68,10305.429600000001,0.0,0.0,1613.2703999999999,291.91200000000003,0.0,2528.4768,66942.4752,94917.52320000001,739.9464,0.0,3345.0984000000003,0.0,20230.7088,123837.95039999997,0.0,2888.8271999999997,8062.9944,15517.893599999998,0.0,0.0,0.0,0.0,0.0,1186.3536000000001,5547.801600000001,0.0,0.0,0.0,0.0,266.604,0.0,0.0,0.0,0.0,0.0,0.0,0.0,0.0,0.0,0.0,0.0,0.0,0.0,0.0,0.0,0.0,0.0,88.8072,0.0,0.0,0.0,0.0,0.0,0.0,658.8096,0.0,0.0,0.0,0.0,0.0,0.0,10561.9608,0.0,0.0,0.0,0.0,641.9736,992.2752,0.0,2605.2048,0.0,0.0,0.0,0.0,0.0,0.0,0.0,3.8544,0.0,0.0,0.0,0.0,0.0,7829.3112,0.0,0.0,0.0,0.0,0.0,824.6687999999999,0.0,0.0,1790.3496,1573.6752,0.0,0.0,0.0,0.0,113.64000000000001,1691.8872000000001,309.12239999999997,0.0,0.0,0.0,1968.1007999999997,82.3536,589.8384,0.0,0.0,1987.6584000000003,1783.4184,1397.7672,3050.1551999999997,16945.4712,2133.4488,0.0,0.0,0.0912
0.0,0.0,0.0,2339.3376,0.0,46321.68,10305.429600000001,0.0,0.0,1613.2703999999999,291.91200000000003,0.0,2528.4768,66942.4752,94917.52320000001,739.9464,0.0,3345.0984000000003,0.0,20230.7088,123837.95039999997,0.0,2888.8271999999997,8062.9944,15517.893599999998,0.0,0.0,0.0,0.0,0.0,1186.3536000000001,5547.801600000001,0.0,0.0,0.0,0.0,266.604,0.0,0.0,0.0,0.0,0.0,0.0,0.0,0.0,0.0,0.0,0.0,0.0,0.0,0.0,0.0,0.0,0.0,88.8072,0.0,0.0,0.0,0.0,0.0,0.0,658.8096,0.0,0.0,0.0,0.0,0.0,0.0,10561.9608,0.0,0.0,0.0,0.0,641.9736,992.2752,0.0,2605.2048,0.0,0.0,0.0,0.0,0.0,0.0,0.0,3.8544,0.0,0.0,0.0,0.0,0.0,7829.3112,0.0,0.0,0.0,0.0,0.0,824.6687999999999,0.0,0.0,1790.3496,1573.6752,0.0,0.0,0.0,0.0,113.64000000000001,1691.8872000000001,309.12239999999997,0.0,0.0,0.0,1968.1007999999997,82.3536,589.8384,0.0,0.0,1987.6584000000003,1783.4184,1397.7672,3050.1551999999997,16945.4712,2133.4488,0.0,0.0,0.0912
0.0,0.0,0.0,2339.3376,0.0,46321.68,10305.429600000001,0.0,0.0,1613.2703999999999,291.91200000000003,0.0,2528.4768,66942.4752,94917.52320000001,739.9464,0.0,3345.0984000000003,0.0,20230.7088,123837.95039999997,0.0,2888.8271999999997,8062.9944,15517.893599999998,0.0,0.0,0.0,0.0,0.0,1186.3536000000001,5547.801600000001,0.0,0.0,0.0,0.0,266.604,0.0,0.0,0.0,0.0,0.0,0.0,0.0,0.0,0.0,0.0,0.0,0.0,0.0,0.0,0.0,0.0,0.0,88.8072,0.0,0.0,0.0,0.0,0.0,0.0,658.8096,0.0,0.0,0.0,0.0,0.0,0.0,10561.9608,0.0,0.0,0.0,0.0,641.9736,992.2752,0.0,2605.2048,0.0,0.0,0.0,0.0,0.0,0.0,0.0,3.8544,0.0,0.0,0.0,0.0,0.0,7829.3112,0.0,0.0,0.0,0.0,0.0,824.6687999999999,0.0,0.0,1790.3496,1573.6752,0.0,0.0,0.0,0.0,113.64000000000001,1691.8872000000001,309.12239999999997,0.0,0.0,0.0,1968.1007999999997,82.3536,589.8384,0.0,0.0,1987.6584000000003,1783.4184,1397.7672,3050.1551999999997,16945.4712,2133.4488,0.0,0.0,0.0912
0.0,0.0,0.0,2339.3376,0.0,46321.68,10305.429600000001,0.0,0.0,1613.2703999999999,291.91200000000003,0.0,2528.4768,66942.4752,94917.52320000001,739.9464,0.0,3345.0984000000003,0.0,20230.7088,123837.95039999997,0.0,2888.8271999999997,8062.9944,15517.893599999998,0.0,0.0,0.0,0.0,0.0,1186.3536000000001,5547.801600000001,0.0,0.0,0.0,0.0,266.604,0.0,0.0,0.0,0.0,0.0,0.0,0.0,0.0,0.0,0.0,0.0,0.0,0.0,0.0,0.0,0.0,0.0,88.8072,0.0,0.0,0.0,0.0,0.0,0.0,658.8096,0.0,0.0,0.0,0.0,0.0,0.0,10561.9608,0.0,0.0,0.0,0.0,641.9736,992.2752,0.0,2605.2048,0.0,0.0,0.0,0.0,0.0,0.0,0.0,3.8544,0.0,0.0,0.0,0.0,0.0,7829.3112,0.0,0.0,0.0,0.0,0.0,824.6687999999999,0.0,0.0,1790.3496,1573.6752,0.0,0.0,0.0,0.0,113.64000000000001,1691.8872000000001,309.12239999999997,0.0,0.0,0.0,1968.1007999999997,82.3536,589.8384,0.0,0.0,1987.6584000000003,1783.4184,1397.7672,3050.1551999999997,16945.4712,2133.4488,0.0,0.0,0.0912
0.0,0.0,0.0,2339.3376,0.0,46321.68,10305.429600000001,0.0,0.0,1613.2703999999999,291.91200000000003,0.0,2528.4768,66942.4752,94917.52320000001,739.9464,0.0,3345.0984000000003,0.0,20230.7088,123837.95039999997,0.0,2888.8271999999997,8062.9944,15517.893599999998,0.0,0.0,0.0,0.0,0.0,1186.3536000000001,5547.801600000001,0.0,0.0,0.0,0.0,266.604,0.0,0.0,0.0,0.0,0.0,0.0,0.0,0.0,0.0,0.0,0.0,0.0,0.0,0.0,0.0,0.0,0.0,88.8072,0.0,0.0,0.0,0.0,0.0,0.0,658.8096,0.0,0.0,0.0,0.0,0.0,0.0,10561.9608,0.0,0.0,0.0,0.0,641.9736,992.2752,0.0,2605.2048,0.0,0.0,0.0,0.0,0.0,0.0,0.0,3.8544,0.0,0.0,0.0,0.0,0.0,7829.3112,0.0,0.0,0.0,0.0,0.0,824.6687999999999,0.0,0.0,1790.3496,1573.6752,0.0,0.0,0.0,0.0,113.64000000000001,1691.8872000000001,309.12239999999997,0.0,0.0,0.0,1968.1007999999997,82.3536,589.8384,0.0,0.0,1987.6584000000003,1783.4184,1397.7672,3050.1551999999997,16945.4712,2133.4488,0.0,0.0,0.0912
0.0,0.0,0.0,2007.2736,0.0,36778.0512,8887.824,0.0,0.0,1573.3152000000002,309.6,0.0,3086.2727999999997,65284.4592,94357.3392,463.68479999999994,0.0,2288.256,0.0,23695.423199999997,130989.00240000001,0.0,1456.5479999999998,6221.532,12228.844799999997,0.0,0.0,0.0,0.0,0.0,1143.168,5483.3448,0.0,0.0,0.0,0.0,335.47679999999997,0.0,0.0,0.0,0.0,0.0,0.0,0.0,0.0,0.0,0.0,0.0,0.0,0.0,0.0,0.0,0.0,0.0,102.9216,0.0,0.0,0.0,0.0,0.0,0.0,570.6672000000001,0.0,0.0,0.0,0.0,0.0,0.0,10781.3808,0.0,0.0,0.0,0.0,656.9856,1012.8888,0.0,2659.3248,0.0,0.0,0.0,0.0,0.0,0.0,0.0,5.1,0.0,0.0,0.0,0.0,0.0,14592.7824,0.0,0.0,0.0,0.0,0.0,842.8464,0.0,0.0,1842.3864,1597.8192,0.0,0.0,0.0,0.0,123.52320000000002,1799.0880000000002,313.5456,0.0,0.0,0.0,2011.4784,82.3536,576.0648,0.0,0.0,2195.04,2167.9344,1428.5808000000002,2825.4096,20683.739999999998,2082.7200000000003,0.0,0.0,0.0888
0.0,0.0,0.0,2007.2736,0.0,36778.0512,8887.824,0.0,0.0,1573.3152000000002,309.6,0.0,3086.2727999999997,65284.4592,94357.3392,463.68479999999994,0.0,2288.256,0.0,23695.423199999997,130989.00240000001,0.0,1456.5479999999998,6221.532,12228.844799999997,0.0,0.0,0.0,0.0,0.0,1143.168,5483.3448,0.0,0.0,0.0,0.0,335.47679999999997,0.0,0.0,0.0,0.0,0.0,0.0,0.0,0.0,0.0,0.0,0.0,0.0,0.0,0.0,0.0,0.0,0.0,102.9216,0.0,0.0,0.0,0.0,0.0,0.0,570.6672000000001,0.0,0.0,0.0,0.0,0.0,0.0,10781.3808,0.0,0.0,0.0,0.0,656.9856,1012.8888,0.0,2659.3248,0.0,0.0,0.0,0.0,0.0,0.0,0.0,5.1,0.0,0.0,0.0,0.0,0.0,14592.7824,0.0,0.0,0.0,0.0,0.0,842.8464,0.0,0.0,1842.3864,1597.8192,0.0,0.0,0.0,0.0,123.52320000000002,1799.0880000000002,313.5456,0.0,0.0,0.0,2011.4784,82.3536,576.0648,0.0,0.0,2195.04,2167.9344,1428.5808000000002,2825.4096,20683.739999999998,2082.7200000000003,0.0,0.0,0.0888
0.0,0.0,0.0,2007.2736,0.0,36778.0512,8887.824,0.0,0.0,1573.3152000000002,309.6,0.0,3086.2727999999997,65284.4592,94357.3392,463.68479999999994,0.0,2288.256,0.0,23695.423199999997,130989.00240000001,0.0,1456.5479999999998,6221.532,12228.844799999997,0.0,0.0,0.0,0.0,0.0,1143.168,5483.3448,0.0,0.0,0.0,0.0,335.47679999999997,0.0,0.0,0.0,0.0,0.0,0.0,0.0,0.0,0.0,0.0,0.0,0.0,0.0,0.0,0.0,0.0,0.0,102.9216,0.0,0.0,0.0,0.0,0.0,0.0,570.6672000000001,0.0,0.0,0.0,0.0,0.0,0.0,10781.3808,0.0,0.0,0.0,0.0,656.9856,1012.8888,0.0,2659.3248,0.0,0.0,0.0,0.0,0.0,0.0,0.0,5.1,0.0,0.0,0.0,0.0,0.0,14592.7824,0.0,0.0,0.0,0.0,0.0,842.8464,0.0,0.0,1842.3864,1597.8192,0.0,0.0,0.0,0.0,123.52320000000002,1799.0880000000002,313.5456,0.0,0.0,0.0,2011.4784,82.3536,576.0648,0.0,0.0,2195.04,2167.9344,1428.5808000000002,2825.4096,20683.739999999998,2082.7200000000003,0.0,0.0,0.0888
0.0,0.0,0.0,2007.2736,0.0,36778.0512,8887.824,0.0,0.0,1573.3152000000002,309.6,0.0,3086.2727999999997,65284.4592,94357.3392,463.68479999999994,0.0,2288.256,0.0,23695.423199999997,130989.00240000001,0.0,1456.5479999999998,6221.532,12228.844799999997,0.0,0.0,0.0,0.0,0.0,1143.168,5483.3448,0.0,0.0,0.0,0.0,335.47679999999997,0.0,0.0,0.0,0.0,0.0,0.0,0.0,0.0,0.0,0.0,0.0,0.0,0.0,0.0,0.0,0.0,0.0,102.9216,0.0,0.0,0.0,0.0,0.0,0.0,570.6672000000001,0.0,0.0,0.0,0.0,0.0,0.0,10781.3808,0.0,0.0,0.0,0.0,656.9856,1012.8888,0.0,2659.3248,0.0,0.0,0.0,0.0,0.0,0.0,0.0,5.1,0.0,0.0,0.0,0.0,0.0,14592.7824,0.0,0.0,0.0,0.0,0.0,842.8464,0.0,0.0,1842.3864,1597.8192,0.0,0.0,0.0,0.0,123.52320000000002,1799.0880000000002,313.5456,0.0,0.0,0.0,2011.4784,82.3536,576.0648,0.0,0.0,2195.04,2167.9344,1428.5808000000002,2825.4096,20683.739999999998,2082.7200000000003,0.0,0.0,0.0888
0.0,0.0,0.0,2007.2736,0.0,36778.0512,8887.824,0.0,0.0,1573.3152000000002,309.6,0.0,3086.2727999999997,65284.4592,94357.3392,463.68479999999994,0.0,2288.256,0.0,23695.423199999997,130989.00240000001,0.0,1456.5479999999998,6221.532,12228.844799999997,0.0,0.0,0.0,0.0,0.0,1143.168,5483.3448,0.0,0.0,0.0,0.0,335.47679999999997,0.0,0.0,0.0,0.0,0.0,0.0,0.0,0.0,0.0,0.0,0.0,0.0,0.0,0.0,0.0,0.0,0.0,102.9216,0.0,0.0,0.0,0.0,0.0,0.0,570.6672000000001,0.0,0.0,0.0,0.0,0.0,0.0,10781.3808,0.0,0.0,0.0,0.0,656.9856,1012.8888,0.0,2659.3248,0.0,0.0,0.0,0.0,0.0,0.0,0.0,5.1,0.0,0.0,0.0,0.0,0.0,14592.7824,0.0,0.0,0.0,0.0,0.0,842.8464,0.0,0.0,1842.3864,1597.8192,0.0,0.0,0.0,0.0,123.52320000000002,1799.0880000000002,313.5456,0.0,0.0,0.0,2011.4784,82.3536,576.0648,0.0,0.0,2195.04,2167.9344,1428.5808000000002,2825.4096,20683.739999999998,2082.7200000000003,0.0,0.0,0.0888
0.0,0.0,0.0,2007.2736,0.0,36778.0512,8887.824,0.0,0.0,1573.3152000000002,309.6,0.0,3086.2727999999997,65284.4592,94357.3392,463.68479999999994,0.0,2288.256,0.0,23695.423199999997,130989.00240000001,0.0,1456.5479999999998,6221.532,12228.844799999997,0.0,0.0,0.0,0.0,0.0,1143.168,5483.3448,0.0,0.0,0.0,0.0,335.47679999999997,0.0,0.0,0.0,0.0,0.0,0.0,0.0,0.0,0.0,0.0,0.0,0.0,0.0,0.0,0.0,0.0,0.0,102.9216,0.0,0.0,0.0,0.0,0.0,0.0,570.6672000000001,0.0,0.0,0.0,0.0,0.0,0.0,10781.3808,0.0,0.0,0.0,0.0,656.9856,1012.8888,0.0,2659.3248,0.0,0.0,0.0,0.0,0.0,0.0,0.0,5.1,0.0,0.0,0.0,0.0,0.0,14592.7824,0.0,0.0,0.0,0.0,0.0,842.8464,0.0,0.0,1842.3864,1597.8192,0.0,0.0,0.0,0.0,123.52320000000002,1799.0880000000002,313.5456,0.0,0.0,0.0,2011.4784,82.3536,576.0648,0.0,0.0,2195.04,2167.9344,1428.5808000000002,2825.4096,20683.739999999998,2082.7200000000003,0.0,0.0,0.0888
0.0,0.0,0.0,2007.2736,0.0,36778.0512,8887.824,0.0,0.0,1573.3152000000002,309.6,0.0,3086.2727999999997,65284.4592,94357.3392,463.68479999999994,0.0,2288.256,0.0,23695.423199999997,130989.00240000001,0.0,1456.5479999999998,6221.532,12228.844799999997,0.0,0.0,0.0,0.0,0.0,1143.168,5483.3448,0.0,0.0,0.0,0.0,335.47679999999997,0.0,0.0,0.0,0.0,0.0,0.0,0.0,0.0,0.0,0.0,0.0,0.0,0.0,0.0,0.0,0.0,0.0,102.9216,0.0,0.0,0.0,0.0,0.0,0.0,570.6672000000001,0.0,0.0,0.0,0.0,0.0,0.0,10781.3808,0.0,0.0,0.0,0.0,656.9856,1012.8888,0.0,2659.3248,0.0,0.0,0.0,0.0,0.0,0.0,0.0,5.1,0.0,0.0,0.0,0.0,0.0,14592.7824,0.0,0.0,0.0,0.0,0.0,842.8464,0.0,0.0,1842.3864,1597.8192,0.0,0.0,0.0,0.0,123.52320000000002,1799.0880000000002,313.5456,0.0,0.0,0.0,2011.4784,82.3536,576.0648,0.0,0.0,2195.04,2167.9344,1428.5808000000002,2825.4096,20683.739999999998,2082.7200000000003,0.0,0.0,0.0888
0.0,0.0,0.0,2354.2224,0.0,46592.50320000001,9000.0144,0.0,0.0,1653.2255999999998,309.6,0.0,3646.7256,68600.4936,100434.33599999998,991.6680000000001,0.0,4149.432,0.0,25429.692,132312.40320000003,0.0,3041.2752,5752.115999999999,10950.525600000003,0.0,0.0,0.0,0.0,0.0,1077.432,5193.820800000001,0.0,0.0,0.0,0.0,345.7344,0.0,0.0,0.0,0.0,0.0,0.0,0.0,0.0,0.0,0.0,0.0,0.0,0.0,0.0,0.0,0.0,0.0,92.83919999999999,0.0,0.0,0.0,0.0,0.0,0.0,524.3063999999999,0.0,0.0,0.0,0.0,0.0,0.0,10811.299200000001,0.0,0.0,0.0,0.0,661.5336000000002,1015.7016000000001,0.0,2666.7048,0.0,0.0,0.0,0.0,0.0,0.0,0.0,5.16,0.0,0.0,0.0,0.0,0.0,13698.004799999999,0.0,0.0,0.0,0.0,0.0,895.6632,0.0,0.0,1945.7471999999998,1618.4544,0.0,0.0,0.0,0.0,135.612,1774.9271999999999,371.7792,0.0,0.0,0.0,2137.5312,86.60399999999998,594.4295999999999,0.0,0.0,2362.0224,2531.0784,1518.0983999999999,4029.2351999999996,24716.291999999998,2439.9264000000003,0.0,0.0,0.0744
0.0,0.0,0.0,2354.2224,0.0,46592.50320000001,9000.0144,0.0,0.0,1653.2255999999998,309.6,0.0,3646.7256,68600.4936,100434.33599999998,991.6680000000001,0.0,4149.432,0.0,25429.692,132312.40320000003,0.0,3041.2752,5752.115999999999,10950.525600000003,0.0,0.0,0.0,0.0,0.0,1077.432,5193.820800000001,0.0,0.0,0.0,0.0,345.7344,0.0,0.0,0.0,0.0,0.0,0.0,0.0,0.0,0.0,0.0,0.0,0.0,0.0,0.0,0.0,0.0,0.0,92.83919999999999,0.0,0.0,0.0,0.0,0.0,0.0,524.3063999999999,0.0,0.0,0.0,0.0,0.0,0.0,10811.299200000001,0.0,0.0,0.0,0.0,661.5336000000002,1015.7016000000001,0.0,2666.7048,0.0,0.0,0.0,0.0,0.0,0.0,0.0,5.16,0.0,0.0,0.0,0.0,0.0,13698.004799999999,0.0,0.0,0.0,0.0,0.0,895.6632,0.0,0.0,1945.7471999999998,1618.4544,0.0,0.0,0.0,0.0,135.612,1774.9271999999999,371.7792,0.0,0.0,0.0,2137.5312,86.60399999999998,594.4295999999999,0.0,0.0,2362.0224,2531.0784,1518.0983999999999,4029.2351999999996,24716.291999999998,2439.9264000000003,0.0,0.0,0.0744
0.0,0.0,0.0,2354.2224,0.0,46592.50320000001,9000.0144,0.0,0.0,1653.2255999999998,309.6,0.0,3646.7256,68600.4936,100434.33599999998,991.6680000000001,0.0,4149.432,0.0,25429.692,132312.40320000003,0.0,3041.2752,5752.115999999999,10950.525600000003,0.0,0.0,0.0,0.0,0.0,1077.432,5193.820800000001,0.0,0.0,0.0,0.0,345.7344,0.0,0.0,0.0,0.0,0.0,0.0,0.0,0.0,0.0,0.0,0.0,0.0,0.0,0.0,0.0,0.0,0.0,92.83919999999999,0.0,0.0,0.0,0.0,0.0,0.0,524.3063999999999,0.0,0.0,0.0,0.0,0.0,0.0,10811.299200000001,0.0,0.0,0.0,0.0,661.5336000000002,1015.7016000000001,0.0,2666.7048,0.0,0.0,0.0,0.0,0.0,0.0,0.0,5.16,0.0,0.0,0.0,0.0,0.0,13698.004799999999,0.0,0.0,0.0,0.0,0.0,895.6632,0.0,0.0,1945.7471999999998,1618.4544,0.0,0.0,0.0,0.0,135.612,1774.9271999999999,371.7792,0.0,0.0,0.0,2137.5312,86.60399999999998,594.4295999999999,0.0,0.0,2362.0224,2531.0784,1518.0983999999999,4029.2351999999996,24716.291999999998,2439.9264000000003,0.0,0.0,0.0744
0.0,0.0,0.0,2354.2224,0.0,46592.50320000001,9000.0144,0.0,0.0,1653.2255999999998,309.6,0.0,3646.7256,68600.4936,100434.33599999998,991.6680000000001,0.0,4149.432,0.0,25429.692,132312.40320000003,0.0,3041.2752,5752.115999999999,10950.525600000003,0.0,0.0,0.0,0.0,0.0,1077.432,5193.820800000001,0.0,0.0,0.0,0.0,345.7344,0.0,0.0,0.0,0.0,0.0,0.0,0.0,0.0,0.0,0.0,0.0,0.0,0.0,0.0,0.0,0.0,0.0,92.83919999999999,0.0,0.0,0.0,0.0,0.0,0.0,524.3063999999999,0.0,0.0,0.0,0.0,0.0,0.0,10811.299200000001,0.0,0.0,0.0,0.0,661.5336000000002,1015.7016000000001,0.0,2666.7048,0.0,0.0,0.0,0.0,0.0,0.0,0.0,5.16,0.0,0.0,0.0,0.0,0.0,13698.004799999999,0.0,0.0,0.0,0.0,0.0,895.6632,0.0,0.0,1945.7471999999998,1618.4544,0.0,0.0,0.0,0.0,135.612,1774.9271999999999,371.7792,0.0,0.0,0.0,2137.5312,86.60399999999998,594.4295999999999,0.0,0.0,2362.0224,2531.0784,1518.0983999999999,4029.2351999999996,24716.291999999998,2439.9264000000003,0.0,0.0,0.0744
0.0,0.0,0.0,2354.2224,0.0,46592.50320000001,9000.0144,0.0,0.0,1653.2255999999998,309.6,0.0,3646.7256,68600.4936,100434.33599999998,991.6680000000001,0.0,4149.432,0.0,25429.692,132312.40320000003,0.0,3041.2752,5752.115999999999,10950.525600000003,0.0,0.0,0.0,0.0,0.0,1077.432,5193.820800000001,0.0,0.0,0.0,0.0,345.7344,0.0,0.0,0.0,0.0,0.0,0.0,0.0,0.0,0.0,0.0,0.0,0.0,0.0,0.0,0.0,0.0,0.0,92.83919999999999,0.0,0.0,0.0,0.0,0.0,0.0,524.3063999999999,0.0,0.0,0.0,0.0,0.0,0.0,10811.299200000001,0.0,0.0,0.0,0.0,661.5336000000002,1015.7016000000001,0.0,2666.7048,0.0,0.0,0.0,0.0,0.0,0.0,0.0,5.16,0.0,0.0,0.0,0.0,0.0,13698.004799999999,0.0,0.0,0.0,0.0,0.0,895.6632,0.0,0.0,1945.7471999999998,1618.4544,0.0,0.0,0.0,0.0,135.612,1774.9271999999999,371.7792,0.0,0.0,0.0,2137.5312,86.60399999999998,594.4295999999999,0.0,0.0,2362.0224,2531.0784,1518.0983999999999,4029.2351999999996,24716.291999999998,2439.9264000000003,0.0,0.0,0.0744
0.0,0.0,0.0,2354.2224,0.0,46592.50320000001,9000.0144,0.0,0.0,1653.2255999999998,309.6,0.0,3646.7256,68600.4936,100434.33599999998,991.6680000000001,0.0,4149.432,0.0,25429.692,132312.40320000003,0.0,3041.2752,5752.115999999999,10950.525600000003,0.0,0.0,0.0,0.0,0.0,1077.432,5193.820800000001,0.0,0.0,0.0,0.0,345.7344,0.0,0.0,0.0,0.0,0.0,0.0,0.0,0.0,0.0,0.0,0.0,0.0,0.0,0.0,0.0,0.0,0.0,92.83919999999999,0.0,0.0,0.0,0.0,0.0,0.0,524.3063999999999,0.0,0.0,0.0,0.0,0.0,0.0,10811.299200000001,0.0,0.0,0.0,0.0,661.5336000000002,1015.7016000000001,0.0,2666.7048,0.0,0.0,0.0,0.0,0.0,0.0,0.0,5.16,0.0,0.0,0.0,0.0,0.0,13698.004799999999,0.0,0.0,0.0,0.0,0.0,895.6632,0.0,0.0,1945.7471999999998,1618.4544,0.0,0.0,0.0,0.0,135.612,1774.9271999999999,371.7792,0.0,0.0,0.0,2137.5312,86.60399999999998,594.4295999999999,0.0,0.0,2362.0224,2531.0784,1518.0983999999999,4029.2351999999996,24716.291999999998,2439.9264000000003,0.0,0.0,0.0744
0.0,0.0,0.0,2354.2224,0.0,46592.50320000001,9000.0144,0.0,0.0,1653.2255999999998,309.6,0.0,3646.7256,68600.4936,100434.33599999998,991.6680000000001,0.0,4149.432,0.0,25429.692,132312.40320000003,0.0,3041.2752,5752.115999999999,10950.525600000003,0.0,0.0,0.0,0.0,0.0,1077.432,5193.820800000001,0.0,0.0,0.0,0.0,345.7344,0.0,0.0,0.0,0.0,0.0,0.0,0.0,0.0,0.0,0.0,0.0,0.0,0.0,0.0,0.0,0.0,0.0,92.83919999999999,0.0,0.0,0.0,0.0,0.0,0.0,524.3063999999999,0.0,0.0,0.0,0.0,0.0,0.0,10811.299200000001,0.0,0.0,0.0,0.0,661.5336000000002,1015.7016000000001,0.0,2666.7048,0.0,0.0,0.0,0.0,0.0,0.0,0.0,5.16,0.0,0.0,0.0,0.0,0.0,13698.004799999999,0.0,0.0,0.0,0.0,0.0,895.6632,0.0,0.0,1945.7471999999998,1618.4544,0.0,0.0,0.0,0.0,135.612,1774.9271999999999,371.7792,0.0,0.0,0.0,2137.5312,86.60399999999998,594.4295999999999,0.0,0.0,2362.0224,2531.0784,1518.0983999999999,4029.2351999999996,24716.291999999998,2439.9264000000003,0.0,0.0,0.0744
0.0,0.0,0.0,2220.252,0.0,43222.115999999995,10855.396799999999,0.0,0.0,1566.6552,309.6,0.0,3631.4256000000005,65008.11840000001,95631.30239999999,539.7504,0.0,2733.4992,0.0,26146.5432,131726.28960000002,0.0,2208.288,5429.172,10449.544800000001,0.0,0.0,0.0,0.0,0.0,946.4832000000001,4726.3488,0.0,0.0,0.0,0.0,407.29200000000003,0.0,0.0,0.0,0.0,0.0,0.0,0.0,0.0,0.0,0.0,0.0,0.0,0.0,0.0,0.0,0.0,0.0,97.2216,0.0,0.0,0.0,0.0,0.0,0.0,480.12960000000004,0.0,0.0,0.0,0.0,0.0,0.0,10671.669600000001,0.0,0.0,0.0,0.0,657.1727999999999,1002.5832,0.0,2632.2648,0.0,0.0,0.0,0.0,0.0,0.0,0.0,5.2128,0.0,0.0,0.0,0.0,0.0,11329.4736,0.0,0.0,0.0,0.0,0.0,890.3471999999999,0.0,0.0,1942.3464,1633.7615999999998,0.0,0.0,0.0,0.0,116.47920000000002,1690.6704,445.07039999999995,0.0,0.0,0.0,2124.8424,84.972,561.9384,0.0,0.0,2291.9999999999995,2528.4456,1509.0912,5257.665599999999,24481.656000000003,2686.1472,0.0,0.0,0.07680000000000001
0.0,0.0,0.0,2220.252,0.0,43222.115999999995,10855.396799999999,0.0,0.0,1566.6552,309.6,0.0,3631.4256000000005,65008.11840000001,95631.30239999999,539.7504,0.0,2733.4992,0.0,26146.5432,131726.28960000002,0.0,2208.288,5429.172,10449.544800000001,0.0,0.0,0.0,0.0,0.0,946.4832000000001,4726.3488,0.0,0.0,0.0,0.0,407.29200000000003,0.0,0.0,0.0,0.0,0.0,0.0,0.0,0.0,0.0,0.0,0.0,0.0,0.0,0.0,0.0,0.0,0.0,97.2216,0.0,0.0,0.0,0.0,0.0,0.0,480.12960000000004,0.0,0.0,0.0,0.0,0.0,0.0,10671.669600000001,0.0,0.0,0.0,0.0,657.1727999999999,1002.5832,0.0,2632.2648,0.0,0.0,0.0,0.0,0.0,0.0,0.0,5.2128,0.0,0.0,0.0,0.0,0.0,11329.4736,0.0,0.0,0.0,0.0,0.0,890.3471999999999,0.0,0.0,1942.3464,1633.7615999999998,0.0,0.0,0.0,0.0,116.47920000000002,1690.6704,445.07039999999995,0.0,0.0,0.0,2124.8424,84.972,561.9384,0.0,0.0,2291.9999999999995,2528.4456,1509.0912,5257.665599999999,24481.656000000003,2686.1472,0.0,0.0,0.07680000000000001
0.0,0.0,0.0,2220.252,0.0,43222.115999999995,10855.396799999999,0.0,0.0,1566.6552,309.6,0.0,3631.4256000000005,65008.11840000001,95631.30239999999,539.7504,0.0,2733.4992,0.0,26146.5432,131726.28960000002,0.0,2208.288,5429.172,10449.544800000001,0.0,0.0,0.0,0.0,0.0,946.4832000000001,4726.3488,0.0,0.0,0.0,0.0,407.29200000000003,0.0,0.0,0.0,0.0,0.0,0.0,0.0,0.0,0.0,0.0,0.0,0.0,0.0,0.0,0.0,0.0,0.0,97.2216,0.0,0.0,0.0,0.0,0.0,0.0,480.12960000000004,0.0,0.0,0.0,0.0,0.0,0.0,10671.669600000001,0.0,0.0,0.0,0.0,657.1727999999999,1002.5832,0.0,2632.2648,0.0,0.0,0.0,0.0,0.0,0.0,0.0,5.2128,0.0,0.0,0.0,0.0,0.0,11329.4736,0.0,0.0,0.0,0.0,0.0,890.3471999999999,0.0,0.0,1942.3464,1633.7615999999998,0.0,0.0,0.0,0.0,116.47920000000002,1690.6704,445.07039999999995,0.0,0.0,0.0,2124.8424,84.972,561.9384,0.0,0.0,2291.9999999999995,2528.4456,1509.0912,5257.665599999999,24481.656000000003,2686.1472,0.0,0.0,0.07680000000000001
0.0,0.0,0.0,2220.252,0.0,43222.115999999995,10855.396799999999,0.0,0.0,1566.6552,309.6,0.0,3631.4256000000005,65008.11840000001,95631.30239999999,539.7504,0.0,2733.4992,0.0,26146.5432,131726.28960000002,0.0,2208.288,5429.172,10449.544800000001,0.0,0.0,0.0,0.0,0.0,946.4832000000001,4726.3488,0.0,0.0,0.0,0.0,407.29200000000003,0.0,0.0,0.0,0.0,0.0,0.0,0.0,0.0,0.0,0.0,0.0,0.0,0.0,0.0,0.0,0.0,0.0,97.2216,0.0,0.0,0.0,0.0,0.0,0.0,480.12960000000004,0.0,0.0,0.0,0.0,0.0,0.0,10671.669600000001,0.0,0.0,0.0,0.0,657.1727999999999,1002.5832,0.0,2632.2648,0.0,0.0,0.0,0.0,0.0,0.0,0.0,5.2128,0.0,0.0,0.0,0.0,0.0,11329.4736,0.0,0.0,0.0,0.0,0.0,890.3471999999999,0.0,0.0,1942.3464,1633.7615999999998,0.0,0.0,0.0,0.0,116.47920000000002,1690.6704,445.07039999999995,0.0,0.0,0.0,2124.8424,84.972,561.9384,0.0,0.0,2291.9999999999995,2528.4456,1509.0912,5257.665599999999,24481.656000000003,2686.1472,0.0,0.0,0.07680000000000001
0.0,0.0,0.0,2220.252,0.0,43222.115999999995,10855.396799999999,0.0,0.0,1566.6552,309.6,0.0,3631.4256000000005,65008.11840000001,95631.30239999999,539.7504,0.0,2733.4992,0.0,26146.5432,131726.28960000002,0.0,2208.288,5429.172,10449.544800000001,0.0,0.0,0.0,0.0,0.0,946.4832000000001,4726.3488,0.0,0.0,0.0,0.0,407.29200000000003,0.0,0.0,0.0,0.0,0.0,0.0,0.0,0.0,0.0,0.0,0.0,0.0,0.0,0.0,0.0,0.0,0.0,97.2216,0.0,0.0,0.0,0.0,0.0,0.0,480.12960000000004,0.0,0.0,0.0,0.0,0.0,0.0,10671.669600000001,0.0,0.0,0.0,0.0,657.1727999999999,1002.5832,0.0,2632.2648,0.0,0.0,0.0,0.0,0.0,0.0,0.0,5.2128,0.0,0.0,0.0,0.0,0.0,11329.4736,0.0,0.0,0.0,0.0,0.0,890.3471999999999,0.0,0.0,1942.3464,1633.7615999999998,0.0,0.0,0.0,0.0,116.47920000000002,1690.6704,445.07039999999995,0.0,0.0,0.0,2124.8424,84.972,561.9384,0.0,0.0,2291.9999999999995,2528.4456,1509.0912,5257.665599999999,24481.656000000003,2686.1472,0.0,0.0,0.07680000000000001
0.0,0.0,0.0,2220.252,0.0,43222.115999999995,10855.396799999999,0.0,0.0,1566.6552,309.6,0.0,3631.4256000000005,65008.11840000001,95631.30239999999,539.7504,0.0,2733.4992,0.0,26146.5432,131726.28960000002,0.0,2208.288,5429.172,10449.544800000001,0.0,0.0,0.0,0.0,0.0,946.4832000000001,4726.3488,0.0,0.0,0.0,0.0,407.29200000000003,0.0,0.0,0.0,0.0,0.0,0.0,0.0,0.0,0.0,0.0,0.0,0.0,0.0,0.0,0.0,0.0,0.0,97.2216,0.0,0.0,0.0,0.0,0.0,0.0,480.12960000000004,0.0,0.0,0.0,0.0,0.0,0.0,10671.669600000001,0.0,0.0,0.0,0.0,657.1727999999999,1002.5832,0.0,2632.2648,0.0,0.0,0.0,0.0,0.0,0.0,0.0,5.2128,0.0,0.0,0.0,0.0,0.0,11329.4736,0.0,0.0,0.0,0.0,0.0,890.3471999999999,0.0,0.0,1942.3464,1633.7615999999998,0.0,0.0,0.0,0.0,116.47920000000002,1690.6704,445.07039999999995,0.0,0.0,0.0,2124.8424,84.972,561.9384,0.0,0.0,2291.9999999999995,2528.4456,1509.0912,5257.665599999999,24481.656000000003,2686.1472,0.0,0.0,0.07680000000000001
0.0,0.0,0.0,2220.252,0.0,43222.115999999995,10855.396799999999,0.0,0.0,1566.6552,309.6,0.0,3631.4256000000005,65008.11840000001,95631.30239999999,539.7504,0.0,2733.4992,0.0,26146.5432,131726.28960000002,0.0,2208.288,5429.172,10449.544800000001,0.0,0.0,0.0,0.0,0.0,946.4832000000001,4726.3488,0.0,0.0,0.0,0.0,407.29200000000003,0.0,0.0,0.0,0.0,0.0,0.0,0.0,0.0,0.0,0.0,0.0,0.0,0.0,0.0,0.0,0.0,0.0,97.2216,0.0,0.0,0.0,0.0,0.0,0.0,480.12960000000004,0.0,0.0,0.0,0.0,0.0,0.0,10671.669600000001,0.0,0.0,0.0,0.0,657.1727999999999,1002.5832,0.0,2632.2648,0.0,0.0,0.0,0.0,0.0,0.0,0.0,5.2128,0.0,0.0,0.0,0.0,0.0,11329.4736,0.0,0.0,0.0,0.0,0.0,890.3471999999999,0.0,0.0,1942.3464,1633.7615999999998,0.0,0.0,0.0,0.0,116.47920000000002,1690.6704,445.07039999999995,0.0,0.0,0.0,2124.8424,84.972,561.9384,0.0,0.0,2291.9999999999995,2528.4456,1509.0912,5257.665599999999,24481.656000000003,2686.1472,0.0,0.0,0.07680000000000001
0.0,0.0,0.0,2196.9431999999997,0.0,33653.8344,8135.964,0.0,0.0,1905.3984,309.6,0.0,4036.86,72683.9256,106473.024,303.07439999999997,0.0,1909.9368,0.0,26496.040799999995,136673.5248,0.0,1186.5696,4534.982400000001,9890.8512,0.0,0.0,0.0,0.0,0.0,1615.1208000000001,4778.030399999999,0.0,0.0,0.0,0.0,492.59999999999997,0.0,0.0,0.0,0.0,0.0,0.0,0.0,0.0,0.0,0.0,0.0,0.0,0.0,0.0,0.0,0.0,0.0,105.95280000000001,0.0,0.0,0.0,0.0,0.0,0.0,520.0632,0.0,0.0,0.0,0.0,0.0,0.0,10166.4624,0.0,0.0,0.0,0.0,654.444,1331.7144,0.0,3138.4655999999995,0.0,0.0,0.0,0.0,0.0,0.0,0.0,6.103200000000001,0.0,0.0,0.0,0.0,0.0,12731.9784,0.0,0.0,0.0,0.0,0.0,964.8144,0.0,0.0,2152.4616,1726.1208000000001,0.0,0.0,0.0,0.0,160.80960000000002,1521.36,481.7016,0.0,0.0,0.0,2302.5624,90.69600000000001,610.836,0.0,0.0,2331.24,2608.2696,1635.3096,4896.093599999999,27145.4304,2785.2527999999998,0.0,0.0,0.1104
0.0,0.0,0.0,2196.9431999999997,0.0,33653.8344,8135.964,0.0,0.0,1905.3984,309.6,0.0,4036.86,72683.9256,106473.024,303.07439999999997,0.0,1909.9368,0.0,26496.040799999995,136673.5248,0.0,1186.5696,4534.982400000001,9890.8512,0.0,0.0,0.0,0.0,0.0,1615.1208000000001,4778.030399999999,0.0,0.0,0.0,0.0,492.59999999999997,0.0,0.0,0.0,0.0,0.0,0.0,0.0,0.0,0.0,0.0,0.0,0.0,0.0,0.0,0.0,0.0,0.0,105.95280000000001,0.0,0.0,0.0,0.0,0.0,0.0,520.0632,0.0,0.0,0.0,0.0,0.0,0.0,10166.4624,0.0,0.0,0.0,0.0,654.444,1331.7144,0.0,3138.4655999999995,0.0,0.0,0.0,0.0,0.0,0.0,0.0,6.103200000000001,0.0,0.0,0.0,0.0,0.0,12731.9784,0.0,0.0,0.0,0.0,0.0,964.8144,0.0,0.0,2152.4616,1726.1208000000001,0.0,0.0,0.0,0.0,160.80960000000002,1521.36,481.7016,0.0,0.0,0.0,2302.5624,90.69600000000001,610.836,0.0,0.0,2331.24,2608.2696,1635.3096,4896.093599999999,27145.4304,2785.2527999999998,0.0,0.0,0.1104
0.0,0.0,0.0,2196.9431999999997,0.0,33653.8344,8135.964,0.0,0.0,1905.3984,309.6,0.0,4036.86,72683.9256,106473.024,303.07439999999997,0.0,1909.9368,0.0,26496.040799999995,136673.5248,0.0,1186.5696,4534.982400000001,9890.8512,0.0,0.0,0.0,0.0,0.0,1615.1208000000001,4778.030399999999,0.0,0.0,0.0,0.0,492.59999999999997,0.0,0.0,0.0,0.0,0.0,0.0,0.0,0.0,0.0,0.0,0.0,0.0,0.0,0.0,0.0,0.0,0.0,105.95280000000001,0.0,0.0,0.0,0.0,0.0,0.0,520.0632,0.0,0.0,0.0,0.0,0.0,0.0,10166.4624,0.0,0.0,0.0,0.0,654.444,1331.7144,0.0,3138.4655999999995,0.0,0.0,0.0,0.0,0.0,0.0,0.0,6.103200000000001,0.0,0.0,0.0,0.0,0.0,12731.9784,0.0,0.0,0.0,0.0,0.0,964.8144,0.0,0.0,2152.4616,1726.1208000000001,0.0,0.0,0.0,0.0,160.80960000000002,1521.36,481.7016,0.0,0.0,0.0,2302.5624,90.69600000000001,610.836,0.0,0.0,2331.24,2608.2696,1635.3096,4896.093599999999,27145.4304,2785.2527999999998,0.0,0.0,0.1104
0.0,0.0,0.0,2196.9431999999997,0.0,33653.8344,8135.964,0.0,0.0,1905.3984,309.6,0.0,4036.86,72683.9256,106473.024,303.07439999999997,0.0,1909.9368,0.0,26496.040799999995,136673.5248,0.0,1186.5696,4534.982400000001,9890.8512,0.0,0.0,0.0,0.0,0.0,1615.1208000000001,4778.030399999999,0.0,0.0,0.0,0.0,492.59999999999997,0.0,0.0,0.0,0.0,0.0,0.0,0.0,0.0,0.0,0.0,0.0,0.0,0.0,0.0,0.0,0.0,0.0,105.95280000000001,0.0,0.0,0.0,0.0,0.0,0.0,520.0632,0.0,0.0,0.0,0.0,0.0,0.0,10166.4624,0.0,0.0,0.0,0.0,654.444,1331.7144,0.0,3138.4655999999995,0.0,0.0,0.0,0.0,0.0,0.0,0.0,6.103200000000001,0.0,0.0,0.0,0.0,0.0,12731.9784,0.0,0.0,0.0,0.0,0.0,964.8144,0.0,0.0,2152.4616,1726.1208000000001,0.0,0.0,0.0,0.0,160.80960000000002,1521.36,481.7016,0.0,0.0,0.0,2302.5624,90.69600000000001,610.836,0.0,0.0,2331.24,2608.2696,1635.3096,4896.093599999999,27145.4304,2785.2527999999998,0.0,0.0,0.1104
0.0,0.0,0.0,2196.9431999999997,0.0,33653.8344,8135.964,0.0,0.0,1905.3984,309.6,0.0,4036.86,72683.9256,106473.024,303.07439999999997,0.0,1909.9368,0.0,26496.040799999995,136673.5248,0.0,1186.5696,4534.982400000001,9890.8512,0.0,0.0,0.0,0.0,0.0,1615.1208000000001,4778.030399999999,0.0,0.0,0.0,0.0,492.59999999999997,0.0,0.0,0.0,0.0,0.0,0.0,0.0,0.0,0.0,0.0,0.0,0.0,0.0,0.0,0.0,0.0,0.0,105.95280000000001,0.0,0.0,0.0,0.0,0.0,0.0,520.0632,0.0,0.0,0.0,0.0,0.0,0.0,10166.4624,0.0,0.0,0.0,0.0,654.444,1331.7144,0.0,3138.4655999999995,0.0,0.0,0.0,0.0,0.0,0.0,0.0,6.103200000000001,0.0,0.0,0.0,0.0,0.0,12731.9784,0.0,0.0,0.0,0.0,0.0,964.8144,0.0,0.0,2152.4616,1726.1208000000001,0.0,0.0,0.0,0.0,160.80960000000002,1521.36,481.7016,0.0,0.0,0.0,2302.5624,90.69600000000001,610.836,0.0,0.0,2331.24,2608.2696,1635.3096,4896.093599999999,27145.4304,2785.2527999999998,0.0,0.0,0.1104
0.0,0.0,0.0,2196.9431999999997,0.0,33653.8344,8135.964,0.0,0.0,1905.3984,309.6,0.0,4036.86,72683.9256,106473.024,303.07439999999997,0.0,1909.9368,0.0,26496.040799999995,136673.5248,0.0,1186.5696,4534.982400000001,9890.8512,0.0,0.0,0.0,0.0,0.0,1615.1208000000001,4778.030399999999,0.0,0.0,0.0,0.0,492.59999999999997,0.0,0.0,0.0,0.0,0.0,0.0,0.0,0.0,0.0,0.0,0.0,0.0,0.0,0.0,0.0,0.0,0.0,105.95280000000001,0.0,0.0,0.0,0.0,0.0,0.0,520.0632,0.0,0.0,0.0,0.0,0.0,0.0,10166.4624,0.0,0.0,0.0,0.0,654.444,1331.7144,0.0,3138.4655999999995,0.0,0.0,0.0,0.0,0.0,0.0,0.0,6.103200000000001,0.0,0.0,0.0,0.0,0.0,12731.9784,0.0,0.0,0.0,0.0,0.0,964.8144,0.0,0.0,2152.4616,1726.1208000000001,0.0,0.0,0.0,0.0,160.80960000000002,1521.36,481.7016,0.0,0.0,0.0,2302.5624,90.69600000000001,610.836,0.0,0.0,2331.24,2608.2696,1635.3096,4896.093599999999,27145.4304,2785.2527999999998,0.0,0.0,0.1104
0.0,0.0,0.0,2196.9431999999997,0.0,33653.8344,8135.964,0.0,0.0,1905.3984,309.6,0.0,4036.86,72683.9256,106473.024,303.07439999999997,0.0,1909.9368,0.0,26496.040799999995,136673.5248,0.0,1186.5696,4534.982400000001,9890.8512,0.0,0.0,0.0,0.0,0.0,1615.1208000000001,4778.030399999999,0.0,0.0,0.0,0.0,492.59999999999997,0.0,0.0,0.0,0.0,0.0,0.0,0.0,0.0,0.0,0.0,0.0,0.0,0.0,0.0,0.0,0.0,0.0,105.95280000000001,0.0,0.0,0.0,0.0,0.0,0.0,520.0632,0.0,0.0,0.0,0.0,0.0,0.0,10166.4624,0.0,0.0,0.0,0.0,654.444,1331.7144,0.0,3138.4655999999995,0.0,0.0,0.0,0.0,0.0,0.0,0.0,6.103200000000001,0.0,0.0,0.0,0.0,0.0,12731.9784,0.0,0.0,0.0,0.0,0.0,964.8144,0.0,0.0,2152.4616,1726.1208000000001,0.0,0.0,0.0,0.0,160.80960000000002,1521.36,481.7016,0.0,0.0,0.0,2302.5624,90.69600000000001,610.836,0.0,0.0,2331.24,2608.2696,1635.3096,4896.093599999999,27145.4304,2785.2527999999998,0.0,0.0,0.1104
0.0,0.0,0.0,3258.0768,0.0,48342.72480000001,19009.512,0.0,0.0,1946.4840000000002,309.6,0.0,4539.0888,69846.7896,105203.544,1466.7432,0.0,5907.117600000001,0.0,51536.4576,150624.6144,0.0,3564.648,9890.150399999999,21922.14,0.0,0.0,0.0,0.0,0.0,2492.7072,5650.694400000001,0.0,0.0,0.0,0.0,633.5999999999999,0.0,0.0,0.0,0.0,0.0,0.0,0.0,0.0,0.0,0.0,0.0,0.0,0.0,0.0,0.0,0.0,0.0,106.6704,0.0,0.0,0.0,0.0,0.0,0.0,966.6144,0.0,0.0,0.0,0.0,0.0,0.0,8472.002400000001,0.0,0.0,0.0,0.0,574.6487999999999,1373.0064,0.0,3056.3256,0.0,0.0,0.0,0.0,0.0,0.0,0.0,5.076,0.0,0.0,0.0,0.0,0.0,9255.5496,0.0,0.0,0.0,0.0,0.0,1023.3335999999999,0.0,0.0,2322.1896,1791.9360000000001,0.0,0.0,0.0,0.0,127.26960000000001,1340.0736000000002,439.04639999999995,0.0,0.0,0.0,2442.2208,95.29679999999999,673.8767999999999,0.0,0.0,3533.4528,2754.8232,1734.4992000000002,4986.955199999999,32331.239999999998,2864.8968,0.0,0.0,0.1392
0.0,0.0,0.0,3258.0768,0.0,48342.72480000001,19009.512,0.0,0.0,1946.4840000000002,309.6,0.0,4539.0888,69846.7896,105203.544,1466.7432,0.0,5907.117600000001,0.0,51536.4576,150624.6144,0.0,3564.648,9890.150399999999,21922.14,0.0,0.0,0.0,0.0,0.0,2492.7072,5650.694400000001,0.0,0.0,0.0,0.0,633.5999999999999,0.0,0.0,0.0,0.0,0.0,0.0,0.0,0.0,0.0,0.0,0.0,0.0,0.0,0.0,0.0,0.0,0.0,106.6704,0.0,0.0,0.0,0.0,0.0,0.0,966.6144,0.0,0.0,0.0,0.0,0.0,0.0,8472.002400000001,0.0,0.0,0.0,0.0,574.6487999999999,1373.0064,0.0,3056.3256,0.0,0.0,0.0,0.0,0.0,0.0,0.0,5.076,0.0,0.0,0.0,0.0,0.0,9255.5496,0.0,0.0,0.0,0.0,0.0,1023.3335999999999,0.0,0.0,2322.1896,1791.9360000000001,0.0,0.0,0.0,0.0,127.26960000000001,1340.0736000000002,439.04639999999995,0.0,0.0,0.0,2442.2208,95.29679999999999,673.8767999999999,0.0,0.0,3533.4528,2754.8232,1734.4992000000002,4986.955199999999,32331.239999999998,2864.8968,0.0,0.0,0.1392
0.0,0.0,0.0,3258.0768,0.0,48342.72480000001,19009.512,0.0,0.0,1946.4840000000002,309.6,0.0,4539.0888,69846.7896,105203.544,1466.7432,0.0,5907.117600000001,0.0,51536.4576,150624.6144,0.0,3564.648,9890.150399999999,21922.14,0.0,0.0,0.0,0.0,0.0,2492.7072,5650.694400000001,0.0,0.0,0.0,0.0,633.5999999999999,0.0,0.0,0.0,0.0,0.0,0.0,0.0,0.0,0.0,0.0,0.0,0.0,0.0,0.0,0.0,0.0,0.0,106.6704,0.0,0.0,0.0,0.0,0.0,0.0,966.6144,0.0,0.0,0.0,0.0,0.0,0.0,8472.002400000001,0.0,0.0,0.0,0.0,574.6487999999999,1373.0064,0.0,3056.3256,0.0,0.0,0.0,0.0,0.0,0.0,0.0,5.076,0.0,0.0,0.0,0.0,0.0,9255.5496,0.0,0.0,0.0,0.0,0.0,1023.3335999999999,0.0,0.0,2322.1896,1791.9360000000001,0.0,0.0,0.0,0.0,127.26960000000001,1340.0736000000002,439.04639999999995,0.0,0.0,0.0,2442.2208,95.29679999999999,673.8767999999999,0.0,0.0,3533.4528,2754.8232,1734.4992000000002,4986.955199999999,32331.239999999998,2864.8968,0.0,0.0,0.1392
0.0,0.0,0.0,3258.0768,0.0,48342.72480000001,19009.512,0.0,0.0,1946.4840000000002,309.6,0.0,4539.0888,69846.7896,105203.544,1466.7432,0.0,5907.117600000001,0.0,51536.4576,150624.6144,0.0,3564.648,9890.150399999999,21922.14,0.0,0.0,0.0,0.0,0.0,2492.7072,5650.694400000001,0.0,0.0,0.0,0.0,633.5999999999999,0.0,0.0,0.0,0.0,0.0,0.0,0.0,0.0,0.0,0.0,0.0,0.0,0.0,0.0,0.0,0.0,0.0,106.6704,0.0,0.0,0.0,0.0,0.0,0.0,966.6144,0.0,0.0,0.0,0.0,0.0,0.0,8472.002400000001,0.0,0.0,0.0,0.0,574.6487999999999,1373.0064,0.0,3056.3256,0.0,0.0,0.0,0.0,0.0,0.0,0.0,5.076,0.0,0.0,0.0,0.0,0.0,9255.5496,0.0,0.0,0.0,0.0,0.0,1023.3335999999999,0.0,0.0,2322.1896,1791.9360000000001,0.0,0.0,0.0,0.0,127.26960000000001,1340.0736000000002,439.04639999999995,0.0,0.0,0.0,2442.2208,95.29679999999999,673.8767999999999,0.0,0.0,3533.4528,2754.8232,1734.4992000000002,4986.955199999999,32331.239999999998,2864.8968,0.0,0.0,0.1392
0.0,0.0,0.0,3258.0768,0.0,48342.72480000001,19009.512,0.0,0.0,1946.4840000000002,309.6,0.0,4539.0888,69846.7896,105203.544,1466.7432,0.0,5907.117600000001,0.0,51536.4576,150624.6144,0.0,3564.648,9890.150399999999,21922.14,0.0,0.0,0.0,0.0,0.0,2492.7072,5650.694400000001,0.0,0.0,0.0,0.0,633.5999999999999,0.0,0.0,0.0,0.0,0.0,0.0,0.0,0.0,0.0,0.0,0.0,0.0,0.0,0.0,0.0,0.0,0.0,106.6704,0.0,0.0,0.0,0.0,0.0,0.0,966.6144,0.0,0.0,0.0,0.0,0.0,0.0,8472.002400000001,0.0,0.0,0.0,0.0,574.6487999999999,1373.0064,0.0,3056.3256,0.0,0.0,0.0,0.0,0.0,0.0,0.0,5.076,0.0,0.0,0.0,0.0,0.0,9255.5496,0.0,0.0,0.0,0.0,0.0,1023.3335999999999,0.0,0.0,2322.1896,1791.9360000000001,0.0,0.0,0.0,0.0,127.26960000000001,1340.0736000000002,439.04639999999995,0.0,0.0,0.0,2442.2208,95.29679999999999,673.8767999999999,0.0,0.0,3533.4528,2754.8232,1734.4992000000002,4986.955199999999,32331.239999999998,2864.8968,0.0,0.0,0.1392
0.0,0.0,0.0,3258.0768,0.0,48342.72480000001,19009.512,0.0,0.0,1946.4840000000002,309.6,0.0,4539.0888,69846.7896,105203.544,1466.7432,0.0,5907.117600000001,0.0,51536.4576,150624.6144,0.0,3564.648,9890.150399999999,21922.14,0.0,0.0,0.0,0.0,0.0,2492.7072,5650.694400000001,0.0,0.0,0.0,0.0,633.5999999999999,0.0,0.0,0.0,0.0,0.0,0.0,0.0,0.0,0.0,0.0,0.0,0.0,0.0,0.0,0.0,0.0,0.0,106.6704,0.0,0.0,0.0,0.0,0.0,0.0,966.6144,0.0,0.0,0.0,0.0,0.0,0.0,8472.002400000001,0.0,0.0,0.0,0.0,574.6487999999999,1373.0064,0.0,3056.3256,0.0,0.0,0.0,0.0,0.0,0.0,0.0,5.076,0.0,0.0,0.0,0.0,0.0,9255.5496,0.0,0.0,0.0,0.0,0.0,1023.3335999999999,0.0,0.0,2322.1896,1791.9360000000001,0.0,0.0,0.0,0.0,127.26960000000001,1340.0736000000002,439.04639999999995,0.0,0.0,0.0,2442.2208,95.29679999999999,673.8767999999999,0.0,0.0,3533.4528,2754.8232,1734.4992000000002,4986.955199999999,32331.239999999998,2864.8968,0.0,0.0,0.1392
0.0,0.0,0.0,3258.0768,0.0,48342.72480000001,19009.512,0.0,0.0,1946.4840000000002,309.6,0.0,4539.0888,69846.7896,105203.544,1466.7432,0.0,5907.117600000001,0.0,51536.4576,150624.6144,0.0,3564.648,9890.150399999999,21922.14,0.0,0.0,0.0,0.0,0.0,2492.7072,5650.694400000001,0.0,0.0,0.0,0.0,633.5999999999999,0.0,0.0,0.0,0.0,0.0,0.0,0.0,0.0,0.0,0.0,0.0,0.0,0.0,0.0,0.0,0.0,0.0,106.6704,0.0,0.0,0.0,0.0,0.0,0.0,966.6144,0.0,0.0,0.0,0.0,0.0,0.0,8472.002400000001,0.0,0.0,0.0,0.0,574.6487999999999,1373.0064,0.0,3056.3256,0.0,0.0,0.0,0.0,0.0,0.0,0.0,5.076,0.0,0.0,0.0,0.0,0.0,9255.5496,0.0,0.0,0.0,0.0,0.0,1023.3335999999999,0.0,0.0,2322.1896,1791.9360000000001,0.0,0.0,0.0,0.0,127.26960000000001,1340.0736000000002,439.04639999999995,0.0,0.0,0.0,2442.2208,95.29679999999999,673.8767999999999,0.0,0.0,3533.4528,2754.8232,1734.4992000000002,4986.955199999999,32331.239999999998,2864.8968,0.0,0.0,0.1392
0.0,0.0,0.0,3249.2016,0.0,45787.207200000004,10376.140800000001,0.0,0.0,2012.8415999999997,309.6,0.0,4887.031199999999,72179.4912,115757.77679999999,694.5935999999999,0.0,4179.360000000001,0.0,53419.3464,161449.74959999998,0.0,2722.6176,10740.247200000002,23880.568799999997,0.0,0.0,0.0,0.0,0.0,2359.9392,5295.311999999999,0.0,0.0,0.0,0.0,612.5975999999999,0.0,0.0,0.0,0.0,0.0,0.0,0.0,0.0,0.0,0.0,0.0,0.0,0.0,0.0,0.0,0.0,0.0,91.43279999999999,0.0,0.0,0.0,0.0,0.0,0.0,1019.8968,0.0,0.0,0.0,0.0,0.0,0.0,8155.1975999999995,0.0,0.0,0.0,0.0,563.1791999999999,1321.6607999999999,0.0,2942.0352000000003,0.0,0.0,0.0,0.0,0.0,0.0,0.0,6.288,0.0,0.0,0.0,0.0,0.0,8316.5808,0.0,0.0,0.0,0.0,0.0,1093.5816,0.0,0.0,2444.1744000000003,1795.4591999999998,0.0,0.0,0.0,0.0,111.03120000000001,1131.7776,289.8936,0.0,0.0,0.0,2609.8656,94.09679999999999,660.348,0.0,0.0,2928.7727999999997,3022.7327999999998,1833.9456,4621.9272,37523.3616,2813.1912,0.0,0.0,0.14400000000000002
0.0,0.0,0.0,3249.2016,0.0,45787.207200000004,10376.140800000001,0.0,0.0,2012.8415999999997,309.6,0.0,4887.031199999999,72179.4912,115757.77679999999,694.5935999999999,0.0,4179.360000000001,0.0,53419.3464,161449.74959999998,0.0,2722.6176,10740.247200000002,23880.568799999997,0.0,0.0,0.0,0.0,0.0,2359.9392,5295.311999999999,0.0,0.0,0.0,0.0,612.5975999999999,0.0,0.0,0.0,0.0,0.0,0.0,0.0,0.0,0.0,0.0,0.0,0.0,0.0,0.0,0.0,0.0,0.0,91.43279999999999,0.0,0.0,0.0,0.0,0.0,0.0,1019.8968,0.0,0.0,0.0,0.0,0.0,0.0,8155.1975999999995,0.0,0.0,0.0,0.0,563.1791999999999,1321.6607999999999,0.0,2942.0352000000003,0.0,0.0,0.0,0.0,0.0,0.0,0.0,6.288,0.0,0.0,0.0,0.0,0.0,8316.5808,0.0,0.0,0.0,0.0,0.0,1093.5816,0.0,0.0,2444.1744000000003,1795.4591999999998,0.0,0.0,0.0,0.0,111.03120000000001,1131.7776,289.8936,0.0,0.0,0.0,2609.8656,94.09679999999999,660.348,0.0,0.0,2928.7727999999997,3022.7327999999998,1833.9456,4621.9272,37523.3616,2813.1912,0.0,0.0,0.14400000000000002
0.0,0.0,0.0,3249.2016,0.0,45787.207200000004,10376.140800000001,0.0,0.0,2012.8415999999997,309.6,0.0,4887.031199999999,72179.4912,115757.77679999999,694.5935999999999,0.0,4179.360000000001,0.0,53419.3464,161449.74959999998,0.0,2722.6176,10740.247200000002,23880.568799999997,0.0,0.0,0.0,0.0,0.0,2359.9392,5295.311999999999,0.0,0.0,0.0,0.0,612.5975999999999,0.0,0.0,0.0,0.0,0.0,0.0,0.0,0.0,0.0,0.0,0.0,0.0,0.0,0.0,0.0,0.0,0.0,91.43279999999999,0.0,0.0,0.0,0.0,0.0,0.0,1019.8968,0.0,0.0,0.0,0.0,0.0,0.0,8155.1975999999995,0.0,0.0,0.0,0.0,563.1791999999999,1321.6607999999999,0.0,2942.0352000000003,0.0,0.0,0.0,0.0,0.0,0.0,0.0,6.288,0.0,0.0,0.0,0.0,0.0,8316.5808,0.0,0.0,0.0,0.0,0.0,1093.5816,0.0,0.0,2444.1744000000003,1795.4591999999998,0.0,0.0,0.0,0.0,111.03120000000001,1131.7776,289.8936,0.0,0.0,0.0,2609.8656,94.09679999999999,660.348,0.0,0.0,2928.7727999999997,3022.7327999999998,1833.9456,4621.9272,37523.3616,2813.1912,0.0,0.0,0.14400000000000002
0.0,0.0,0.0,3249.2016,0.0,45787.207200000004,10376.140800000001,0.0,0.0,2012.8415999999997,309.6,0.0,4887.031199999999,72179.4912,115757.77679999999,694.5935999999999,0.0,4179.360000000001,0.0,53419.3464,161449.74959999998,0.0,2722.6176,10740.247200000002,23880.568799999997,0.0,0.0,0.0,0.0,0.0,2359.9392,5295.311999999999,0.0,0.0,0.0,0.0,612.5975999999999,0.0,0.0,0.0,0.0,0.0,0.0,0.0,0.0,0.0,0.0,0.0,0.0,0.0,0.0,0.0,0.0,0.0,91.43279999999999,0.0,0.0,0.0,0.0,0.0,0.0,1019.8968,0.0,0.0,0.0,0.0,0.0,0.0,8155.1975999999995,0.0,0.0,0.0,0.0,563.1791999999999,1321.6607999999999,0.0,2942.0352000000003,0.0,0.0,0.0,0.0,0.0,0.0,0.0,6.288,0.0,0.0,0.0,0.0,0.0,8316.5808,0.0,0.0,0.0,0.0,0.0,1093.5816,0.0,0.0,2444.1744000000003,1795.4591999999998,0.0,0.0,0.0,0.0,111.03120000000001,1131.7776,289.8936,0.0,0.0,0.0,2609.8656,94.09679999999999,660.348,0.0,0.0,2928.7727999999997,3022.7327999999998,1833.9456,4621.9272,37523.3616,2813.1912,0.0,0.0,0.14400000000000002
0.0,0.0,0.0,3249.2016,0.0,45787.207200000004,10376.140800000001,0.0,0.0,2012.8415999999997,309.6,0.0,4887.031199999999,72179.4912,115757.77679999999,694.5935999999999,0.0,4179.360000000001,0.0,53419.3464,161449.74959999998,0.0,2722.6176,10740.247200000002,23880.568799999997,0.0,0.0,0.0,0.0,0.0,2359.9392,5295.311999999999,0.0,0.0,0.0,0.0,612.5975999999999,0.0,0.0,0.0,0.0,0.0,0.0,0.0,0.0,0.0,0.0,0.0,0.0,0.0,0.0,0.0,0.0,0.0,91.43279999999999,0.0,0.0,0.0,0.0,0.0,0.0,1019.8968,0.0,0.0,0.0,0.0,0.0,0.0,8155.1975999999995,0.0,0.0,0.0,0.0,563.1791999999999,1321.6607999999999,0.0,2942.0352000000003,0.0,0.0,0.0,0.0,0.0,0.0,0.0,6.288,0.0,0.0,0.0,0.0,0.0,8316.5808,0.0,0.0,0.0,0.0,0.0,1093.5816,0.0,0.0,2444.1744000000003,1795.4591999999998,0.0,0.0,0.0,0.0,111.03120000000001,1131.7776,289.8936,0.0,0.0,0.0,2609.8656,94.09679999999999,660.348,0.0,0.0,2928.7727999999997,3022.7327999999998,1833.9456,4621.9272,37523.3616,2813.1912,0.0,0.0,0.14400000000000002
0.0,0.0,0.0,3249.2016,0.0,45787.207200000004,10376.140800000001,0.0,0.0,2012.8415999999997,309.6,0.0,4887.031199999999,72179.4912,115757.77679999999,694.5935999999999,0.0,4179.360000000001,0.0,53419.3464,161449.74959999998,0.0,2722.6176,10740.247200000002,23880.568799999997,0.0,0.0,0.0,0.0,0.0,2359.9392,5295.311999999999,0.0,0.0,0.0,0.0,612.5975999999999,0.0,0.0,0.0,0.0,0.0,0.0,0.0,0.0,0.0,0.0,0.0,0.0,0.0,0.0,0.0,0.0,0.0,91.43279999999999,0.0,0.0,0.0,0.0,0.0,0.0,1019.8968,0.0,0.0,0.0,0.0,0.0,0.0,8155.1975999999995,0.0,0.0,0.0,0.0,563.1791999999999,1321.6607999999999,0.0,2942.0352000000003,0.0,0.0,0.0,0.0,0.0,0.0,0.0,6.288,0.0,0.0,0.0,0.0,0.0,8316.5808,0.0,0.0,0.0,0.0,0.0,1093.5816,0.0,0.0,2444.1744000000003,1795.4591999999998,0.0,0.0,0.0,0.0,111.03120000000001,1131.7776,289.8936,0.0,0.0,0.0,2609.8656,94.09679999999999,660.348,0.0,0.0,2928.7727999999997,3022.7327999999998,1833.9456,4621.9272,37523.3616,2813.1912,0.0,0.0,0.14400000000000002
0.0,0.0,0.0,3249.2016,0.0,45787.207200000004,10376.140800000001,0.0,0.0,2012.8415999999997,309.6,0.0,4887.031199999999,72179.4912,115757.77679999999,694.5935999999999,0.0,4179.360000000001,0.0,53419.3464,161449.74959999998,0.0,2722.6176,10740.247200000002,23880.568799999997,0.0,0.0,0.0,0.0,0.0,2359.9392,5295.311999999999,0.0,0.0,0.0,0.0,612.5975999999999,0.0,0.0,0.0,0.0,0.0,0.0,0.0,0.0,0.0,0.0,0.0,0.0,0.0,0.0,0.0,0.0,0.0,91.43279999999999,0.0,0.0,0.0,0.0,0.0,0.0,1019.8968,0.0,0.0,0.0,0.0,0.0,0.0,8155.1975999999995,0.0,0.0,0.0,0.0,563.1791999999999,1321.6607999999999,0.0,2942.0352000000003,0.0,0.0,0.0,0.0,0.0,0.0,0.0,6.288,0.0,0.0,0.0,0.0,0.0,8316.5808,0.0,0.0,0.0,0.0,0.0,1093.5816,0.0,0.0,2444.1744000000003,1795.4591999999998,0.0,0.0,0.0,0.0,111.03120000000001,1131.7776,289.8936,0.0,0.0,0.0,2609.8656,94.09679999999999,660.348,0.0,0.0,2928.7727999999997,3022.7327999999998,1833.9456,4621.9272,37523.3616,2813.1912,0.0,0.0,0.14400000000000002
0.0,0.0,0.0,2596.32,0.0,33549.520800000006,7161.012,0.0,0.0,2130.8112,309.6,0.0,4709.1431999999995,76326.51840000002,116566.29599999999,292.3872,0.0,1980.0287999999998,0.0,38686.7568,147321.44160000005,0.0,1078.8072,5638.142400000001,13322.6328,0.0,0.0,0.0,0.0,0.0,2266.392,5087.1936000000005,0.0,0.0,0.0,0.0,570.9504,0.0,0.0,0.0,0.0,0.0,0.0,0.0,0.0,0.0,0.0,0.0,0.0,0.0,0.0,0.0,0.0,0.0,97.1592,0.0,0.0,0.0,0.0,0.0,0.0,683.2008,0.0,0.0,0.0,0.0,0.0,0.0,8185.857599999999,0.0,0.0,0.0,0.0,574.1904000000002,1326.6312,0.0,2953.0944,0.0,0.0,0.0,0.0,0.0,0.0,0.0,3.612,0.0,0.0,0.0,0.0,0.0,7908.578399999999,0.0,0.0,0.0,0.0,0.0,1148.6399999999999,0.0,0.0,2549.0951999999997,1793.1047999999998,0.0,0.0,0.0,0.0,130.404,1160.6160000000002,193.8936,0.0,0.0,0.0,2741.268,96.97919999999999,637.3968,0.0,0.0,2577.8496,2852.6928,1909.968,4186.0008,35289.2592,2712.2448000000004,0.0,0.0,0.09359999999999999
0.0,0.0,0.0,2596.32,0.0,33549.520800000006,7161.012,0.0,0.0,2130.8112,309.6,0.0,4709.1431999999995,76326.51840000002,116566.29599999999,292.3872,0.0,1980.0287999999998,0.0,38686.7568,147321.44160000005,0.0,1078.8072,5638.142400000001,13322.6328,0.0,0.0,0.0,0.0,0.0,2266.392,5087.1936000000005,0.0,0.0,0.0,0.0,570.9504,0.0,0.0,0.0,0.0,0.0,0.0,0.0,0.0,0.0,0.0,0.0,0.0,0.0,0.0,0.0,0.0,0.0,97.1592,0.0,0.0,0.0,0.0,0.0,0.0,683.2008,0.0,0.0,0.0,0.0,0.0,0.0,8185.857599999999,0.0,0.0,0.0,0.0,574.1904000000002,1326.6312,0.0,2953.0944,0.0,0.0,0.0,0.0,0.0,0.0,0.0,3.612,0.0,0.0,0.0,0.0,0.0,7908.578399999999,0.0,0.0,0.0,0.0,0.0,1148.6399999999999,0.0,0.0,2549.0951999999997,1793.1047999999998,0.0,0.0,0.0,0.0,130.404,1160.6160000000002,193.8936,0.0,0.0,0.0,2741.268,96.97919999999999,637.3968,0.0,0.0,2577.8496,2852.6928,1909.968,4186.0008,35289.2592,2712.2448000000004,0.0,0.0,0.09359999999999999
0.0,0.0,0.0,2596.32,0.0,33549.520800000006,7161.012,0.0,0.0,2130.8112,309.6,0.0,4709.1431999999995,76326.51840000002,116566.29599999999,292.3872,0.0,1980.0287999999998,0.0,38686.7568,147321.44160000005,0.0,1078.8072,5638.142400000001,13322.6328,0.0,0.0,0.0,0.0,0.0,2266.392,5087.1936000000005,0.0,0.0,0.0,0.0,570.9504,0.0,0.0,0.0,0.0,0.0,0.0,0.0,0.0,0.0,0.0,0.0,0.0,0.0,0.0,0.0,0.0,0.0,97.1592,0.0,0.0,0.0,0.0,0.0,0.0,683.2008,0.0,0.0,0.0,0.0,0.0,0.0,8185.857599999999,0.0,0.0,0.0,0.0,574.1904000000002,1326.6312,0.0,2953.0944,0.0,0.0,0.0,0.0,0.0,0.0,0.0,3.612,0.0,0.0,0.0,0.0,0.0,7908.578399999999,0.0,0.0,0.0,0.0,0.0,1148.6399999999999,0.0,0.0,2549.0951999999997,1793.1047999999998,0.0,0.0,0.0,0.0,130.404,1160.6160000000002,193.8936,0.0,0.0,0.0,2741.268,96.97919999999999,637.3968,0.0,0.0,2577.8496,2852.6928,1909.968,4186.0008,35289.2592,2712.2448000000004,0.0,0.0,0.09359999999999999
0.0,0.0,0.0,2596.32,0.0,33549.520800000006,7161.012,0.0,0.0,2130.8112,309.6,0.0,4709.1431999999995,76326.51840000002,116566.29599999999,292.3872,0.0,1980.0287999999998,0.0,38686.7568,147321.44160000005,0.0,1078.8072,5638.142400000001,13322.6328,0.0,0.0,0.0,0.0,0.0,2266.392,5087.1936000000005,0.0,0.0,0.0,0.0,570.9504,0.0,0.0,0.0,0.0,0.0,0.0,0.0,0.0,0.0,0.0,0.0,0.0,0.0,0.0,0.0,0.0,0.0,97.1592,0.0,0.0,0.0,0.0,0.0,0.0,683.2008,0.0,0.0,0.0,0.0,0.0,0.0,8185.857599999999,0.0,0.0,0.0,0.0,574.1904000000002,1326.6312,0.0,2953.0944,0.0,0.0,0.0,0.0,0.0,0.0,0.0,3.612,0.0,0.0,0.0,0.0,0.0,7908.578399999999,0.0,0.0,0.0,0.0,0.0,1148.6399999999999,0.0,0.0,2549.0951999999997,1793.1047999999998,0.0,0.0,0.0,0.0,130.404,1160.6160000000002,193.8936,0.0,0.0,0.0,2741.268,96.97919999999999,637.3968,0.0,0.0,2577.8496,2852.6928,1909.968,4186.0008,35289.2592,2712.2448000000004,0.0,0.0,0.09359999999999999
0.0,0.0,0.0,2596.32,0.0,33549.520800000006,7161.012,0.0,0.0,2130.8112,309.6,0.0,4709.1431999999995,76326.51840000002,116566.29599999999,292.3872,0.0,1980.0287999999998,0.0,38686.7568,147321.44160000005,0.0,1078.8072,5638.142400000001,13322.6328,0.0,0.0,0.0,0.0,0.0,2266.392,5087.1936000000005,0.0,0.0,0.0,0.0,570.9504,0.0,0.0,0.0,0.0,0.0,0.0,0.0,0.0,0.0,0.0,0.0,0.0,0.0,0.0,0.0,0.0,0.0,97.1592,0.0,0.0,0.0,0.0,0.0,0.0,683.2008,0.0,0.0,0.0,0.0,0.0,0.0,8185.857599999999,0.0,0.0,0.0,0.0,574.1904000000002,1326.6312,0.0,2953.0944,0.0,0.0,0.0,0.0,0.0,0.0,0.0,3.612,0.0,0.0,0.0,0.0,0.0,7908.578399999999,0.0,0.0,0.0,0.0,0.0,1148.6399999999999,0.0,0.0,2549.0951999999997,1793.1047999999998,0.0,0.0,0.0,0.0,130.404,1160.6160000000002,193.8936,0.0,0.0,0.0,2741.268,96.97919999999999,637.3968,0.0,0.0,2577.8496,2852.6928,1909.968,4186.0008,35289.2592,2712.2448000000004,0.0,0.0,0.09359999999999999
0.0,0.0,0.0,2596.32,0.0,33549.520800000006,7161.012,0.0,0.0,2130.8112,309.6,0.0,4709.1431999999995,76326.51840000002,116566.29599999999,292.3872,0.0,1980.0287999999998,0.0,38686.7568,147321.44160000005,0.0,1078.8072,5638.142400000001,13322.6328,0.0,0.0,0.0,0.0,0.0,2266.392,5087.1936000000005,0.0,0.0,0.0,0.0,570.9504,0.0,0.0,0.0,0.0,0.0,0.0,0.0,0.0,0.0,0.0,0.0,0.0,0.0,0.0,0.0,0.0,0.0,97.1592,0.0,0.0,0.0,0.0,0.0,0.0,683.2008,0.0,0.0,0.0,0.0,0.0,0.0,8185.857599999999,0.0,0.0,0.0,0.0,574.1904000000002,1326.6312,0.0,2953.0944,0.0,0.0,0.0,0.0,0.0,0.0,0.0,3.612,0.0,0.0,0.0,0.0,0.0,7908.578399999999,0.0,0.0,0.0,0.0,0.0,1148.6399999999999,0.0,0.0,2549.0951999999997,1793.1047999999998,0.0,0.0,0.0,0.0,130.404,1160.6160000000002,193.8936,0.0,0.0,0.0,2741.268,96.97919999999999,637.3968,0.0,0.0,2577.8496,2852.6928,1909.968,4186.0008,35289.2592,2712.2448000000004,0.0,0.0,0.09359999999999999
0.0,0.0,0.0,2596.32,0.0,33549.520800000006,7161.012,0.0,0.0,2130.8112,309.6,0.0,4709.1431999999995,76326.51840000002,116566.29599999999,292.3872,0.0,1980.0287999999998,0.0,38686.7568,147321.44160000005,0.0,1078.8072,5638.142400000001,13322.6328,0.0,0.0,0.0,0.0,0.0,2266.392,5087.1936000000005,0.0,0.0,0.0,0.0,570.9504,0.0,0.0,0.0,0.0,0.0,0.0,0.0,0.0,0.0,0.0,0.0,0.0,0.0,0.0,0.0,0.0,0.0,97.1592,0.0,0.0,0.0,0.0,0.0,0.0,683.2008,0.0,0.0,0.0,0.0,0.0,0.0,8185.857599999999,0.0,0.0,0.0,0.0,574.1904000000002,1326.6312,0.0,2953.0944,0.0,0.0,0.0,0.0,0.0,0.0,0.0,3.612,0.0,0.0,0.0,0.0,0.0,7908.578399999999,0.0,0.0,0.0,0.0,0.0,1148.6399999999999,0.0,0.0,2549.0951999999997,1793.1047999999998,0.0,0.0,0.0,0.0,130.404,1160.6160000000002,193.8936,0.0,0.0,0.0,2741.268,96.97919999999999,637.3968,0.0,0.0,2577.8496,2852.6928,1909.968,4186.0008,35289.2592,2712.2448000000004,0.0,0.0,0.09359999999999999
0.0,0.0,0.0,2117.8104,0.0,29659.521599999996,6474.7272,0.0,0.0,1792.7208,292.9344,0.0,4198.860000000001,68764.6944,99283.0512,191.0232,0.0,1371.9191999999998,0.0,28279.552799999998,125913.7632,0.0,742.896,6101.486400000001,11639.961600000002,0.0,0.0,0.0,0.0,0.0,1922.9928,5858.8392,0.0,0.0,0.0,0.0,539.4648,0.0,0.0,0.0,0.0,0.0,0.0,0.0,0.0,0.0,0.0,0.0,0.0,0.0,0.0,0.0,0.0,0.0,82.4496,0.0,0.0,0.0,0.0,0.0,0.0,524.8728000000001,0.0,0.0,0.0,0.0,0.0,0.0,11550.0528,0.0,0.0,0.0,0.0,571.9512,1647.72,0.0,3613.9152000000004,0.0,0.0,0.0,0.0,0.0,0.0,0.0,5.1288,0.0,0.0,0.0,0.0,0.0,10668.909599999999,0.0,0.0,0.0,0.0,0.0,976.788,0.0,0.0,2154.1272,1685.7528,0.0,0.0,0.0,0.0,203.91359999999997,1026.3719999999998,189.9504,0.0,0.0,0.0,2331.1367999999998,86.25359999999999,734.256,0.0,0.0,2493.2304,2643.0144,1655.6039999999998,3482.9928,27997.3296,2421.5807999999997,0.0,0.0,0.09359999999999999
0.0,0.0,0.0,2117.8104,0.0,29659.521599999996,6474.7272,0.0,0.0,1792.7208,292.9344,0.0,4198.860000000001,68764.6944,99283.0512,191.0232,0.0,1371.9191999999998,0.0,28279.552799999998,125913.7632,0.0,742.896,6101.486400000001,11639.961600000002,0.0,0.0,0.0,0.0,0.0,1922.9928,5858.8392,0.0,0.0,0.0,0.0,539.4648,0.0,0.0,0.0,0.0,0.0,0.0,0.0,0.0,0.0,0.0,0.0,0.0,0.0,0.0,0.0,0.0,0.0,82.4496,0.0,0.0,0.0,0.0,0.0,0.0,524.8728000000001,0.0,0.0,0.0,0.0,0.0,0.0,11550.0528,0.0,0.0,0.0,0.0,571.9512,1647.72,0.0,3613.9152000000004,0.0,0.0,0.0,0.0,0.0,0.0,0.0,5.1288,0.0,0.0,0.0,0.0,0.0,10668.909599999999,0.0,0.0,0.0,0.0,0.0,976.788,0.0,0.0,2154.1272,1685.7528,0.0,0.0,0.0,0.0,203.91359999999997,1026.3719999999998,189.9504,0.0,0.0,0.0,2331.1367999999998,86.25359999999999,734.256,0.0,0.0,2493.2304,2643.0144,1655.6039999999998,3482.9928,27997.3296,2421.5807999999997,0.0,0.0,0.09359999999999999
0.0,0.0,0.0,2117.8104,0.0,29659.521599999996,6474.7272,0.0,0.0,1792.7208,292.9344,0.0,4198.860000000001,68764.6944,99283.0512,191.0232,0.0,1371.9191999999998,0.0,28279.552799999998,125913.7632,0.0,742.896,6101.486400000001,11639.961600000002,0.0,0.0,0.0,0.0,0.0,1922.9928,5858.8392,0.0,0.0,0.0,0.0,539.4648,0.0,0.0,0.0,0.0,0.0,0.0,0.0,0.0,0.0,0.0,0.0,0.0,0.0,0.0,0.0,0.0,0.0,82.4496,0.0,0.0,0.0,0.0,0.0,0.0,524.8728000000001,0.0,0.0,0.0,0.0,0.0,0.0,11550.0528,0.0,0.0,0.0,0.0,571.9512,1647.72,0.0,3613.9152000000004,0.0,0.0,0.0,0.0,0.0,0.0,0.0,5.1288,0.0,0.0,0.0,0.0,0.0,10668.909599999999,0.0,0.0,0.0,0.0,0.0,976.788,0.0,0.0,2154.1272,1685.7528,0.0,0.0,0.0,0.0,203.91359999999997,1026.3719999999998,189.9504,0.0,0.0,0.0,2331.1367999999998,86.25359999999999,734.256,0.0,0.0,2493.2304,2643.0144,1655.6039999999998,3482.9928,27997.3296,2421.5807999999997,0.0,0.0,0.09359999999999999
0.0,0.0,0.0,2117.8104,0.0,29659.521599999996,6474.7272,0.0,0.0,1792.7208,292.9344,0.0,4198.860000000001,68764.6944,99283.0512,191.0232,0.0,1371.9191999999998,0.0,28279.552799999998,125913.7632,0.0,742.896,6101.486400000001,11639.961600000002,0.0,0.0,0.0,0.0,0.0,1922.9928,5858.8392,0.0,0.0,0.0,0.0,539.4648,0.0,0.0,0.0,0.0,0.0,0.0,0.0,0.0,0.0,0.0,0.0,0.0,0.0,0.0,0.0,0.0,0.0,82.4496,0.0,0.0,0.0,0.0,0.0,0.0,524.8728000000001,0.0,0.0,0.0,0.0,0.0,0.0,11550.0528,0.0,0.0,0.0,0.0,571.9512,1647.72,0.0,3613.9152000000004,0.0,0.0,0.0,0.0,0.0,0.0,0.0,5.1288,0.0,0.0,0.0,0.0,0.0,10668.909599999999,0.0,0.0,0.0,0.0,0.0,976.788,0.0,0.0,2154.1272,1685.7528,0.0,0.0,0.0,0.0,203.91359999999997,1026.3719999999998,189.9504,0.0,0.0,0.0,2331.1367999999998,86.25359999999999,734.256,0.0,0.0,2493.2304,2643.0144,1655.6039999999998,3482.9928,27997.3296,2421.5807999999997,0.0,0.0,0.09359999999999999
0.0,0.0,0.0,2117.8104,0.0,29659.521599999996,6474.7272,0.0,0.0,1792.7208,292.9344,0.0,4198.860000000001,68764.6944,99283.0512,191.0232,0.0,1371.9191999999998,0.0,28279.552799999998,125913.7632,0.0,742.896,6101.486400000001,11639.961600000002,0.0,0.0,0.0,0.0,0.0,1922.9928,5858.8392,0.0,0.0,0.0,0.0,539.4648,0.0,0.0,0.0,0.0,0.0,0.0,0.0,0.0,0.0,0.0,0.0,0.0,0.0,0.0,0.0,0.0,0.0,82.4496,0.0,0.0,0.0,0.0,0.0,0.0,524.8728000000001,0.0,0.0,0.0,0.0,0.0,0.0,11550.0528,0.0,0.0,0.0,0.0,571.9512,1647.72,0.0,3613.9152000000004,0.0,0.0,0.0,0.0,0.0,0.0,0.0,5.1288,0.0,0.0,0.0,0.0,0.0,10668.909599999999,0.0,0.0,0.0,0.0,0.0,976.788,0.0,0.0,2154.1272,1685.7528,0.0,0.0,0.0,0.0,203.91359999999997,1026.3719999999998,189.9504,0.0,0.0,0.0,2331.1367999999998,86.25359999999999,734.256,0.0,0.0,2493.2304,2643.0144,1655.6039999999998,3482.9928,27997.3296,2421.5807999999997,0.0,0.0,0.09359999999999999
0.0,0.0,0.0,2117.8104,0.0,29659.521599999996,6474.7272,0.0,0.0,1792.7208,292.9344,0.0,4198.860000000001,68764.6944,99283.0512,191.0232,0.0,1371.9191999999998,0.0,28279.552799999998,125913.7632,0.0,742.896,6101.486400000001,11639.961600000002,0.0,0.0,0.0,0.0,0.0,1922.9928,5858.8392,0.0,0.0,0.0,0.0,539.4648,0.0,0.0,0.0,0.0,0.0,0.0,0.0,0.0,0.0,0.0,0.0,0.0,0.0,0.0,0.0,0.0,0.0,82.4496,0.0,0.0,0.0,0.0,0.0,0.0,524.8728000000001,0.0,0.0,0.0,0.0,0.0,0.0,11550.0528,0.0,0.0,0.0,0.0,571.9512,1647.72,0.0,3613.9152000000004,0.0,0.0,0.0,0.0,0.0,0.0,0.0,5.1288,0.0,0.0,0.0,0.0,0.0,10668.909599999999,0.0,0.0,0.0,0.0,0.0,976.788,0.0,0.0,2154.1272,1685.7528,0.0,0.0,0.0,0.0,203.91359999999997,1026.3719999999998,189.9504,0.0,0.0,0.0,2331.1367999999998,86.25359999999999,734.256,0.0,0.0,2493.2304,2643.0144,1655.6039999999998,3482.9928,27997.3296,2421.5807999999997,0.0,0.0,0.09359999999999999
0.0,0.0,0.0,2117.8104,0.0,29659.521599999996,6474.7272,0.0,0.0,1792.7208,292.9344,0.0,4198.860000000001,68764.6944,99283.0512,191.0232,0.0,1371.9191999999998,0.0,28279.552799999998,125913.7632,0.0,742.896,6101.486400000001,11639.961600000002,0.0,0.0,0.0,0.0,0.0,1922.9928,5858.8392,0.0,0.0,0.0,0.0,539.4648,0.0,0.0,0.0,0.0,0.0,0.0,0.0,0.0,0.0,0.0,0.0,0.0,0.0,0.0,0.0,0.0,0.0,82.4496,0.0,0.0,0.0,0.0,0.0,0.0,524.8728000000001,0.0,0.0,0.0,0.0,0.0,0.0,11550.0528,0.0,0.0,0.0,0.0,571.9512,1647.72,0.0,3613.9152000000004,0.0,0.0,0.0,0.0,0.0,0.0,0.0,5.1288,0.0,0.0,0.0,0.0,0.0,10668.909599999999,0.0,0.0,0.0,0.0,0.0,976.788,0.0,0.0,2154.1272,1685.7528,0.0,0.0,0.0,0.0,203.91359999999997,1026.3719999999998,189.9504,0.0,0.0,0.0,2331.1367999999998,86.25359999999999,734.256,0.0,0.0,2493.2304,2643.0144,1655.6039999999998,3482.9928,27997.3296,2421.5807999999997,0.0,0.0,0.09359999999999999
0.0,0.0,0.0,1858.416,0.0,28151.968799999995,5289.4511999999995,0.0,0.0,1749.7896,239.4984,0.0,3236.9952,70726.01520000001,95517.53279999999,118.68,0.0,969.8112,0.0,18557.9016,122566.0584,0.0,614.1048000000001,6258.180000000001,10380.585599999999,0.0,0.0,0.0,0.0,0.0,1393.3583999999998,5157.8712,0.0,0.0,0.0,0.0,415.49760000000003,0.0,0.0,0.0,0.0,0.0,0.0,0.0,0.0,0.0,0.0,0.0,0.0,0.0,0.0,0.0,0.0,0.0,69.78479999999999,0.0,0.0,0.0,0.0,0.0,0.0,388.752,0.0,0.0,0.0,0.0,0.0,0.0,13701.117600000001,0.0,0.0,0.0,0.0,528.3528000000001,1831.3272,0.0,3982.9296,0.0,0.0,0.0,0.0,0.0,0.0,0.0,9.2952,0.0,0.0,0.0,0.0,0.0,9455.8488,0.0,0.0,0.0,0.0,0.0,782.9975999999999,0.0,0.0,1730.2967999999998,1601.7768,0.0,0.0,0.0,0.0,124.23599999999999,873.8855999999998,219.42479999999998,0.0,0.0,0.0,1868.652,82.7112,830.6112,0.0,0.0,2352.4704,2269.2383999999997,1327.14,4334.4984,18803.04,2663.7840000000006,0.0,0.0,0.0912
0.0,0.0,0.0,1858.416,0.0,28151.968799999995,5289.4511999999995,0.0,0.0,1749.7896,239.4984,0.0,3236.9952,70726.01520000001,95517.53279999999,118.68,0.0,969.8112,0.0,18557.9016,122566.0584,0.0,614.1048000000001,6258.180000000001,10380.585599999999,0.0,0.0,0.0,0.0,0.0,1393.3583999999998,5157.8712,0.0,0.0,0.0,0.0,415.49760000000003,0.0,0.0,0.0,0.0,0.0,0.0,0.0,0.0,0.0,0.0,0.0,0.0,0.0,0.0,0.0,0.0,0.0,69.78479999999999,0.0,0.0,0.0,0.0,0.0,0.0,388.752,0.0,0.0,0.0,0.0,0.0,0.0,13701.117600000001,0.0,0.0,0.0,0.0,528.3528000000001,1831.3272,0.0,3982.9296,0.0,0.0,0.0,0.0,0.0,0.0,0.0,9.2952,0.0,0.0,0.0,0.0,0.0,9455.8488,0.0,0.0,0.0,0.0,0.0,782.9975999999999,0.0,0.0,1730.2967999999998,1601.7768,0.0,0.0,0.0,0.0,124.23599999999999,873.8855999999998,219.42479999999998,0.0,0.0,0.0,1868.652,82.7112,830.6112,0.0,0.0,2352.4704,2269.2383999999997,1327.14,4334.4984,18803.04,2663.7840000000006,0.0,0.0,0.0912
0.0,0.0,0.0,1858.416,0.0,28151.968799999995,5289.4511999999995,0.0,0.0,1749.7896,239.4984,0.0,3236.9952,70726.01520000001,95517.53279999999,118.68,0.0,969.8112,0.0,18557.9016,122566.0584,0.0,614.1048000000001,6258.180000000001,10380.585599999999,0.0,0.0,0.0,0.0,0.0,1393.3583999999998,5157.8712,0.0,0.0,0.0,0.0,415.49760000000003,0.0,0.0,0.0,0.0,0.0,0.0,0.0,0.0,0.0,0.0,0.0,0.0,0.0,0.0,0.0,0.0,0.0,69.78479999999999,0.0,0.0,0.0,0.0,0.0,0.0,388.752,0.0,0.0,0.0,0.0,0.0,0.0,13701.117600000001,0.0,0.0,0.0,0.0,528.3528000000001,1831.3272,0.0,3982.9296,0.0,0.0,0.0,0.0,0.0,0.0,0.0,9.2952,0.0,0.0,0.0,0.0,0.0,9455.8488,0.0,0.0,0.0,0.0,0.0,782.9975999999999,0.0,0.0,1730.2967999999998,1601.7768,0.0,0.0,0.0,0.0,124.23599999999999,873.8855999999998,219.42479999999998,0.0,0.0,0.0,1868.652,82.7112,830.6112,0.0,0.0,2352.4704,2269.2383999999997,1327.14,4334.4984,18803.04,2663.7840000000006,0.0,0.0,0.0912
0.0,0.0,0.0,1858.416,0.0,28151.968799999995,5289.4511999999995,0.0,0.0,1749.7896,239.4984,0.0,3236.9952,70726.01520000001,95517.53279999999,118.68,0.0,969.8112,0.0,18557.9016,122566.0584,0.0,614.1048000000001,6258.180000000001,10380.585599999999,0.0,0.0,0.0,0.0,0.0,1393.3583999999998,5157.8712,0.0,0.0,0.0,0.0,415.49760000000003,0.0,0.0,0.0,0.0,0.0,0.0,0.0,0.0,0.0,0.0,0.0,0.0,0.0,0.0,0.0,0.0,0.0,69.78479999999999,0.0,0.0,0.0,0.0,0.0,0.0,388.752,0.0,0.0,0.0,0.0,0.0,0.0,13701.117600000001,0.0,0.0,0.0,0.0,528.3528000000001,1831.3272,0.0,3982.9296,0.0,0.0,0.0,0.0,0.0,0.0,0.0,9.2952,0.0,0.0,0.0,0.0,0.0,9455.8488,0.0,0.0,0.0,0.0,0.0,782.9975999999999,0.0,0.0,1730.2967999999998,1601.7768,0.0,0.0,0.0,0.0,124.23599999999999,873.8855999999998,219.42479999999998,0.0,0.0,0.0,1868.652,82.7112,830.6112,0.0,0.0,2352.4704,2269.2383999999997,1327.14,4334.4984,18803.04,2663.7840000000006,0.0,0.0,0.0912
0.0,0.0,0.0,1858.416,0.0,28151.968799999995,5289.4511999999995,0.0,0.0,1749.7896,239.4984,0.0,3236.9952,70726.01520000001,95517.53279999999,118.68,0.0,969.8112,0.0,18557.9016,122566.0584,0.0,614.1048000000001,6258.180000000001,10380.585599999999,0.0,0.0,0.0,0.0,0.0,1393.3583999999998,5157.8712,0.0,0.0,0.0,0.0,415.49760000000003,0.0,0.0,0.0,0.0,0.0,0.0,0.0,0.0,0.0,0.0,0.0,0.0,0.0,0.0,0.0,0.0,0.0,69.78479999999999,0.0,0.0,0.0,0.0,0.0,0.0,388.752,0.0,0.0,0.0,0.0,0.0,0.0,13701.117600000001,0.0,0.0,0.0,0.0,528.3528000000001,1831.3272,0.0,3982.9296,0.0,0.0,0.0,0.0,0.0,0.0,0.0,9.2952,0.0,0.0,0.0,0.0,0.0,9455.8488,0.0,0.0,0.0,0.0,0.0,782.9975999999999,0.0,0.0,1730.2967999999998,1601.7768,0.0,0.0,0.0,0.0,124.23599999999999,873.8855999999998,219.42479999999998,0.0,0.0,0.0,1868.652,82.7112,830.6112,0.0,0.0,2352.4704,2269.2383999999997,1327.14,4334.4984,18803.04,2663.7840000000006,0.0,0.0,0.0912
0.0,0.0,0.0,1858.416,0.0,28151.968799999995,5289.4511999999995,0.0,0.0,1749.7896,239.4984,0.0,3236.9952,70726.01520000001,95517.53279999999,118.68,0.0,969.8112,0.0,18557.9016,122566.0584,0.0,614.1048000000001,6258.180000000001,10380.585599999999,0.0,0.0,0.0,0.0,0.0,1393.3583999999998,5157.8712,0.0,0.0,0.0,0.0,415.49760000000003,0.0,0.0,0.0,0.0,0.0,0.0,0.0,0.0,0.0,0.0,0.0,0.0,0.0,0.0,0.0,0.0,0.0,69.78479999999999,0.0,0.0,0.0,0.0,0.0,0.0,388.752,0.0,0.0,0.0,0.0,0.0,0.0,13701.117600000001,0.0,0.0,0.0,0.0,528.3528000000001,1831.3272,0.0,3982.9296,0.0,0.0,0.0,0.0,0.0,0.0,0.0,9.2952,0.0,0.0,0.0,0.0,0.0,9455.8488,0.0,0.0,0.0,0.0,0.0,782.9975999999999,0.0,0.0,1730.2967999999998,1601.7768,0.0,0.0,0.0,0.0,124.23599999999999,873.8855999999998,219.42479999999998,0.0,0.0,0.0,1868.652,82.7112,830.6112,0.0,0.0,2352.4704,2269.2383999999997,1327.14,4334.4984,18803.04,2663.7840000000006,0.0,0.0,0.0912
0.0,0.0,0.0,1858.416,0.0,28151.968799999995,5289.4511999999995,0.0,0.0,1749.7896,239.4984,0.0,3236.9952,70726.01520000001,95517.53279999999,118.68,0.0,969.8112,0.0,18557.9016,122566.0584,0.0,614.1048000000001,6258.180000000001,10380.585599999999,0.0,0.0,0.0,0.0,0.0,1393.3583999999998,5157.8712,0.0,0.0,0.0,0.0,415.49760000000003,0.0,0.0,0.0,0.0,0.0,0.0,0.0,0.0,0.0,0.0,0.0,0.0,0.0,0.0,0.0,0.0,0.0,69.78479999999999,0.0,0.0,0.0,0.0,0.0,0.0,388.752,0.0,0.0,0.0,0.0,0.0,0.0,13701.117600000001,0.0,0.0,0.0,0.0,528.3528000000001,1831.3272,0.0,3982.9296,0.0,0.0,0.0,0.0,0.0,0.0,0.0,9.2952,0.0,0.0,0.0,0.0,0.0,9455.8488,0.0,0.0,0.0,0.0,0.0,782.9975999999999,0.0,0.0,1730.2967999999998,1601.7768,0.0,0.0,0.0,0.0,124.23599999999999,873.8855999999998,219.42479999999998,0.0,0.0,0.0,1868.652,82.7112,830.6112,0.0,0.0,2352.4704,2269.2383999999997,1327.14,4334.4984,18803.04,2663.7840000000006,0.0,0.0,0.0912
0.0,0.0,0.0,1967.196,0.0,31999.751999999997,7552.528800000001,0.0,0.0,1463.4312,294.1776,0.0,3492.1536,59201.651999999995,82202.34,464.0088,0.0,2188.0512,0.0,27660.1824,111749.32320000001,0.0,1552.74,5667.1032000000005,9357.201599999999,0.0,0.0,0.0,0.0,0.0,1233.6504,4637.4768,0.0,0.0,0.0,0.0,410.02559999999994,0.0,0.0,0.0,0.0,0.0,0.0,0.0,0.0,0.0,0.0,0.0,0.0,0.0,0.0,0.0,0.0,0.0,70.04639999999999,0.0,0.0,0.0,0.0,0.0,0.0,347.7744,0.0,0.0,0.0,0.0,0.0,0.0,13168.567200000001,0.0,0.0,0.0,0.0,539.736,1760.1432000000002,0.0,3828.1175999999996,0.0,0.0,0.0,0.0,0.0,0.0,0.0,7.1376,0.0,0.0,0.0,0.0,0.0,8947.596000000001,0.0,0.0,0.0,0.0,0.0,698.4552,0.0,0.0,1550.3976,1603.9560000000001,0.0,0.0,0.0,0.0,92.6136,929.2224000000001,185.60160000000002,0.0,0.0,0.0,1666.8888,87.0312,839.6736,0.0,0.0,2275.968,2440.7351999999996,1183.848,4223.8992,20285.2272,2715.684,0.0,0.0,0.1056
0.0,0.0,0.0,1967.196,0.0,31999.751999999997,7552.528800000001,0.0,0.0,1463.4312,294.1776,0.0,3492.1536,59201.651999999995,82202.34,464.0088,0.0,2188.0512,0.0,27660.1824,111749.32320000001,0.0,1552.74,5667.1032000000005,9357.201599999999,0.0,0.0,0.0,0.0,0.0,1233.6504,4637.4768,0.0,0.0,0.0,0.0,410.02559999999994,0.0,0.0,0.0,0.0,0.0,0.0,0.0,0.0,0.0,0.0,0.0,0.0,0.0,0.0,0.0,0.0,0.0,70.04639999999999,0.0,0.0,0.0,0.0,0.0,0.0,347.7744,0.0,0.0,0.0,0.0,0.0,0.0,13168.567200000001,0.0,0.0,0.0,0.0,539.736,1760.1432000000002,0.0,3828.1175999999996,0.0,0.0,0.0,0.0,0.0,0.0,0.0,7.1376,0.0,0.0,0.0,0.0,0.0,8947.596000000001,0.0,0.0,0.0,0.0,0.0,698.4552,0.0,0.0,1550.3976,1603.9560000000001,0.0,0.0,0.0,0.0,92.6136,929.2224000000001,185.60160000000002,0.0,0.0,0.0,1666.8888,87.0312,839.6736,0.0,0.0,2275.968,2440.7351999999996,1183.848,4223.8992,20285.2272,2715.684,0.0,0.0,0.1056
0.0,0.0,0.0,1967.196,0.0,31999.751999999997,7552.528800000001,0.0,0.0,1463.4312,294.1776,0.0,3492.1536,59201.651999999995,82202.34,464.0088,0.0,2188.0512,0.0,27660.1824,111749.32320000001,0.0,1552.74,5667.1032000000005,9357.201599999999,0.0,0.0,0.0,0.0,0.0,1233.6504,4637.4768,0.0,0.0,0.0,0.0,410.02559999999994,0.0,0.0,0.0,0.0,0.0,0.0,0.0,0.0,0.0,0.0,0.0,0.0,0.0,0.0,0.0,0.0,0.0,70.04639999999999,0.0,0.0,0.0,0.0,0.0,0.0,347.7744,0.0,0.0,0.0,0.0,0.0,0.0,13168.567200000001,0.0,0.0,0.0,0.0,539.736,1760.1432000000002,0.0,3828.1175999999996,0.0,0.0,0.0,0.0,0.0,0.0,0.0,7.1376,0.0,0.0,0.0,0.0,0.0,8947.596000000001,0.0,0.0,0.0,0.0,0.0,698.4552,0.0,0.0,1550.3976,1603.9560000000001,0.0,0.0,0.0,0.0,92.6136,929.2224000000001,185.60160000000002,0.0,0.0,0.0,1666.8888,87.0312,839.6736,0.0,0.0,2275.968,2440.7351999999996,1183.848,4223.8992,20285.2272,2715.684,0.0,0.0,0.1056
0.0,0.0,0.0,1967.196,0.0,31999.751999999997,7552.528800000001,0.0,0.0,1463.4312,294.1776,0.0,3492.1536,59201.651999999995,82202.34,464.0088,0.0,2188.0512,0.0,27660.1824,111749.32320000001,0.0,1552.74,5667.1032000000005,9357.201599999999,0.0,0.0,0.0,0.0,0.0,1233.6504,4637.4768,0.0,0.0,0.0,0.0,410.02559999999994,0.0,0.0,0.0,0.0,0.0,0.0,0.0,0.0,0.0,0.0,0.0,0.0,0.0,0.0,0.0,0.0,0.0,70.04639999999999,0.0,0.0,0.0,0.0,0.0,0.0,347.7744,0.0,0.0,0.0,0.0,0.0,0.0,13168.567200000001,0.0,0.0,0.0,0.0,539.736,1760.1432000000002,0.0,3828.1175999999996,0.0,0.0,0.0,0.0,0.0,0.0,0.0,7.1376,0.0,0.0,0.0,0.0,0.0,8947.596000000001,0.0,0.0,0.0,0.0,0.0,698.4552,0.0,0.0,1550.3976,1603.9560000000001,0.0,0.0,0.0,0.0,92.6136,929.2224000000001,185.60160000000002,0.0,0.0,0.0,1666.8888,87.0312,839.6736,0.0,0.0,2275.968,2440.7351999999996,1183.848,4223.8992,20285.2272,2715.684,0.0,0.0,0.1056
0.0,0.0,0.0,1967.196,0.0,31999.751999999997,7552.528800000001,0.0,0.0,1463.4312,294.1776,0.0,3492.1536,59201.651999999995,82202.34,464.0088,0.0,2188.0512,0.0,27660.1824,111749.32320000001,0.0,1552.74,5667.1032000000005,9357.201599999999,0.0,0.0,0.0,0.0,0.0,1233.6504,4637.4768,0.0,0.0,0.0,0.0,410.02559999999994,0.0,0.0,0.0,0.0,0.0,0.0,0.0,0.0,0.0,0.0,0.0,0.0,0.0,0.0,0.0,0.0,0.0,70.04639999999999,0.0,0.0,0.0,0.0,0.0,0.0,347.7744,0.0,0.0,0.0,0.0,0.0,0.0,13168.567200000001,0.0,0.0,0.0,0.0,539.736,1760.1432000000002,0.0,3828.1175999999996,0.0,0.0,0.0,0.0,0.0,0.0,0.0,7.1376,0.0,0.0,0.0,0.0,0.0,8947.596000000001,0.0,0.0,0.0,0.0,0.0,698.4552,0.0,0.0,1550.3976,1603.9560000000001,0.0,0.0,0.0,0.0,92.6136,929.2224000000001,185.60160000000002,0.0,0.0,0.0,1666.8888,87.0312,839.6736,0.0,0.0,2275.968,2440.7351999999996,1183.848,4223.8992,20285.2272,2715.684,0.0,0.0,0.1056
0.0,0.0,0.0,1967.196,0.0,31999.751999999997,7552.528800000001,0.0,0.0,1463.4312,294.1776,0.0,3492.1536,59201.651999999995,82202.34,464.0088,0.0,2188.0512,0.0,27660.1824,111749.32320000001,0.0,1552.74,5667.1032000000005,9357.201599999999,0.0,0.0,0.0,0.0,0.0,1233.6504,4637.4768,0.0,0.0,0.0,0.0,410.02559999999994,0.0,0.0,0.0,0.0,0.0,0.0,0.0,0.0,0.0,0.0,0.0,0.0,0.0,0.0,0.0,0.0,0.0,70.04639999999999,0.0,0.0,0.0,0.0,0.0,0.0,347.7744,0.0,0.0,0.0,0.0,0.0,0.0,13168.567200000001,0.0,0.0,0.0,0.0,539.736,1760.1432000000002,0.0,3828.1175999999996,0.0,0.0,0.0,0.0,0.0,0.0,0.0,7.1376,0.0,0.0,0.0,0.0,0.0,8947.596000000001,0.0,0.0,0.0,0.0,0.0,698.4552,0.0,0.0,1550.3976,1603.9560000000001,0.0,0.0,0.0,0.0,92.6136,929.2224000000001,185.60160000000002,0.0,0.0,0.0,1666.8888,87.0312,839.6736,0.0,0.0,2275.968,2440.7351999999996,1183.848,4223.8992,20285.2272,2715.684,0.0,0.0,0.1056
0.0,0.0,0.0,1967.196,0.0,31999.751999999997,7552.528800000001,0.0,0.0,1463.4312,294.1776,0.0,3492.1536,59201.651999999995,82202.34,464.0088,0.0,2188.0512,0.0,27660.1824,111749.32320000001,0.0,1552.74,5667.1032000000005,9357.201599999999,0.0,0.0,0.0,0.0,0.0,1233.6504,4637.4768,0.0,0.0,0.0,0.0,410.02559999999994,0.0,0.0,0.0,0.0,0.0,0.0,0.0,0.0,0.0,0.0,0.0,0.0,0.0,0.0,0.0,0.0,0.0,70.04639999999999,0.0,0.0,0.0,0.0,0.0,0.0,347.7744,0.0,0.0,0.0,0.0,0.0,0.0,13168.567200000001,0.0,0.0,0.0,0.0,539.736,1760.1432000000002,0.0,3828.1175999999996,0.0,0.0,0.0,0.0,0.0,0.0,0.0,7.1376,0.0,0.0,0.0,0.0,0.0,8947.596000000001,0.0,0.0,0.0,0.0,0.0,698.4552,0.0,0.0,1550.3976,1603.9560000000001,0.0,0.0,0.0,0.0,92.6136,929.2224000000001,185.60160000000002,0.0,0.0,0.0,1666.8888,87.0312,839.6736,0.0,0.0,2275.968,2440.7351999999996,1183.848,4223.8992,20285.2272,2715.684,0.0,0.0,0.1056
0.0,0.0,0.0,2193.9168,0.0,34398.3912,7117.884,0.0,0.0,1624.9247999999998,307.38,0.0,4496.2992,65734.716,98534.0448,413.3832,0.0,2138.7336,0.0,38722.5744,135603.79679999995,0.0,1347.7176000000002,5147.714400000001,8407.538400000001,0.0,0.0,0.0,0.0,0.0,1160.5248,4359.419999999999,0.0,0.0,0.0,0.0,393.612,0.0,0.0,0.0,0.0,0.0,0.0,0.0,0.0,0.0,0.0,0.0,0.0,0.0,0.0,0.0,0.0,0.0,60.6744,0.0,0.0,0.0,0.0,0.0,0.0,318.6648,0.0,0.0,0.0,0.0,0.0,0.0,12619.8768,0.0,0.0,0.0,0.0,525.2256,1686.804,0.0,3668.6112000000003,0.0,0.0,0.0,0.0,0.0,0.0,0.0,10.831199999999999,0.0,0.0,0.0,0.0,0.0,8211.220800000001,0.0,0.0,0.0,0.0,0.0,669.9888,0.0,0.0,1480.6872,1612.6344,0.0,0.0,0.0,0.0,123.0024,1144.4616,134.436,0.0,0.0,0.0,1598.9543999999999,91.2168,850.4304,0.0,0.0,2415.9624000000003,2730.4248,1135.596,4102.4856,34095.0576,2761.2744000000002,0.0,0.0,0.12240000000000001
0.0,0.0,0.0,2193.9168,0.0,34398.3912,7117.884,0.0,0.0,1624.9247999999998,307.38,0.0,4496.2992,65734.716,98534.0448,413.3832,0.0,2138.7336,0.0,38722.5744,135603.79679999995,0.0,1347.7176000000002,5147.714400000001,8407.538400000001,0.0,0.0,0.0,0.0,0.0,1160.5248,4359.419999999999,0.0,0.0,0.0,0.0,393.612,0.0,0.0,0.0,0.0,0.0,0.0,0.0,0.0,0.0,0.0,0.0,0.0,0.0,0.0,0.0,0.0,0.0,60.6744,0.0,0.0,0.0,0.0,0.0,0.0,318.6648,0.0,0.0,0.0,0.0,0.0,0.0,12619.8768,0.0,0.0,0.0,0.0,525.2256,1686.804,0.0,3668.6112000000003,0.0,0.0,0.0,0.0,0.0,0.0,0.0,10.831199999999999,0.0,0.0,0.0,0.0,0.0,8211.220800000001,0.0,0.0,0.0,0.0,0.0,669.9888,0.0,0.0,1480.6872,1612.6344,0.0,0.0,0.0,0.0,123.0024,1144.4616,134.436,0.0,0.0,0.0,1598.9543999999999,91.2168,850.4304,0.0,0.0,2415.9624000000003,2730.4248,1135.596,4102.4856,34095.0576,2761.2744000000002,0.0,0.0,0.12240000000000001
0.0,0.0,0.0,2193.9168,0.0,34398.3912,7117.884,0.0,0.0,1624.9247999999998,307.38,0.0,4496.2992,65734.716,98534.0448,413.3832,0.0,2138.7336,0.0,38722.5744,135603.79679999995,0.0,1347.7176000000002,5147.714400000001,8407.538400000001,0.0,0.0,0.0,0.0,0.0,1160.5248,4359.419999999999,0.0,0.0,0.0,0.0,393.612,0.0,0.0,0.0,0.0,0.0,0.0,0.0,0.0,0.0,0.0,0.0,0.0,0.0,0.0,0.0,0.0,0.0,60.6744,0.0,0.0,0.0,0.0,0.0,0.0,318.6648,0.0,0.0,0.0,0.0,0.0,0.0,12619.8768,0.0,0.0,0.0,0.0,525.2256,1686.804,0.0,3668.6112000000003,0.0,0.0,0.0,0.0,0.0,0.0,0.0,10.831199999999999,0.0,0.0,0.0,0.0,0.0,8211.220800000001,0.0,0.0,0.0,0.0,0.0,669.9888,0.0,0.0,1480.6872,1612.6344,0.0,0.0,0.0,0.0,123.0024,1144.4616,134.436,0.0,0.0,0.0,1598.9543999999999,91.2168,850.4304,0.0,0.0,2415.9624000000003,2730.4248,1135.596,4102.4856,34095.0576,2761.2744000000002,0.0,0.0,0.12240000000000001
0.0,0.0,0.0,2193.9168,0.0,34398.3912,7117.884,0.0,0.0,1624.9247999999998,307.38,0.0,4496.2992,65734.716,98534.0448,413.3832,0.0,2138.7336,0.0,38722.5744,135603.79679999995,0.0,1347.7176000000002,5147.714400000001,8407.538400000001,0.0,0.0,0.0,0.0,0.0,1160.5248,4359.419999999999,0.0,0.0,0.0,0.0,393.612,0.0,0.0,0.0,0.0,0.0,0.0,0.0,0.0,0.0,0.0,0.0,0.0,0.0,0.0,0.0,0.0,0.0,60.6744,0.0,0.0,0.0,0.0,0.0,0.0,318.6648,0.0,0.0,0.0,0.0,0.0,0.0,12619.8768,0.0,0.0,0.0,0.0,525.2256,1686.804,0.0,3668.6112000000003,0.0,0.0,0.0,0.0,0.0,0.0,0.0,10.831199999999999,0.0,0.0,0.0,0.0,0.0,8211.220800000001,0.0,0.0,0.0,0.0,0.0,669.9888,0.0,0.0,1480.6872,1612.6344,0.0,0.0,0.0,0.0,123.0024,1144.4616,134.436,0.0,0.0,0.0,1598.9543999999999,91.2168,850.4304,0.0,0.0,2415.9624000000003,2730.4248,1135.596,4102.4856,34095.0576,2761.2744000000002,0.0,0.0,0.12240000000000001
0.0,0.0,0.0,2193.9168,0.0,34398.3912,7117.884,0.0,0.0,1624.9247999999998,307.38,0.0,4496.2992,65734.716,98534.0448,413.3832,0.0,2138.7336,0.0,38722.5744,135603.79679999995,0.0,1347.7176000000002,5147.714400000001,8407.538400000001,0.0,0.0,0.0,0.0,0.0,1160.5248,4359.419999999999,0.0,0.0,0.0,0.0,393.612,0.0,0.0,0.0,0.0,0.0,0.0,0.0,0.0,0.0,0.0,0.0,0.0,0.0,0.0,0.0,0.0,0.0,60.6744,0.0,0.0,0.0,0.0,0.0,0.0,318.6648,0.0,0.0,0.0,0.0,0.0,0.0,12619.8768,0.0,0.0,0.0,0.0,525.2256,1686.804,0.0,3668.6112000000003,0.0,0.0,0.0,0.0,0.0,0.0,0.0,10.831199999999999,0.0,0.0,0.0,0.0,0.0,8211.220800000001,0.0,0.0,0.0,0.0,0.0,669.9888,0.0,0.0,1480.6872,1612.6344,0.0,0.0,0.0,0.0,123.0024,1144.4616,134.436,0.0,0.0,0.0,1598.9543999999999,91.2168,850.4304,0.0,0.0,2415.9624000000003,2730.4248,1135.596,4102.4856,34095.0576,2761.2744000000002,0.0,0.0,0.12240000000000001
0.0,0.0,0.0,2193.9168,0.0,34398.3912,7117.884,0.0,0.0,1624.9247999999998,307.38,0.0,4496.2992,65734.716,98534.0448,413.3832,0.0,2138.7336,0.0,38722.5744,135603.79679999995,0.0,1347.7176000000002,5147.714400000001,8407.538400000001,0.0,0.0,0.0,0.0,0.0,1160.5248,4359.419999999999,0.0,0.0,0.0,0.0,393.612,0.0,0.0,0.0,0.0,0.0,0.0,0.0,0.0,0.0,0.0,0.0,0.0,0.0,0.0,0.0,0.0,0.0,60.6744,0.0,0.0,0.0,0.0,0.0,0.0,318.6648,0.0,0.0,0.0,0.0,0.0,0.0,12619.8768,0.0,0.0,0.0,0.0,525.2256,1686.804,0.0,3668.6112000000003,0.0,0.0,0.0,0.0,0.0,0.0,0.0,10.831199999999999,0.0,0.0,0.0,0.0,0.0,8211.220800000001,0.0,0.0,0.0,0.0,0.0,669.9888,0.0,0.0,1480.6872,1612.6344,0.0,0.0,0.0,0.0,123.0024,1144.4616,134.436,0.0,0.0,0.0,1598.9543999999999,91.2168,850.4304,0.0,0.0,2415.9624000000003,2730.4248,1135.596,4102.4856,34095.0576,2761.2744000000002,0.0,0.0,0.12240000000000001
0.0,0.0,0.0,2193.9168,0.0,34398.3912,7117.884,0.0,0.0,1624.9247999999998,307.38,0.0,4496.2992,65734.716,98534.0448,413.3832,0.0,2138.7336,0.0,38722.5744,135603.79679999995,0.0,1347.7176000000002,5147.714400000001,8407.538400000001,0.0,0.0,0.0,0.0,0.0,1160.5248,4359.419999999999,0.0,0.0,0.0,0.0,393.612,0.0,0.0,0.0,0.0,0.0,0.0,0.0,0.0,0.0,0.0,0.0,0.0,0.0,0.0,0.0,0.0,0.0,60.6744,0.0,0.0,0.0,0.0,0.0,0.0,318.6648,0.0,0.0,0.0,0.0,0.0,0.0,12619.8768,0.0,0.0,0.0,0.0,525.2256,1686.804,0.0,3668.6112000000003,0.0,0.0,0.0,0.0,0.0,0.0,0.0,10.831199999999999,0.0,0.0,0.0,0.0,0.0,8211.220800000001,0.0,0.0,0.0,0.0,0.0,669.9888,0.0,0.0,1480.6872,1612.6344,0.0,0.0,0.0,0.0,123.0024,1144.4616,134.436,0.0,0.0,0.0,1598.9543999999999,91.2168,850.4304,0.0,0.0,2415.9624000000003,2730.4248,1135.596,4102.4856,34095.0576,2761.2744000000002,0.0,0.0,0.12240000000000001
0.0,0.0,0.0,2465.6736,0.0,37192.5528,9208.7592,0.0,0.0,1683.972,290.1936,0.0,4599.559200000001,67283.40000000001,104178.1824,436.1472,0.0,2272.7448,0.0,50256.852,147039.3336,0.0,1400.5680000000002,5044.068,8623.5768,0.0,0.0,0.0,0.0,0.0,2658.1416,8944.502399999998,0.0,0.0,0.0,0.0,333.1968,0.0,0.0,0.0,0.0,0.0,0.0,0.0,0.0,0.0,0.0,0.0,0.0,0.0,0.0,0.0,0.0,0.0,53.1624,0.0,0.0,0.0,0.0,0.0,0.0,501.4344,0.0,0.0,0.0,0.0,0.0,0.0,13527.155999999999,0.0,0.0,0.0,0.0,553.7472,1810.3919999999998,0.0,3969.0864,0.0,0.0,0.0,0.0,0.0,0.0,0.0,18.336,0.0,0.0,0.0,0.0,0.0,7697.028,0.0,0.0,0.0,0.0,0.0,686.8704,0.0,0.0,1566.6408000000001,1641.06,0.0,0.0,0.0,0.0,156.7704,1187.8176,123.4032,0.0,0.0,0.0,1639.2384,120.0552,1140.4512,0.0,0.0,2353.1232,2789.2992,1164.2064,3972.3191999999995,37836.0864,2704.0728,0.0,0.0,0.1392
0.0,0.0,0.0,2465.6736,0.0,37192.5528,9208.7592,0.0,0.0,1683.972,290.1936,0.0,4599.559200000001,67283.40000000001,104178.1824,436.1472,0.0,2272.7448,0.0,50256.852,147039.3336,0.0,1400.5680000000002,5044.068,8623.5768,0.0,0.0,0.0,0.0,0.0,2658.1416,8944.502399999998,0.0,0.0,0.0,0.0,333.1968,0.0,0.0,0.0,0.0,0.0,0.0,0.0,0.0,0.0,0.0,0.0,0.0,0.0,0.0,0.0,0.0,0.0,53.1624,0.0,0.0,0.0,0.0,0.0,0.0,501.4344,0.0,0.0,0.0,0.0,0.0,0.0,13527.155999999999,0.0,0.0,0.0,0.0,553.7472,1810.3919999999998,0.0,3969.0864,0.0,0.0,0.0,0.0,0.0,0.0,0.0,18.336,0.0,0.0,0.0,0.0,0.0,7697.028,0.0,0.0,0.0,0.0,0.0,686.8704,0.0,0.0,1566.6408000000001,1641.06,0.0,0.0,0.0,0.0,156.7704,1187.8176,123.4032,0.0,0.0,0.0,1639.2384,120.0552,1140.4512,0.0,0.0,2353.1232,2789.2992,1164.2064,3972.3191999999995,37836.0864,2704.0728,0.0,0.0,0.1392
0.0,0.0,0.0,2465.6736,0.0,37192.5528,9208.7592,0.0,0.0,1683.972,290.1936,0.0,4599.559200000001,67283.40000000001,104178.1824,436.1472,0.0,2272.7448,0.0,50256.852,147039.3336,0.0,1400.5680000000002,5044.068,8623.5768,0.0,0.0,0.0,0.0,0.0,2658.1416,8944.502399999998,0.0,0.0,0.0,0.0,333.1968,0.0,0.0,0.0,0.0,0.0,0.0,0.0,0.0,0.0,0.0,0.0,0.0,0.0,0.0,0.0,0.0,0.0,53.1624,0.0,0.0,0.0,0.0,0.0,0.0,501.4344,0.0,0.0,0.0,0.0,0.0,0.0,13527.155999999999,0.0,0.0,0.0,0.0,553.7472,1810.3919999999998,0.0,3969.0864,0.0,0.0,0.0,0.0,0.0,0.0,0.0,18.336,0.0,0.0,0.0,0.0,0.0,7697.028,0.0,0.0,0.0,0.0,0.0,686.8704,0.0,0.0,1566.6408000000001,1641.06,0.0,0.0,0.0,0.0,156.7704,1187.8176,123.4032,0.0,0.0,0.0,1639.2384,120.0552,1140.4512,0.0,0.0,2353.1232,2789.2992,1164.2064,3972.3191999999995,37836.0864,2704.0728,0.0,0.0,0.1392
0.0,0.0,0.0,2465.6736,0.0,37192.5528,9208.7592,0.0,0.0,1683.972,290.1936,0.0,4599.559200000001,67283.40000000001,104178.1824,436.1472,0.0,2272.7448,0.0,50256.852,147039.3336,0.0,1400.5680000000002,5044.068,8623.5768,0.0,0.0,0.0,0.0,0.0,2658.1416,8944.502399999998,0.0,0.0,0.0,0.0,333.1968,0.0,0.0,0.0,0.0,0.0,0.0,0.0,0.0,0.0,0.0,0.0,0.0,0.0,0.0,0.0,0.0,0.0,53.1624,0.0,0.0,0.0,0.0,0.0,0.0,501.4344,0.0,0.0,0.0,0.0,0.0,0.0,13527.155999999999,0.0,0.0,0.0,0.0,553.7472,1810.3919999999998,0.0,3969.0864,0.0,0.0,0.0,0.0,0.0,0.0,0.0,18.336,0.0,0.0,0.0,0.0,0.0,7697.028,0.0,0.0,0.0,0.0,0.0,686.8704,0.0,0.0,1566.6408000000001,1641.06,0.0,0.0,0.0,0.0,156.7704,1187.8176,123.4032,0.0,0.0,0.0,1639.2384,120.0552,1140.4512,0.0,0.0,2353.1232,2789.2992,1164.2064,3972.3191999999995,37836.0864,2704.0728,0.0,0.0,0.1392
0.0,0.0,0.0,2465.6736,0.0,37192.5528,9208.7592,0.0,0.0,1683.972,290.1936,0.0,4599.559200000001,67283.40000000001,104178.1824,436.1472,0.0,2272.7448,0.0,50256.852,147039.3336,0.0,1400.5680000000002,5044.068,8623.5768,0.0,0.0,0.0,0.0,0.0,2658.1416,8944.502399999998,0.0,0.0,0.0,0.0,333.1968,0.0,0.0,0.0,0.0,0.0,0.0,0.0,0.0,0.0,0.0,0.0,0.0,0.0,0.0,0.0,0.0,0.0,53.1624,0.0,0.0,0.0,0.0,0.0,0.0,501.4344,0.0,0.0,0.0,0.0,0.0,0.0,13527.155999999999,0.0,0.0,0.0,0.0,553.7472,1810.3919999999998,0.0,3969.0864,0.0,0.0,0.0,0.0,0.0,0.0,0.0,18.336,0.0,0.0,0.0,0.0,0.0,7697.028,0.0,0.0,0.0,0.0,0.0,686.8704,0.0,0.0,1566.6408000000001,1641.06,0.0,0.0,0.0,0.0,156.7704,1187.8176,123.4032,0.0,0.0,0.0,1639.2384,120.0552,1140.4512,0.0,0.0,2353.1232,2789.2992,1164.2064,3972.3191999999995,37836.0864,2704.0728,0.0,0.0,0.1392
0.0,0.0,0.0,2465.6736,0.0,37192.5528,9208.7592,0.0,0.0,1683.972,290.1936,0.0,4599.559200000001,67283.40000000001,104178.1824,436.1472,0.0,2272.7448,0.0,50256.852,147039.3336,0.0,1400.5680000000002,5044.068,8623.5768,0.0,0.0,0.0,0.0,0.0,2658.1416,8944.502399999998,0.0,0.0,0.0,0.0,333.1968,0.0,0.0,0.0,0.0,0.0,0.0,0.0,0.0,0.0,0.0,0.0,0.0,0.0,0.0,0.0,0.0,0.0,53.1624,0.0,0.0,0.0,0.0,0.0,0.0,501.4344,0.0,0.0,0.0,0.0,0.0,0.0,13527.155999999999,0.0,0.0,0.0,0.0,553.7472,1810.3919999999998,0.0,3969.0864,0.0,0.0,0.0,0.0,0.0,0.0,0.0,18.336,0.0,0.0,0.0,0.0,0.0,7697.028,0.0,0.0,0.0,0.0,0.0,686.8704,0.0,0.0,1566.6408000000001,1641.06,0.0,0.0,0.0,0.0,156.7704,1187.8176,123.4032,0.0,0.0,0.0,1639.2384,120.0552,1140.4512,0.0,0.0,2353.1232,2789.2992,1164.2064,3972.3191999999995,37836.0864,2704.0728,0.0,0.0,0.1392
0.0,0.0,0.0,2465.6736,0.0,37192.5528,9208.7592,0.0,0.0,1683.972,290.1936,0.0,4599.559200000001,67283.40000000001,104178.1824,436.1472,0.0,2272.7448,0.0,50256.852,147039.3336,0.0,1400.5680000000002,5044.068,8623.5768,0.0,0.0,0.0,0.0,0.0,2658.1416,8944.502399999998,0.0,0.0,0.0,0.0,333.1968,0.0,0.0,0.0,0.0,0.0,0.0,0.0,0.0,0.0,0.0,0.0,0.0,0.0,0.0,0.0,0.0,0.0,53.1624,0.0,0.0,0.0,0.0,0.0,0.0,501.4344,0.0,0.0,0.0,0.0,0.0,0.0,13527.155999999999,0.0,0.0,0.0,0.0,553.7472,1810.3919999999998,0.0,3969.0864,0.0,0.0,0.0,0.0,0.0,0.0,0.0,18.336,0.0,0.0,0.0,0.0,0.0,7697.028,0.0,0.0,0.0,0.0,0.0,686.8704,0.0,0.0,1566.6408000000001,1641.06,0.0,0.0,0.0,0.0,156.7704,1187.8176,123.4032,0.0,0.0,0.0,1639.2384,120.0552,1140.4512,0.0,0.0,2353.1232,2789.2992,1164.2064,3972.3191999999995,37836.0864,2704.0728,0.0,0.0,0.1392
0.0,0.0,0.0,2327.3903999999998,0.0,26746.0824,5939.7864,0.0,0.0,1730.6976,252.8904,0.0,4460.2536,63695.85600000001,104149.27679999999,312.0912,0.0,1771.4016000000004,0.0,34993.752,116643.816,0.0,1017.2232,7855.656,10367.680799999998,0.0,0.0,0.0,0.0,0.0,1960.9992000000002,5900.844,0.0,0.0,0.0,0.0,324.7488,0.0,0.0,0.0,0.0,0.0,0.0,0.0,0.0,0.0,0.0,0.0,0.0,0.0,0.0,0.0,0.0,0.0,51.364799999999995,0.0,0.0,0.0,0.0,0.0,0.0,449.6808,0.0,0.0,0.0,0.0,0.0,0.0,14257.655999999999,0.0,0.0,0.0,0.0,536.0784,1920.7536,0.0,4382.9136,0.0,0.0,0.0,0.0,0.0,0.0,0.0,48.672,0.0,0.0,0.0,0.0,0.0,10701.7992,0.0,0.0,0.0,0.0,0.0,757.8864000000001,0.0,0.0,1979.9064000000003,1434.0167999999999,0.0,0.0,0.0,0.0,320.028,1607.9256,180.2928,0.0,0.0,0.0,1808.7215999999999,260.12399999999997,2909.3808,0.0,0.0,3150.3527999999997,2709.8736,1284.576,4588.476,40659.8736,2687.4672,0.0,0.0,0.11280000000000001
0.0,0.0,0.0,2327.3903999999998,0.0,26746.0824,5939.7864,0.0,0.0,1730.6976,252.8904,0.0,4460.2536,63695.85600000001,104149.27679999999,312.0912,0.0,1771.4016000000004,0.0,34993.752,116643.816,0.0,1017.2232,7855.656,10367.680799999998,0.0,0.0,0.0,0.0,0.0,1960.9992000000002,5900.844,0.0,0.0,0.0,0.0,324.7488,0.0,0.0,0.0,0.0,0.0,0.0,0.0,0.0,0.0,0.0,0.0,0.0,0.0,0.0,0.0,0.0,0.0,51.364799999999995,0.0,0.0,0.0,0.0,0.0,0.0,449.6808,0.0,0.0,0.0,0.0,0.0,0.0,14257.655999999999,0.0,0.0,0.0,0.0,536.0784,1920.7536,0.0,4382.9136,0.0,0.0,0.0,0.0,0.0,0.0,0.0,48.672,0.0,0.0,0.0,0.0,0.0,10701.7992,0.0,0.0,0.0,0.0,0.0,757.8864000000001,0.0,0.0,1979.9064000000003,1434.0167999999999,0.0,0.0,0.0,0.0,320.028,1607.9256,180.2928,0.0,0.0,0.0,1808.7215999999999,260.12399999999997,2909.3808,0.0,0.0,3150.3527999999997,2709.8736,1284.576,4588.476,40659.8736,2687.4672,0.0,0.0,0.11280000000000001
0.0,0.0,0.0,2327.3903999999998,0.0,26746.0824,5939.7864,0.0,0.0,1730.6976,252.8904,0.0,4460.2536,63695.85600000001,104149.27679999999,312.0912,0.0,1771.4016000000004,0.0,34993.752,116643.816,0.0,1017.2232,7855.656,10367.680799999998,0.0,0.0,0.0,0.0,0.0,1960.9992000000002,5900.844,0.0,0.0,0.0,0.0,324.7488,0.0,0.0,0.0,0.0,0.0,0.0,0.0,0.0,0.0,0.0,0.0,0.0,0.0,0.0,0.0,0.0,0.0,51.364799999999995,0.0,0.0,0.0,0.0,0.0,0.0,449.6808,0.0,0.0,0.0,0.0,0.0,0.0,14257.655999999999,0.0,0.0,0.0,0.0,536.0784,1920.7536,0.0,4382.9136,0.0,0.0,0.0,0.0,0.0,0.0,0.0,48.672,0.0,0.0,0.0,0.0,0.0,10701.7992,0.0,0.0,0.0,0.0,0.0,757.8864000000001,0.0,0.0,1979.9064000000003,1434.0167999999999,0.0,0.0,0.0,0.0,320.028,1607.9256,180.2928,0.0,0.0,0.0,1808.7215999999999,260.12399999999997,2909.3808,0.0,0.0,3150.3527999999997,2709.8736,1284.576,4588.476,40659.8736,2687.4672,0.0,0.0,0.11280000000000001
0.0,0.0,0.0,2327.3903999999998,0.0,26746.0824,5939.7864,0.0,0.0,1730.6976,252.8904,0.0,4460.2536,63695.85600000001,104149.27679999999,312.0912,0.0,1771.4016000000004,0.0,34993.752,116643.816,0.0,1017.2232,7855.656,10367.680799999998,0.0,0.0,0.0,0.0,0.0,1960.9992000000002,5900.844,0.0,0.0,0.0,0.0,324.7488,0.0,0.0,0.0,0.0,0.0,0.0,0.0,0.0,0.0,0.0,0.0,0.0,0.0,0.0,0.0,0.0,0.0,51.364799999999995,0.0,0.0,0.0,0.0,0.0,0.0,449.6808,0.0,0.0,0.0,0.0,0.0,0.0,14257.655999999999,0.0,0.0,0.0,0.0,536.0784,1920.7536,0.0,4382.9136,0.0,0.0,0.0,0.0,0.0,0.0,0.0,48.672,0.0,0.0,0.0,0.0,0.0,10701.7992,0.0,0.0,0.0,0.0,0.0,757.8864000000001,0.0,0.0,1979.9064000000003,1434.0167999999999,0.0,0.0,0.0,0.0,320.028,1607.9256,180.2928,0.0,0.0,0.0,1808.7215999999999,260.12399999999997,2909.3808,0.0,0.0,3150.3527999999997,2709.8736,1284.576,4588.476,40659.8736,2687.4672,0.0,0.0,0.11280000000000001
0.0,0.0,0.0,2327.3903999999998,0.0,26746.0824,5939.7864,0.0,0.0,1730.6976,252.8904,0.0,4460.2536,63695.85600000001,104149.27679999999,312.0912,0.0,1771.4016000000004,0.0,34993.752,116643.816,0.0,1017.2232,7855.656,10367.680799999998,0.0,0.0,0.0,0.0,0.0,1960.9992000000002,5900.844,0.0,0.0,0.0,0.0,324.7488,0.0,0.0,0.0,0.0,0.0,0.0,0.0,0.0,0.0,0.0,0.0,0.0,0.0,0.0,0.0,0.0,0.0,51.364799999999995,0.0,0.0,0.0,0.0,0.0,0.0,449.6808,0.0,0.0,0.0,0.0,0.0,0.0,14257.655999999999,0.0,0.0,0.0,0.0,536.0784,1920.7536,0.0,4382.9136,0.0,0.0,0.0,0.0,0.0,0.0,0.0,48.672,0.0,0.0,0.0,0.0,0.0,10701.7992,0.0,0.0,0.0,0.0,0.0,757.8864000000001,0.0,0.0,1979.9064000000003,1434.0167999999999,0.0,0.0,0.0,0.0,320.028,1607.9256,180.2928,0.0,0.0,0.0,1808.7215999999999,260.12399999999997,2909.3808,0.0,0.0,3150.3527999999997,2709.8736,1284.576,4588.476,40659.8736,2687.4672,0.0,0.0,0.11280000000000001
0.0,0.0,0.0,2327.3903999999998,0.0,26746.0824,5939.7864,0.0,0.0,1730.6976,252.8904,0.0,4460.2536,63695.85600000001,104149.27679999999,312.0912,0.0,1771.4016000000004,0.0,34993.752,116643.816,0.0,1017.2232,7855.656,10367.680799999998,0.0,0.0,0.0,0.0,0.0,1960.9992000000002,5900.844,0.0,0.0,0.0,0.0,324.7488,0.0,0.0,0.0,0.0,0.0,0.0,0.0,0.0,0.0,0.0,0.0,0.0,0.0,0.0,0.0,0.0,0.0,51.364799999999995,0.0,0.0,0.0,0.0,0.0,0.0,449.6808,0.0,0.0,0.0,0.0,0.0,0.0,14257.655999999999,0.0,0.0,0.0,0.0,536.0784,1920.7536,0.0,4382.9136,0.0,0.0,0.0,0.0,0.0,0.0,0.0,48.672,0.0,0.0,0.0,0.0,0.0,10701.7992,0.0,0.0,0.0,0.0,0.0,757.8864000000001,0.0,0.0,1979.9064000000003,1434.0167999999999,0.0,0.0,0.0,0.0,320.028,1607.9256,180.2928,0.0,0.0,0.0,1808.7215999999999,260.12399999999997,2909.3808,0.0,0.0,3150.3527999999997,2709.8736,1284.576,4588.476,40659.8736,2687.4672,0.0,0.0,0.11280000000000001
0.0,0.0,0.0,2327.3903999999998,0.0,26746.0824,5939.7864,0.0,0.0,1730.6976,252.8904,0.0,4460.2536,63695.85600000001,104149.27679999999,312.0912,0.0,1771.4016000000004,0.0,34993.752,116643.816,0.0,1017.2232,7855.656,10367.680799999998,0.0,0.0,0.0,0.0,0.0,1960.9992000000002,5900.844,0.0,0.0,0.0,0.0,324.7488,0.0,0.0,0.0,0.0,0.0,0.0,0.0,0.0,0.0,0.0,0.0,0.0,0.0,0.0,0.0,0.0,0.0,51.364799999999995,0.0,0.0,0.0,0.0,0.0,0.0,449.6808,0.0,0.0,0.0,0.0,0.0,0.0,14257.655999999999,0.0,0.0,0.0,0.0,536.0784,1920.7536,0.0,4382.9136,0.0,0.0,0.0,0.0,0.0,0.0,0.0,48.672,0.0,0.0,0.0,0.0,0.0,10701.7992,0.0,0.0,0.0,0.0,0.0,757.8864000000001,0.0,0.0,1979.9064000000003,1434.0167999999999,0.0,0.0,0.0,0.0,320.028,1607.9256,180.2928,0.0,0.0,0.0,1808.7215999999999,260.12399999999997,2909.3808,0.0,0.0,3150.3527999999997,2709.8736,1284.576,4588.476,40659.8736,2687.4672,0.0,0.0,0.11280000000000001
0.0,0.0,0.0,1922.7287999999999,0.0,22692.931199999995,5141.9928,0.0,0.0,1451.8272,147.71280000000002,0.0,3887.2151999999996,53469.146400000005,84209.3352,277.5096,0.0,1642.0056,0.0,28187.3616,93268.95599999999,0.0,993.1919999999999,7782.372000000001,10559.308799999997,0.0,0.0,0.0,0.0,0.0,2700.4344,7933.3464,0.0,0.0,0.0,0.0,329.69759999999997,0.0,0.0,0.0,0.0,0.0,0.0,0.0,0.0,0.0,0.0,0.0,0.0,0.0,0.0,0.0,0.0,0.0,49.6992,0.0,0.0,0.0,0.0,0.0,0.0,553.7567999999999,0.0,0.0,0.0,0.0,0.0,0.0,14058.144,0.0,0.0,0.0,0.0,536.424,1893.876,0.0,4321.5815999999995,0.0,0.0,0.0,0.0,0.0,0.0,0.0,29.5512,0.0,0.0,0.0,0.0,0.0,7777.6584,0.0,0.0,0.0,0.0,0.0,740.8752000000001,0.0,0.0,1941.0696,999.1872,0.0,0.0,0.0,0.0,204.2088,1266.888,147.8424,0.0,0.0,0.0,1768.1255999999998,211.1112,2599.2551999999996,0.0,0.0,2702.6616000000004,2576.1744,1255.7424,4380.4655999999995,31580.752800000002,2303.4312,0.0,0.0,0.1512
0.0,0.0,0.0,1922.7287999999999,0.0,22692.931199999995,5141.9928,0.0,0.0,1451.8272,147.71280000000002,0.0,3887.2151999999996,53469.146400000005,84209.3352,277.5096,0.0,1642.0056,0.0,28187.3616,93268.95599999999,0.0,993.1919999999999,7782.372000000001,10559.308799999997,0.0,0.0,0.0,0.0,0.0,2700.4344,7933.3464,0.0,0.0,0.0,0.0,329.69759999999997,0.0,0.0,0.0,0.0,0.0,0.0,0.0,0.0,0.0,0.0,0.0,0.0,0.0,0.0,0.0,0.0,0.0,49.6992,0.0,0.0,0.0,0.0,0.0,0.0,553.7567999999999,0.0,0.0,0.0,0.0,0.0,0.0,14058.144,0.0,0.0,0.0,0.0,536.424,1893.876,0.0,4321.5815999999995,0.0,0.0,0.0,0.0,0.0,0.0,0.0,29.5512,0.0,0.0,0.0,0.0,0.0,7777.6584,0.0,0.0,0.0,0.0,0.0,740.8752000000001,0.0,0.0,1941.0696,999.1872,0.0,0.0,0.0,0.0,204.2088,1266.888,147.8424,0.0,0.0,0.0,1768.1255999999998,211.1112,2599.2551999999996,0.0,0.0,2702.6616000000004,2576.1744,1255.7424,4380.4655999999995,31580.752800000002,2303.4312,0.0,0.0,0.1512
0.0,0.0,0.0,1922.7287999999999,0.0,22692.931199999995,5141.9928,0.0,0.0,1451.8272,147.71280000000002,0.0,3887.2151999999996,53469.146400000005,84209.3352,277.5096,0.0,1642.0056,0.0,28187.3616,93268.95599999999,0.0,993.1919999999999,7782.372000000001,10559.308799999997,0.0,0.0,0.0,0.0,0.0,2700.4344,7933.3464,0.0,0.0,0.0,0.0,329.69759999999997,0.0,0.0,0.0,0.0,0.0,0.0,0.0,0.0,0.0,0.0,0.0,0.0,0.0,0.0,0.0,0.0,0.0,49.6992,0.0,0.0,0.0,0.0,0.0,0.0,553.7567999999999,0.0,0.0,0.0,0.0,0.0,0.0,14058.144,0.0,0.0,0.0,0.0,536.424,1893.876,0.0,4321.5815999999995,0.0,0.0,0.0,0.0,0.0,0.0,0.0,29.5512,0.0,0.0,0.0,0.0,0.0,7777.6584,0.0,0.0,0.0,0.0,0.0,740.8752000000001,0.0,0.0,1941.0696,999.1872,0.0,0.0,0.0,0.0,204.2088,1266.888,147.8424,0.0,0.0,0.0,1768.1255999999998,211.1112,2599.2551999999996,0.0,0.0,2702.6616000000004,2576.1744,1255.7424,4380.4655999999995,31580.752800000002,2303.4312,0.0,0.0,0.1512
0.0,0.0,0.0,1922.7287999999999,0.0,22692.931199999995,5141.9928,0.0,0.0,1451.8272,147.71280000000002,0.0,3887.2151999999996,53469.146400000005,84209.3352,277.5096,0.0,1642.0056,0.0,28187.3616,93268.95599999999,0.0,993.1919999999999,7782.372000000001,10559.308799999997,0.0,0.0,0.0,0.0,0.0,2700.4344,7933.3464,0.0,0.0,0.0,0.0,329.69759999999997,0.0,0.0,0.0,0.0,0.0,0.0,0.0,0.0,0.0,0.0,0.0,0.0,0.0,0.0,0.0,0.0,0.0,49.6992,0.0,0.0,0.0,0.0,0.0,0.0,553.7567999999999,0.0,0.0,0.0,0.0,0.0,0.0,14058.144,0.0,0.0,0.0,0.0,536.424,1893.876,0.0,4321.5815999999995,0.0,0.0,0.0,0.0,0.0,0.0,0.0,29.5512,0.0,0.0,0.0,0.0,0.0,7777.6584,0.0,0.0,0.0,0.0,0.0,740.8752000000001,0.0,0.0,1941.0696,999.1872,0.0,0.0,0.0,0.0,204.2088,1266.888,147.8424,0.0,0.0,0.0,1768.1255999999998,211.1112,2599.2551999999996,0.0,0.0,2702.6616000000004,2576.1744,1255.7424,4380.4655999999995,31580.752800000002,2303.4312,0.0,0.0,0.1512
0.0,0.0,0.0,1922.7287999999999,0.0,22692.931199999995,5141.9928,0.0,0.0,1451.8272,147.71280000000002,0.0,3887.2151999999996,53469.146400000005,84209.3352,277.5096,0.0,1642.0056,0.0,28187.3616,93268.95599999999,0.0,993.1919999999999,7782.372000000001,10559.308799999997,0.0,0.0,0.0,0.0,0.0,2700.4344,7933.3464,0.0,0.0,0.0,0.0,329.69759999999997,0.0,0.0,0.0,0.0,0.0,0.0,0.0,0.0,0.0,0.0,0.0,0.0,0.0,0.0,0.0,0.0,0.0,49.6992,0.0,0.0,0.0,0.0,0.0,0.0,553.7567999999999,0.0,0.0,0.0,0.0,0.0,0.0,14058.144,0.0,0.0,0.0,0.0,536.424,1893.876,0.0,4321.5815999999995,0.0,0.0,0.0,0.0,0.0,0.0,0.0,29.5512,0.0,0.0,0.0,0.0,0.0,7777.6584,0.0,0.0,0.0,0.0,0.0,740.8752000000001,0.0,0.0,1941.0696,999.1872,0.0,0.0,0.0,0.0,204.2088,1266.888,147.8424,0.0,0.0,0.0,1768.1255999999998,211.1112,2599.2551999999996,0.0,0.0,2702.6616000000004,2576.1744,1255.7424,4380.4655999999995,31580.752800000002,2303.4312,0.0,0.0,0.1512
0.0,0.0,0.0,1922.7287999999999,0.0,22692.931199999995,5141.9928,0.0,0.0,1451.8272,147.71280000000002,0.0,3887.2151999999996,53469.146400000005,84209.3352,277.5096,0.0,1642.0056,0.0,28187.3616,93268.95599999999,0.0,993.1919999999999,7782.372000000001,10559.308799999997,0.0,0.0,0.0,0.0,0.0,2700.4344,7933.3464,0.0,0.0,0.0,0.0,329.69759999999997,0.0,0.0,0.0,0.0,0.0,0.0,0.0,0.0,0.0,0.0,0.0,0.0,0.0,0.0,0.0,0.0,0.0,49.6992,0.0,0.0,0.0,0.0,0.0,0.0,553.7567999999999,0.0,0.0,0.0,0.0,0.0,0.0,14058.144,0.0,0.0,0.0,0.0,536.424,1893.876,0.0,4321.5815999999995,0.0,0.0,0.0,0.0,0.0,0.0,0.0,29.5512,0.0,0.0,0.0,0.0,0.0,7777.6584,0.0,0.0,0.0,0.0,0.0,740.8752000000001,0.0,0.0,1941.0696,999.1872,0.0,0.0,0.0,0.0,204.2088,1266.888,147.8424,0.0,0.0,0.0,1768.1255999999998,211.1112,2599.2551999999996,0.0,0.0,2702.6616000000004,2576.1744,1255.7424,4380.4655999999995,31580.752800000002,2303.4312,0.0,0.0,0.1512
0.0,0.0,0.0,1922.7287999999999,0.0,22692.931199999995,5141.9928,0.0,0.0,1451.8272,147.71280000000002,0.0,3887.2151999999996,53469.146400000005,84209.3352,277.5096,0.0,1642.0056,0.0,28187.3616,93268.95599999999,0.0,993.1919999999999,7782.372000000001,10559.308799999997,0.0,0.0,0.0,0.0,0.0,2700.4344,7933.3464,0.0,0.0,0.0,0.0,329.69759999999997,0.0,0.0,0.0,0.0,0.0,0.0,0.0,0.0,0.0,0.0,0.0,0.0,0.0,0.0,0.0,0.0,0.0,49.6992,0.0,0.0,0.0,0.0,0.0,0.0,553.7567999999999,0.0,0.0,0.0,0.0,0.0,0.0,14058.144,0.0,0.0,0.0,0.0,536.424,1893.876,0.0,4321.5815999999995,0.0,0.0,0.0,0.0,0.0,0.0,0.0,29.5512,0.0,0.0,0.0,0.0,0.0,7777.6584,0.0,0.0,0.0,0.0,0.0,740.8752000000001,0.0,0.0,1941.0696,999.1872,0.0,0.0,0.0,0.0,204.2088,1266.888,147.8424,0.0,0.0,0.0,1768.1255999999998,211.1112,2599.2551999999996,0.0,0.0,2702.6616000000004,2576.1744,1255.7424,4380.4655999999995,31580.752800000002,2303.4312,0.0,0.0,0.1512
0.0,0.0,0.0,1634.0256,0.0,19901.306399999998,5014.4784,0.0,0.0,1294.7568,94.8432,0.0,2901.5664,47684.419200000004,71458.68000000001,243.5544,0.0,1433.4312000000002,0.0,30686.244,83953.67039999999,0.0,943.5648,6888.619199999999,9522.748800000003,0.0,0.0,0.0,0.0,0.0,2688.4776,7794.148799999999,0.0,0.0,0.0,0.0,247.5024,0.0,0.0,0.0,0.0,0.0,0.0,0.0,0.0,0.0,0.0,0.0,0.0,0.0,0.0,0.0,0.0,0.0,46.6536,0.0,0.0,0.0,0.0,0.0,0.0,533.8632,0.0,0.0,0.0,0.0,0.0,0.0,14095.091999999999,0.0,0.0,0.0,0.0,536.6088000000001,1898.8536,0.0,4332.9384,0.0,0.0,0.0,0.0,0.0,0.0,0.0,21.9264,0.0,0.0,0.0,0.0,0.0,7732.5576,0.0,0.0,0.0,0.0,0.0,732.9024000000001,0.0,0.0,2020.0632000000003,1048.0272,0.0,0.0,0.0,0.0,172.65359999999998,1509.528,156.3504,0.0,0.0,0.0,1749.096,200.2584,2168.6496,0.0,0.0,2180.8055999999997,2043.792,1242.228,3903.5184,21718.783199999998,2094.1800000000003,0.0,0.0,0.1824
0.0,0.0,0.0,1634.0256,0.0,19901.306399999998,5014.4784,0.0,0.0,1294.7568,94.8432,0.0,2901.5664,47684.419200000004,71458.68000000001,243.5544,0.0,1433.4312000000002,0.0,30686.244,83953.67039999999,0.0,943.5648,6888.619199999999,9522.748800000003,0.0,0.0,0.0,0.0,0.0,2688.4776,7794.148799999999,0.0,0.0,0.0,0.0,247.5024,0.0,0.0,0.0,0.0,0.0,0.0,0.0,0.0,0.0,0.0,0.0,0.0,0.0,0.0,0.0,0.0,0.0,46.6536,0.0,0.0,0.0,0.0,0.0,0.0,533.8632,0.0,0.0,0.0,0.0,0.0,0.0,14095.091999999999,0.0,0.0,0.0,0.0,536.6088000000001,1898.8536,0.0,4332.9384,0.0,0.0,0.0,0.0,0.0,0.0,0.0,21.9264,0.0,0.0,0.0,0.0,0.0,7732.5576,0.0,0.0,0.0,0.0,0.0,732.9024000000001,0.0,0.0,2020.0632000000003,1048.0272,0.0,0.0,0.0,0.0,172.65359999999998,1509.528,156.3504,0.0,0.0,0.0,1749.096,200.2584,2168.6496,0.0,0.0,2180.8055999999997,2043.792,1242.228,3903.5184,21718.783199999998,2094.1800000000003,0.0,0.0,0.1824
0.0,0.0,0.0,1634.0256,0.0,19901.306399999998,5014.4784,0.0,0.0,1294.7568,94.8432,0.0,2901.5664,47684.419200000004,71458.68000000001,243.5544,0.0,1433.4312000000002,0.0,30686.244,83953.67039999999,0.0,943.5648,6888.619199999999,9522.748800000003,0.0,0.0,0.0,0.0,0.0,2688.4776,7794.148799999999,0.0,0.0,0.0,0.0,247.5024,0.0,0.0,0.0,0.0,0.0,0.0,0.0,0.0,0.0,0.0,0.0,0.0,0.0,0.0,0.0,0.0,0.0,46.6536,0.0,0.0,0.0,0.0,0.0,0.0,533.8632,0.0,0.0,0.0,0.0,0.0,0.0,14095.091999999999,0.0,0.0,0.0,0.0,536.6088000000001,1898.8536,0.0,4332.9384,0.0,0.0,0.0,0.0,0.0,0.0,0.0,21.9264,0.0,0.0,0.0,0.0,0.0,7732.5576,0.0,0.0,0.0,0.0,0.0,732.9024000000001,0.0,0.0,2020.0632000000003,1048.0272,0.0,0.0,0.0,0.0,172.65359999999998,1509.528,156.3504,0.0,0.0,0.0,1749.096,200.2584,2168.6496,0.0,0.0,2180.8055999999997,2043.792,1242.228,3903.5184,21718.783199999998,2094.1800000000003,0.0,0.0,0.1824
0.0,0.0,0.0,1634.0256,0.0,19901.306399999998,5014.4784,0.0,0.0,1294.7568,94.8432,0.0,2901.5664,47684.419200000004,71458.68000000001,243.5544,0.0,1433.4312000000002,0.0,30686.244,83953.67039999999,0.0,943.5648,6888.619199999999,9522.748800000003,0.0,0.0,0.0,0.0,0.0,2688.4776,7794.148799999999,0.0,0.0,0.0,0.0,247.5024,0.0,0.0,0.0,0.0,0.0,0.0,0.0,0.0,0.0,0.0,0.0,0.0,0.0,0.0,0.0,0.0,0.0,46.6536,0.0,0.0,0.0,0.0,0.0,0.0,533.8632,0.0,0.0,0.0,0.0,0.0,0.0,14095.091999999999,0.0,0.0,0.0,0.0,536.6088000000001,1898.8536,0.0,4332.9384,0.0,0.0,0.0,0.0,0.0,0.0,0.0,21.9264,0.0,0.0,0.0,0.0,0.0,7732.5576,0.0,0.0,0.0,0.0,0.0,732.9024000000001,0.0,0.0,2020.0632000000003,1048.0272,0.0,0.0,0.0,0.0,172.65359999999998,1509.528,156.3504,0.0,0.0,0.0,1749.096,200.2584,2168.6496,0.0,0.0,2180.8055999999997,2043.792,1242.228,3903.5184,21718.783199999998,2094.1800000000003,0.0,0.0,0.1824
0.0,0.0,0.0,1634.0256,0.0,19901.306399999998,5014.4784,0.0,0.0,1294.7568,94.8432,0.0,2901.5664,47684.419200000004,71458.68000000001,243.5544,0.0,1433.4312000000002,0.0,30686.244,83953.67039999999,0.0,943.5648,6888.619199999999,9522.748800000003,0.0,0.0,0.0,0.0,0.0,2688.4776,7794.148799999999,0.0,0.0,0.0,0.0,247.5024,0.0,0.0,0.0,0.0,0.0,0.0,0.0,0.0,0.0,0.0,0.0,0.0,0.0,0.0,0.0,0.0,0.0,46.6536,0.0,0.0,0.0,0.0,0.0,0.0,533.8632,0.0,0.0,0.0,0.0,0.0,0.0,14095.091999999999,0.0,0.0,0.0,0.0,536.6088000000001,1898.8536,0.0,4332.9384,0.0,0.0,0.0,0.0,0.0,0.0,0.0,21.9264,0.0,0.0,0.0,0.0,0.0,7732.5576,0.0,0.0,0.0,0.0,0.0,732.9024000000001,0.0,0.0,2020.0632000000003,1048.0272,0.0,0.0,0.0,0.0,172.65359999999998,1509.528,156.3504,0.0,0.0,0.0,1749.096,200.2584,2168.6496,0.0,0.0,2180.8055999999997,2043.792,1242.228,3903.5184,21718.783199999998,2094.1800000000003,0.0,0.0,0.1824
0.0,0.0,0.0,1634.0256,0.0,19901.306399999998,5014.4784,0.0,0.0,1294.7568,94.8432,0.0,2901.5664,47684.419200000004,71458.68000000001,243.5544,0.0,1433.4312000000002,0.0,30686.244,83953.67039999999,0.0,943.5648,6888.619199999999,9522.748800000003,0.0,0.0,0.0,0.0,0.0,2688.4776,7794.148799999999,0.0,0.0,0.0,0.0,247.5024,0.0,0.0,0.0,0.0,0.0,0.0,0.0,0.0,0.0,0.0,0.0,0.0,0.0,0.0,0.0,0.0,0.0,46.6536,0.0,0.0,0.0,0.0,0.0,0.0,533.8632,0.0,0.0,0.0,0.0,0.0,0.0,14095.091999999999,0.0,0.0,0.0,0.0,536.6088000000001,1898.8536,0.0,4332.9384,0.0,0.0,0.0,0.0,0.0,0.0,0.0,21.9264,0.0,0.0,0.0,0.0,0.0,7732.5576,0.0,0.0,0.0,0.0,0.0,732.9024000000001,0.0,0.0,2020.0632000000003,1048.0272,0.0,0.0,0.0,0.0,172.65359999999998,1509.528,156.3504,0.0,0.0,0.0,1749.096,200.2584,2168.6496,0.0,0.0,2180.8055999999997,2043.792,1242.228,3903.5184,21718.783199999998,2094.1800000000003,0.0,0.0,0.1824
0.0,0.0,0.0,1634.0256,0.0,19901.306399999998,5014.4784,0.0,0.0,1294.7568,94.8432,0.0,2901.5664,47684.419200000004,71458.68000000001,243.5544,0.0,1433.4312000000002,0.0,30686.244,83953.67039999999,0.0,943.5648,6888.619199999999,9522.748800000003,0.0,0.0,0.0,0.0,0.0,2688.4776,7794.148799999999,0.0,0.0,0.0,0.0,247.5024,0.0,0.0,0.0,0.0,0.0,0.0,0.0,0.0,0.0,0.0,0.0,0.0,0.0,0.0,0.0,0.0,0.0,46.6536,0.0,0.0,0.0,0.0,0.0,0.0,533.8632,0.0,0.0,0.0,0.0,0.0,0.0,14095.091999999999,0.0,0.0,0.0,0.0,536.6088000000001,1898.8536,0.0,4332.9384,0.0,0.0,0.0,0.0,0.0,0.0,0.0,21.9264,0.0,0.0,0.0,0.0,0.0,7732.5576,0.0,0.0,0.0,0.0,0.0,732.9024000000001,0.0,0.0,2020.0632000000003,1048.0272,0.0,0.0,0.0,0.0,172.65359999999998,1509.528,156.3504,0.0,0.0,0.0,1749.096,200.2584,2168.6496,0.0,0.0,2180.8055999999997,2043.792,1242.228,3903.5184,21718.783199999998,2094.1800000000003,0.0,0.0,0.1824
0.0,0.0,0.0,1616.2752,0.0,19234.814399999996,5001.9384,0.0,0.0,1234.2,80.31360000000001,0.0,2525.0736,45454.1616,67165.7664,169.3968,0.0,1086.0864,0.0,32268.600000000002,84609.1416,0.0,731.0328,6994.5336,9303.453599999999,0.0,0.0,0.0,0.0,0.0,1181.9328,3690.2448000000004,0.0,0.0,0.0,0.0,272.8032,0.0,0.0,0.0,0.0,0.0,0.0,0.0,0.0,0.0,0.0,0.0,0.0,0.0,0.0,0.0,0.0,0.0,47.8128,0.0,0.0,0.0,0.0,0.0,0.0,324.8568,0.0,0.0,0.0,0.0,0.0,0.0,14168.9856,0.0,0.0,0.0,0.0,534.756,1908.8088000000002,0.0,4355.6544,0.0,0.0,0.0,0.0,0.0,0.0,0.0,20.8656,0.0,0.0,0.0,0.0,0.0,7366.725600000001,0.0,0.0,0.0,0.0,0.0,733.6104,0.0,0.0,2012.472,940.3464000000001,0.0,0.0,0.0,0.0,151.65120000000002,1328.1768000000002,221.41199999999998,0.0,0.0,0.0,1750.7856,206.4432,1245.8568,0.0,0.0,2160.6984,1781.0207999999998,1243.4327999999998,2206.5191999999997,18900.6672,1788.2424,0.0,0.0,0.7152000000000001
0.0,0.0,0.0,1616.2752,0.0,19234.814399999996,5001.9384,0.0,0.0,1234.2,80.31360000000001,0.0,2525.0736,45454.1616,67165.7664,169.3968,0.0,1086.0864,0.0,32268.600000000002,84609.1416,0.0,731.0328,6994.5336,9303.453599999999,0.0,0.0,0.0,0.0,0.0,1181.9328,3690.2448000000004,0.0,0.0,0.0,0.0,272.8032,0.0,0.0,0.0,0.0,0.0,0.0,0.0,0.0,0.0,0.0,0.0,0.0,0.0,0.0,0.0,0.0,0.0,47.8128,0.0,0.0,0.0,0.0,0.0,0.0,324.8568,0.0,0.0,0.0,0.0,0.0,0.0,14168.9856,0.0,0.0,0.0,0.0,534.756,1908.8088000000002,0.0,4355.6544,0.0,0.0,0.0,0.0,0.0,0.0,0.0,20.8656,0.0,0.0,0.0,0.0,0.0,7366.725600000001,0.0,0.0,0.0,0.0,0.0,733.6104,0.0,0.0,2012.472,940.3464000000001,0.0,0.0,0.0,0.0,151.65120000000002,1328.1768000000002,221.41199999999998,0.0,0.0,0.0,1750.7856,206.4432,1245.8568,0.0,0.0,2160.6984,1781.0207999999998,1243.4327999999998,2206.5191999999997,18900.6672,1788.2424,0.0,0.0,0.7152000000000001
0.0,0.0,0.0,1616.2752,0.0,19234.814399999996,5001.9384,0.0,0.0,1234.2,80.31360000000001,0.0,2525.0736,45454.1616,67165.7664,169.3968,0.0,1086.0864,0.0,32268.600000000002,84609.1416,0.0,731.0328,6994.5336,9303.453599999999,0.0,0.0,0.0,0.0,0.0,1181.9328,3690.2448000000004,0.0,0.0,0.0,0.0,272.8032,0.0,0.0,0.0,0.0,0.0,0.0,0.0,0.0,0.0,0.0,0.0,0.0,0.0,0.0,0.0,0.0,0.0,47.8128,0.0,0.0,0.0,0.0,0.0,0.0,324.8568,0.0,0.0,0.0,0.0,0.0,0.0,14168.9856,0.0,0.0,0.0,0.0,534.756,1908.8088000000002,0.0,4355.6544,0.0,0.0,0.0,0.0,0.0,0.0,0.0,20.8656,0.0,0.0,0.0,0.0,0.0,7366.725600000001,0.0,0.0,0.0,0.0,0.0,733.6104,0.0,0.0,2012.472,940.3464000000001,0.0,0.0,0.0,0.0,151.65120000000002,1328.1768000000002,221.41199999999998,0.0,0.0,0.0,1750.7856,206.4432,1245.8568,0.0,0.0,2160.6984,1781.0207999999998,1243.4327999999998,2206.5191999999997,18900.6672,1788.2424,0.0,0.0,0.7152000000000001
0.0,0.0,0.0,1616.2752,0.0,19234.814399999996,5001.9384,0.0,0.0,1234.2,80.31360000000001,0.0,2525.0736,45454.1616,67165.7664,169.3968,0.0,1086.0864,0.0,32268.600000000002,84609.1416,0.0,731.0328,6994.5336,9303.453599999999,0.0,0.0,0.0,0.0,0.0,1181.9328,3690.2448000000004,0.0,0.0,0.0,0.0,272.8032,0.0,0.0,0.0,0.0,0.0,0.0,0.0,0.0,0.0,0.0,0.0,0.0,0.0,0.0,0.0,0.0,0.0,47.8128,0.0,0.0,0.0,0.0,0.0,0.0,324.8568,0.0,0.0,0.0,0.0,0.0,0.0,14168.9856,0.0,0.0,0.0,0.0,534.756,1908.8088000000002,0.0,4355.6544,0.0,0.0,0.0,0.0,0.0,0.0,0.0,20.8656,0.0,0.0,0.0,0.0,0.0,7366.725600000001,0.0,0.0,0.0,0.0,0.0,733.6104,0.0,0.0,2012.472,940.3464000000001,0.0,0.0,0.0,0.0,151.65120000000002,1328.1768000000002,221.41199999999998,0.0,0.0,0.0,1750.7856,206.4432,1245.8568,0.0,0.0,2160.6984,1781.0207999999998,1243.4327999999998,2206.5191999999997,18900.6672,1788.2424,0.0,0.0,0.7152000000000001
0.0,0.0,0.0,1616.2752,0.0,19234.814399999996,5001.9384,0.0,0.0,1234.2,80.31360000000001,0.0,2525.0736,45454.1616,67165.7664,169.3968,0.0,1086.0864,0.0,32268.600000000002,84609.1416,0.0,731.0328,6994.5336,9303.453599999999,0.0,0.0,0.0,0.0,0.0,1181.9328,3690.2448000000004,0.0,0.0,0.0,0.0,272.8032,0.0,0.0,0.0,0.0,0.0,0.0,0.0,0.0,0.0,0.0,0.0,0.0,0.0,0.0,0.0,0.0,0.0,47.8128,0.0,0.0,0.0,0.0,0.0,0.0,324.8568,0.0,0.0,0.0,0.0,0.0,0.0,14168.9856,0.0,0.0,0.0,0.0,534.756,1908.8088000000002,0.0,4355.6544,0.0,0.0,0.0,0.0,0.0,0.0,0.0,20.8656,0.0,0.0,0.0,0.0,0.0,7366.725600000001,0.0,0.0,0.0,0.0,0.0,733.6104,0.0,0.0,2012.472,940.3464000000001,0.0,0.0,0.0,0.0,151.65120000000002,1328.1768000000002,221.41199999999998,0.0,0.0,0.0,1750.7856,206.4432,1245.8568,0.0,0.0,2160.6984,1781.0207999999998,1243.4327999999998,2206.5191999999997,18900.6672,1788.2424,0.0,0.0,0.7152000000000001
0.0,0.0,0.0,1616.2752,0.0,19234.814399999996,5001.9384,0.0,0.0,1234.2,80.31360000000001,0.0,2525.0736,45454.1616,67165.7664,169.3968,0.0,1086.0864,0.0,32268.600000000002,84609.1416,0.0,731.0328,6994.5336,9303.453599999999,0.0,0.0,0.0,0.0,0.0,1181.9328,3690.2448000000004,0.0,0.0,0.0,0.0,272.8032,0.0,0.0,0.0,0.0,0.0,0.0,0.0,0.0,0.0,0.0,0.0,0.0,0.0,0.0,0.0,0.0,0.0,47.8128,0.0,0.0,0.0,0.0,0.0,0.0,324.8568,0.0,0.0,0.0,0.0,0.0,0.0,14168.9856,0.0,0.0,0.0,0.0,534.756,1908.8088000000002,0.0,4355.6544,0.0,0.0,0.0,0.0,0.0,0.0,0.0,20.8656,0.0,0.0,0.0,0.0,0.0,7366.725600000001,0.0,0.0,0.0,0.0,0.0,733.6104,0.0,0.0,2012.472,940.3464000000001,0.0,0.0,0.0,0.0,151.65120000000002,1328.1768000000002,221.41199999999998,0.0,0.0,0.0,1750.7856,206.4432,1245.8568,0.0,0.0,2160.6984,1781.0207999999998,1243.4327999999998,2206.5191999999997,18900.6672,1788.2424,0.0,0.0,0.7152000000000001
0.0,0.0,0.0,1616.2752,0.0,19234.814399999996,5001.9384,0.0,0.0,1234.2,80.31360000000001,0.0,2525.0736,45454.1616,67165.7664,169.3968,0.0,1086.0864,0.0,32268.600000000002,84609.1416,0.0,731.0328,6994.5336,9303.453599999999,0.0,0.0,0.0,0.0,0.0,1181.9328,3690.2448000000004,0.0,0.0,0.0,0.0,272.8032,0.0,0.0,0.0,0.0,0.0,0.0,0.0,0.0,0.0,0.0,0.0,0.0,0.0,0.0,0.0,0.0,0.0,47.8128,0.0,0.0,0.0,0.0,0.0,0.0,324.8568,0.0,0.0,0.0,0.0,0.0,0.0,14168.9856,0.0,0.0,0.0,0.0,534.756,1908.8088000000002,0.0,4355.6544,0.0,0.0,0.0,0.0,0.0,0.0,0.0,20.8656,0.0,0.0,0.0,0.0,0.0,7366.725600000001,0.0,0.0,0.0,0.0,0.0,733.6104,0.0,0.0,2012.472,940.3464000000001,0.0,0.0,0.0,0.0,151.65120000000002,1328.1768000000002,221.41199999999998,0.0,0.0,0.0,1750.7856,206.4432,1245.8568,0.0,0.0,2160.6984,1781.0207999999998,1243.4327999999998,2206.5191999999997,18900.6672,1788.2424,0.0,0.0,0.7152000000000001
0.0,0.0,0.0,1558.6032,0.0,16363.355999999998,4029.8688,0.0,0.0,1314.1296000000002,69.70320000000001,0.0,2175.0287999999996,47373.46800000001,69300.79199999999,107.15039999999999,0.0,1623.8904000000002,0.0,32089.581599999998,82026.72720000001,0.0,516.2568,8319.804000000002,11323.488000000003,0.0,0.0,0.0,0.0,0.0,1857.3288,5019.5112,0.0,0.0,0.0,0.0,216.73919999999998,0.0,0.0,0.0,0.0,0.0,0.0,0.0,0.0,0.0,0.0,0.0,0.0,0.0,0.0,0.0,0.0,0.0,37.7712,0.0,0.0,0.0,0.0,0.0,0.0,269.3016,0.0,0.0,0.0,0.0,0.0,0.0,11053.3176,0.0,0.0,0.0,0.0,553.0368000000001,1482.9935999999998,0.0,3470.2872,0.0,0.0,0.0,0.0,0.0,0.0,0.0,19.812,0.0,0.0,0.0,0.0,0.0,6095.844,0.0,0.0,0.0,0.0,0.0,675.8328,0.0,0.0,2227.3176,830.1936000000001,0.0,0.0,0.0,0.0,127.3056,1352.3087999999998,543.6336,0.0,0.0,0.0,1612.8936,317.96400000000006,293.6664,0.0,0.0,2242.3272,1534.1183999999998,1145.4984,2038.716,26113.533600000002,1588.7256,0.0,0.0,39.972
0.0,0.0,0.0,1558.6032,0.0,16363.355999999998,4029.8688,0.0,0.0,1314.1296000000002,69.70320000000001,0.0,2175.0287999999996,47373.46800000001,69300.79199999999,107.15039999999999,0.0,1623.8904000000002,0.0,32089.581599999998,82026.72720000001,0.0,516.2568,8319.804000000002,11323.488000000003,0.0,0.0,0.0,0.0,0.0,1857.3288,5019.5112,0.0,0.0,0.0,0.0,216.73919999999998,0.0,0.0,0.0,0.0,0.0,0.0,0.0,0.0,0.0,0.0,0.0,0.0,0.0,0.0,0.0,0.0,0.0,37.7712,0.0,0.0,0.0,0.0,0.0,0.0,269.3016,0.0,0.0,0.0,0.0,0.0,0.0,11053.3176,0.0,0.0,0.0,0.0,553.0368000000001,1482.9935999999998,0.0,3470.2872,0.0,0.0,0.0,0.0,0.0,0.0,0.0,19.812,0.0,0.0,0.0,0.0,0.0,6095.844,0.0,0.0,0.0,0.0,0.0,675.8328,0.0,0.0,2227.3176,830.1936000000001,0.0,0.0,0.0,0.0,127.3056,1352.3087999999998,543.6336,0.0,0.0,0.0,1612.8936,317.96400000000006,293.6664,0.0,0.0,2242.3272,1534.1183999999998,1145.4984,2038.716,26113.533600000002,1588.7256,0.0,0.0,39.972
0.0,0.0,0.0,1558.6032,0.0,16363.355999999998,4029.8688,0.0,0.0,1314.1296000000002,69.70320000000001,0.0,2175.0287999999996,47373.46800000001,69300.79199999999,107.15039999999999,0.0,1623.8904000000002,0.0,32089.581599999998,82026.72720000001,0.0,516.2568,8319.804000000002,11323.488000000003,0.0,0.0,0.0,0.0,0.0,1857.3288,5019.5112,0.0,0.0,0.0,0.0,216.73919999999998,0.0,0.0,0.0,0.0,0.0,0.0,0.0,0.0,0.0,0.0,0.0,0.0,0.0,0.0,0.0,0.0,0.0,37.7712,0.0,0.0,0.0,0.0,0.0,0.0,269.3016,0.0,0.0,0.0,0.0,0.0,0.0,11053.3176,0.0,0.0,0.0,0.0,553.0368000000001,1482.9935999999998,0.0,3470.2872,0.0,0.0,0.0,0.0,0.0,0.0,0.0,19.812,0.0,0.0,0.0,0.0,0.0,6095.844,0.0,0.0,0.0,0.0,0.0,675.8328,0.0,0.0,2227.3176,830.1936000000001,0.0,0.0,0.0,0.0,127.3056,1352.3087999999998,543.6336,0.0,0.0,0.0,1612.8936,317.96400000000006,293.6664,0.0,0.0,2242.3272,1534.1183999999998,1145.4984,2038.716,26113.533600000002,1588.7256,0.0,0.0,39.972
0.0,0.0,0.0,1558.6032,0.0,16363.355999999998,4029.8688,0.0,0.0,1314.1296000000002,69.70320000000001,0.0,2175.0287999999996,47373.46800000001,69300.79199999999,107.15039999999999,0.0,1623.8904000000002,0.0,32089.581599999998,82026.72720000001,0.0,516.2568,8319.804000000002,11323.488000000003,0.0,0.0,0.0,0.0,0.0,1857.3288,5019.5112,0.0,0.0,0.0,0.0,216.73919999999998,0.0,0.0,0.0,0.0,0.0,0.0,0.0,0.0,0.0,0.0,0.0,0.0,0.0,0.0,0.0,0.0,0.0,37.7712,0.0,0.0,0.0,0.0,0.0,0.0,269.3016,0.0,0.0,0.0,0.0,0.0,0.0,11053.3176,0.0,0.0,0.0,0.0,553.0368000000001,1482.9935999999998,0.0,3470.2872,0.0,0.0,0.0,0.0,0.0,0.0,0.0,19.812,0.0,0.0,0.0,0.0,0.0,6095.844,0.0,0.0,0.0,0.0,0.0,675.8328,0.0,0.0,2227.3176,830.1936000000001,0.0,0.0,0.0,0.0,127.3056,1352.3087999999998,543.6336,0.0,0.0,0.0,1612.8936,317.96400000000006,293.6664,0.0,0.0,2242.3272,1534.1183999999998,1145.4984,2038.716,26113.533600000002,1588.7256,0.0,0.0,39.972
0.0,0.0,0.0,1558.6032,0.0,16363.355999999998,4029.8688,0.0,0.0,1314.1296000000002,69.70320000000001,0.0,2175.0287999999996,47373.46800000001,69300.79199999999,107.15039999999999,0.0,1623.8904000000002,0.0,32089.581599999998,82026.72720000001,0.0,516.2568,8319.804000000002,11323.488000000003,0.0,0.0,0.0,0.0,0.0,1857.3288,5019.5112,0.0,0.0,0.0,0.0,216.73919999999998,0.0,0.0,0.0,0.0,0.0,0.0,0.0,0.0,0.0,0.0,0.0,0.0,0.0,0.0,0.0,0.0,0.0,37.7712,0.0,0.0,0.0,0.0,0.0,0.0,269.3016,0.0,0.0,0.0,0.0,0.0,0.0,11053.3176,0.0,0.0,0.0,0.0,553.0368000000001,1482.9935999999998,0.0,3470.2872,0.0,0.0,0.0,0.0,0.0,0.0,0.0,19.812,0.0,0.0,0.0,0.0,0.0,6095.844,0.0,0.0,0.0,0.0,0.0,675.8328,0.0,0.0,2227.3176,830.1936000000001,0.0,0.0,0.0,0.0,127.3056,1352.3087999999998,543.6336,0.0,0.0,0.0,1612.8936,317.96400000000006,293.6664,0.0,0.0,2242.3272,1534.1183999999998,1145.4984,2038.716,26113.533600000002,1588.7256,0.0,0.0,39.972
0.0,0.0,0.0,1558.6032,0.0,16363.355999999998,4029.8688,0.0,0.0,1314.1296000000002,69.70320000000001,0.0,2175.0287999999996,47373.46800000001,69300.79199999999,107.15039999999999,0.0,1623.8904000000002,0.0,32089.581599999998,82026.72720000001,0.0,516.2568,8319.804000000002,11323.488000000003,0.0,0.0,0.0,0.0,0.0,1857.3288,5019.5112,0.0,0.0,0.0,0.0,216.73919999999998,0.0,0.0,0.0,0.0,0.0,0.0,0.0,0.0,0.0,0.0,0.0,0.0,0.0,0.0,0.0,0.0,0.0,37.7712,0.0,0.0,0.0,0.0,0.0,0.0,269.3016,0.0,0.0,0.0,0.0,0.0,0.0,11053.3176,0.0,0.0,0.0,0.0,553.0368000000001,1482.9935999999998,0.0,3470.2872,0.0,0.0,0.0,0.0,0.0,0.0,0.0,19.812,0.0,0.0,0.0,0.0,0.0,6095.844,0.0,0.0,0.0,0.0,0.0,675.8328,0.0,0.0,2227.3176,830.1936000000001,0.0,0.0,0.0,0.0,127.3056,1352.3087999999998,543.6336,0.0,0.0,0.0,1612.8936,317.96400000000006,293.6664,0.0,0.0,2242.3272,1534.1183999999998,1145.4984,2038.716,26113.533600000002,1588.7256,0.0,0.0,39.972
0.0,0.0,0.0,1558.6032,0.0,16363.355999999998,4029.8688,0.0,0.0,1314.1296000000002,69.70320000000001,0.0,2175.0287999999996,47373.46800000001,69300.79199999999,107.15039999999999,0.0,1623.8904000000002,0.0,32089.581599999998,82026.72720000001,0.0,516.2568,8319.804000000002,11323.488000000003,0.0,0.0,0.0,0.0,0.0,1857.3288,5019.5112,0.0,0.0,0.0,0.0,216.73919999999998,0.0,0.0,0.0,0.0,0.0,0.0,0.0,0.0,0.0,0.0,0.0,0.0,0.0,0.0,0.0,0.0,0.0,37.7712,0.0,0.0,0.0,0.0,0.0,0.0,269.3016,0.0,0.0,0.0,0.0,0.0,0.0,11053.3176,0.0,0.0,0.0,0.0,553.0368000000001,1482.9935999999998,0.0,3470.2872,0.0,0.0,0.0,0.0,0.0,0.0,0.0,19.812,0.0,0.0,0.0,0.0,0.0,6095.844,0.0,0.0,0.0,0.0,0.0,675.8328,0.0,0.0,2227.3176,830.1936000000001,0.0,0.0,0.0,0.0,127.3056,1352.3087999999998,543.6336,0.0,0.0,0.0,1612.8936,317.96400000000006,293.6664,0.0,0.0,2242.3272,1534.1183999999998,1145.4984,2038.716,26113.533600000002,1588.7256,0.0,0.0,39.972
0.0,0.0,0.0,1463.3736,0.0,15271.9608,3859.1279999999997,0.0,0.0,1189.5576,94.284,0.0,1927.9535999999998,42757.7856,62623.2456,84.564,0.0,1557.4656,0.0,30669.6096,76563.4224,0.0,480.34079999999994,9745.375199999999,13386.849600000001,0.0,0.0,0.0,0.0,0.0,2041.0968,5481.554400000001,0.0,0.0,0.0,0.0,232.8168,0.0,0.0,0.0,0.0,0.0,0.0,0.0,0.0,0.0,0.0,0.0,0.0,0.0,0.0,0.0,0.0,0.0,41.8968,0.0,0.0,0.0,0.0,0.0,0.0,292.2768,0.0,0.0,0.0,0.0,0.0,0.0,10924.548,0.0,0.0,0.0,0.0,568.9608,1464.3024,0.0,3446.7047999999995,0.0,0.0,0.0,0.0,0.0,0.0,0.0,27.163199999999996,0.0,0.0,0.0,0.0,0.0,6674.8607999999995,0.0,0.0,0.0,0.0,0.0,759.6768,0.0,0.0,2258.8296,1628.0184,0.0,0.0,0.0,0.0,159.8184,3561.1512000000007,1298.7024,0.0,0.0,0.0,1812.9912,349.68,566.2775999999999,0.0,0.0,2740.356,1359.8495999999998,1287.6096000000002,2131.4448,24854.4528,1624.6632,0.0,0.0,110.6904
0.0,0.0,0.0,1463.3736,0.0,15271.9608,3859.1279999999997,0.0,0.0,1189.5576,94.284,0.0,1927.9535999999998,42757.7856,62623.2456,84.564,0.0,1557.4656,0.0,30669.6096,76563.4224,0.0,480.34079999999994,9745.375199999999,13386.849600000001,0.0,0.0,0.0,0.0,0.0,2041.0968,5481.554400000001,0.0,0.0,0.0,0.0,232.8168,0.0,0.0,0.0,0.0,0.0,0.0,0.0,0.0,0.0,0.0,0.0,0.0,0.0,0.0,0.0,0.0,0.0,41.8968,0.0,0.0,0.0,0.0,0.0,0.0,292.2768,0.0,0.0,0.0,0.0,0.0,0.0,10924.548,0.0,0.0,0.0,0.0,568.9608,1464.3024,0.0,3446.7047999999995,0.0,0.0,0.0,0.0,0.0,0.0,0.0,27.163199999999996,0.0,0.0,0.0,0.0,0.0,6674.8607999999995,0.0,0.0,0.0,0.0,0.0,759.6768,0.0,0.0,2258.8296,1628.0184,0.0,0.0,0.0,0.0,159.8184,3561.1512000000007,1298.7024,0.0,0.0,0.0,1812.9912,349.68,566.2775999999999,0.0,0.0,2740.356,1359.8495999999998,1287.6096000000002,2131.4448,24854.4528,1624.6632,0.0,0.0,110.6904
0.0,0.0,0.0,1463.3736,0.0,15271.9608,3859.1279999999997,0.0,0.0,1189.5576,94.284,0.0,1927.9535999999998,42757.7856,62623.2456,84.564,0.0,1557.4656,0.0,30669.6096,76563.4224,0.0,480.34079999999994,9745.375199999999,13386.849600000001,0.0,0.0,0.0,0.0,0.0,2041.0968,5481.554400000001,0.0,0.0,0.0,0.0,232.8168,0.0,0.0,0.0,0.0,0.0,0.0,0.0,0.0,0.0,0.0,0.0,0.0,0.0,0.0,0.0,0.0,0.0,41.8968,0.0,0.0,0.0,0.0,0.0,0.0,292.2768,0.0,0.0,0.0,0.0,0.0,0.0,10924.548,0.0,0.0,0.0,0.0,568.9608,1464.3024,0.0,3446.7047999999995,0.0,0.0,0.0,0.0,0.0,0.0,0.0,27.163199999999996,0.0,0.0,0.0,0.0,0.0,6674.8607999999995,0.0,0.0,0.0,0.0,0.0,759.6768,0.0,0.0,2258.8296,1628.0184,0.0,0.0,0.0,0.0,159.8184,3561.1512000000007,1298.7024,0.0,0.0,0.0,1812.9912,349.68,566.2775999999999,0.0,0.0,2740.356,1359.8495999999998,1287.6096000000002,2131.4448,24854.4528,1624.6632,0.0,0.0,110.6904
0.0,0.0,0.0,1463.3736,0.0,15271.9608,3859.1279999999997,0.0,0.0,1189.5576,94.284,0.0,1927.9535999999998,42757.7856,62623.2456,84.564,0.0,1557.4656,0.0,30669.6096,76563.4224,0.0,480.34079999999994,9745.375199999999,13386.849600000001,0.0,0.0,0.0,0.0,0.0,2041.0968,5481.554400000001,0.0,0.0,0.0,0.0,232.8168,0.0,0.0,0.0,0.0,0.0,0.0,0.0,0.0,0.0,0.0,0.0,0.0,0.0,0.0,0.0,0.0,0.0,41.8968,0.0,0.0,0.0,0.0,0.0,0.0,292.2768,0.0,0.0,0.0,0.0,0.0,0.0,10924.548,0.0,0.0,0.0,0.0,568.9608,1464.3024,0.0,3446.7047999999995,0.0,0.0,0.0,0.0,0.0,0.0,0.0,27.163199999999996,0.0,0.0,0.0,0.0,0.0,6674.8607999999995,0.0,0.0,0.0,0.0,0.0,759.6768,0.0,0.0,2258.8296,1628.0184,0.0,0.0,0.0,0.0,159.8184,3561.1512000000007,1298.7024,0.0,0.0,0.0,1812.9912,349.68,566.2775999999999,0.0,0.0,2740.356,1359.8495999999998,1287.6096000000002,2131.4448,24854.4528,1624.6632,0.0,0.0,110.6904
0.0,0.0,0.0,1463.3736,0.0,15271.9608,3859.1279999999997,0.0,0.0,1189.5576,94.284,0.0,1927.9535999999998,42757.7856,62623.2456,84.564,0.0,1557.4656,0.0,30669.6096,76563.4224,0.0,480.34079999999994,9745.375199999999,13386.849600000001,0.0,0.0,0.0,0.0,0.0,2041.0968,5481.554400000001,0.0,0.0,0.0,0.0,232.8168,0.0,0.0,0.0,0.0,0.0,0.0,0.0,0.0,0.0,0.0,0.0,0.0,0.0,0.0,0.0,0.0,0.0,41.8968,0.0,0.0,0.0,0.0,0.0,0.0,292.2768,0.0,0.0,0.0,0.0,0.0,0.0,10924.548,0.0,0.0,0.0,0.0,568.9608,1464.3024,0.0,3446.7047999999995,0.0,0.0,0.0,0.0,0.0,0.0,0.0,27.163199999999996,0.0,0.0,0.0,0.0,0.0,6674.8607999999995,0.0,0.0,0.0,0.0,0.0,759.6768,0.0,0.0,2258.8296,1628.0184,0.0,0.0,0.0,0.0,159.8184,3561.1512000000007,1298.7024,0.0,0.0,0.0,1812.9912,349.68,566.2775999999999,0.0,0.0,2740.356,1359.8495999999998,1287.6096000000002,2131.4448,24854.4528,1624.6632,0.0,0.0,110.6904
0.0,0.0,0.0,1463.3736,0.0,15271.9608,3859.1279999999997,0.0,0.0,1189.5576,94.284,0.0,1927.9535999999998,42757.7856,62623.2456,84.564,0.0,1557.4656,0.0,30669.6096,76563.4224,0.0,480.34079999999994,9745.375199999999,13386.849600000001,0.0,0.0,0.0,0.0,0.0,2041.0968,5481.554400000001,0.0,0.0,0.0,0.0,232.8168,0.0,0.0,0.0,0.0,0.0,0.0,0.0,0.0,0.0,0.0,0.0,0.0,0.0,0.0,0.0,0.0,0.0,41.8968,0.0,0.0,0.0,0.0,0.0,0.0,292.2768,0.0,0.0,0.0,0.0,0.0,0.0,10924.548,0.0,0.0,0.0,0.0,568.9608,1464.3024,0.0,3446.7047999999995,0.0,0.0,0.0,0.0,0.0,0.0,0.0,27.163199999999996,0.0,0.0,0.0,0.0,0.0,6674.8607999999995,0.0,0.0,0.0,0.0,0.0,759.6768,0.0,0.0,2258.8296,1628.0184,0.0,0.0,0.0,0.0,159.8184,3561.1512000000007,1298.7024,0.0,0.0,0.0,1812.9912,349.68,566.2775999999999,0.0,0.0,2740.356,1359.8495999999998,1287.6096000000002,2131.4448,24854.4528,1624.6632,0.0,0.0,110.6904
0.0,0.0,0.0,1463.3736,0.0,15271.9608,3859.1279999999997,0.0,0.0,1189.5576,94.284,0.0,1927.9535999999998,42757.7856,62623.2456,84.564,0.0,1557.4656,0.0,30669.6096,76563.4224,0.0,480.34079999999994,9745.375199999999,13386.849600000001,0.0,0.0,0.0,0.0,0.0,2041.0968,5481.554400000001,0.0,0.0,0.0,0.0,232.8168,0.0,0.0,0.0,0.0,0.0,0.0,0.0,0.0,0.0,0.0,0.0,0.0,0.0,0.0,0.0,0.0,0.0,41.8968,0.0,0.0,0.0,0.0,0.0,0.0,292.2768,0.0,0.0,0.0,0.0,0.0,0.0,10924.548,0.0,0.0,0.0,0.0,568.9608,1464.3024,0.0,3446.7047999999995,0.0,0.0,0.0,0.0,0.0,0.0,0.0,27.163199999999996,0.0,0.0,0.0,0.0,0.0,6674.8607999999995,0.0,0.0,0.0,0.0,0.0,759.6768,0.0,0.0,2258.8296,1628.0184,0.0,0.0,0.0,0.0,159.8184,3561.1512000000007,1298.7024,0.0,0.0,0.0,1812.9912,349.68,566.2775999999999,0.0,0.0,2740.356,1359.8495999999998,1287.6096000000002,2131.4448,24854.4528,1624.6632,0.0,0.0,110.6904
0.0,0.0,0.0,1703.8344,0.0,17467.536000000004,4091.5848000000005,0.0,0.0,1491.2328,120.60719999999999,0.0,1957.6248,53601.3288,76107.06,86.12400000000001,0.0,1440.5112,0.0,36610.2552,91650.34080000002,0.0,499.2504,10542.0624,15319.8408,0.0,0.0,0.0,0.0,0.0,2009.1144,5399.244,0.0,0.0,0.0,0.0,231.75599999999997,0.0,0.0,0.0,0.0,0.0,0.0,0.0,0.0,0.0,0.0,0.0,0.0,0.0,0.0,0.0,0.0,0.0,41.1432,0.0,0.0,0.0,0.0,0.0,0.0,317.46720000000005,0.0,0.0,0.0,0.0,0.0,0.0,10924.548,0.0,0.0,0.0,0.0,561.5304,1464.3024,0.0,3446.7047999999995,0.0,0.0,0.0,0.0,0.0,0.0,0.0,35.064,0.0,0.0,0.0,0.0,0.0,17269.044,0.0,0.0,0.0,0.0,0.0,1046.5704,0.0,0.0,2974.2287999999994,3887.244,0.0,0.0,0.0,0.0,185.89919999999998,2715.8736000000004,2309.4048000000003,0.0,0.0,0.0,2497.6752,381.9408,1604.5272,0.0,0.0,3828.2903999999994,1380.78,1769.0351999999998,4321.8048,25236.9528,2134.2744000000002,0.0,0.0,93.372
0.0,0.0,0.0,1703.8344,0.0,17467.536000000004,4091.5848000000005,0.0,0.0,1491.2328,120.60719999999999,0.0,1957.6248,53601.3288,76107.06,86.12400000000001,0.0,1440.5112,0.0,36610.2552,91650.34080000002,0.0,499.2504,10542.0624,15319.8408,0.0,0.0,0.0,0.0,0.0,2009.1144,5399.244,0.0,0.0,0.0,0.0,231.75599999999997,0.0,0.0,0.0,0.0,0.0,0.0,0.0,0.0,0.0,0.0,0.0,0.0,0.0,0.0,0.0,0.0,0.0,41.1432,0.0,0.0,0.0,0.0,0.0,0.0,317.46720000000005,0.0,0.0,0.0,0.0,0.0,0.0,10924.548,0.0,0.0,0.0,0.0,561.5304,1464.3024,0.0,3446.7047999999995,0.0,0.0,0.0,0.0,0.0,0.0,0.0,35.064,0.0,0.0,0.0,0.0,0.0,17269.044,0.0,0.0,0.0,0.0,0.0,1046.5704,0.0,0.0,2974.2287999999994,3887.244,0.0,0.0,0.0,0.0,185.89919999999998,2715.8736000000004,2309.4048000000003,0.0,0.0,0.0,2497.6752,381.9408,1604.5272,0.0,0.0,3828.2903999999994,1380.78,1769.0351999999998,4321.8048,25236.9528,2134.2744000000002,0.0,0.0,93.372
0.0,0.0,0.0,1703.8344,0.0,17467.536000000004,4091.5848000000005,0.0,0.0,1491.2328,120.60719999999999,0.0,1957.6248,53601.3288,76107.06,86.12400000000001,0.0,1440.5112,0.0,36610.2552,91650.34080000002,0.0,499.2504,10542.0624,15319.8408,0.0,0.0,0.0,0.0,0.0,2009.1144,5399.244,0.0,0.0,0.0,0.0,231.75599999999997,0.0,0.0,0.0,0.0,0.0,0.0,0.0,0.0,0.0,0.0,0.0,0.0,0.0,0.0,0.0,0.0,0.0,41.1432,0.0,0.0,0.0,0.0,0.0,0.0,317.46720000000005,0.0,0.0,0.0,0.0,0.0,0.0,10924.548,0.0,0.0,0.0,0.0,561.5304,1464.3024,0.0,3446.7047999999995,0.0,0.0,0.0,0.0,0.0,0.0,0.0,35.064,0.0,0.0,0.0,0.0,0.0,17269.044,0.0,0.0,0.0,0.0,0.0,1046.5704,0.0,0.0,2974.2287999999994,3887.244,0.0,0.0,0.0,0.0,185.89919999999998,2715.8736000000004,2309.4048000000003,0.0,0.0,0.0,2497.6752,381.9408,1604.5272,0.0,0.0,3828.2903999999994,1380.78,1769.0351999999998,4321.8048,25236.9528,2134.2744000000002,0.0,0.0,93.372
0.0,0.0,0.0,1703.8344,0.0,17467.536000000004,4091.5848000000005,0.0,0.0,1491.2328,120.60719999999999,0.0,1957.6248,53601.3288,76107.06,86.12400000000001,0.0,1440.5112,0.0,36610.2552,91650.34080000002,0.0,499.2504,10542.0624,15319.8408,0.0,0.0,0.0,0.0,0.0,2009.1144,5399.244,0.0,0.0,0.0,0.0,231.75599999999997,0.0,0.0,0.0,0.0,0.0,0.0,0.0,0.0,0.0,0.0,0.0,0.0,0.0,0.0,0.0,0.0,0.0,41.1432,0.0,0.0,0.0,0.0,0.0,0.0,317.46720000000005,0.0,0.0,0.0,0.0,0.0,0.0,10924.548,0.0,0.0,0.0,0.0,561.5304,1464.3024,0.0,3446.7047999999995,0.0,0.0,0.0,0.0,0.0,0.0,0.0,35.064,0.0,0.0,0.0,0.0,0.0,17269.044,0.0,0.0,0.0,0.0,0.0,1046.5704,0.0,0.0,2974.2287999999994,3887.244,0.0,0.0,0.0,0.0,185.89919999999998,2715.8736000000004,2309.4048000000003,0.0,0.0,0.0,2497.6752,381.9408,1604.5272,0.0,0.0,3828.2903999999994,1380.78,1769.0351999999998,4321.8048,25236.9528,2134.2744000000002,0.0,0.0,93.372
0.0,0.0,0.0,1703.8344,0.0,17467.536000000004,4091.5848000000005,0.0,0.0,1491.2328,120.60719999999999,0.0,1957.6248,53601.3288,76107.06,86.12400000000001,0.0,1440.5112,0.0,36610.2552,91650.34080000002,0.0,499.2504,10542.0624,15319.8408,0.0,0.0,0.0,0.0,0.0,2009.1144,5399.244,0.0,0.0,0.0,0.0,231.75599999999997,0.0,0.0,0.0,0.0,0.0,0.0,0.0,0.0,0.0,0.0,0.0,0.0,0.0,0.0,0.0,0.0,0.0,41.1432,0.0,0.0,0.0,0.0,0.0,0.0,317.46720000000005,0.0,0.0,0.0,0.0,0.0,0.0,10924.548,0.0,0.0,0.0,0.0,561.5304,1464.3024,0.0,3446.7047999999995,0.0,0.0,0.0,0.0,0.0,0.0,0.0,35.064,0.0,0.0,0.0,0.0,0.0,17269.044,0.0,0.0,0.0,0.0,0.0,1046.5704,0.0,0.0,2974.2287999999994,3887.244,0.0,0.0,0.0,0.0,185.89919999999998,2715.8736000000004,2309.4048000000003,0.0,0.0,0.0,2497.6752,381.9408,1604.5272,0.0,0.0,3828.2903999999994,1380.78,1769.0351999999998,4321.8048,25236.9528,2134.2744000000002,0.0,0.0,93.372
0.0,0.0,0.0,1703.8344,0.0,17467.536000000004,4091.5848000000005,0.0,0.0,1491.2328,120.60719999999999,0.0,1957.6248,53601.3288,76107.06,86.12400000000001,0.0,1440.5112,0.0,36610.2552,91650.34080000002,0.0,499.2504,10542.0624,15319.8408,0.0,0.0,0.0,0.0,0.0,2009.1144,5399.244,0.0,0.0,0.0,0.0,231.75599999999997,0.0,0.0,0.0,0.0,0.0,0.0,0.0,0.0,0.0,0.0,0.0,0.0,0.0,0.0,0.0,0.0,0.0,41.1432,0.0,0.0,0.0,0.0,0.0,0.0,317.46720000000005,0.0,0.0,0.0,0.0,0.0,0.0,10924.548,0.0,0.0,0.0,0.0,561.5304,1464.3024,0.0,3446.7047999999995,0.0,0.0,0.0,0.0,0.0,0.0,0.0,35.064,0.0,0.0,0.0,0.0,0.0,17269.044,0.0,0.0,0.0,0.0,0.0,1046.5704,0.0,0.0,2974.2287999999994,3887.244,0.0,0.0,0.0,0.0,185.89919999999998,2715.8736000000004,2309.4048000000003,0.0,0.0,0.0,2497.6752,381.9408,1604.5272,0.0,0.0,3828.2903999999994,1380.78,1769.0351999999998,4321.8048,25236.9528,2134.2744000000002,0.0,0.0,93.372
0.0,0.0,0.0,1703.8344,0.0,17467.536000000004,4091.5848000000005,0.0,0.0,1491.2328,120.60719999999999,0.0,1957.6248,53601.3288,76107.06,86.12400000000001,0.0,1440.5112,0.0,36610.2552,91650.34080000002,0.0,499.2504,10542.0624,15319.8408,0.0,0.0,0.0,0.0,0.0,2009.1144,5399.244,0.0,0.0,0.0,0.0,231.75599999999997,0.0,0.0,0.0,0.0,0.0,0.0,0.0,0.0,0.0,0.0,0.0,0.0,0.0,0.0,0.0,0.0,0.0,41.1432,0.0,0.0,0.0,0.0,0.0,0.0,317.46720000000005,0.0,0.0,0.0,0.0,0.0,0.0,10924.548,0.0,0.0,0.0,0.0,561.5304,1464.3024,0.0,3446.7047999999995,0.0,0.0,0.0,0.0,0.0,0.0,0.0,35.064,0.0,0.0,0.0,0.0,0.0,17269.044,0.0,0.0,0.0,0.0,0.0,1046.5704,0.0,0.0,2974.2287999999994,3887.244,0.0,0.0,0.0,0.0,185.89919999999998,2715.8736000000004,2309.4048000000003,0.0,0.0,0.0,2497.6752,381.9408,1604.5272,0.0,0.0,3828.2903999999994,1380.78,1769.0351999999998,4321.8048,25236.9528,2134.2744000000002,0.0,0.0,93.372
0.0,0.0,0.0,1817.1935999999998,0.0,18696.9504,4140.8112,0.0,0.0,1701.5088,76.3944,0.0,1888.1976,61140.3144,85035.12000000001,63.6912,0.0,1184.1288,0.0,33834.278399999996,99115.236,0.0,508.884,10346.9568,14869.2672,0.0,0.0,0.0,0.0,0.0,1785.2591999999997,4865.8104,0.0,0.0,0.0,0.0,252.41039999999998,0.0,0.0,0.0,0.0,0.0,0.0,0.0,0.0,0.0,0.0,0.0,0.0,0.0,0.0,0.0,0.0,0.0,36.427200000000006,0.0,0.0,0.0,0.0,0.0,0.0,299.5464,0.0,0.0,0.0,0.0,0.0,0.0,10774.382399999999,0.0,0.0,0.0,0.0,551.0232,1444.1736,0.0,3399.3264,0.0,0.0,0.0,0.0,0.0,0.0,0.0,98.244,0.0,0.0,0.0,0.0,0.0,8644.3464,0.0,0.0,0.0,0.0,0.0,1063.2048,0.0,0.0,3224.4719999999993,3544.044,0.0,0.0,0.0,0.0,360.18240000000003,3177.4175999999998,2537.4672,0.0,0.0,0.0,2537.3712,398.55600000000004,3306.5856,0.0,0.0,4450.0848000000005,1331.808,1792.0032,5869.9728,24341.916,2646.924,0.0,0.0,228.0384
0.0,0.0,0.0,1817.1935999999998,0.0,18696.9504,4140.8112,0.0,0.0,1701.5088,76.3944,0.0,1888.1976,61140.3144,85035.12000000001,63.6912,0.0,1184.1288,0.0,33834.278399999996,99115.236,0.0,508.884,10346.9568,14869.2672,0.0,0.0,0.0,0.0,0.0,1785.2591999999997,4865.8104,0.0,0.0,0.0,0.0,252.41039999999998,0.0,0.0,0.0,0.0,0.0,0.0,0.0,0.0,0.0,0.0,0.0,0.0,0.0,0.0,0.0,0.0,0.0,36.427200000000006,0.0,0.0,0.0,0.0,0.0,0.0,299.5464,0.0,0.0,0.0,0.0,0.0,0.0,10774.382399999999,0.0,0.0,0.0,0.0,551.0232,1444.1736,0.0,3399.3264,0.0,0.0,0.0,0.0,0.0,0.0,0.0,98.244,0.0,0.0,0.0,0.0,0.0,8644.3464,0.0,0.0,0.0,0.0,0.0,1063.2048,0.0,0.0,3224.4719999999993,3544.044,0.0,0.0,0.0,0.0,360.18240000000003,3177.4175999999998,2537.4672,0.0,0.0,0.0,2537.3712,398.55600000000004,3306.5856,0.0,0.0,4450.0848000000005,1331.808,1792.0032,5869.9728,24341.916,2646.924,0.0,0.0,228.0384
0.0,0.0,0.0,1817.1935999999998,0.0,18696.9504,4140.8112,0.0,0.0,1701.5088,76.3944,0.0,1888.1976,61140.3144,85035.12000000001,63.6912,0.0,1184.1288,0.0,33834.278399999996,99115.236,0.0,508.884,10346.9568,14869.2672,0.0,0.0,0.0,0.0,0.0,1785.2591999999997,4865.8104,0.0,0.0,0.0,0.0,252.41039999999998,0.0,0.0,0.0,0.0,0.0,0.0,0.0,0.0,0.0,0.0,0.0,0.0,0.0,0.0,0.0,0.0,0.0,36.427200000000006,0.0,0.0,0.0,0.0,0.0,0.0,299.5464,0.0,0.0,0.0,0.0,0.0,0.0,10774.382399999999,0.0,0.0,0.0,0.0,551.0232,1444.1736,0.0,3399.3264,0.0,0.0,0.0,0.0,0.0,0.0,0.0,98.244,0.0,0.0,0.0,0.0,0.0,8644.3464,0.0,0.0,0.0,0.0,0.0,1063.2048,0.0,0.0,3224.4719999999993,3544.044,0.0,0.0,0.0,0.0,360.18240000000003,3177.4175999999998,2537.4672,0.0,0.0,0.0,2537.3712,398.55600000000004,3306.5856,0.0,0.0,4450.0848000000005,1331.808,1792.0032,5869.9728,24341.916,2646.924,0.0,0.0,228.0384
0.0,0.0,0.0,1817.1935999999998,0.0,18696.9504,4140.8112,0.0,0.0,1701.5088,76.3944,0.0,1888.1976,61140.3144,85035.12000000001,63.6912,0.0,1184.1288,0.0,33834.278399999996,99115.236,0.0,508.884,10346.9568,14869.2672,0.0,0.0,0.0,0.0,0.0,1785.2591999999997,4865.8104,0.0,0.0,0.0,0.0,252.41039999999998,0.0,0.0,0.0,0.0,0.0,0.0,0.0,0.0,0.0,0.0,0.0,0.0,0.0,0.0,0.0,0.0,0.0,36.427200000000006,0.0,0.0,0.0,0.0,0.0,0.0,299.5464,0.0,0.0,0.0,0.0,0.0,0.0,10774.382399999999,0.0,0.0,0.0,0.0,551.0232,1444.1736,0.0,3399.3264,0.0,0.0,0.0,0.0,0.0,0.0,0.0,98.244,0.0,0.0,0.0,0.0,0.0,8644.3464,0.0,0.0,0.0,0.0,0.0,1063.2048,0.0,0.0,3224.4719999999993,3544.044,0.0,0.0,0.0,0.0,360.18240000000003,3177.4175999999998,2537.4672,0.0,0.0,0.0,2537.3712,398.55600000000004,3306.5856,0.0,0.0,4450.0848000000005,1331.808,1792.0032,5869.9728,24341.916,2646.924,0.0,0.0,228.0384
0.0,0.0,0.0,1817.1935999999998,0.0,18696.9504,4140.8112,0.0,0.0,1701.5088,76.3944,0.0,1888.1976,61140.3144,85035.12000000001,63.6912,0.0,1184.1288,0.0,33834.278399999996,99115.236,0.0,508.884,10346.9568,14869.2672,0.0,0.0,0.0,0.0,0.0,1785.2591999999997,4865.8104,0.0,0.0,0.0,0.0,252.41039999999998,0.0,0.0,0.0,0.0,0.0,0.0,0.0,0.0,0.0,0.0,0.0,0.0,0.0,0.0,0.0,0.0,0.0,36.427200000000006,0.0,0.0,0.0,0.0,0.0,0.0,299.5464,0.0,0.0,0.0,0.0,0.0,0.0,10774.382399999999,0.0,0.0,0.0,0.0,551.0232,1444.1736,0.0,3399.3264,0.0,0.0,0.0,0.0,0.0,0.0,0.0,98.244,0.0,0.0,0.0,0.0,0.0,8644.3464,0.0,0.0,0.0,0.0,0.0,1063.2048,0.0,0.0,3224.4719999999993,3544.044,0.0,0.0,0.0,0.0,360.18240000000003,3177.4175999999998,2537.4672,0.0,0.0,0.0,2537.3712,398.55600000000004,3306.5856,0.0,0.0,4450.0848000000005,1331.808,1792.0032,5869.9728,24341.916,2646.924,0.0,0.0,228.0384
0.0,0.0,0.0,1817.1935999999998,0.0,18696.9504,4140.8112,0.0,0.0,1701.5088,76.3944,0.0,1888.1976,61140.3144,85035.12000000001,63.6912,0.0,1184.1288,0.0,33834.278399999996,99115.236,0.0,508.884,10346.9568,14869.2672,0.0,0.0,0.0,0.0,0.0,1785.2591999999997,4865.8104,0.0,0.0,0.0,0.0,252.41039999999998,0.0,0.0,0.0,0.0,0.0,0.0,0.0,0.0,0.0,0.0,0.0,0.0,0.0,0.0,0.0,0.0,0.0,36.427200000000006,0.0,0.0,0.0,0.0,0.0,0.0,299.5464,0.0,0.0,0.0,0.0,0.0,0.0,10774.382399999999,0.0,0.0,0.0,0.0,551.0232,1444.1736,0.0,3399.3264,0.0,0.0,0.0,0.0,0.0,0.0,0.0,98.244,0.0,0.0,0.0,0.0,0.0,8644.3464,0.0,0.0,0.0,0.0,0.0,1063.2048,0.0,0.0,3224.4719999999993,3544.044,0.0,0.0,0.0,0.0,360.18240000000003,3177.4175999999998,2537.4672,0.0,0.0,0.0,2537.3712,398.55600000000004,3306.5856,0.0,0.0,4450.0848000000005,1331.808,1792.0032,5869.9728,24341.916,2646.924,0.0,0.0,228.0384
0.0,0.0,0.0,1817.1935999999998,0.0,18696.9504,4140.8112,0.0,0.0,1701.5088,76.3944,0.0,1888.1976,61140.3144,85035.12000000001,63.6912,0.0,1184.1288,0.0,33834.278399999996,99115.236,0.0,508.884,10346.9568,14869.2672,0.0,0.0,0.0,0.0,0.0,1785.2591999999997,4865.8104,0.0,0.0,0.0,0.0,252.41039999999998,0.0,0.0,0.0,0.0,0.0,0.0,0.0,0.0,0.0,0.0,0.0,0.0,0.0,0.0,0.0,0.0,0.0,36.427200000000006,0.0,0.0,0.0,0.0,0.0,0.0,299.5464,0.0,0.0,0.0,0.0,0.0,0.0,10774.382399999999,0.0,0.0,0.0,0.0,551.0232,1444.1736,0.0,3399.3264,0.0,0.0,0.0,0.0,0.0,0.0,0.0,98.244,0.0,0.0,0.0,0.0,0.0,8644.3464,0.0,0.0,0.0,0.0,0.0,1063.2048,0.0,0.0,3224.4719999999993,3544.044,0.0,0.0,0.0,0.0,360.18240000000003,3177.4175999999998,2537.4672,0.0,0.0,0.0,2537.3712,398.55600000000004,3306.5856,0.0,0.0,4450.0848000000005,1331.808,1792.0032,5869.9728,24341.916,2646.924,0.0,0.0,228.0384
0.0,0.0,0.0,1738.7208,0.0,18014.505599999997,4450.9416,0.0,0.0,1556.4984,66.3624,0.0,1916.5032,55057.5936,84976.416,53.568,0.0,1396.2,0.0,30875.971199999993,91016.9352,0.0,479.4696,10310.044800000001,15150.955200000002,0.0,0.0,0.0,0.0,0.0,1626.12,6900.369600000001,0.0,0.0,0.0,0.0,172.64159999999998,0.0,0.0,0.0,0.0,0.0,0.0,0.0,0.0,0.0,0.0,0.0,0.0,0.0,0.0,0.0,0.0,0.0,28.0752,0.0,0.0,0.0,0.0,0.0,0.0,253.5648,0.0,0.0,0.0,0.0,0.0,0.0,10553.4432,0.0,0.0,0.0,0.0,585.8352,1485.1488,0.0,3324.24,0.0,0.0,0.0,0.0,0.0,0.0,0.0,94.02,0.0,0.0,0.0,0.0,0.0,6744.168,0.0,0.0,0.0,0.0,0.0,1015.8504,0.0,0.0,3197.7575999999995,1744.7976,0.0,0.0,0.0,0.0,294.9432,3729.4463999999994,2759.2848000000004,0.0,0.0,0.0,2424.3624,732.0,3870.9624000000003,0.0,0.0,4160.284799999999,1351.7736,1721.8128,5906.4,28901.3016,5696.1312,0.0,0.0,334.52880000000005
0.0,0.0,0.0,1738.7208,0.0,18014.505599999997,4450.9416,0.0,0.0,1556.4984,66.3624,0.0,1916.5032,55057.5936,84976.416,53.568,0.0,1396.2,0.0,30875.971199999993,91016.9352,0.0,479.4696,10310.044800000001,15150.955200000002,0.0,0.0,0.0,0.0,0.0,1626.12,6900.369600000001,0.0,0.0,0.0,0.0,172.64159999999998,0.0,0.0,0.0,0.0,0.0,0.0,0.0,0.0,0.0,0.0,0.0,0.0,0.0,0.0,0.0,0.0,0.0,28.0752,0.0,0.0,0.0,0.0,0.0,0.0,253.5648,0.0,0.0,0.0,0.0,0.0,0.0,10553.4432,0.0,0.0,0.0,0.0,585.8352,1485.1488,0.0,3324.24,0.0,0.0,0.0,0.0,0.0,0.0,0.0,94.02,0.0,0.0,0.0,0.0,0.0,6744.168,0.0,0.0,0.0,0.0,0.0,1015.8504,0.0,0.0,3197.7575999999995,1744.7976,0.0,0.0,0.0,0.0,294.9432,3729.4463999999994,2759.2848000000004,0.0,0.0,0.0,2424.3624,732.0,3870.9624000000003,0.0,0.0,4160.284799999999,1351.7736,1721.8128,5906.4,28901.3016,5696.1312,0.0,0.0,334.52880000000005
0.0,0.0,0.0,1738.7208,0.0,18014.505599999997,4450.9416,0.0,0.0,1556.4984,66.3624,0.0,1916.5032,55057.5936,84976.416,53.568,0.0,1396.2,0.0,30875.971199999993,91016.9352,0.0,479.4696,10310.044800000001,15150.955200000002,0.0,0.0,0.0,0.0,0.0,1626.12,6900.369600000001,0.0,0.0,0.0,0.0,172.64159999999998,0.0,0.0,0.0,0.0,0.0,0.0,0.0,0.0,0.0,0.0,0.0,0.0,0.0,0.0,0.0,0.0,0.0,28.0752,0.0,0.0,0.0,0.0,0.0,0.0,253.5648,0.0,0.0,0.0,0.0,0.0,0.0,10553.4432,0.0,0.0,0.0,0.0,585.8352,1485.1488,0.0,3324.24,0.0,0.0,0.0,0.0,0.0,0.0,0.0,94.02,0.0,0.0,0.0,0.0,0.0,6744.168,0.0,0.0,0.0,0.0,0.0,1015.8504,0.0,0.0,3197.7575999999995,1744.7976,0.0,0.0,0.0,0.0,294.9432,3729.4463999999994,2759.2848000000004,0.0,0.0,0.0,2424.3624,732.0,3870.9624000000003,0.0,0.0,4160.284799999999,1351.7736,1721.8128,5906.4,28901.3016,5696.1312,0.0,0.0,334.52880000000005
0.0,0.0,0.0,1738.7208,0.0,18014.505599999997,4450.9416,0.0,0.0,1556.4984,66.3624,0.0,1916.5032,55057.5936,84976.416,53.568,0.0,1396.2,0.0,30875.971199999993,91016.9352,0.0,479.4696,10310.044800000001,15150.955200000002,0.0,0.0,0.0,0.0,0.0,1626.12,6900.369600000001,0.0,0.0,0.0,0.0,172.64159999999998,0.0,0.0,0.0,0.0,0.0,0.0,0.0,0.0,0.0,0.0,0.0,0.0,0.0,0.0,0.0,0.0,0.0,28.0752,0.0,0.0,0.0,0.0,0.0,0.0,253.5648,0.0,0.0,0.0,0.0,0.0,0.0,10553.4432,0.0,0.0,0.0,0.0,585.8352,1485.1488,0.0,3324.24,0.0,0.0,0.0,0.0,0.0,0.0,0.0,94.02,0.0,0.0,0.0,0.0,0.0,6744.168,0.0,0.0,0.0,0.0,0.0,1015.8504,0.0,0.0,3197.7575999999995,1744.7976,0.0,0.0,0.0,0.0,294.9432,3729.4463999999994,2759.2848000000004,0.0,0.0,0.0,2424.3624,732.0,3870.9624000000003,0.0,0.0,4160.284799999999,1351.7736,1721.8128,5906.4,28901.3016,5696.1312,0.0,0.0,334.52880000000005
0.0,0.0,0.0,1738.7208,0.0,18014.505599999997,4450.9416,0.0,0.0,1556.4984,66.3624,0.0,1916.5032,55057.5936,84976.416,53.568,0.0,1396.2,0.0,30875.971199999993,91016.9352,0.0,479.4696,10310.044800000001,15150.955200000002,0.0,0.0,0.0,0.0,0.0,1626.12,6900.369600000001,0.0,0.0,0.0,0.0,172.64159999999998,0.0,0.0,0.0,0.0,0.0,0.0,0.0,0.0,0.0,0.0,0.0,0.0,0.0,0.0,0.0,0.0,0.0,28.0752,0.0,0.0,0.0,0.0,0.0,0.0,253.5648,0.0,0.0,0.0,0.0,0.0,0.0,10553.4432,0.0,0.0,0.0,0.0,585.8352,1485.1488,0.0,3324.24,0.0,0.0,0.0,0.0,0.0,0.0,0.0,94.02,0.0,0.0,0.0,0.0,0.0,6744.168,0.0,0.0,0.0,0.0,0.0,1015.8504,0.0,0.0,3197.7575999999995,1744.7976,0.0,0.0,0.0,0.0,294.9432,3729.4463999999994,2759.2848000000004,0.0,0.0,0.0,2424.3624,732.0,3870.9624000000003,0.0,0.0,4160.284799999999,1351.7736,1721.8128,5906.4,28901.3016,5696.1312,0.0,0.0,334.52880000000005
0.0,0.0,0.0,1738.7208,0.0,18014.505599999997,4450.9416,0.0,0.0,1556.4984,66.3624,0.0,1916.5032,55057.5936,84976.416,53.568,0.0,1396.2,0.0,30875.971199999993,91016.9352,0.0,479.4696,10310.044800000001,15150.955200000002,0.0,0.0,0.0,0.0,0.0,1626.12,6900.369600000001,0.0,0.0,0.0,0.0,172.64159999999998,0.0,0.0,0.0,0.0,0.0,0.0,0.0,0.0,0.0,0.0,0.0,0.0,0.0,0.0,0.0,0.0,0.0,28.0752,0.0,0.0,0.0,0.0,0.0,0.0,253.5648,0.0,0.0,0.0,0.0,0.0,0.0,10553.4432,0.0,0.0,0.0,0.0,585.8352,1485.1488,0.0,3324.24,0.0,0.0,0.0,0.0,0.0,0.0,0.0,94.02,0.0,0.0,0.0,0.0,0.0,6744.168,0.0,0.0,0.0,0.0,0.0,1015.8504,0.0,0.0,3197.7575999999995,1744.7976,0.0,0.0,0.0,0.0,294.9432,3729.4463999999994,2759.2848000000004,0.0,0.0,0.0,2424.3624,732.0,3870.9624000000003,0.0,0.0,4160.284799999999,1351.7736,1721.8128,5906.4,28901.3016,5696.1312,0.0,0.0,334.52880000000005
0.0,0.0,0.0,1738.7208,0.0,18014.505599999997,4450.9416,0.0,0.0,1556.4984,66.3624,0.0,1916.5032,55057.5936,84976.416,53.568,0.0,1396.2,0.0,30875.971199999993,91016.9352,0.0,479.4696,10310.044800000001,15150.955200000002,0.0,0.0,0.0,0.0,0.0,1626.12,6900.369600000001,0.0,0.0,0.0,0.0,172.64159999999998,0.0,0.0,0.0,0.0,0.0,0.0,0.0,0.0,0.0,0.0,0.0,0.0,0.0,0.0,0.0,0.0,0.0,28.0752,0.0,0.0,0.0,0.0,0.0,0.0,253.5648,0.0,0.0,0.0,0.0,0.0,0.0,10553.4432,0.0,0.0,0.0,0.0,585.8352,1485.1488,0.0,3324.24,0.0,0.0,0.0,0.0,0.0,0.0,0.0,94.02,0.0,0.0,0.0,0.0,0.0,6744.168,0.0,0.0,0.0,0.0,0.0,1015.8504,0.0,0.0,3197.7575999999995,1744.7976,0.0,0.0,0.0,0.0,294.9432,3729.4463999999994,2759.2848000000004,0.0,0.0,0.0,2424.3624,732.0,3870.9624000000003,0.0,0.0,4160.284799999999,1351.7736,1721.8128,5906.4,28901.3016,5696.1312,0.0,0.0,334.52880000000005
0.0,0.0,0.0,1617.4584,0.0,16823.707199999997,4665.779999999999,0.0,0.0,1556.9424000000001,54.1464,0.0,1406.6327999999999,53882.8536,87134.17680000002,48.7104,0.0,1612.0632,0.0,29217.981600000003,87402.69119999999,0.0,419.0736,12466.3416,19094.928,0.0,0.0,0.0,0.0,0.0,1439.9976,8490.571200000002,0.0,0.0,0.0,0.0,129.6888,0.0,0.0,0.0,0.0,0.0,0.0,0.0,0.0,0.0,0.0,0.0,0.0,0.0,0.0,0.0,0.0,0.0,24.948,0.0,0.0,0.0,0.0,0.0,0.0,245.0904,0.0,0.0,0.0,0.0,0.0,0.0,10909.420800000002,0.0,0.0,0.0,0.0,643.6751999999999,1648.5624,0.0,3427.7304000000004,0.0,0.0,0.0,0.0,0.0,0.0,0.0,46.0176,0.0,0.0,0.0,0.0,0.0,21539.2536,0.0,0.0,0.0,0.0,0.0,1016.7767999999999,0.0,0.0,3102.1944000000003,1578.5616,0.0,0.0,0.0,0.0,198.79919999999998,5044.1568,2731.3943999999997,0.0,0.0,0.0,2426.5728,732.0,2393.6448,0.0,0.0,4006.0056000000004,992.1456000000001,1723.3824,5906.4,24958.0464,7646.400000000001,0.0,0.0,344.7672
0.0,0.0,0.0,1617.4584,0.0,16823.707199999997,4665.779999999999,0.0,0.0,1556.9424000000001,54.1464,0.0,1406.6327999999999,53882.8536,87134.17680000002,48.7104,0.0,1612.0632,0.0,29217.981600000003,87402.69119999999,0.0,419.0736,12466.3416,19094.928,0.0,0.0,0.0,0.0,0.0,1439.9976,8490.571200000002,0.0,0.0,0.0,0.0,129.6888,0.0,0.0,0.0,0.0,0.0,0.0,0.0,0.0,0.0,0.0,0.0,0.0,0.0,0.0,0.0,0.0,0.0,24.948,0.0,0.0,0.0,0.0,0.0,0.0,245.0904,0.0,0.0,0.0,0.0,0.0,0.0,10909.420800000002,0.0,0.0,0.0,0.0,643.6751999999999,1648.5624,0.0,3427.7304000000004,0.0,0.0,0.0,0.0,0.0,0.0,0.0,46.0176,0.0,0.0,0.0,0.0,0.0,21539.2536,0.0,0.0,0.0,0.0,0.0,1016.7767999999999,0.0,0.0,3102.1944000000003,1578.5616,0.0,0.0,0.0,0.0,198.79919999999998,5044.1568,2731.3943999999997,0.0,0.0,0.0,2426.5728,732.0,2393.6448,0.0,0.0,4006.0056000000004,992.1456000000001,1723.3824,5906.4,24958.0464,7646.400000000001,0.0,0.0,344.7672
0.0,0.0,0.0,1617.4584,0.0,16823.707199999997,4665.779999999999,0.0,0.0,1556.9424000000001,54.1464,0.0,1406.6327999999999,53882.8536,87134.17680000002,48.7104,0.0,1612.0632,0.0,29217.981600000003,87402.69119999999,0.0,419.0736,12466.3416,19094.928,0.0,0.0,0.0,0.0,0.0,1439.9976,8490.571200000002,0.0,0.0,0.0,0.0,129.6888,0.0,0.0,0.0,0.0,0.0,0.0,0.0,0.0,0.0,0.0,0.0,0.0,0.0,0.0,0.0,0.0,0.0,24.948,0.0,0.0,0.0,0.0,0.0,0.0,245.0904,0.0,0.0,0.0,0.0,0.0,0.0,10909.420800000002,0.0,0.0,0.0,0.0,643.6751999999999,1648.5624,0.0,3427.7304000000004,0.0,0.0,0.0,0.0,0.0,0.0,0.0,46.0176,0.0,0.0,0.0,0.0,0.0,21539.2536,0.0,0.0,0.0,0.0,0.0,1016.7767999999999,0.0,0.0,3102.1944000000003,1578.5616,0.0,0.0,0.0,0.0,198.79919999999998,5044.1568,2731.3943999999997,0.0,0.0,0.0,2426.5728,732.0,2393.6448,0.0,0.0,4006.0056000000004,992.1456000000001,1723.3824,5906.4,24958.0464,7646.400000000001,0.0,0.0,344.7672
0.0,0.0,0.0,1617.4584,0.0,16823.707199999997,4665.779999999999,0.0,0.0,1556.9424000000001,54.1464,0.0,1406.6327999999999,53882.8536,87134.17680000002,48.7104,0.0,1612.0632,0.0,29217.981600000003,87402.69119999999,0.0,419.0736,12466.3416,19094.928,0.0,0.0,0.0,0.0,0.0,1439.9976,8490.571200000002,0.0,0.0,0.0,0.0,129.6888,0.0,0.0,0.0,0.0,0.0,0.0,0.0,0.0,0.0,0.0,0.0,0.0,0.0,0.0,0.0,0.0,0.0,24.948,0.0,0.0,0.0,0.0,0.0,0.0,245.0904,0.0,0.0,0.0,0.0,0.0,0.0,10909.420800000002,0.0,0.0,0.0,0.0,643.6751999999999,1648.5624,0.0,3427.7304000000004,0.0,0.0,0.0,0.0,0.0,0.0,0.0,46.0176,0.0,0.0,0.0,0.0,0.0,21539.2536,0.0,0.0,0.0,0.0,0.0,1016.7767999999999,0.0,0.0,3102.1944000000003,1578.5616,0.0,0.0,0.0,0.0,198.79919999999998,5044.1568,2731.3943999999997,0.0,0.0,0.0,2426.5728,732.0,2393.6448,0.0,0.0,4006.0056000000004,992.1456000000001,1723.3824,5906.4,24958.0464,7646.400000000001,0.0,0.0,344.7672
0.0,0.0,0.0,1617.4584,0.0,16823.707199999997,4665.779999999999,0.0,0.0,1556.9424000000001,54.1464,0.0,1406.6327999999999,53882.8536,87134.17680000002,48.7104,0.0,1612.0632,0.0,29217.981600000003,87402.69119999999,0.0,419.0736,12466.3416,19094.928,0.0,0.0,0.0,0.0,0.0,1439.9976,8490.571200000002,0.0,0.0,0.0,0.0,129.6888,0.0,0.0,0.0,0.0,0.0,0.0,0.0,0.0,0.0,0.0,0.0,0.0,0.0,0.0,0.0,0.0,0.0,24.948,0.0,0.0,0.0,0.0,0.0,0.0,245.0904,0.0,0.0,0.0,0.0,0.0,0.0,10909.420800000002,0.0,0.0,0.0,0.0,643.6751999999999,1648.5624,0.0,3427.7304000000004,0.0,0.0,0.0,0.0,0.0,0.0,0.0,46.0176,0.0,0.0,0.0,0.0,0.0,21539.2536,0.0,0.0,0.0,0.0,0.0,1016.7767999999999,0.0,0.0,3102.1944000000003,1578.5616,0.0,0.0,0.0,0.0,198.79919999999998,5044.1568,2731.3943999999997,0.0,0.0,0.0,2426.5728,732.0,2393.6448,0.0,0.0,4006.0056000000004,992.1456000000001,1723.3824,5906.4,24958.0464,7646.400000000001,0.0,0.0,344.7672
0.0,0.0,0.0,1617.4584,0.0,16823.707199999997,4665.779999999999,0.0,0.0,1556.9424000000001,54.1464,0.0,1406.6327999999999,53882.8536,87134.17680000002,48.7104,0.0,1612.0632,0.0,29217.981600000003,87402.69119999999,0.0,419.0736,12466.3416,19094.928,0.0,0.0,0.0,0.0,0.0,1439.9976,8490.571200000002,0.0,0.0,0.0,0.0,129.6888,0.0,0.0,0.0,0.0,0.0,0.0,0.0,0.0,0.0,0.0,0.0,0.0,0.0,0.0,0.0,0.0,0.0,24.948,0.0,0.0,0.0,0.0,0.0,0.0,245.0904,0.0,0.0,0.0,0.0,0.0,0.0,10909.420800000002,0.0,0.0,0.0,0.0,643.6751999999999,1648.5624,0.0,3427.7304000000004,0.0,0.0,0.0,0.0,0.0,0.0,0.0,46.0176,0.0,0.0,0.0,0.0,0.0,21539.2536,0.0,0.0,0.0,0.0,0.0,1016.7767999999999,0.0,0.0,3102.1944000000003,1578.5616,0.0,0.0,0.0,0.0,198.79919999999998,5044.1568,2731.3943999999997,0.0,0.0,0.0,2426.5728,732.0,2393.6448,0.0,0.0,4006.0056000000004,992.1456000000001,1723.3824,5906.4,24958.0464,7646.400000000001,0.0,0.0,344.7672
0.0,0.0,0.0,1617.4584,0.0,16823.707199999997,4665.779999999999,0.0,0.0,1556.9424000000001,54.1464,0.0,1406.6327999999999,53882.8536,87134.17680000002,48.7104,0.0,1612.0632,0.0,29217.981600000003,87402.69119999999,0.0,419.0736,12466.3416,19094.928,0.0,0.0,0.0,0.0,0.0,1439.9976,8490.571200000002,0.0,0.0,0.0,0.0,129.6888,0.0,0.0,0.0,0.0,0.0,0.0,0.0,0.0,0.0,0.0,0.0,0.0,0.0,0.0,0.0,0.0,0.0,24.948,0.0,0.0,0.0,0.0,0.0,0.0,245.0904,0.0,0.0,0.0,0.0,0.0,0.0,10909.420800000002,0.0,0.0,0.0,0.0,643.6751999999999,1648.5624,0.0,3427.7304000000004,0.0,0.0,0.0,0.0,0.0,0.0,0.0,46.0176,0.0,0.0,0.0,0.0,0.0,21539.2536,0.0,0.0,0.0,0.0,0.0,1016.7767999999999,0.0,0.0,3102.1944000000003,1578.5616,0.0,0.0,0.0,0.0,198.79919999999998,5044.1568,2731.3943999999997,0.0,0.0,0.0,2426.5728,732.0,2393.6448,0.0,0.0,4006.0056000000004,992.1456000000001,1723.3824,5906.4,24958.0464,7646.400000000001,0.0,0.0,344.7672
0.0,0.0,0.0,1496.772,0.0,15518.5632,4231.4856,0.0,0.0,1493.2871999999998,41.7624,0.0,790.3872000000001,51679.908,77158.74,34.980000000000004,0.0,1252.3511999999998,0.0,20680.5864,77253.90239999999,0.0,380.54879999999997,11097.388799999999,17186.443199999998,0.0,0.0,0.0,0.0,0.0,1007.7432,5973.5328,0.0,0.0,0.0,0.0,95.23440000000001,0.0,0.0,0.0,0.0,0.0,0.0,0.0,0.0,0.0,0.0,0.0,0.0,0.0,0.0,0.0,0.0,0.0,21.288,0.0,0.0,0.0,0.0,0.0,0.0,206.5728,0.0,0.0,0.0,0.0,0.0,0.0,10975.740000000002,0.0,0.0,0.0,0.0,655.7736000000002,1658.5848,0.0,3448.5696000000003,0.0,0.0,0.0,0.0,0.0,0.0,0.0,70.3272,0.0,0.0,0.0,0.0,0.0,21723.398400000002,0.0,0.0,0.0,0.0,0.0,934.2024,0.0,0.0,3229.3656,1550.268,0.0,0.0,0.0,0.0,277.4088,6793.0128,3129.9456000000005,0.0,0.0,0.0,2229.504,732.0,2373.372,0.0,0.0,2930.34,557.4864,1583.424,4929.0168,14590.430400000001,7430.0232000000005,0.0,0.0,346.3512
0.0,0.0,0.0,1496.772,0.0,15518.5632,4231.4856,0.0,0.0,1493.2871999999998,41.7624,0.0,790.3872000000001,51679.908,77158.74,34.980000000000004,0.0,1252.3511999999998,0.0,20680.5864,77253.90239999999,0.0,380.54879999999997,11097.388799999999,17186.443199999998,0.0,0.0,0.0,0.0,0.0,1007.7432,5973.5328,0.0,0.0,0.0,0.0,95.23440000000001,0.0,0.0,0.0,0.0,0.0,0.0,0.0,0.0,0.0,0.0,0.0,0.0,0.0,0.0,0.0,0.0,0.0,21.288,0.0,0.0,0.0,0.0,0.0,0.0,206.5728,0.0,0.0,0.0,0.0,0.0,0.0,10975.740000000002,0.0,0.0,0.0,0.0,655.7736000000002,1658.5848,0.0,3448.5696000000003,0.0,0.0,0.0,0.0,0.0,0.0,0.0,70.3272,0.0,0.0,0.0,0.0,0.0,21723.398400000002,0.0,0.0,0.0,0.0,0.0,934.2024,0.0,0.0,3229.3656,1550.268,0.0,0.0,0.0,0.0,277.4088,6793.0128,3129.9456000000005,0.0,0.0,0.0,2229.504,732.0,2373.372,0.0,0.0,2930.34,557.4864,1583.424,4929.0168,14590.430400000001,7430.0232000000005,0.0,0.0,346.3512
0.0,0.0,0.0,1496.772,0.0,15518.5632,4231.4856,0.0,0.0,1493.2871999999998,41.7624,0.0,790.3872000000001,51679.908,77158.74,34.980000000000004,0.0,1252.3511999999998,0.0,20680.5864,77253.90239999999,0.0,380.54879999999997,11097.388799999999,17186.443199999998,0.0,0.0,0.0,0.0,0.0,1007.7432,5973.5328,0.0,0.0,0.0,0.0,95.23440000000001,0.0,0.0,0.0,0.0,0.0,0.0,0.0,0.0,0.0,0.0,0.0,0.0,0.0,0.0,0.0,0.0,0.0,21.288,0.0,0.0,0.0,0.0,0.0,0.0,206.5728,0.0,0.0,0.0,0.0,0.0,0.0,10975.740000000002,0.0,0.0,0.0,0.0,655.7736000000002,1658.5848,0.0,3448.5696000000003,0.0,0.0,0.0,0.0,0.0,0.0,0.0,70.3272,0.0,0.0,0.0,0.0,0.0,21723.398400000002,0.0,0.0,0.0,0.0,0.0,934.2024,0.0,0.0,3229.3656,1550.268,0.0,0.0,0.0,0.0,277.4088,6793.0128,3129.9456000000005,0.0,0.0,0.0,2229.504,732.0,2373.372,0.0,0.0,2930.34,557.4864,1583.424,4929.0168,14590.430400000001,7430.0232000000005,0.0,0.0,346.3512
0.0,0.0,0.0,1496.772,0.0,15518.5632,4231.4856,0.0,0.0,1493.2871999999998,41.7624,0.0,790.3872000000001,51679.908,77158.74,34.980000000000004,0.0,1252.3511999999998,0.0,20680.5864,77253.90239999999,0.0,380.54879999999997,11097.388799999999,17186.443199999998,0.0,0.0,0.0,0.0,0.0,1007.7432,5973.5328,0.0,0.0,0.0,0.0,95.23440000000001,0.0,0.0,0.0,0.0,0.0,0.0,0.0,0.0,0.0,0.0,0.0,0.0,0.0,0.0,0.0,0.0,0.0,21.288,0.0,0.0,0.0,0.0,0.0,0.0,206.5728,0.0,0.0,0.0,0.0,0.0,0.0,10975.740000000002,0.0,0.0,0.0,0.0,655.7736000000002,1658.5848,0.0,3448.5696000000003,0.0,0.0,0.0,0.0,0.0,0.0,0.0,70.3272,0.0,0.0,0.0,0.0,0.0,21723.398400000002,0.0,0.0,0.0,0.0,0.0,934.2024,0.0,0.0,3229.3656,1550.268,0.0,0.0,0.0,0.0,277.4088,6793.0128,3129.9456000000005,0.0,0.0,0.0,2229.504,732.0,2373.372,0.0,0.0,2930.34,557.4864,1583.424,4929.0168,14590.430400000001,7430.0232000000005,0.0,0.0,346.3512
0.0,0.0,0.0,1496.772,0.0,15518.5632,4231.4856,0.0,0.0,1493.2871999999998,41.7624,0.0,790.3872000000001,51679.908,77158.74,34.980000000000004,0.0,1252.3511999999998,0.0,20680.5864,77253.90239999999,0.0,380.54879999999997,11097.388799999999,17186.443199999998,0.0,0.0,0.0,0.0,0.0,1007.7432,5973.5328,0.0,0.0,0.0,0.0,95.23440000000001,0.0,0.0,0.0,0.0,0.0,0.0,0.0,0.0,0.0,0.0,0.0,0.0,0.0,0.0,0.0,0.0,0.0,21.288,0.0,0.0,0.0,0.0,0.0,0.0,206.5728,0.0,0.0,0.0,0.0,0.0,0.0,10975.740000000002,0.0,0.0,0.0,0.0,655.7736000000002,1658.5848,0.0,3448.5696000000003,0.0,0.0,0.0,0.0,0.0,0.0,0.0,70.3272,0.0,0.0,0.0,0.0,0.0,21723.398400000002,0.0,0.0,0.0,0.0,0.0,934.2024,0.0,0.0,3229.3656,1550.268,0.0,0.0,0.0,0.0,277.4088,6793.0128,3129.9456000000005,0.0,0.0,0.0,2229.504,732.0,2373.372,0.0,0.0,2930.34,557.4864,1583.424,4929.0168,14590.430400000001,7430.0232000000005,0.0,0.0,346.3512
0.0,0.0,0.0,1496.772,0.0,15518.5632,4231.4856,0.0,0.0,1493.2871999999998,41.7624,0.0,790.3872000000001,51679.908,77158.74,34.980000000000004,0.0,1252.3511999999998,0.0,20680.5864,77253.90239999999,0.0,380.54879999999997,11097.388799999999,17186.443199999998,0.0,0.0,0.0,0.0,0.0,1007.7432,5973.5328,0.0,0.0,0.0,0.0,95.23440000000001,0.0,0.0,0.0,0.0,0.0,0.0,0.0,0.0,0.0,0.0,0.0,0.0,0.0,0.0,0.0,0.0,0.0,21.288,0.0,0.0,0.0,0.0,0.0,0.0,206.5728,0.0,0.0,0.0,0.0,0.0,0.0,10975.740000000002,0.0,0.0,0.0,0.0,655.7736000000002,1658.5848,0.0,3448.5696000000003,0.0,0.0,0.0,0.0,0.0,0.0,0.0,70.3272,0.0,0.0,0.0,0.0,0.0,21723.398400000002,0.0,0.0,0.0,0.0,0.0,934.2024,0.0,0.0,3229.3656,1550.268,0.0,0.0,0.0,0.0,277.4088,6793.0128,3129.9456000000005,0.0,0.0,0.0,2229.504,732.0,2373.372,0.0,0.0,2930.34,557.4864,1583.424,4929.0168,14590.430400000001,7430.0232000000005,0.0,0.0,346.3512
0.0,0.0,0.0,1496.772,0.0,15518.5632,4231.4856,0.0,0.0,1493.2871999999998,41.7624,0.0,790.3872000000001,51679.908,77158.74,34.980000000000004,0.0,1252.3511999999998,0.0,20680.5864,77253.90239999999,0.0,380.54879999999997,11097.388799999999,17186.443199999998,0.0,0.0,0.0,0.0,0.0,1007.7432,5973.5328,0.0,0.0,0.0,0.0,95.23440000000001,0.0,0.0,0.0,0.0,0.0,0.0,0.0,0.0,0.0,0.0,0.0,0.0,0.0,0.0,0.0,0.0,0.0,21.288,0.0,0.0,0.0,0.0,0.0,0.0,206.5728,0.0,0.0,0.0,0.0,0.0,0.0,10975.740000000002,0.0,0.0,0.0,0.0,655.7736000000002,1658.5848,0.0,3448.5696000000003,0.0,0.0,0.0,0.0,0.0,0.0,0.0,70.3272,0.0,0.0,0.0,0.0,0.0,21723.398400000002,0.0,0.0,0.0,0.0,0.0,934.2024,0.0,0.0,3229.3656,1550.268,0.0,0.0,0.0,0.0,277.4088,6793.0128,3129.9456000000005,0.0,0.0,0.0,2229.504,732.0,2373.372,0.0,0.0,2930.34,557.4864,1583.424,4929.0168,14590.430400000001,7430.0232000000005,0.0,0.0,346.3512
0.0,0.0,0.0,1108.6752000000001,0.0,11966.3856,3669.7704000000003,0.0,0.0,1166.76,40.190400000000004,0.0,732.7535999999998,40379.3952,61609.056000000004,29.8488,0.0,1067.196,0.0,19943.680800000002,59503.840800000005,0.0,353.33760000000007,10370.337599999999,16440.5688,0.0,0.0,0.0,0.0,0.0,925.8960000000001,5340.4583999999995,0.0,0.0,0.0,0.0,60.885600000000004,0.0,0.0,0.0,0.0,0.0,0.0,0.0,0.0,0.0,0.0,0.0,0.0,0.0,0.0,0.0,0.0,0.0,13.360800000000001,0.0,0.0,0.0,0.0,0.0,0.0,195.77519999999998,0.0,0.0,0.0,0.0,0.0,0.0,11362.6008,0.0,0.0,0.0,0.0,668.2464,1717.0439999999999,0.0,3570.12,0.0,0.0,0.0,0.0,0.0,0.0,0.0,75.9288,0.0,0.0,0.0,0.0,0.0,3624.2856,0.0,0.0,0.0,0.0,0.0,925.164,0.0,0.0,3616.188000000001,1508.2248000000002,0.0,0.0,0.0,0.0,245.2176,7594.5384,2723.7383999999997,0.0,0.0,0.0,2207.9352,732.0,2228.0832,0.0,0.0,2667.4752,516.8304,1568.1048,1669.764,13526.4264,6742.797600000001,0.0,0.0,355.3344
0.0,0.0,0.0,1108.6752000000001,0.0,11966.3856,3669.7704000000003,0.0,0.0,1166.76,40.190400000000004,0.0,732.7535999999998,40379.3952,61609.056000000004,29.8488,0.0,1067.196,0.0,19943.680800000002,59503.840800000005,0.0,353.33760000000007,10370.337599999999,16440.5688,0.0,0.0,0.0,0.0,0.0,925.8960000000001,5340.4583999999995,0.0,0.0,0.0,0.0,60.885600000000004,0.0,0.0,0.0,0.0,0.0,0.0,0.0,0.0,0.0,0.0,0.0,0.0,0.0,0.0,0.0,0.0,0.0,13.360800000000001,0.0,0.0,0.0,0.0,0.0,0.0,195.77519999999998,0.0,0.0,0.0,0.0,0.0,0.0,11362.6008,0.0,0.0,0.0,0.0,668.2464,1717.0439999999999,0.0,3570.12,0.0,0.0,0.0,0.0,0.0,0.0,0.0,75.9288,0.0,0.0,0.0,0.0,0.0,3624.2856,0.0,0.0,0.0,0.0,0.0,925.164,0.0,0.0,3616.188000000001,1508.2248000000002,0.0,0.0,0.0,0.0,245.2176,7594.5384,2723.7383999999997,0.0,0.0,0.0,2207.9352,732.0,2228.0832,0.0,0.0,2667.4752,516.8304,1568.1048,1669.764,13526.4264,6742.797600000001,0.0,0.0,355.3344
0.0,0.0,0.0,1108.6752000000001,0.0,11966.3856,3669.7704000000003,0.0,0.0,1166.76,40.190400000000004,0.0,732.7535999999998,40379.3952,61609.056000000004,29.8488,0.0,1067.196,0.0,19943.680800000002,59503.840800000005,0.0,353.33760000000007,10370.337599999999,16440.5688,0.0,0.0,0.0,0.0,0.0,925.8960000000001,5340.4583999999995,0.0,0.0,0.0,0.0,60.885600000000004,0.0,0.0,0.0,0.0,0.0,0.0,0.0,0.0,0.0,0.0,0.0,0.0,0.0,0.0,0.0,0.0,0.0,13.360800000000001,0.0,0.0,0.0,0.0,0.0,0.0,195.77519999999998,0.0,0.0,0.0,0.0,0.0,0.0,11362.6008,0.0,0.0,0.0,0.0,668.2464,1717.0439999999999,0.0,3570.12,0.0,0.0,0.0,0.0,0.0,0.0,0.0,75.9288,0.0,0.0,0.0,0.0,0.0,3624.2856,0.0,0.0,0.0,0.0,0.0,925.164,0.0,0.0,3616.188000000001,1508.2248000000002,0.0,0.0,0.0,0.0,245.2176,7594.5384,2723.7383999999997,0.0,0.0,0.0,2207.9352,732.0,2228.0832,0.0,0.0,2667.4752,516.8304,1568.1048,1669.764,13526.4264,6742.797600000001,0.0,0.0,355.3344
0.0,0.0,0.0,1108.6752000000001,0.0,11966.3856,3669.7704000000003,0.0,0.0,1166.76,40.190400000000004,0.0,732.7535999999998,40379.3952,61609.056000000004,29.8488,0.0,1067.196,0.0,19943.680800000002,59503.840800000005,0.0,353.33760000000007,10370.337599999999,16440.5688,0.0,0.0,0.0,0.0,0.0,925.8960000000001,5340.4583999999995,0.0,0.0,0.0,0.0,60.885600000000004,0.0,0.0,0.0,0.0,0.0,0.0,0.0,0.0,0.0,0.0,0.0,0.0,0.0,0.0,0.0,0.0,0.0,13.360800000000001,0.0,0.0,0.0,0.0,0.0,0.0,195.77519999999998,0.0,0.0,0.0,0.0,0.0,0.0,11362.6008,0.0,0.0,0.0,0.0,668.2464,1717.0439999999999,0.0,3570.12,0.0,0.0,0.0,0.0,0.0,0.0,0.0,75.9288,0.0,0.0,0.0,0.0,0.0,3624.2856,0.0,0.0,0.0,0.0,0.0,925.164,0.0,0.0,3616.188000000001,1508.2248000000002,0.0,0.0,0.0,0.0,245.2176,7594.5384,2723.7383999999997,0.0,0.0,0.0,2207.9352,732.0,2228.0832,0.0,0.0,2667.4752,516.8304,1568.1048,1669.764,13526.4264,6742.797600000001,0.0,0.0,355.3344
0.0,0.0,0.0,1108.6752000000001,0.0,11966.3856,3669.7704000000003,0.0,0.0,1166.76,40.190400000000004,0.0,732.7535999999998,40379.3952,61609.056000000004,29.8488,0.0,1067.196,0.0,19943.680800000002,59503.840800000005,0.0,353.33760000000007,10370.337599999999,16440.5688,0.0,0.0,0.0,0.0,0.0,925.8960000000001,5340.4583999999995,0.0,0.0,0.0,0.0,60.885600000000004,0.0,0.0,0.0,0.0,0.0,0.0,0.0,0.0,0.0,0.0,0.0,0.0,0.0,0.0,0.0,0.0,0.0,13.360800000000001,0.0,0.0,0.0,0.0,0.0,0.0,195.77519999999998,0.0,0.0,0.0,0.0,0.0,0.0,11362.6008,0.0,0.0,0.0,0.0,668.2464,1717.0439999999999,0.0,3570.12,0.0,0.0,0.0,0.0,0.0,0.0,0.0,75.9288,0.0,0.0,0.0,0.0,0.0,3624.2856,0.0,0.0,0.0,0.0,0.0,925.164,0.0,0.0,3616.188000000001,1508.2248000000002,0.0,0.0,0.0,0.0,245.2176,7594.5384,2723.7383999999997,0.0,0.0,0.0,2207.9352,732.0,2228.0832,0.0,0.0,2667.4752,516.8304,1568.1048,1669.764,13526.4264,6742.797600000001,0.0,0.0,355.3344
0.0,0.0,0.0,1108.6752000000001,0.0,11966.3856,3669.7704000000003,0.0,0.0,1166.76,40.190400000000004,0.0,732.7535999999998,40379.3952,61609.056000000004,29.8488,0.0,1067.196,0.0,19943.680800000002,59503.840800000005,0.0,353.33760000000007,10370.337599999999,16440.5688,0.0,0.0,0.0,0.0,0.0,925.8960000000001,5340.4583999999995,0.0,0.0,0.0,0.0,60.885600000000004,0.0,0.0,0.0,0.0,0.0,0.0,0.0,0.0,0.0,0.0,0.0,0.0,0.0,0.0,0.0,0.0,0.0,13.360800000000001,0.0,0.0,0.0,0.0,0.0,0.0,195.77519999999998,0.0,0.0,0.0,0.0,0.0,0.0,11362.6008,0.0,0.0,0.0,0.0,668.2464,1717.0439999999999,0.0,3570.12,0.0,0.0,0.0,0.0,0.0,0.0,0.0,75.9288,0.0,0.0,0.0,0.0,0.0,3624.2856,0.0,0.0,0.0,0.0,0.0,925.164,0.0,0.0,3616.188000000001,1508.2248000000002,0.0,0.0,0.0,0.0,245.2176,7594.5384,2723.7383999999997,0.0,0.0,0.0,2207.9352,732.0,2228.0832,0.0,0.0,2667.4752,516.8304,1568.1048,1669.764,13526.4264,6742.797600000001,0.0,0.0,355.3344
0.0,0.0,0.0,1108.6752000000001,0.0,11966.3856,3669.7704000000003,0.0,0.0,1166.76,40.190400000000004,0.0,732.7535999999998,40379.3952,61609.056000000004,29.8488,0.0,1067.196,0.0,19943.680800000002,59503.840800000005,0.0,353.33760000000007,10370.337599999999,16440.5688,0.0,0.0,0.0,0.0,0.0,925.8960000000001,5340.4583999999995,0.0,0.0,0.0,0.0,60.885600000000004,0.0,0.0,0.0,0.0,0.0,0.0,0.0,0.0,0.0,0.0,0.0,0.0,0.0,0.0,0.0,0.0,0.0,13.360800000000001,0.0,0.0,0.0,0.0,0.0,0.0,195.77519999999998,0.0,0.0,0.0,0.0,0.0,0.0,11362.6008,0.0,0.0,0.0,0.0,668.2464,1717.0439999999999,0.0,3570.12,0.0,0.0,0.0,0.0,0.0,0.0,0.0,75.9288,0.0,0.0,0.0,0.0,0.0,3624.2856,0.0,0.0,0.0,0.0,0.0,925.164,0.0,0.0,3616.188000000001,1508.2248000000002,0.0,0.0,0.0,0.0,245.2176,7594.5384,2723.7383999999997,0.0,0.0,0.0,2207.9352,732.0,2228.0832,0.0,0.0,2667.4752,516.8304,1568.1048,1669.764,13526.4264,6742.797600000001,0.0,0.0,355.3344
0.0,0.0,0.0,1330.8528,0.0,13998.052800000001,3648.276,0.0,0.0,1455.828,42.489599999999996,0.0,681.7176,51282.7704,75503.8536,24.1464,0.0,904.9752,0.0,24781.6776,74906.5128,0.0,367.33439999999996,10109.364,16286.104800000001,0.0,0.0,0.0,0.0,0.0,885.5256000000002,5808.5328,0.0,0.0,0.0,0.0,35.925599999999996,0.0,0.0,0.0,0.0,0.0,0.0,0.0,0.0,0.0,0.0,0.0,0.0,0.0,0.0,0.0,0.0,0.0,11.280000000000001,0.0,0.0,0.0,0.0,0.0,0.0,187.40879999999999,0.0,0.0,0.0,0.0,0.0,0.0,10969.3464,0.0,0.0,0.0,0.0,675.7728000000001,1681.5168,0.0,3458.3112,0.0,0.0,0.0,0.0,0.0,0.0,0.0,41.135999999999996,0.0,0.0,0.0,0.0,0.0,1081.3464,0.0,0.0,0.0,0.0,0.0,870.0672,0.0,0.0,4096.7928,1508.4936,0.0,0.0,0.0,0.0,158.34,6403.305600000001,2444.0448,0.0,0.0,0.0,2076.4416,732.0,1883.3831999999998,0.0,0.0,2574.4536,480.83759999999995,1474.716,647.4767999999999,12581.6208,5790.7392,0.0,0.0,351.84000000000003
0.0,0.0,0.0,1330.8528,0.0,13998.052800000001,3648.276,0.0,0.0,1455.828,42.489599999999996,0.0,681.7176,51282.7704,75503.8536,24.1464,0.0,904.9752,0.0,24781.6776,74906.5128,0.0,367.33439999999996,10109.364,16286.104800000001,0.0,0.0,0.0,0.0,0.0,885.5256000000002,5808.5328,0.0,0.0,0.0,0.0,35.925599999999996,0.0,0.0,0.0,0.0,0.0,0.0,0.0,0.0,0.0,0.0,0.0,0.0,0.0,0.0,0.0,0.0,0.0,11.280000000000001,0.0,0.0,0.0,0.0,0.0,0.0,187.40879999999999,0.0,0.0,0.0,0.0,0.0,0.0,10969.3464,0.0,0.0,0.0,0.0,675.7728000000001,1681.5168,0.0,3458.3112,0.0,0.0,0.0,0.0,0.0,0.0,0.0,41.135999999999996,0.0,0.0,0.0,0.0,0.0,1081.3464,0.0,0.0,0.0,0.0,0.0,870.0672,0.0,0.0,4096.7928,1508.4936,0.0,0.0,0.0,0.0,158.34,6403.305600000001,2444.0448,0.0,0.0,0.0,2076.4416,732.0,1883.3831999999998,0.0,0.0,2574.4536,480.83759999999995,1474.716,647.4767999999999,12581.6208,5790.7392,0.0,0.0,351.84000000000003
0.0,0.0,0.0,1330.8528,0.0,13998.052800000001,3648.276,0.0,0.0,1455.828,42.489599999999996,0.0,681.7176,51282.7704,75503.8536,24.1464,0.0,904.9752,0.0,24781.6776,74906.5128,0.0,367.33439999999996,10109.364,16286.104800000001,0.0,0.0,0.0,0.0,0.0,885.5256000000002,5808.5328,0.0,0.0,0.0,0.0,35.925599999999996,0.0,0.0,0.0,0.0,0.0,0.0,0.0,0.0,0.0,0.0,0.0,0.0,0.0,0.0,0.0,0.0,0.0,11.280000000000001,0.0,0.0,0.0,0.0,0.0,0.0,187.40879999999999,0.0,0.0,0.0,0.0,0.0,0.0,10969.3464,0.0,0.0,0.0,0.0,675.7728000000001,1681.5168,0.0,3458.3112,0.0,0.0,0.0,0.0,0.0,0.0,0.0,41.135999999999996,0.0,0.0,0.0,0.0,0.0,1081.3464,0.0,0.0,0.0,0.0,0.0,870.0672,0.0,0.0,4096.7928,1508.4936,0.0,0.0,0.0,0.0,158.34,6403.305600000001,2444.0448,0.0,0.0,0.0,2076.4416,732.0,1883.3831999999998,0.0,0.0,2574.4536,480.83759999999995,1474.716,647.4767999999999,12581.6208,5790.7392,0.0,0.0,351.84000000000003
0.0,0.0,0.0,1330.8528,0.0,13998.052800000001,3648.276,0.0,0.0,1455.828,42.489599999999996,0.0,681.7176,51282.7704,75503.8536,24.1464,0.0,904.9752,0.0,24781.6776,74906.5128,0.0,367.33439999999996,10109.364,16286.104800000001,0.0,0.0,0.0,0.0,0.0,885.5256000000002,5808.5328,0.0,0.0,0.0,0.0,35.925599999999996,0.0,0.0,0.0,0.0,0.0,0.0,0.0,0.0,0.0,0.0,0.0,0.0,0.0,0.0,0.0,0.0,0.0,11.280000000000001,0.0,0.0,0.0,0.0,0.0,0.0,187.40879999999999,0.0,0.0,0.0,0.0,0.0,0.0,10969.3464,0.0,0.0,0.0,0.0,675.7728000000001,1681.5168,0.0,3458.3112,0.0,0.0,0.0,0.0,0.0,0.0,0.0,41.135999999999996,0.0,0.0,0.0,0.0,0.0,1081.3464,0.0,0.0,0.0,0.0,0.0,870.0672,0.0,0.0,4096.7928,1508.4936,0.0,0.0,0.0,0.0,158.34,6403.305600000001,2444.0448,0.0,0.0,0.0,2076.4416,732.0,1883.3831999999998,0.0,0.0,2574.4536,480.83759999999995,1474.716,647.4767999999999,12581.6208,5790.7392,0.0,0.0,351.84000000000003
0.0,0.0,0.0,1330.8528,0.0,13998.052800000001,3648.276,0.0,0.0,1455.828,42.489599999999996,0.0,681.7176,51282.7704,75503.8536,24.1464,0.0,904.9752,0.0,24781.6776,74906.5128,0.0,367.33439999999996,10109.364,16286.104800000001,0.0,0.0,0.0,0.0,0.0,885.5256000000002,5808.5328,0.0,0.0,0.0,0.0,35.925599999999996,0.0,0.0,0.0,0.0,0.0,0.0,0.0,0.0,0.0,0.0,0.0,0.0,0.0,0.0,0.0,0.0,0.0,11.280000000000001,0.0,0.0,0.0,0.0,0.0,0.0,187.40879999999999,0.0,0.0,0.0,0.0,0.0,0.0,10969.3464,0.0,0.0,0.0,0.0,675.7728000000001,1681.5168,0.0,3458.3112,0.0,0.0,0.0,0.0,0.0,0.0,0.0,41.135999999999996,0.0,0.0,0.0,0.0,0.0,1081.3464,0.0,0.0,0.0,0.0,0.0,870.0672,0.0,0.0,4096.7928,1508.4936,0.0,0.0,0.0,0.0,158.34,6403.305600000001,2444.0448,0.0,0.0,0.0,2076.4416,732.0,1883.3831999999998,0.0,0.0,2574.4536,480.83759999999995,1474.716,647.4767999999999,12581.6208,5790.7392,0.0,0.0,351.84000000000003
0.0,0.0,0.0,1330.8528,0.0,13998.052800000001,3648.276,0.0,0.0,1455.828,42.489599999999996,0.0,681.7176,51282.7704,75503.8536,24.1464,0.0,904.9752,0.0,24781.6776,74906.5128,0.0,367.33439999999996,10109.364,16286.104800000001,0.0,0.0,0.0,0.0,0.0,885.5256000000002,5808.5328,0.0,0.0,0.0,0.0,35.925599999999996,0.0,0.0,0.0,0.0,0.0,0.0,0.0,0.0,0.0,0.0,0.0,0.0,0.0,0.0,0.0,0.0,0.0,11.280000000000001,0.0,0.0,0.0,0.0,0.0,0.0,187.40879999999999,0.0,0.0,0.0,0.0,0.0,0.0,10969.3464,0.0,0.0,0.0,0.0,675.7728000000001,1681.5168,0.0,3458.3112,0.0,0.0,0.0,0.0,0.0,0.0,0.0,41.135999999999996,0.0,0.0,0.0,0.0,0.0,1081.3464,0.0,0.0,0.0,0.0,0.0,870.0672,0.0,0.0,4096.7928,1508.4936,0.0,0.0,0.0,0.0,158.34,6403.305600000001,2444.0448,0.0,0.0,0.0,2076.4416,732.0,1883.3831999999998,0.0,0.0,2574.4536,480.83759999999995,1474.716,647.4767999999999,12581.6208,5790.7392,0.0,0.0,351.84000000000003
0.0,0.0,0.0,1330.8528,0.0,13998.052800000001,3648.276,0.0,0.0,1455.828,42.489599999999996,0.0,681.7176,51282.7704,75503.8536,24.1464,0.0,904.9752,0.0,24781.6776,74906.5128,0.0,367.33439999999996,10109.364,16286.104800000001,0.0,0.0,0.0,0.0,0.0,885.5256000000002,5808.5328,0.0,0.0,0.0,0.0,35.925599999999996,0.0,0.0,0.0,0.0,0.0,0.0,0.0,0.0,0.0,0.0,0.0,0.0,0.0,0.0,0.0,0.0,0.0,11.280000000000001,0.0,0.0,0.0,0.0,0.0,0.0,187.40879999999999,0.0,0.0,0.0,0.0,0.0,0.0,10969.3464,0.0,0.0,0.0,0.0,675.7728000000001,1681.5168,0.0,3458.3112,0.0,0.0,0.0,0.0,0.0,0.0,0.0,41.135999999999996,0.0,0.0,0.0,0.0,0.0,1081.3464,0.0,0.0,0.0,0.0,0.0,870.0672,0.0,0.0,4096.7928,1508.4936,0.0,0.0,0.0,0.0,158.34,6403.305600000001,2444.0448,0.0,0.0,0.0,2076.4416,732.0,1883.3831999999998,0.0,0.0,2574.4536,480.83759999999995,1474.716,647.4767999999999,12581.6208,5790.7392,0.0,0.0,351.84000000000003
0.0,0.0,0.0,1201.1568,0.0,12442.752,3704.9016,0.0,0.0,1370.1983999999998,34.464,0.0,581.1744000000001,53745.6648,78945.732,19.0272,0.0,850.7232,0.0,19587.7992,70169.20559999999,0.0,277.0248,10945.824,18693.376799999995,0.0,0.0,0.0,0.0,0.0,1023.0408000000001,10871.215199999999,0.0,0.0,0.0,0.0,31.0176,0.0,0.0,0.0,0.0,0.0,0.0,0.0,0.0,0.0,0.0,0.0,0.0,0.0,0.0,0.0,0.0,0.0,9.6432,0.0,0.0,0.0,0.0,0.0,0.0,186.77999999999997,0.0,0.0,0.0,0.0,0.0,0.0,9307.7832,0.0,0.0,0.0,0.0,786.5088,1606.9560000000001,0.0,3023.0376,0.0,0.0,0.0,0.0,0.0,0.0,0.0,19.7328,0.0,0.0,0.0,0.0,0.0,17950.5072,0.0,0.0,0.0,0.0,0.0,802.7184,0.0,0.0,3785.7072,1443.0216,0.0,0.0,0.0,0.0,242.35679999999996,4649.148,2204.3928,0.0,0.0,0.0,1915.7160000000001,642.3264,2414.8848,0.0,0.0,2545.3008,409.92479999999995,1360.5648,2282.7384,10714.423200000001,4298.2704,0.0,0.0,353.844
0.0,0.0,0.0,1201.1568,0.0,12442.752,3704.9016,0.0,0.0,1370.1983999999998,34.464,0.0,581.1744000000001,53745.6648,78945.732,19.0272,0.0,850.7232,0.0,19587.7992,70169.20559999999,0.0,277.0248,10945.824,18693.376799999995,0.0,0.0,0.0,0.0,0.0,1023.0408000000001,10871.215199999999,0.0,0.0,0.0,0.0,31.0176,0.0,0.0,0.0,0.0,0.0,0.0,0.0,0.0,0.0,0.0,0.0,0.0,0.0,0.0,0.0,0.0,0.0,9.6432,0.0,0.0,0.0,0.0,0.0,0.0,186.77999999999997,0.0,0.0,0.0,0.0,0.0,0.0,9307.7832,0.0,0.0,0.0,0.0,786.5088,1606.9560000000001,0.0,3023.0376,0.0,0.0,0.0,0.0,0.0,0.0,0.0,19.7328,0.0,0.0,0.0,0.0,0.0,17950.5072,0.0,0.0,0.0,0.0,0.0,802.7184,0.0,0.0,3785.7072,1443.0216,0.0,0.0,0.0,0.0,242.35679999999996,4649.148,2204.3928,0.0,0.0,0.0,1915.7160000000001,642.3264,2414.8848,0.0,0.0,2545.3008,409.92479999999995,1360.5648,2282.7384,10714.423200000001,4298.2704,0.0,0.0,353.844
0.0,0.0,0.0,1201.1568,0.0,12442.752,3704.9016,0.0,0.0,1370.1983999999998,34.464,0.0,581.1744000000001,53745.6648,78945.732,19.0272,0.0,850.7232,0.0,19587.7992,70169.20559999999,0.0,277.0248,10945.824,18693.376799999995,0.0,0.0,0.0,0.0,0.0,1023.0408000000001,10871.215199999999,0.0,0.0,0.0,0.0,31.0176,0.0,0.0,0.0,0.0,0.0,0.0,0.0,0.0,0.0,0.0,0.0,0.0,0.0,0.0,0.0,0.0,0.0,9.6432,0.0,0.0,0.0,0.0,0.0,0.0,186.77999999999997,0.0,0.0,0.0,0.0,0.0,0.0,9307.7832,0.0,0.0,0.0,0.0,786.5088,1606.9560000000001,0.0,3023.0376,0.0,0.0,0.0,0.0,0.0,0.0,0.0,19.7328,0.0,0.0,0.0,0.0,0.0,17950.5072,0.0,0.0,0.0,0.0,0.0,802.7184,0.0,0.0,3785.7072,1443.0216,0.0,0.0,0.0,0.0,242.35679999999996,4649.148,2204.3928,0.0,0.0,0.0,1915.7160000000001,642.3264,2414.8848,0.0,0.0,2545.3008,409.92479999999995,1360.5648,2282.7384,10714.423200000001,4298.2704,0.0,0.0,353.844
0.0,0.0,0.0,1201.1568,0.0,12442.752,3704.9016,0.0,0.0,1370.1983999999998,34.464,0.0,581.1744000000001,53745.6648,78945.732,19.0272,0.0,850.7232,0.0,19587.7992,70169.20559999999,0.0,277.0248,10945.824,18693.376799999995,0.0,0.0,0.0,0.0,0.0,1023.0408000000001,10871.215199999999,0.0,0.0,0.0,0.0,31.0176,0.0,0.0,0.0,0.0,0.0,0.0,0.0,0.0,0.0,0.0,0.0,0.0,0.0,0.0,0.0,0.0,0.0,9.6432,0.0,0.0,0.0,0.0,0.0,0.0,186.77999999999997,0.0,0.0,0.0,0.0,0.0,0.0,9307.7832,0.0,0.0,0.0,0.0,786.5088,1606.9560000000001,0.0,3023.0376,0.0,0.0,0.0,0.0,0.0,0.0,0.0,19.7328,0.0,0.0,0.0,0.0,0.0,17950.5072,0.0,0.0,0.0,0.0,0.0,802.7184,0.0,0.0,3785.7072,1443.0216,0.0,0.0,0.0,0.0,242.35679999999996,4649.148,2204.3928,0.0,0.0,0.0,1915.7160000000001,642.3264,2414.8848,0.0,0.0,2545.3008,409.92479999999995,1360.5648,2282.7384,10714.423200000001,4298.2704,0.0,0.0,353.844
0.0,0.0,0.0,1201.1568,0.0,12442.752,3704.9016,0.0,0.0,1370.1983999999998,34.464,0.0,581.1744000000001,53745.6648,78945.732,19.0272,0.0,850.7232,0.0,19587.7992,70169.20559999999,0.0,277.0248,10945.824,18693.376799999995,0.0,0.0,0.0,0.0,0.0,1023.0408000000001,10871.215199999999,0.0,0.0,0.0,0.0,31.0176,0.0,0.0,0.0,0.0,0.0,0.0,0.0,0.0,0.0,0.0,0.0,0.0,0.0,0.0,0.0,0.0,0.0,9.6432,0.0,0.0,0.0,0.0,0.0,0.0,186.77999999999997,0.0,0.0,0.0,0.0,0.0,0.0,9307.7832,0.0,0.0,0.0,0.0,786.5088,1606.9560000000001,0.0,3023.0376,0.0,0.0,0.0,0.0,0.0,0.0,0.0,19.7328,0.0,0.0,0.0,0.0,0.0,17950.5072,0.0,0.0,0.0,0.0,0.0,802.7184,0.0,0.0,3785.7072,1443.0216,0.0,0.0,0.0,0.0,242.35679999999996,4649.148,2204.3928,0.0,0.0,0.0,1915.7160000000001,642.3264,2414.8848,0.0,0.0,2545.3008,409.92479999999995,1360.5648,2282.7384,10714.423200000001,4298.2704,0.0,0.0,353.844
0.0,0.0,0.0,1201.1568,0.0,12442.752,3704.9016,0.0,0.0,1370.1983999999998,34.464,0.0,581.1744000000001,53745.6648,78945.732,19.0272,0.0,850.7232,0.0,19587.7992,70169.20559999999,0.0,277.0248,10945.824,18693.376799999995,0.0,0.0,0.0,0.0,0.0,1023.0408000000001,10871.215199999999,0.0,0.0,0.0,0.0,31.0176,0.0,0.0,0.0,0.0,0.0,0.0,0.0,0.0,0.0,0.0,0.0,0.0,0.0,0.0,0.0,0.0,0.0,9.6432,0.0,0.0,0.0,0.0,0.0,0.0,186.77999999999997,0.0,0.0,0.0,0.0,0.0,0.0,9307.7832,0.0,0.0,0.0,0.0,786.5088,1606.9560000000001,0.0,3023.0376,0.0,0.0,0.0,0.0,0.0,0.0,0.0,19.7328,0.0,0.0,0.0,0.0,0.0,17950.5072,0.0,0.0,0.0,0.0,0.0,802.7184,0.0,0.0,3785.7072,1443.0216,0.0,0.0,0.0,0.0,242.35679999999996,4649.148,2204.3928,0.0,0.0,0.0,1915.7160000000001,642.3264,2414.8848,0.0,0.0,2545.3008,409.92479999999995,1360.5648,2282.7384,10714.423200000001,4298.2704,0.0,0.0,353.844
0.0,0.0,0.0,1201.1568,0.0,12442.752,3704.9016,0.0,0.0,1370.1983999999998,34.464,0.0,581.1744000000001,53745.6648,78945.732,19.0272,0.0,850.7232,0.0,19587.7992,70169.20559999999,0.0,277.0248,10945.824,18693.376799999995,0.0,0.0,0.0,0.0,0.0,1023.0408000000001,10871.215199999999,0.0,0.0,0.0,0.0,31.0176,0.0,0.0,0.0,0.0,0.0,0.0,0.0,0.0,0.0,0.0,0.0,0.0,0.0,0.0,0.0,0.0,0.0,9.6432,0.0,0.0,0.0,0.0,0.0,0.0,186.77999999999997,0.0,0.0,0.0,0.0,0.0,0.0,9307.7832,0.0,0.0,0.0,0.0,786.5088,1606.9560000000001,0.0,3023.0376,0.0,0.0,0.0,0.0,0.0,0.0,0.0,19.7328,0.0,0.0,0.0,0.0,0.0,17950.5072,0.0,0.0,0.0,0.0,0.0,802.7184,0.0,0.0,3785.7072,1443.0216,0.0,0.0,0.0,0.0,242.35679999999996,4649.148,2204.3928,0.0,0.0,0.0,1915.7160000000001,642.3264,2414.8848,0.0,0.0,2545.3008,409.92479999999995,1360.5648,2282.7384,10714.423200000001,4298.2704,0.0,0.0,353.844
0.0,0.0,0.0,1143.9048,0.0,12169.238399999998,3462.8256,0.0,0.0,1083.0048000000002,38.5488,0.0,624.2543999999999,42480.624,63811.38479999999,17.181600000000003,0.0,805.0776,0.0,27133.708800000004,61768.21439999999,0.0,332.8152,12049.634399999999,20416.0656,0.0,0.0,0.0,0.0,0.0,1127.9088000000002,11762.0664,0.0,0.0,0.0,0.0,26.3664,0.0,0.0,0.0,0.0,0.0,0.0,0.0,0.0,0.0,0.0,0.0,0.0,0.0,0.0,0.0,0.0,0.0,11.0808,0.0,0.0,0.0,0.0,0.0,0.0,204.3576,0.0,0.0,0.0,0.0,0.0,0.0,9525.4224,0.0,0.0,0.0,0.0,806.0423999999999,1644.5328,0.0,3093.7248,0.0,0.0,0.0,0.0,0.0,0.0,0.0,69.7872,0.0,0.0,0.0,0.0,0.0,28938.3504,0.0,0.0,0.0,0.0,0.0,849.7056,0.0,0.0,3488.9976000000006,1528.7471999999998,0.0,0.0,0.0,0.0,392.2368,5138.870400000001,1949.7000000000003,0.0,0.0,0.0,2027.8512,500.0351999999999,1914.2640000000001,0.0,0.0,3267.864,440.3088,1440.2064,5866.8384,11508.6504,4011.4896,0.0,0.0,362.02320000000003
0.0,0.0,0.0,1143.9048,0.0,12169.238399999998,3462.8256,0.0,0.0,1083.0048000000002,38.5488,0.0,624.2543999999999,42480.624,63811.38479999999,17.181600000000003,0.0,805.0776,0.0,27133.708800000004,61768.21439999999,0.0,332.8152,12049.634399999999,20416.0656,0.0,0.0,0.0,0.0,0.0,1127.9088000000002,11762.0664,0.0,0.0,0.0,0.0,26.3664,0.0,0.0,0.0,0.0,0.0,0.0,0.0,0.0,0.0,0.0,0.0,0.0,0.0,0.0,0.0,0.0,0.0,11.0808,0.0,0.0,0.0,0.0,0.0,0.0,204.3576,0.0,0.0,0.0,0.0,0.0,0.0,9525.4224,0.0,0.0,0.0,0.0,806.0423999999999,1644.5328,0.0,3093.7248,0.0,0.0,0.0,0.0,0.0,0.0,0.0,69.7872,0.0,0.0,0.0,0.0,0.0,28938.3504,0.0,0.0,0.0,0.0,0.0,849.7056,0.0,0.0,3488.9976000000006,1528.7471999999998,0.0,0.0,0.0,0.0,392.2368,5138.870400000001,1949.7000000000003,0.0,0.0,0.0,2027.8512,500.0351999999999,1914.2640000000001,0.0,0.0,3267.864,440.3088,1440.2064,5866.8384,11508.6504,4011.4896,0.0,0.0,362.02320000000003
0.0,0.0,0.0,1143.9048,0.0,12169.238399999998,3462.8256,0.0,0.0,1083.0048000000002,38.5488,0.0,624.2543999999999,42480.624,63811.38479999999,17.181600000000003,0.0,805.0776,0.0,27133.708800000004,61768.21439999999,0.0,332.8152,12049.634399999999,20416.0656,0.0,0.0,0.0,0.0,0.0,1127.9088000000002,11762.0664,0.0,0.0,0.0,0.0,26.3664,0.0,0.0,0.0,0.0,0.0,0.0,0.0,0.0,0.0,0.0,0.0,0.0,0.0,0.0,0.0,0.0,0.0,11.0808,0.0,0.0,0.0,0.0,0.0,0.0,204.3576,0.0,0.0,0.0,0.0,0.0,0.0,9525.4224,0.0,0.0,0.0,0.0,806.0423999999999,1644.5328,0.0,3093.7248,0.0,0.0,0.0,0.0,0.0,0.0,0.0,69.7872,0.0,0.0,0.0,0.0,0.0,28938.3504,0.0,0.0,0.0,0.0,0.0,849.7056,0.0,0.0,3488.9976000000006,1528.7471999999998,0.0,0.0,0.0,0.0,392.2368,5138.870400000001,1949.7000000000003,0.0,0.0,0.0,2027.8512,500.0351999999999,1914.2640000000001,0.0,0.0,3267.864,440.3088,1440.2064,5866.8384,11508.6504,4011.4896,0.0,0.0,362.02320000000003
0.0,0.0,0.0,1143.9048,0.0,12169.238399999998,3462.8256,0.0,0.0,1083.0048000000002,38.5488,0.0,624.2543999999999,42480.624,63811.38479999999,17.181600000000003,0.0,805.0776,0.0,27133.708800000004,61768.21439999999,0.0,332.8152,12049.634399999999,20416.0656,0.0,0.0,0.0,0.0,0.0,1127.9088000000002,11762.0664,0.0,0.0,0.0,0.0,26.3664,0.0,0.0,0.0,0.0,0.0,0.0,0.0,0.0,0.0,0.0,0.0,0.0,0.0,0.0,0.0,0.0,0.0,11.0808,0.0,0.0,0.0,0.0,0.0,0.0,204.3576,0.0,0.0,0.0,0.0,0.0,0.0,9525.4224,0.0,0.0,0.0,0.0,806.0423999999999,1644.5328,0.0,3093.7248,0.0,0.0,0.0,0.0,0.0,0.0,0.0,69.7872,0.0,0.0,0.0,0.0,0.0,28938.3504,0.0,0.0,0.0,0.0,0.0,849.7056,0.0,0.0,3488.9976000000006,1528.7471999999998,0.0,0.0,0.0,0.0,392.2368,5138.870400000001,1949.7000000000003,0.0,0.0,0.0,2027.8512,500.0351999999999,1914.2640000000001,0.0,0.0,3267.864,440.3088,1440.2064,5866.8384,11508.6504,4011.4896,0.0,0.0,362.02320000000003
0.0,0.0,0.0,1143.9048,0.0,12169.238399999998,3462.8256,0.0,0.0,1083.0048000000002,38.5488,0.0,624.2543999999999,42480.624,63811.38479999999,17.181600000000003,0.0,805.0776,0.0,27133.708800000004,61768.21439999999,0.0,332.8152,12049.634399999999,20416.0656,0.0,0.0,0.0,0.0,0.0,1127.9088000000002,11762.0664,0.0,0.0,0.0,0.0,26.3664,0.0,0.0,0.0,0.0,0.0,0.0,0.0,0.0,0.0,0.0,0.0,0.0,0.0,0.0,0.0,0.0,0.0,11.0808,0.0,0.0,0.0,0.0,0.0,0.0,204.3576,0.0,0.0,0.0,0.0,0.0,0.0,9525.4224,0.0,0.0,0.0,0.0,806.0423999999999,1644.5328,0.0,3093.7248,0.0,0.0,0.0,0.0,0.0,0.0,0.0,69.7872,0.0,0.0,0.0,0.0,0.0,28938.3504,0.0,0.0,0.0,0.0,0.0,849.7056,0.0,0.0,3488.9976000000006,1528.7471999999998,0.0,0.0,0.0,0.0,392.2368,5138.870400000001,1949.7000000000003,0.0,0.0,0.0,2027.8512,500.0351999999999,1914.2640000000001,0.0,0.0,3267.864,440.3088,1440.2064,5866.8384,11508.6504,4011.4896,0.0,0.0,362.02320000000003
0.0,0.0,0.0,1143.9048,0.0,12169.238399999998,3462.8256,0.0,0.0,1083.0048000000002,38.5488,0.0,624.2543999999999,42480.624,63811.38479999999,17.181600000000003,0.0,805.0776,0.0,27133.708800000004,61768.21439999999,0.0,332.8152,12049.634399999999,20416.0656,0.0,0.0,0.0,0.0,0.0,1127.9088000000002,11762.0664,0.0,0.0,0.0,0.0,26.3664,0.0,0.0,0.0,0.0,0.0,0.0,0.0,0.0,0.0,0.0,0.0,0.0,0.0,0.0,0.0,0.0,0.0,11.0808,0.0,0.0,0.0,0.0,0.0,0.0,204.3576,0.0,0.0,0.0,0.0,0.0,0.0,9525.4224,0.0,0.0,0.0,0.0,806.0423999999999,1644.5328,0.0,3093.7248,0.0,0.0,0.0,0.0,0.0,0.0,0.0,69.7872,0.0,0.0,0.0,0.0,0.0,28938.3504,0.0,0.0,0.0,0.0,0.0,849.7056,0.0,0.0,3488.9976000000006,1528.7471999999998,0.0,0.0,0.0,0.0,392.2368,5138.870400000001,1949.7000000000003,0.0,0.0,0.0,2027.8512,500.0351999999999,1914.2640000000001,0.0,0.0,3267.864,440.3088,1440.2064,5866.8384,11508.6504,4011.4896,0.0,0.0,362.02320000000003
0.0,0.0,0.0,1143.9048,0.0,12169.238399999998,3462.8256,0.0,0.0,1083.0048000000002,38.5488,0.0,624.2543999999999,42480.624,63811.38479999999,17.181600000000003,0.0,805.0776,0.0,27133.708800000004,61768.21439999999,0.0,332.8152,12049.634399999999,20416.0656,0.0,0.0,0.0,0.0,0.0,1127.9088000000002,11762.0664,0.0,0.0,0.0,0.0,26.3664,0.0,0.0,0.0,0.0,0.0,0.0,0.0,0.0,0.0,0.0,0.0,0.0,0.0,0.0,0.0,0.0,0.0,11.0808,0.0,0.0,0.0,0.0,0.0,0.0,204.3576,0.0,0.0,0.0,0.0,0.0,0.0,9525.4224,0.0,0.0,0.0,0.0,806.0423999999999,1644.5328,0.0,3093.7248,0.0,0.0,0.0,0.0,0.0,0.0,0.0,69.7872,0.0,0.0,0.0,0.0,0.0,28938.3504,0.0,0.0,0.0,0.0,0.0,849.7056,0.0,0.0,3488.9976000000006,1528.7471999999998,0.0,0.0,0.0,0.0,392.2368,5138.870400000001,1949.7000000000003,0.0,0.0,0.0,2027.8512,500.0351999999999,1914.2640000000001,0.0,0.0,3267.864,440.3088,1440.2064,5866.8384,11508.6504,4011.4896,0.0,0.0,362.02320000000003
0.0,0.0,0.0,1163.3712,0.0,12172.596,3234.2352,0.0,0.0,1230.8472000000002,32.76,0.0,566.6952,48279.672,71299.1688,15.415199999999999,0.0,716.3736,0.0,25125.648,67055.65439999998,0.0,300.04319999999996,11432.5488,19924.132799999996,0.0,0.0,0.0,0.0,0.0,968.7792000000001,10141.8264,0.0,0.0,0.0,0.0,21.408,0.0,0.0,0.0,0.0,0.0,0.0,0.0,0.0,0.0,0.0,0.0,0.0,0.0,0.0,0.0,0.0,0.0,40.2912,0.0,0.0,0.0,0.0,0.0,0.0,194.952,0.0,0.0,0.0,0.0,0.0,0.0,9735.8112,0.0,0.0,0.0,0.0,826.9151999999999,1680.8544000000002,0.0,3162.0552,0.0,0.0,0.0,0.0,0.0,0.0,0.0,38.4024,0.0,0.0,0.0,0.0,0.0,15640.360799999999,0.0,0.0,0.0,0.0,0.0,834.2711999999999,0.0,0.0,3222.9840000000004,1446.4224000000002,0.0,0.0,0.0,0.0,218.352,4464.3672,1839.5856,0.0,0.0,0.0,1991.0184,413.1768,1960.5768,0.0,0.0,3148.6895999999997,399.7104,1414.0464000000002,1840.1664000000003,10447.4928,2694.9768,0.0,0.0,359.9784
0.0,0.0,0.0,1163.3712,0.0,12172.596,3234.2352,0.0,0.0,1230.8472000000002,32.76,0.0,566.6952,48279.672,71299.1688,15.415199999999999,0.0,716.3736,0.0,25125.648,67055.65439999998,0.0,300.04319999999996,11432.5488,19924.132799999996,0.0,0.0,0.0,0.0,0.0,968.7792000000001,10141.8264,0.0,0.0,0.0,0.0,21.408,0.0,0.0,0.0,0.0,0.0,0.0,0.0,0.0,0.0,0.0,0.0,0.0,0.0,0.0,0.0,0.0,0.0,40.2912,0.0,0.0,0.0,0.0,0.0,0.0,194.952,0.0,0.0,0.0,0.0,0.0,0.0,9735.8112,0.0,0.0,0.0,0.0,826.9151999999999,1680.8544000000002,0.0,3162.0552,0.0,0.0,0.0,0.0,0.0,0.0,0.0,38.4024,0.0,0.0,0.0,0.0,0.0,15640.360799999999,0.0,0.0,0.0,0.0,0.0,834.2711999999999,0.0,0.0,3222.9840000000004,1446.4224000000002,0.0,0.0,0.0,0.0,218.352,4464.3672,1839.5856,0.0,0.0,0.0,1991.0184,413.1768,1960.5768,0.0,0.0,3148.6895999999997,399.7104,1414.0464000000002,1840.1664000000003,10447.4928,2694.9768,0.0,0.0,359.9784
0.0,0.0,0.0,1163.3712,0.0,12172.596,3234.2352,0.0,0.0,1230.8472000000002,32.76,0.0,566.6952,48279.672,71299.1688,15.415199999999999,0.0,716.3736,0.0,25125.648,67055.65439999998,0.0,300.04319999999996,11432.5488,19924.132799999996,0.0,0.0,0.0,0.0,0.0,968.7792000000001,10141.8264,0.0,0.0,0.0,0.0,21.408,0.0,0.0,0.0,0.0,0.0,0.0,0.0,0.0,0.0,0.0,0.0,0.0,0.0,0.0,0.0,0.0,0.0,40.2912,0.0,0.0,0.0,0.0,0.0,0.0,194.952,0.0,0.0,0.0,0.0,0.0,0.0,9735.8112,0.0,0.0,0.0,0.0,826.9151999999999,1680.8544000000002,0.0,3162.0552,0.0,0.0,0.0,0.0,0.0,0.0,0.0,38.4024,0.0,0.0,0.0,0.0,0.0,15640.360799999999,0.0,0.0,0.0,0.0,0.0,834.2711999999999,0.0,0.0,3222.9840000000004,1446.4224000000002,0.0,0.0,0.0,0.0,218.352,4464.3672,1839.5856,0.0,0.0,0.0,1991.0184,413.1768,1960.5768,0.0,0.0,3148.6895999999997,399.7104,1414.0464000000002,1840.1664000000003,10447.4928,2694.9768,0.0,0.0,359.9784
0.0,0.0,0.0,1163.3712,0.0,12172.596,3234.2352,0.0,0.0,1230.8472000000002,32.76,0.0,566.6952,48279.672,71299.1688,15.415199999999999,0.0,716.3736,0.0,25125.648,67055.65439999998,0.0,300.04319999999996,11432.5488,19924.132799999996,0.0,0.0,0.0,0.0,0.0,968.7792000000001,10141.8264,0.0,0.0,0.0,0.0,21.408,0.0,0.0,0.0,0.0,0.0,0.0,0.0,0.0,0.0,0.0,0.0,0.0,0.0,0.0,0.0,0.0,0.0,40.2912,0.0,0.0,0.0,0.0,0.0,0.0,194.952,0.0,0.0,0.0,0.0,0.0,0.0,9735.8112,0.0,0.0,0.0,0.0,826.9151999999999,1680.8544000000002,0.0,3162.0552,0.0,0.0,0.0,0.0,0.0,0.0,0.0,38.4024,0.0,0.0,0.0,0.0,0.0,15640.360799999999,0.0,0.0,0.0,0.0,0.0,834.2711999999999,0.0,0.0,3222.9840000000004,1446.4224000000002,0.0,0.0,0.0,0.0,218.352,4464.3672,1839.5856,0.0,0.0,0.0,1991.0184,413.1768,1960.5768,0.0,0.0,3148.6895999999997,399.7104,1414.0464000000002,1840.1664000000003,10447.4928,2694.9768,0.0,0.0,359.9784
0.0,0.0,0.0,1163.3712,0.0,12172.596,3234.2352,0.0,0.0,1230.8472000000002,32.76,0.0,566.6952,48279.672,71299.1688,15.415199999999999,0.0,716.3736,0.0,25125.648,67055.65439999998,0.0,300.04319999999996,11432.5488,19924.132799999996,0.0,0.0,0.0,0.0,0.0,968.7792000000001,10141.8264,0.0,0.0,0.0,0.0,21.408,0.0,0.0,0.0,0.0,0.0,0.0,0.0,0.0,0.0,0.0,0.0,0.0,0.0,0.0,0.0,0.0,0.0,40.2912,0.0,0.0,0.0,0.0,0.0,0.0,194.952,0.0,0.0,0.0,0.0,0.0,0.0,9735.8112,0.0,0.0,0.0,0.0,826.9151999999999,1680.8544000000002,0.0,3162.0552,0.0,0.0,0.0,0.0,0.0,0.0,0.0,38.4024,0.0,0.0,0.0,0.0,0.0,15640.360799999999,0.0,0.0,0.0,0.0,0.0,834.2711999999999,0.0,0.0,3222.9840000000004,1446.4224000000002,0.0,0.0,0.0,0.0,218.352,4464.3672,1839.5856,0.0,0.0,0.0,1991.0184,413.1768,1960.5768,0.0,0.0,3148.6895999999997,399.7104,1414.0464000000002,1840.1664000000003,10447.4928,2694.9768,0.0,0.0,359.9784
0.0,0.0,0.0,1163.3712,0.0,12172.596,3234.2352,0.0,0.0,1230.8472000000002,32.76,0.0,566.6952,48279.672,71299.1688,15.415199999999999,0.0,716.3736,0.0,25125.648,67055.65439999998,0.0,300.04319999999996,11432.5488,19924.132799999996,0.0,0.0,0.0,0.0,0.0,968.7792000000001,10141.8264,0.0,0.0,0.0,0.0,21.408,0.0,0.0,0.0,0.0,0.0,0.0,0.0,0.0,0.0,0.0,0.0,0.0,0.0,0.0,0.0,0.0,0.0,40.2912,0.0,0.0,0.0,0.0,0.0,0.0,194.952,0.0,0.0,0.0,0.0,0.0,0.0,9735.8112,0.0,0.0,0.0,0.0,826.9151999999999,1680.8544000000002,0.0,3162.0552,0.0,0.0,0.0,0.0,0.0,0.0,0.0,38.4024,0.0,0.0,0.0,0.0,0.0,15640.360799999999,0.0,0.0,0.0,0.0,0.0,834.2711999999999,0.0,0.0,3222.9840000000004,1446.4224000000002,0.0,0.0,0.0,0.0,218.352,4464.3672,1839.5856,0.0,0.0,0.0,1991.0184,413.1768,1960.5768,0.0,0.0,3148.6895999999997,399.7104,1414.0464000000002,1840.1664000000003,10447.4928,2694.9768,0.0,0.0,359.9784
0.0,0.0,0.0,1163.3712,0.0,12172.596,3234.2352,0.0,0.0,1230.8472000000002,32.76,0.0,566.6952,48279.672,71299.1688,15.415199999999999,0.0,716.3736,0.0,25125.648,67055.65439999998,0.0,300.04319999999996,11432.5488,19924.132799999996,0.0,0.0,0.0,0.0,0.0,968.7792000000001,10141.8264,0.0,0.0,0.0,0.0,21.408,0.0,0.0,0.0,0.0,0.0,0.0,0.0,0.0,0.0,0.0,0.0,0.0,0.0,0.0,0.0,0.0,0.0,40.2912,0.0,0.0,0.0,0.0,0.0,0.0,194.952,0.0,0.0,0.0,0.0,0.0,0.0,9735.8112,0.0,0.0,0.0,0.0,826.9151999999999,1680.8544000000002,0.0,3162.0552,0.0,0.0,0.0,0.0,0.0,0.0,0.0,38.4024,0.0,0.0,0.0,0.0,0.0,15640.360799999999,0.0,0.0,0.0,0.0,0.0,834.2711999999999,0.0,0.0,3222.9840000000004,1446.4224000000002,0.0,0.0,0.0,0.0,218.352,4464.3672,1839.5856,0.0,0.0,0.0,1991.0184,413.1768,1960.5768,0.0,0.0,3148.6895999999997,399.7104,1414.0464000000002,1840.1664000000003,10447.4928,2694.9768,0.0,0.0,359.9784
0.0,0.0,0.0,1095.8136,0.0,11756.637600000002,3178.0944000000004,0.0,0.0,1233.0095999999999,36.7752,0.0,541.7712,48364.569599999995,71202.504,14.7072,0.0,679.0536000000001,0.0,23212.3872,64115.51040000001,0.0,330.0,11011.288800000002,19518.7752,0.0,0.0,0.0,0.0,0.0,1099.1256,11393.858399999997,0.0,0.0,0.0,0.0,22.1952,0.0,0.0,0.0,0.0,0.0,0.0,0.0,0.0,0.0,0.0,0.0,0.0,0.0,0.0,0.0,0.0,0.0,24.081599999999998,0.0,0.0,0.0,0.0,0.0,0.0,196.07999999999998,0.0,0.0,0.0,0.0,0.0,0.0,9249.7464,0.0,0.0,0.0,0.0,779.5968000000001,1596.9384,0.0,3004.188,0.0,0.0,0.0,0.0,0.0,0.0,0.0,15.4776,0.0,0.0,0.0,0.0,0.0,4261.1928,0.0,0.0,0.0,0.0,0.0,851.0783999999999,0.0,0.0,3413.6808,1438.5120000000002,0.0,0.0,0.0,0.0,102.68879999999999,2906.148,1610.3160000000003,0.0,0.0,0.0,2031.1248,286.4568,1808.4071999999999,0.0,0.0,2888.7311999999997,382.1304,1442.5272,2606.7912,9988.0248,2168.6544,0.0,0.0,274.0752
0.0,0.0,0.0,1095.8136,0.0,11756.637600000002,3178.0944000000004,0.0,0.0,1233.0095999999999,36.7752,0.0,541.7712,48364.569599999995,71202.504,14.7072,0.0,679.0536000000001,0.0,23212.3872,64115.51040000001,0.0,330.0,11011.288800000002,19518.7752,0.0,0.0,0.0,0.0,0.0,1099.1256,11393.858399999997,0.0,0.0,0.0,0.0,22.1952,0.0,0.0,0.0,0.0,0.0,0.0,0.0,0.0,0.0,0.0,0.0,0.0,0.0,0.0,0.0,0.0,0.0,24.081599999999998,0.0,0.0,0.0,0.0,0.0,0.0,196.07999999999998,0.0,0.0,0.0,0.0,0.0,0.0,9249.7464,0.0,0.0,0.0,0.0,779.5968000000001,1596.9384,0.0,3004.188,0.0,0.0,0.0,0.0,0.0,0.0,0.0,15.4776,0.0,0.0,0.0,0.0,0.0,4261.1928,0.0,0.0,0.0,0.0,0.0,851.0783999999999,0.0,0.0,3413.6808,1438.5120000000002,0.0,0.0,0.0,0.0,102.68879999999999,2906.148,1610.3160000000003,0.0,0.0,0.0,2031.1248,286.4568,1808.4071999999999,0.0,0.0,2888.7311999999997,382.1304,1442.5272,2606.7912,9988.0248,2168.6544,0.0,0.0,274.0752
0.0,0.0,0.0,1095.8136,0.0,11756.637600000002,3178.0944000000004,0.0,0.0,1233.0095999999999,36.7752,0.0,541.7712,48364.569599999995,71202.504,14.7072,0.0,679.0536000000001,0.0,23212.3872,64115.51040000001,0.0,330.0,11011.288800000002,19518.7752,0.0,0.0,0.0,0.0,0.0,1099.1256,11393.858399999997,0.0,0.0,0.0,0.0,22.1952,0.0,0.0,0.0,0.0,0.0,0.0,0.0,0.0,0.0,0.0,0.0,0.0,0.0,0.0,0.0,0.0,0.0,24.081599999999998,0.0,0.0,0.0,0.0,0.0,0.0,196.07999999999998,0.0,0.0,0.0,0.0,0.0,0.0,9249.7464,0.0,0.0,0.0,0.0,779.5968000000001,1596.9384,0.0,3004.188,0.0,0.0,0.0,0.0,0.0,0.0,0.0,15.4776,0.0,0.0,0.0,0.0,0.0,4261.1928,0.0,0.0,0.0,0.0,0.0,851.0783999999999,0.0,0.0,3413.6808,1438.5120000000002,0.0,0.0,0.0,0.0,102.68879999999999,2906.148,1610.3160000000003,0.0,0.0,0.0,2031.1248,286.4568,1808.4071999999999,0.0,0.0,2888.7311999999997,382.1304,1442.5272,2606.7912,9988.0248,2168.6544,0.0,0.0,274.0752
0.0,0.0,0.0,1095.8136,0.0,11756.637600000002,3178.0944000000004,0.0,0.0,1233.0095999999999,36.7752,0.0,541.7712,48364.569599999995,71202.504,14.7072,0.0,679.0536000000001,0.0,23212.3872,64115.51040000001,0.0,330.0,11011.288800000002,19518.7752,0.0,0.0,0.0,0.0,0.0,1099.1256,11393.858399999997,0.0,0.0,0.0,0.0,22.1952,0.0,0.0,0.0,0.0,0.0,0.0,0.0,0.0,0.0,0.0,0.0,0.0,0.0,0.0,0.0,0.0,0.0,24.081599999999998,0.0,0.0,0.0,0.0,0.0,0.0,196.07999999999998,0.0,0.0,0.0,0.0,0.0,0.0,9249.7464,0.0,0.0,0.0,0.0,779.5968000000001,1596.9384,0.0,3004.188,0.0,0.0,0.0,0.0,0.0,0.0,0.0,15.4776,0.0,0.0,0.0,0.0,0.0,4261.1928,0.0,0.0,0.0,0.0,0.0,851.0783999999999,0.0,0.0,3413.6808,1438.5120000000002,0.0,0.0,0.0,0.0,102.68879999999999,2906.148,1610.3160000000003,0.0,0.0,0.0,2031.1248,286.4568,1808.4071999999999,0.0,0.0,2888.7311999999997,382.1304,1442.5272,2606.7912,9988.0248,2168.6544,0.0,0.0,274.0752
0.0,0.0,0.0,1095.8136,0.0,11756.637600000002,3178.0944000000004,0.0,0.0,1233.0095999999999,36.7752,0.0,541.7712,48364.569599999995,71202.504,14.7072,0.0,679.0536000000001,0.0,23212.3872,64115.51040000001,0.0,330.0,11011.288800000002,19518.7752,0.0,0.0,0.0,0.0,0.0,1099.1256,11393.858399999997,0.0,0.0,0.0,0.0,22.1952,0.0,0.0,0.0,0.0,0.0,0.0,0.0,0.0,0.0,0.0,0.0,0.0,0.0,0.0,0.0,0.0,0.0,24.081599999999998,0.0,0.0,0.0,0.0,0.0,0.0,196.07999999999998,0.0,0.0,0.0,0.0,0.0,0.0,9249.7464,0.0,0.0,0.0,0.0,779.5968000000001,1596.9384,0.0,3004.188,0.0,0.0,0.0,0.0,0.0,0.0,0.0,15.4776,0.0,0.0,0.0,0.0,0.0,4261.1928,0.0,0.0,0.0,0.0,0.0,851.0783999999999,0.0,0.0,3413.6808,1438.5120000000002,0.0,0.0,0.0,0.0,102.68879999999999,2906.148,1610.3160000000003,0.0,0.0,0.0,2031.1248,286.4568,1808.4071999999999,0.0,0.0,2888.7311999999997,382.1304,1442.5272,2606.7912,9988.0248,2168.6544,0.0,0.0,274.0752
0.0,0.0,0.0,1095.8136,0.0,11756.637600000002,3178.0944000000004,0.0,0.0,1233.0095999999999,36.7752,0.0,541.7712,48364.569599999995,71202.504,14.7072,0.0,679.0536000000001,0.0,23212.3872,64115.51040000001,0.0,330.0,11011.288800000002,19518.7752,0.0,0.0,0.0,0.0,0.0,1099.1256,11393.858399999997,0.0,0.0,0.0,0.0,22.1952,0.0,0.0,0.0,0.0,0.0,0.0,0.0,0.0,0.0,0.0,0.0,0.0,0.0,0.0,0.0,0.0,0.0,24.081599999999998,0.0,0.0,0.0,0.0,0.0,0.0,196.07999999999998,0.0,0.0,0.0,0.0,0.0,0.0,9249.7464,0.0,0.0,0.0,0.0,779.5968000000001,1596.9384,0.0,3004.188,0.0,0.0,0.0,0.0,0.0,0.0,0.0,15.4776,0.0,0.0,0.0,0.0,0.0,4261.1928,0.0,0.0,0.0,0.0,0.0,851.0783999999999,0.0,0.0,3413.6808,1438.5120000000002,0.0,0.0,0.0,0.0,102.68879999999999,2906.148,1610.3160000000003,0.0,0.0,0.0,2031.1248,286.4568,1808.4071999999999,0.0,0.0,2888.7311999999997,382.1304,1442.5272,2606.7912,9988.0248,2168.6544,0.0,0.0,274.0752
0.0,0.0,0.0,1095.8136,0.0,11756.637600000002,3178.0944000000004,0.0,0.0,1233.0095999999999,36.7752,0.0,541.7712,48364.569599999995,71202.504,14.7072,0.0,679.0536000000001,0.0,23212.3872,64115.51040000001,0.0,330.0,11011.288800000002,19518.7752,0.0,0.0,0.0,0.0,0.0,1099.1256,11393.858399999997,0.0,0.0,0.0,0.0,22.1952,0.0,0.0,0.0,0.0,0.0,0.0,0.0,0.0,0.0,0.0,0.0,0.0,0.0,0.0,0.0,0.0,0.0,24.081599999999998,0.0,0.0,0.0,0.0,0.0,0.0,196.07999999999998,0.0,0.0,0.0,0.0,0.0,0.0,9249.7464,0.0,0.0,0.0,0.0,779.5968000000001,1596.9384,0.0,3004.188,0.0,0.0,0.0,0.0,0.0,0.0,0.0,15.4776,0.0,0.0,0.0,0.0,0.0,4261.1928,0.0,0.0,0.0,0.0,0.0,851.0783999999999,0.0,0.0,3413.6808,1438.5120000000002,0.0,0.0,0.0,0.0,102.68879999999999,2906.148,1610.3160000000003,0.0,0.0,0.0,2031.1248,286.4568,1808.4071999999999,0.0,0.0,2888.7311999999997,382.1304,1442.5272,2606.7912,9988.0248,2168.6544,0.0,0.0,274.0752
0.0,0.0,0.0,1132.4544,0.0,10870.917599999999,2536.308,0.0,0.0,1186.3944,34.4088,0.0,534.6528,48310.252799999995,69413.712,12.4728,0.0,785.9472,0.0,21884.203199999996,68737.40159999998,0.0,238.1904,10637.416799999999,17076.360000000004,0.0,0.0,0.0,0.0,0.0,1091.46,9650.947200000002,0.0,0.0,0.0,0.0,14.7744,0.0,0.0,0.0,0.0,0.0,0.0,0.0,0.0,0.0,0.0,0.0,0.0,0.0,0.0,0.0,0.0,0.0,14.308799999999998,0.0,0.0,0.0,0.0,0.0,0.0,204.88800000000003,0.0,0.0,0.0,0.0,0.0,0.0,9981.405600000002,0.0,0.0,0.0,0.0,700.632,1594.4856,0.0,3163.6992,0.0,0.0,0.0,0.0,0.0,0.0,0.0,101.3424,0.0,0.0,0.0,0.0,0.0,31161.355199999998,0.0,0.0,0.0,0.0,0.0,761.0472,0.0,0.0,3054.5999999999995,1483.2792,0.0,0.0,0.0,0.0,450.0192,2514.2999999999997,1595.5272,0.0,0.0,0.0,1816.2672,376.2384,1930.9751999999999,0.0,0.0,2691.1488,377.1096,1289.9352,5906.4,9154.4136,2679.8543999999997,0.0,0.0,284.81759999999997
0.0,0.0,0.0,1132.4544,0.0,10870.917599999999,2536.308,0.0,0.0,1186.3944,34.4088,0.0,534.6528,48310.252799999995,69413.712,12.4728,0.0,785.9472,0.0,21884.203199999996,68737.40159999998,0.0,238.1904,10637.416799999999,17076.360000000004,0.0,0.0,0.0,0.0,0.0,1091.46,9650.947200000002,0.0,0.0,0.0,0.0,14.7744,0.0,0.0,0.0,0.0,0.0,0.0,0.0,0.0,0.0,0.0,0.0,0.0,0.0,0.0,0.0,0.0,0.0,14.308799999999998,0.0,0.0,0.0,0.0,0.0,0.0,204.88800000000003,0.0,0.0,0.0,0.0,0.0,0.0,9981.405600000002,0.0,0.0,0.0,0.0,700.632,1594.4856,0.0,3163.6992,0.0,0.0,0.0,0.0,0.0,0.0,0.0,101.3424,0.0,0.0,0.0,0.0,0.0,31161.355199999998,0.0,0.0,0.0,0.0,0.0,761.0472,0.0,0.0,3054.5999999999995,1483.2792,0.0,0.0,0.0,0.0,450.0192,2514.2999999999997,1595.5272,0.0,0.0,0.0,1816.2672,376.2384,1930.9751999999999,0.0,0.0,2691.1488,377.1096,1289.9352,5906.4,9154.4136,2679.8543999999997,0.0,0.0,284.81759999999997
0.0,0.0,0.0,1132.4544,0.0,10870.917599999999,2536.308,0.0,0.0,1186.3944,34.4088,0.0,534.6528,48310.252799999995,69413.712,12.4728,0.0,785.9472,0.0,21884.203199999996,68737.40159999998,0.0,238.1904,10637.416799999999,17076.360000000004,0.0,0.0,0.0,0.0,0.0,1091.46,9650.947200000002,0.0,0.0,0.0,0.0,14.7744,0.0,0.0,0.0,0.0,0.0,0.0,0.0,0.0,0.0,0.0,0.0,0.0,0.0,0.0,0.0,0.0,0.0,14.308799999999998,0.0,0.0,0.0,0.0,0.0,0.0,204.88800000000003,0.0,0.0,0.0,0.0,0.0,0.0,9981.405600000002,0.0,0.0,0.0,0.0,700.632,1594.4856,0.0,3163.6992,0.0,0.0,0.0,0.0,0.0,0.0,0.0,101.3424,0.0,0.0,0.0,0.0,0.0,31161.355199999998,0.0,0.0,0.0,0.0,0.0,761.0472,0.0,0.0,3054.5999999999995,1483.2792,0.0,0.0,0.0,0.0,450.0192,2514.2999999999997,1595.5272,0.0,0.0,0.0,1816.2672,376.2384,1930.9751999999999,0.0,0.0,2691.1488,377.1096,1289.9352,5906.4,9154.4136,2679.8543999999997,0.0,0.0,284.81759999999997
0.0,0.0,0.0,1132.4544,0.0,10870.917599999999,2536.308,0.0,0.0,1186.3944,34.4088,0.0,534.6528,48310.252799999995,69413.712,12.4728,0.0,785.9472,0.0,21884.203199999996,68737.40159999998,0.0,238.1904,10637.416799999999,17076.360000000004,0.0,0.0,0.0,0.0,0.0,1091.46,9650.947200000002,0.0,0.0,0.0,0.0,14.7744,0.0,0.0,0.0,0.0,0.0,0.0,0.0,0.0,0.0,0.0,0.0,0.0,0.0,0.0,0.0,0.0,0.0,14.308799999999998,0.0,0.0,0.0,0.0,0.0,0.0,204.88800000000003,0.0,0.0,0.0,0.0,0.0,0.0,9981.405600000002,0.0,0.0,0.0,0.0,700.632,1594.4856,0.0,3163.6992,0.0,0.0,0.0,0.0,0.0,0.0,0.0,101.3424,0.0,0.0,0.0,0.0,0.0,31161.355199999998,0.0,0.0,0.0,0.0,0.0,761.0472,0.0,0.0,3054.5999999999995,1483.2792,0.0,0.0,0.0,0.0,450.0192,2514.2999999999997,1595.5272,0.0,0.0,0.0,1816.2672,376.2384,1930.9751999999999,0.0,0.0,2691.1488,377.1096,1289.9352,5906.4,9154.4136,2679.8543999999997,0.0,0.0,284.81759999999997
0.0,0.0,0.0,1132.4544,0.0,10870.917599999999,2536.308,0.0,0.0,1186.3944,34.4088,0.0,534.6528,48310.252799999995,69413.712,12.4728,0.0,785.9472,0.0,21884.203199999996,68737.40159999998,0.0,238.1904,10637.416799999999,17076.360000000004,0.0,0.0,0.0,0.0,0.0,1091.46,9650.947200000002,0.0,0.0,0.0,0.0,14.7744,0.0,0.0,0.0,0.0,0.0,0.0,0.0,0.0,0.0,0.0,0.0,0.0,0.0,0.0,0.0,0.0,0.0,14.308799999999998,0.0,0.0,0.0,0.0,0.0,0.0,204.88800000000003,0.0,0.0,0.0,0.0,0.0,0.0,9981.405600000002,0.0,0.0,0.0,0.0,700.632,1594.4856,0.0,3163.6992,0.0,0.0,0.0,0.0,0.0,0.0,0.0,101.3424,0.0,0.0,0.0,0.0,0.0,31161.355199999998,0.0,0.0,0.0,0.0,0.0,761.0472,0.0,0.0,3054.5999999999995,1483.2792,0.0,0.0,0.0,0.0,450.0192,2514.2999999999997,1595.5272,0.0,0.0,0.0,1816.2672,376.2384,1930.9751999999999,0.0,0.0,2691.1488,377.1096,1289.9352,5906.4,9154.4136,2679.8543999999997,0.0,0.0,284.81759999999997
0.0,0.0,0.0,1132.4544,0.0,10870.917599999999,2536.308,0.0,0.0,1186.3944,34.4088,0.0,534.6528,48310.252799999995,69413.712,12.4728,0.0,785.9472,0.0,21884.203199999996,68737.40159999998,0.0,238.1904,10637.416799999999,17076.360000000004,0.0,0.0,0.0,0.0,0.0,1091.46,9650.947200000002,0.0,0.0,0.0,0.0,14.7744,0.0,0.0,0.0,0.0,0.0,0.0,0.0,0.0,0.0,0.0,0.0,0.0,0.0,0.0,0.0,0.0,0.0,14.308799999999998,0.0,0.0,0.0,0.0,0.0,0.0,204.88800000000003,0.0,0.0,0.0,0.0,0.0,0.0,9981.405600000002,0.0,0.0,0.0,0.0,700.632,1594.4856,0.0,3163.6992,0.0,0.0,0.0,0.0,0.0,0.0,0.0,101.3424,0.0,0.0,0.0,0.0,0.0,31161.355199999998,0.0,0.0,0.0,0.0,0.0,761.0472,0.0,0.0,3054.5999999999995,1483.2792,0.0,0.0,0.0,0.0,450.0192,2514.2999999999997,1595.5272,0.0,0.0,0.0,1816.2672,376.2384,1930.9751999999999,0.0,0.0,2691.1488,377.1096,1289.9352,5906.4,9154.4136,2679.8543999999997,0.0,0.0,284.81759999999997
0.0,0.0,0.0,1132.4544,0.0,10870.917599999999,2536.308,0.0,0.0,1186.3944,34.4088,0.0,534.6528,48310.252799999995,69413.712,12.4728,0.0,785.9472,0.0,21884.203199999996,68737.40159999998,0.0,238.1904,10637.416799999999,17076.360000000004,0.0,0.0,0.0,0.0,0.0,1091.46,9650.947200000002,0.0,0.0,0.0,0.0,14.7744,0.0,0.0,0.0,0.0,0.0,0.0,0.0,0.0,0.0,0.0,0.0,0.0,0.0,0.0,0.0,0.0,0.0,14.308799999999998,0.0,0.0,0.0,0.0,0.0,0.0,204.88800000000003,0.0,0.0,0.0,0.0,0.0,0.0,9981.405600000002,0.0,0.0,0.0,0.0,700.632,1594.4856,0.0,3163.6992,0.0,0.0,0.0,0.0,0.0,0.0,0.0,101.3424,0.0,0.0,0.0,0.0,0.0,31161.355199999998,0.0,0.0,0.0,0.0,0.0,761.0472,0.0,0.0,3054.5999999999995,1483.2792,0.0,0.0,0.0,0.0,450.0192,2514.2999999999997,1595.5272,0.0,0.0,0.0,1816.2672,376.2384,1930.9751999999999,0.0,0.0,2691.1488,377.1096,1289.9352,5906.4,9154.4136,2679.8543999999997,0.0,0.0,284.81759999999997
0.0,0.0,0.0,1217.1888,0.0,11767.6008,2230.428,0.0,0.0,1293.4464,40.236000000000004,0.0,495.4872000000001,53550.456,75703.0008,10.8096,0.0,775.1544,0.0,17317.332,71485.9776,0.0,348.6696,10523.7624,16191.6,0.0,0.0,0.0,0.0,0.0,1148.9928,9650.488800000001,0.0,0.0,0.0,0.0,11.9688,0.0,0.0,0.0,0.0,0.0,0.0,0.0,0.0,0.0,0.0,0.0,0.0,0.0,0.0,0.0,0.0,0.0,10.440000000000001,0.0,0.0,0.0,0.0,0.0,0.0,211.98,0.0,0.0,0.0,0.0,0.0,0.0,10197.3576,0.0,0.0,0.0,0.0,658.8192,1580.7696,0.0,3202.896,0.0,0.0,0.0,0.0,0.0,0.0,0.0,68.6856,0.0,0.0,0.0,0.0,0.0,4862.9472000000005,0.0,0.0,0.0,0.0,0.0,787.6271999999999,0.0,0.0,2624.0111999999995,1444.8168,0.0,0.0,0.0,0.0,411.1296,2715.3791999999994,1516.5432,0.0,0.0,0.0,1879.7016000000003,428.952,2008.4039999999998,0.0,0.0,2597.4120000000003,349.48560000000003,1334.9856,4988.8488,8209.728,2727.4392,0.0,0.0,344.904
0.0,0.0,0.0,1217.1888,0.0,11767.6008,2230.428,0.0,0.0,1293.4464,40.236000000000004,0.0,495.4872000000001,53550.456,75703.0008,10.8096,0.0,775.1544,0.0,17317.332,71485.9776,0.0,348.6696,10523.7624,16191.6,0.0,0.0,0.0,0.0,0.0,1148.9928,9650.488800000001,0.0,0.0,0.0,0.0,11.9688,0.0,0.0,0.0,0.0,0.0,0.0,0.0,0.0,0.0,0.0,0.0,0.0,0.0,0.0,0.0,0.0,0.0,10.440000000000001,0.0,0.0,0.0,0.0,0.0,0.0,211.98,0.0,0.0,0.0,0.0,0.0,0.0,10197.3576,0.0,0.0,0.0,0.0,658.8192,1580.7696,0.0,3202.896,0.0,0.0,0.0,0.0,0.0,0.0,0.0,68.6856,0.0,0.0,0.0,0.0,0.0,4862.9472000000005,0.0,0.0,0.0,0.0,0.0,787.6271999999999,0.0,0.0,2624.0111999999995,1444.8168,0.0,0.0,0.0,0.0,411.1296,2715.3791999999994,1516.5432,0.0,0.0,0.0,1879.7016000000003,428.952,2008.4039999999998,0.0,0.0,2597.4120000000003,349.48560000000003,1334.9856,4988.8488,8209.728,2727.4392,0.0,0.0,344.904
0.0,0.0,0.0,1217.1888,0.0,11767.6008,2230.428,0.0,0.0,1293.4464,40.236000000000004,0.0,495.4872000000001,53550.456,75703.0008,10.8096,0.0,775.1544,0.0,17317.332,71485.9776,0.0,348.6696,10523.7624,16191.6,0.0,0.0,0.0,0.0,0.0,1148.9928,9650.488800000001,0.0,0.0,0.0,0.0,11.9688,0.0,0.0,0.0,0.0,0.0,0.0,0.0,0.0,0.0,0.0,0.0,0.0,0.0,0.0,0.0,0.0,0.0,10.440000000000001,0.0,0.0,0.0,0.0,0.0,0.0,211.98,0.0,0.0,0.0,0.0,0.0,0.0,10197.3576,0.0,0.0,0.0,0.0,658.8192,1580.7696,0.0,3202.896,0.0,0.0,0.0,0.0,0.0,0.0,0.0,68.6856,0.0,0.0,0.0,0.0,0.0,4862.9472000000005,0.0,0.0,0.0,0.0,0.0,787.6271999999999,0.0,0.0,2624.0111999999995,1444.8168,0.0,0.0,0.0,0.0,411.1296,2715.3791999999994,1516.5432,0.0,0.0,0.0,1879.7016000000003,428.952,2008.4039999999998,0.0,0.0,2597.4120000000003,349.48560000000003,1334.9856,4988.8488,8209.728,2727.4392,0.0,0.0,344.904
0.0,0.0,0.0,1217.1888,0.0,11767.6008,2230.428,0.0,0.0,1293.4464,40.236000000000004,0.0,495.4872000000001,53550.456,75703.0008,10.8096,0.0,775.1544,0.0,17317.332,71485.9776,0.0,348.6696,10523.7624,16191.6,0.0,0.0,0.0,0.0,0.0,1148.9928,9650.488800000001,0.0,0.0,0.0,0.0,11.9688,0.0,0.0,0.0,0.0,0.0,0.0,0.0,0.0,0.0,0.0,0.0,0.0,0.0,0.0,0.0,0.0,0.0,10.440000000000001,0.0,0.0,0.0,0.0,0.0,0.0,211.98,0.0,0.0,0.0,0.0,0.0,0.0,10197.3576,0.0,0.0,0.0,0.0,658.8192,1580.7696,0.0,3202.896,0.0,0.0,0.0,0.0,0.0,0.0,0.0,68.6856,0.0,0.0,0.0,0.0,0.0,4862.9472000000005,0.0,0.0,0.0,0.0,0.0,787.6271999999999,0.0,0.0,2624.0111999999995,1444.8168,0.0,0.0,0.0,0.0,411.1296,2715.3791999999994,1516.5432,0.0,0.0,0.0,1879.7016000000003,428.952,2008.4039999999998,0.0,0.0,2597.4120000000003,349.48560000000003,1334.9856,4988.8488,8209.728,2727.4392,0.0,0.0,344.904
0.0,0.0,0.0,1217.1888,0.0,11767.6008,2230.428,0.0,0.0,1293.4464,40.236000000000004,0.0,495.4872000000001,53550.456,75703.0008,10.8096,0.0,775.1544,0.0,17317.332,71485.9776,0.0,348.6696,10523.7624,16191.6,0.0,0.0,0.0,0.0,0.0,1148.9928,9650.488800000001,0.0,0.0,0.0,0.0,11.9688,0.0,0.0,0.0,0.0,0.0,0.0,0.0,0.0,0.0,0.0,0.0,0.0,0.0,0.0,0.0,0.0,0.0,10.440000000000001,0.0,0.0,0.0,0.0,0.0,0.0,211.98,0.0,0.0,0.0,0.0,0.0,0.0,10197.3576,0.0,0.0,0.0,0.0,658.8192,1580.7696,0.0,3202.896,0.0,0.0,0.0,0.0,0.0,0.0,0.0,68.6856,0.0,0.0,0.0,0.0,0.0,4862.9472000000005,0.0,0.0,0.0,0.0,0.0,787.6271999999999,0.0,0.0,2624.0111999999995,1444.8168,0.0,0.0,0.0,0.0,411.1296,2715.3791999999994,1516.5432,0.0,0.0,0.0,1879.7016000000003,428.952,2008.4039999999998,0.0,0.0,2597.4120000000003,349.48560000000003,1334.9856,4988.8488,8209.728,2727.4392,0.0,0.0,344.904
0.0,0.0,0.0,1217.1888,0.0,11767.6008,2230.428,0.0,0.0,1293.4464,40.236000000000004,0.0,495.4872000000001,53550.456,75703.0008,10.8096,0.0,775.1544,0.0,17317.332,71485.9776,0.0,348.6696,10523.7624,16191.6,0.0,0.0,0.0,0.0,0.0,1148.9928,9650.488800000001,0.0,0.0,0.0,0.0,11.9688,0.0,0.0,0.0,0.0,0.0,0.0,0.0,0.0,0.0,0.0,0.0,0.0,0.0,0.0,0.0,0.0,0.0,10.440000000000001,0.0,0.0,0.0,0.0,0.0,0.0,211.98,0.0,0.0,0.0,0.0,0.0,0.0,10197.3576,0.0,0.0,0.0,0.0,658.8192,1580.7696,0.0,3202.896,0.0,0.0,0.0,0.0,0.0,0.0,0.0,68.6856,0.0,0.0,0.0,0.0,0.0,4862.9472000000005,0.0,0.0,0.0,0.0,0.0,787.6271999999999,0.0,0.0,2624.0111999999995,1444.8168,0.0,0.0,0.0,0.0,411.1296,2715.3791999999994,1516.5432,0.0,0.0,0.0,1879.7016000000003,428.952,2008.4039999999998,0.0,0.0,2597.4120000000003,349.48560000000003,1334.9856,4988.8488,8209.728,2727.4392,0.0,0.0,344.904
0.0,0.0,0.0,1217.1888,0.0,11767.6008,2230.428,0.0,0.0,1293.4464,40.236000000000004,0.0,495.4872000000001,53550.456,75703.0008,10.8096,0.0,775.1544,0.0,17317.332,71485.9776,0.0,348.6696,10523.7624,16191.6,0.0,0.0,0.0,0.0,0.0,1148.9928,9650.488800000001,0.0,0.0,0.0,0.0,11.9688,0.0,0.0,0.0,0.0,0.0,0.0,0.0,0.0,0.0,0.0,0.0,0.0,0.0,0.0,0.0,0.0,0.0,10.440000000000001,0.0,0.0,0.0,0.0,0.0,0.0,211.98,0.0,0.0,0.0,0.0,0.0,0.0,10197.3576,0.0,0.0,0.0,0.0,658.8192,1580.7696,0.0,3202.896,0.0,0.0,0.0,0.0,0.0,0.0,0.0,68.6856,0.0,0.0,0.0,0.0,0.0,4862.9472000000005,0.0,0.0,0.0,0.0,0.0,787.6271999999999,0.0,0.0,2624.0111999999995,1444.8168,0.0,0.0,0.0,0.0,411.1296,2715.3791999999994,1516.5432,0.0,0.0,0.0,1879.7016000000003,428.952,2008.4039999999998,0.0,0.0,2597.4120000000003,349.48560000000003,1334.9856,4988.8488,8209.728,2727.4392,0.0,0.0,344.904
0.0,0.0,0.0,1220.6232,0.0,11459.5512,2264.5319999999997,0.0,0.0,1381.8504,43.3464,0.0,513.2904000000001,57210.5568,80800.20240000001,10.512,0.0,774.7368,0.0,17416.6416,75446.5344,0.0,283.3968,10255.619999999999,15010.279200000003,0.0,0.0,0.0,0.0,0.0,1167.0768,9803.1408,0.0,0.0,0.0,0.0,12.3792,0.0,0.0,0.0,0.0,0.0,0.0,0.0,0.0,0.0,0.0,0.0,0.0,0.0,0.0,0.0,0.0,0.0,9.021600000000001,0.0,0.0,0.0,0.0,0.0,0.0,200.41680000000002,0.0,0.0,0.0,0.0,0.0,0.0,9860.9664,0.0,0.0,0.0,0.0,645.552,1528.6224000000002,0.0,3097.2384,0.0,0.0,0.0,0.0,0.0,0.0,0.0,33.9264,0.0,0.0,0.0,0.0,0.0,2501.6808,0.0,0.0,0.0,0.0,0.0,752.3016,0.0,0.0,2630.3543999999997,1410.8855999999998,0.0,0.0,0.0,0.0,237.684,2731.7808000000005,1301.6399999999999,0.0,0.0,0.0,1795.3944000000001,425.196,2156.736,0.0,0.0,2615.2272,362.03999999999996,1275.1127999999999,435.04800000000006,8504.688,1629.5976,0.0,0.0,352.0632
0.0,0.0,0.0,1220.6232,0.0,11459.5512,2264.5319999999997,0.0,0.0,1381.8504,43.3464,0.0,513.2904000000001,57210.5568,80800.20240000001,10.512,0.0,774.7368,0.0,17416.6416,75446.5344,0.0,283.3968,10255.619999999999,15010.279200000003,0.0,0.0,0.0,0.0,0.0,1167.0768,9803.1408,0.0,0.0,0.0,0.0,12.3792,0.0,0.0,0.0,0.0,0.0,0.0,0.0,0.0,0.0,0.0,0.0,0.0,0.0,0.0,0.0,0.0,0.0,9.021600000000001,0.0,0.0,0.0,0.0,0.0,0.0,200.41680000000002,0.0,0.0,0.0,0.0,0.0,0.0,9860.9664,0.0,0.0,0.0,0.0,645.552,1528.6224000000002,0.0,3097.2384,0.0,0.0,0.0,0.0,0.0,0.0,0.0,33.9264,0.0,0.0,0.0,0.0,0.0,2501.6808,0.0,0.0,0.0,0.0,0.0,752.3016,0.0,0.0,2630.3543999999997,1410.8855999999998,0.0,0.0,0.0,0.0,237.684,2731.7808000000005,1301.6399999999999,0.0,0.0,0.0,1795.3944000000001,425.196,2156.736,0.0,0.0,2615.2272,362.03999999999996,1275.1127999999999,435.04800000000006,8504.688,1629.5976,0.0,0.0,352.0632
0.0,0.0,0.0,1220.6232,0.0,11459.5512,2264.5319999999997,0.0,0.0,1381.8504,43.3464,0.0,513.2904000000001,57210.5568,80800.20240000001,10.512,0.0,774.7368,0.0,17416.6416,75446.5344,0.0,283.3968,10255.619999999999,15010.279200000003,0.0,0.0,0.0,0.0,0.0,1167.0768,9803.1408,0.0,0.0,0.0,0.0,12.3792,0.0,0.0,0.0,0.0,0.0,0.0,0.0,0.0,0.0,0.0,0.0,0.0,0.0,0.0,0.0,0.0,0.0,9.021600000000001,0.0,0.0,0.0,0.0,0.0,0.0,200.41680000000002,0.0,0.0,0.0,0.0,0.0,0.0,9860.9664,0.0,0.0,0.0,0.0,645.552,1528.6224000000002,0.0,3097.2384,0.0,0.0,0.0,0.0,0.0,0.0,0.0,33.9264,0.0,0.0,0.0,0.0,0.0,2501.6808,0.0,0.0,0.0,0.0,0.0,752.3016,0.0,0.0,2630.3543999999997,1410.8855999999998,0.0,0.0,0.0,0.0,237.684,2731.7808000000005,1301.6399999999999,0.0,0.0,0.0,1795.3944000000001,425.196,2156.736,0.0,0.0,2615.2272,362.03999999999996,1275.1127999999999,435.04800000000006,8504.688,1629.5976,0.0,0.0,352.0632
0.0,0.0,0.0,1220.6232,0.0,11459.5512,2264.5319999999997,0.0,0.0,1381.8504,43.3464,0.0,513.2904000000001,57210.5568,80800.20240000001,10.512,0.0,774.7368,0.0,17416.6416,75446.5344,0.0,283.3968,10255.619999999999,15010.279200000003,0.0,0.0,0.0,0.0,0.0,1167.0768,9803.1408,0.0,0.0,0.0,0.0,12.3792,0.0,0.0,0.0,0.0,0.0,0.0,0.0,0.0,0.0,0.0,0.0,0.0,0.0,0.0,0.0,0.0,0.0,9.021600000000001,0.0,0.0,0.0,0.0,0.0,0.0,200.41680000000002,0.0,0.0,0.0,0.0,0.0,0.0,9860.9664,0.0,0.0,0.0,0.0,645.552,1528.6224000000002,0.0,3097.2384,0.0,0.0,0.0,0.0,0.0,0.0,0.0,33.9264,0.0,0.0,0.0,0.0,0.0,2501.6808,0.0,0.0,0.0,0.0,0.0,752.3016,0.0,0.0,2630.3543999999997,1410.8855999999998,0.0,0.0,0.0,0.0,237.684,2731.7808000000005,1301.6399999999999,0.0,0.0,0.0,1795.3944000000001,425.196,2156.736,0.0,0.0,2615.2272,362.03999999999996,1275.1127999999999,435.04800000000006,8504.688,1629.5976,0.0,0.0,352.0632
0.0,0.0,0.0,1220.6232,0.0,11459.5512,2264.5319999999997,0.0,0.0,1381.8504,43.3464,0.0,513.2904000000001,57210.5568,80800.20240000001,10.512,0.0,774.7368,0.0,17416.6416,75446.5344,0.0,283.3968,10255.619999999999,15010.279200000003,0.0,0.0,0.0,0.0,0.0,1167.0768,9803.1408,0.0,0.0,0.0,0.0,12.3792,0.0,0.0,0.0,0.0,0.0,0.0,0.0,0.0,0.0,0.0,0.0,0.0,0.0,0.0,0.0,0.0,0.0,9.021600000000001,0.0,0.0,0.0,0.0,0.0,0.0,200.41680000000002,0.0,0.0,0.0,0.0,0.0,0.0,9860.9664,0.0,0.0,0.0,0.0,645.552,1528.6224000000002,0.0,3097.2384,0.0,0.0,0.0,0.0,0.0,0.0,0.0,33.9264,0.0,0.0,0.0,0.0,0.0,2501.6808,0.0,0.0,0.0,0.0,0.0,752.3016,0.0,0.0,2630.3543999999997,1410.8855999999998,0.0,0.0,0.0,0.0,237.684,2731.7808000000005,1301.6399999999999,0.0,0.0,0.0,1795.3944000000001,425.196,2156.736,0.0,0.0,2615.2272,362.03999999999996,1275.1127999999999,435.04800000000006,8504.688,1629.5976,0.0,0.0,352.0632
0.0,0.0,0.0,1220.6232,0.0,11459.5512,2264.5319999999997,0.0,0.0,1381.8504,43.3464,0.0,513.2904000000001,57210.5568,80800.20240000001,10.512,0.0,774.7368,0.0,17416.6416,75446.5344,0.0,283.3968,10255.619999999999,15010.279200000003,0.0,0.0,0.0,0.0,0.0,1167.0768,9803.1408,0.0,0.0,0.0,0.0,12.3792,0.0,0.0,0.0,0.0,0.0,0.0,0.0,0.0,0.0,0.0,0.0,0.0,0.0,0.0,0.0,0.0,0.0,9.021600000000001,0.0,0.0,0.0,0.0,0.0,0.0,200.41680000000002,0.0,0.0,0.0,0.0,0.0,0.0,9860.9664,0.0,0.0,0.0,0.0,645.552,1528.6224000000002,0.0,3097.2384,0.0,0.0,0.0,0.0,0.0,0.0,0.0,33.9264,0.0,0.0,0.0,0.0,0.0,2501.6808,0.0,0.0,0.0,0.0,0.0,752.3016,0.0,0.0,2630.3543999999997,1410.8855999999998,0.0,0.0,0.0,0.0,237.684,2731.7808000000005,1301.6399999999999,0.0,0.0,0.0,1795.3944000000001,425.196,2156.736,0.0,0.0,2615.2272,362.03999999999996,1275.1127999999999,435.04800000000006,8504.688,1629.5976,0.0,0.0,352.0632
0.0,0.0,0.0,1220.6232,0.0,11459.5512,2264.5319999999997,0.0,0.0,1381.8504,43.3464,0.0,513.2904000000001,57210.5568,80800.20240000001,10.512,0.0,774.7368,0.0,17416.6416,75446.5344,0.0,283.3968,10255.619999999999,15010.279200000003,0.0,0.0,0.0,0.0,0.0,1167.0768,9803.1408,0.0,0.0,0.0,0.0,12.3792,0.0,0.0,0.0,0.0,0.0,0.0,0.0,0.0,0.0,0.0,0.0,0.0,0.0,0.0,0.0,0.0,0.0,9.021600000000001,0.0,0.0,0.0,0.0,0.0,0.0,200.41680000000002,0.0,0.0,0.0,0.0,0.0,0.0,9860.9664,0.0,0.0,0.0,0.0,645.552,1528.6224000000002,0.0,3097.2384,0.0,0.0,0.0,0.0,0.0,0.0,0.0,33.9264,0.0,0.0,0.0,0.0,0.0,2501.6808,0.0,0.0,0.0,0.0,0.0,752.3016,0.0,0.0,2630.3543999999997,1410.8855999999998,0.0,0.0,0.0,0.0,237.684,2731.7808000000005,1301.6399999999999,0.0,0.0,0.0,1795.3944000000001,425.196,2156.736,0.0,0.0,2615.2272,362.03999999999996,1275.1127999999999,435.04800000000006,8504.688,1629.5976,0.0,0.0,352.0632
0.0,0.0,0.0,1253.8296,0.0,11836.807200000001,2190.0552000000002,0.0,0.0,1406.8248,44.9616,0.0,485.40000000000003,58244.4816,82082.32079999999,9.3816,0.0,730.4183999999999,0.0,15982.843200000001,75639.58559999999,0.0,310.9608,11680.968,16980.504000000004,0.0,0.0,0.0,0.0,0.0,1135.2672,9574.5504,0.0,0.0,0.0,0.0,13.610400000000002,0.0,0.0,0.0,0.0,0.0,0.0,0.0,0.0,0.0,0.0,0.0,0.0,0.0,0.0,0.0,0.0,0.0,11.3184,0.0,0.0,0.0,0.0,0.0,0.0,219.63840000000002,0.0,0.0,0.0,0.0,0.0,0.0,9428.4696,0.0,0.0,0.0,0.0,625.5528,1461.5783999999999,0.0,2961.3959999999997,0.0,0.0,0.0,0.0,0.0,0.0,0.0,24.604799999999997,0.0,0.0,0.0,0.0,0.0,9479.8464,0.0,0.0,0.0,0.0,0.0,749.5584,0.0,0.0,3052.7568,1403.2007999999998,0.0,0.0,0.0,0.0,120.2928,2410.0416,1098.7535999999998,0.0,0.0,0.0,1788.8448,408.156,1930.4688,0.0,0.0,2758.2648,342.3696,1270.4616,0.0,8042.5848,1457.9544,0.0,0.0,348.7392
0.0,0.0,0.0,1253.8296,0.0,11836.807200000001,2190.0552000000002,0.0,0.0,1406.8248,44.9616,0.0,485.40000000000003,58244.4816,82082.32079999999,9.3816,0.0,730.4183999999999,0.0,15982.843200000001,75639.58559999999,0.0,310.9608,11680.968,16980.504000000004,0.0,0.0,0.0,0.0,0.0,1135.2672,9574.5504,0.0,0.0,0.0,0.0,13.610400000000002,0.0,0.0,0.0,0.0,0.0,0.0,0.0,0.0,0.0,0.0,0.0,0.0,0.0,0.0,0.0,0.0,0.0,11.3184,0.0,0.0,0.0,0.0,0.0,0.0,219.63840000000002,0.0,0.0,0.0,0.0,0.0,0.0,9428.4696,0.0,0.0,0.0,0.0,625.5528,1461.5783999999999,0.0,2961.3959999999997,0.0,0.0,0.0,0.0,0.0,0.0,0.0,24.604799999999997,0.0,0.0,0.0,0.0,0.0,9479.8464,0.0,0.0,0.0,0.0,0.0,749.5584,0.0,0.0,3052.7568,1403.2007999999998,0.0,0.0,0.0,0.0,120.2928,2410.0416,1098.7535999999998,0.0,0.0,0.0,1788.8448,408.156,1930.4688,0.0,0.0,2758.2648,342.3696,1270.4616,0.0,8042.5848,1457.9544,0.0,0.0,348.7392
0.0,0.0,0.0,1253.8296,0.0,11836.807200000001,2190.0552000000002,0.0,0.0,1406.8248,44.9616,0.0,485.40000000000003,58244.4816,82082.32079999999,9.3816,0.0,730.4183999999999,0.0,15982.843200000001,75639.58559999999,0.0,310.9608,11680.968,16980.504000000004,0.0,0.0,0.0,0.0,0.0,1135.2672,9574.5504,0.0,0.0,0.0,0.0,13.610400000000002,0.0,0.0,0.0,0.0,0.0,0.0,0.0,0.0,0.0,0.0,0.0,0.0,0.0,0.0,0.0,0.0,0.0,11.3184,0.0,0.0,0.0,0.0,0.0,0.0,219.63840000000002,0.0,0.0,0.0,0.0,0.0,0.0,9428.4696,0.0,0.0,0.0,0.0,625.5528,1461.5783999999999,0.0,2961.3959999999997,0.0,0.0,0.0,0.0,0.0,0.0,0.0,24.604799999999997,0.0,0.0,0.0,0.0,0.0,9479.8464,0.0,0.0,0.0,0.0,0.0,749.5584,0.0,0.0,3052.7568,1403.2007999999998,0.0,0.0,0.0,0.0,120.2928,2410.0416,1098.7535999999998,0.0,0.0,0.0,1788.8448,408.156,1930.4688,0.0,0.0,2758.2648,342.3696,1270.4616,0.0,8042.5848,1457.9544,0.0,0.0,348.7392
0.0,0.0,0.0,1253.8296,0.0,11836.807200000001,2190.0552000000002,0.0,0.0,1406.8248,44.9616,0.0,485.40000000000003,58244.4816,82082.32079999999,9.3816,0.0,730.4183999999999,0.0,15982.843200000001,75639.58559999999,0.0,310.9608,11680.968,16980.504000000004,0.0,0.0,0.0,0.0,0.0,1135.2672,9574.5504,0.0,0.0,0.0,0.0,13.610400000000002,0.0,0.0,0.0,0.0,0.0,0.0,0.0,0.0,0.0,0.0,0.0,0.0,0.0,0.0,0.0,0.0,0.0,11.3184,0.0,0.0,0.0,0.0,0.0,0.0,219.63840000000002,0.0,0.0,0.0,0.0,0.0,0.0,9428.4696,0.0,0.0,0.0,0.0,625.5528,1461.5783999999999,0.0,2961.3959999999997,0.0,0.0,0.0,0.0,0.0,0.0,0.0,24.604799999999997,0.0,0.0,0.0,0.0,0.0,9479.8464,0.0,0.0,0.0,0.0,0.0,749.5584,0.0,0.0,3052.7568,1403.2007999999998,0.0,0.0,0.0,0.0,120.2928,2410.0416,1098.7535999999998,0.0,0.0,0.0,1788.8448,408.156,1930.4688,0.0,0.0,2758.2648,342.3696,1270.4616,0.0,8042.5848,1457.9544,0.0,0.0,348.7392
0.0,0.0,0.0,1253.8296,0.0,11836.807200000001,2190.0552000000002,0.0,0.0,1406.8248,44.9616,0.0,485.40000000000003,58244.4816,82082.32079999999,9.3816,0.0,730.4183999999999,0.0,15982.843200000001,75639.58559999999,0.0,310.9608,11680.968,16980.504000000004,0.0,0.0,0.0,0.0,0.0,1135.2672,9574.5504,0.0,0.0,0.0,0.0,13.610400000000002,0.0,0.0,0.0,0.0,0.0,0.0,0.0,0.0,0.0,0.0,0.0,0.0,0.0,0.0,0.0,0.0,0.0,11.3184,0.0,0.0,0.0,0.0,0.0,0.0,219.63840000000002,0.0,0.0,0.0,0.0,0.0,0.0,9428.4696,0.0,0.0,0.0,0.0,625.5528,1461.5783999999999,0.0,2961.3959999999997,0.0,0.0,0.0,0.0,0.0,0.0,0.0,24.604799999999997,0.0,0.0,0.0,0.0,0.0,9479.8464,0.0,0.0,0.0,0.0,0.0,749.5584,0.0,0.0,3052.7568,1403.2007999999998,0.0,0.0,0.0,0.0,120.2928,2410.0416,1098.7535999999998,0.0,0.0,0.0,1788.8448,408.156,1930.4688,0.0,0.0,2758.2648,342.3696,1270.4616,0.0,8042.5848,1457.9544,0.0,0.0,348.7392
0.0,0.0,0.0,1253.8296,0.0,11836.807200000001,2190.0552000000002,0.0,0.0,1406.8248,44.9616,0.0,485.40000000000003,58244.4816,82082.32079999999,9.3816,0.0,730.4183999999999,0.0,15982.843200000001,75639.58559999999,0.0,310.9608,11680.968,16980.504000000004,0.0,0.0,0.0,0.0,0.0,1135.2672,9574.5504,0.0,0.0,0.0,0.0,13.610400000000002,0.0,0.0,0.0,0.0,0.0,0.0,0.0,0.0,0.0,0.0,0.0,0.0,0.0,0.0,0.0,0.0,0.0,11.3184,0.0,0.0,0.0,0.0,0.0,0.0,219.63840000000002,0.0,0.0,0.0,0.0,0.0,0.0,9428.4696,0.0,0.0,0.0,0.0,625.5528,1461.5783999999999,0.0,2961.3959999999997,0.0,0.0,0.0,0.0,0.0,0.0,0.0,24.604799999999997,0.0,0.0,0.0,0.0,0.0,9479.8464,0.0,0.0,0.0,0.0,0.0,749.5584,0.0,0.0,3052.7568,1403.2007999999998,0.0,0.0,0.0,0.0,120.2928,2410.0416,1098.7535999999998,0.0,0.0,0.0,1788.8448,408.156,1930.4688,0.0,0.0,2758.2648,342.3696,1270.4616,0.0,8042.5848,1457.9544,0.0,0.0,348.7392
0.0,0.0,0.0,1253.8296,0.0,11836.807200000001,2190.0552000000002,0.0,0.0,1406.8248,44.9616,0.0,485.40000000000003,58244.4816,82082.32079999999,9.3816,0.0,730.4183999999999,0.0,15982.843200000001,75639.58559999999,0.0,310.9608,11680.968,16980.504000000004,0.0,0.0,0.0,0.0,0.0,1135.2672,9574.5504,0.0,0.0,0.0,0.0,13.610400000000002,0.0,0.0,0.0,0.0,0.0,0.0,0.0,0.0,0.0,0.0,0.0,0.0,0.0,0.0,0.0,0.0,0.0,11.3184,0.0,0.0,0.0,0.0,0.0,0.0,219.63840000000002,0.0,0.0,0.0,0.0,0.0,0.0,9428.4696,0.0,0.0,0.0,0.0,625.5528,1461.5783999999999,0.0,2961.3959999999997,0.0,0.0,0.0,0.0,0.0,0.0,0.0,24.604799999999997,0.0,0.0,0.0,0.0,0.0,9479.8464,0.0,0.0,0.0,0.0,0.0,749.5584,0.0,0.0,3052.7568,1403.2007999999998,0.0,0.0,0.0,0.0,120.2928,2410.0416,1098.7535999999998,0.0,0.0,0.0,1788.8448,408.156,1930.4688,0.0,0.0,2758.2648,342.3696,1270.4616,0.0,8042.5848,1457.9544,0.0,0.0,348.7392
0.0,0.0,0.0,1058.5224,0.0,12717.444,3946.8792000000008,0.0,0.0,1095.8712,75.5712,0.0,566.4768,45502.475999999995,64761.48,14.9784,0.0,928.4159999999999,0.0,17957.817600000002,66548.9808,0.0,291.0048,12523.106399999999,17979.489599999997,0.0,0.0,0.0,0.0,0.0,955.6056,7461.496800000002,0.0,0.0,0.0,0.0,11.4672,0.0,0.0,0.0,0.0,0.0,0.0,0.0,0.0,0.0,0.0,0.0,0.0,0.0,0.0,0.0,0.0,0.0,9.732000000000001,0.0,0.0,0.0,0.0,0.0,0.0,249.828,0.0,0.0,0.0,0.0,0.0,0.0,9765.343200000001,0.0,0.0,0.0,0.0,645.0624000000003,1494.6096,0.0,3180.5735999999997,0.0,0.0,0.0,0.0,0.0,0.0,0.0,41.3136,0.0,0.0,0.0,0.0,0.0,17456.846400000002,0.0,0.0,0.0,0.0,0.0,772.1999999999999,0.0,0.0,3245.2751999999996,1408.9368,0.0,0.0,0.0,0.0,237.14159999999998,2802.1848,794.0712,0.0,0.0,0.0,1842.8808,378.7224,1629.9431999999997,0.0,0.0,2658.0216000000005,399.55679999999995,1308.8352,0.0,9309.278400000001,1422.1848,0.0,0.0,247.48559999999998
0.0,0.0,0.0,1058.5224,0.0,12717.444,3946.8792000000008,0.0,0.0,1095.8712,75.5712,0.0,566.4768,45502.475999999995,64761.48,14.9784,0.0,928.4159999999999,0.0,17957.817600000002,66548.9808,0.0,291.0048,12523.106399999999,17979.489599999997,0.0,0.0,0.0,0.0,0.0,955.6056,7461.496800000002,0.0,0.0,0.0,0.0,11.4672,0.0,0.0,0.0,0.0,0.0,0.0,0.0,0.0,0.0,0.0,0.0,0.0,0.0,0.0,0.0,0.0,0.0,9.732000000000001,0.0,0.0,0.0,0.0,0.0,0.0,249.828,0.0,0.0,0.0,0.0,0.0,0.0,9765.343200000001,0.0,0.0,0.0,0.0,645.0624000000003,1494.6096,0.0,3180.5735999999997,0.0,0.0,0.0,0.0,0.0,0.0,0.0,41.3136,0.0,0.0,0.0,0.0,0.0,17456.846400000002,0.0,0.0,0.0,0.0,0.0,772.1999999999999,0.0,0.0,3245.2751999999996,1408.9368,0.0,0.0,0.0,0.0,237.14159999999998,2802.1848,794.0712,0.0,0.0,0.0,1842.8808,378.7224,1629.9431999999997,0.0,0.0,2658.0216000000005,399.55679999999995,1308.8352,0.0,9309.278400000001,1422.1848,0.0,0.0,247.48559999999998
0.0,0.0,0.0,1058.5224,0.0,12717.444,3946.8792000000008,0.0,0.0,1095.8712,75.5712,0.0,566.4768,45502.475999999995,64761.48,14.9784,0.0,928.4159999999999,0.0,17957.817600000002,66548.9808,0.0,291.0048,12523.106399999999,17979.489599999997,0.0,0.0,0.0,0.0,0.0,955.6056,7461.496800000002,0.0,0.0,0.0,0.0,11.4672,0.0,0.0,0.0,0.0,0.0,0.0,0.0,0.0,0.0,0.0,0.0,0.0,0.0,0.0,0.0,0.0,0.0,9.732000000000001,0.0,0.0,0.0,0.0,0.0,0.0,249.828,0.0,0.0,0.0,0.0,0.0,0.0,9765.343200000001,0.0,0.0,0.0,0.0,645.0624000000003,1494.6096,0.0,3180.5735999999997,0.0,0.0,0.0,0.0,0.0,0.0,0.0,41.3136,0.0,0.0,0.0,0.0,0.0,17456.846400000002,0.0,0.0,0.0,0.0,0.0,772.1999999999999,0.0,0.0,3245.2751999999996,1408.9368,0.0,0.0,0.0,0.0,237.14159999999998,2802.1848,794.0712,0.0,0.0,0.0,1842.8808,378.7224,1629.9431999999997,0.0,0.0,2658.0216000000005,399.55679999999995,1308.8352,0.0,9309.278400000001,1422.1848,0.0,0.0,247.48559999999998
0.0,0.0,0.0,1058.5224,0.0,12717.444,3946.8792000000008,0.0,0.0,1095.8712,75.5712,0.0,566.4768,45502.475999999995,64761.48,14.9784,0.0,928.4159999999999,0.0,17957.817600000002,66548.9808,0.0,291.0048,12523.106399999999,17979.489599999997,0.0,0.0,0.0,0.0,0.0,955.6056,7461.496800000002,0.0,0.0,0.0,0.0,11.4672,0.0,0.0,0.0,0.0,0.0,0.0,0.0,0.0,0.0,0.0,0.0,0.0,0.0,0.0,0.0,0.0,0.0,9.732000000000001,0.0,0.0,0.0,0.0,0.0,0.0,249.828,0.0,0.0,0.0,0.0,0.0,0.0,9765.343200000001,0.0,0.0,0.0,0.0,645.0624000000003,1494.6096,0.0,3180.5735999999997,0.0,0.0,0.0,0.0,0.0,0.0,0.0,41.3136,0.0,0.0,0.0,0.0,0.0,17456.846400000002,0.0,0.0,0.0,0.0,0.0,772.1999999999999,0.0,0.0,3245.2751999999996,1408.9368,0.0,0.0,0.0,0.0,237.14159999999998,2802.1848,794.0712,0.0,0.0,0.0,1842.8808,378.7224,1629.9431999999997,0.0,0.0,2658.0216000000005,399.55679999999995,1308.8352,0.0,9309.278400000001,1422.1848,0.0,0.0,247.48559999999998
0.0,0.0,0.0,1058.5224,0.0,12717.444,3946.8792000000008,0.0,0.0,1095.8712,75.5712,0.0,566.4768,45502.475999999995,64761.48,14.9784,0.0,928.4159999999999,0.0,17957.817600000002,66548.9808,0.0,291.0048,12523.106399999999,17979.489599999997,0.0,0.0,0.0,0.0,0.0,955.6056,7461.496800000002,0.0,0.0,0.0,0.0,11.4672,0.0,0.0,0.0,0.0,0.0,0.0,0.0,0.0,0.0,0.0,0.0,0.0,0.0,0.0,0.0,0.0,0.0,9.732000000000001,0.0,0.0,0.0,0.0,0.0,0.0,249.828,0.0,0.0,0.0,0.0,0.0,0.0,9765.343200000001,0.0,0.0,0.0,0.0,645.0624000000003,1494.6096,0.0,3180.5735999999997,0.0,0.0,0.0,0.0,0.0,0.0,0.0,41.3136,0.0,0.0,0.0,0.0,0.0,17456.846400000002,0.0,0.0,0.0,0.0,0.0,772.1999999999999,0.0,0.0,3245.2751999999996,1408.9368,0.0,0.0,0.0,0.0,237.14159999999998,2802.1848,794.0712,0.0,0.0,0.0,1842.8808,378.7224,1629.9431999999997,0.0,0.0,2658.0216000000005,399.55679999999995,1308.8352,0.0,9309.278400000001,1422.1848,0.0,0.0,247.48559999999998
0.0,0.0,0.0,1058.5224,0.0,12717.444,3946.8792000000008,0.0,0.0,1095.8712,75.5712,0.0,566.4768,45502.475999999995,64761.48,14.9784,0.0,928.4159999999999,0.0,17957.817600000002,66548.9808,0.0,291.0048,12523.106399999999,17979.489599999997,0.0,0.0,0.0,0.0,0.0,955.6056,7461.496800000002,0.0,0.0,0.0,0.0,11.4672,0.0,0.0,0.0,0.0,0.0,0.0,0.0,0.0,0.0,0.0,0.0,0.0,0.0,0.0,0.0,0.0,0.0,9.732000000000001,0.0,0.0,0.0,0.0,0.0,0.0,249.828,0.0,0.0,0.0,0.0,0.0,0.0,9765.343200000001,0.0,0.0,0.0,0.0,645.0624000000003,1494.6096,0.0,3180.5735999999997,0.0,0.0,0.0,0.0,0.0,0.0,0.0,41.3136,0.0,0.0,0.0,0.0,0.0,17456.846400000002,0.0,0.0,0.0,0.0,0.0,772.1999999999999,0.0,0.0,3245.2751999999996,1408.9368,0.0,0.0,0.0,0.0,237.14159999999998,2802.1848,794.0712,0.0,0.0,0.0,1842.8808,378.7224,1629.9431999999997,0.0,0.0,2658.0216000000005,399.55679999999995,1308.8352,0.0,9309.278400000001,1422.1848,0.0,0.0,247.48559999999998
0.0,0.0,0.0,1058.5224,0.0,12717.444,3946.8792000000008,0.0,0.0,1095.8712,75.5712,0.0,566.4768,45502.475999999995,64761.48,14.9784,0.0,928.4159999999999,0.0,17957.817600000002,66548.9808,0.0,291.0048,12523.106399999999,17979.489599999997,0.0,0.0,0.0,0.0,0.0,955.6056,7461.496800000002,0.0,0.0,0.0,0.0,11.4672,0.0,0.0,0.0,0.0,0.0,0.0,0.0,0.0,0.0,0.0,0.0,0.0,0.0,0.0,0.0,0.0,0.0,9.732000000000001,0.0,0.0,0.0,0.0,0.0,0.0,249.828,0.0,0.0,0.0,0.0,0.0,0.0,9765.343200000001,0.0,0.0,0.0,0.0,645.0624000000003,1494.6096,0.0,3180.5735999999997,0.0,0.0,0.0,0.0,0.0,0.0,0.0,41.3136,0.0,0.0,0.0,0.0,0.0,17456.846400000002,0.0,0.0,0.0,0.0,0.0,772.1999999999999,0.0,0.0,3245.2751999999996,1408.9368,0.0,0.0,0.0,0.0,237.14159999999998,2802.1848,794.0712,0.0,0.0,0.0,1842.8808,378.7224,1629.9431999999997,0.0,0.0,2658.0216000000005,399.55679999999995,1308.8352,0.0,9309.278400000001,1422.1848,0.0,0.0,247.48559999999998
0.0,0.0,0.0,951.3072,0.0,17849.272800000002,4651.3608,0.0,0.0,834.7272,58.22880000000001,0.0,548.184,34913.0352,50082.729600000006,16.6704,0.0,758.5128000000001,0.0,21922.1472,68919.02639999999,0.0,307.5168,10572.3336,13448.976000000002,0.0,0.0,0.0,0.0,0.0,1076.5608,7121.229599999999,0.0,0.0,0.0,0.0,13.075199999999999,0.0,0.0,0.0,0.0,0.0,0.0,0.0,0.0,0.0,0.0,0.0,0.0,0.0,0.0,0.0,0.0,0.0,12.2568,0.0,0.0,0.0,0.0,0.0,0.0,272.9352,0.0,0.0,0.0,0.0,0.0,0.0,9102.4896,0.0,0.0,0.0,0.0,606.7991999999999,1348.3847999999998,0.0,3229.188,0.0,0.0,0.0,0.0,0.0,0.0,0.0,57.96,0.0,0.0,0.0,0.0,0.0,10511.966400000001,0.0,0.0,0.0,0.0,0.0,831.6024,0.0,0.0,2916.7056,1410.1104000000003,0.0,0.0,0.0,0.0,333.4488,3014.4671999999996,484.60319999999996,0.0,0.0,0.0,1984.6488,337.812,1387.0367999999999,0.0,0.0,2592.5087999999996,386.65200000000004,1409.52,0.0,8821.149599999999,1470.4896,0.0,0.0,124.03200000000001
0.0,0.0,0.0,951.3072,0.0,17849.272800000002,4651.3608,0.0,0.0,834.7272,58.22880000000001,0.0,548.184,34913.0352,50082.729600000006,16.6704,0.0,758.5128000000001,0.0,21922.1472,68919.02639999999,0.0,307.5168,10572.3336,13448.976000000002,0.0,0.0,0.0,0.0,0.0,1076.5608,7121.229599999999,0.0,0.0,0.0,0.0,13.075199999999999,0.0,0.0,0.0,0.0,0.0,0.0,0.0,0.0,0.0,0.0,0.0,0.0,0.0,0.0,0.0,0.0,0.0,12.2568,0.0,0.0,0.0,0.0,0.0,0.0,272.9352,0.0,0.0,0.0,0.0,0.0,0.0,9102.4896,0.0,0.0,0.0,0.0,606.7991999999999,1348.3847999999998,0.0,3229.188,0.0,0.0,0.0,0.0,0.0,0.0,0.0,57.96,0.0,0.0,0.0,0.0,0.0,10511.966400000001,0.0,0.0,0.0,0.0,0.0,831.6024,0.0,0.0,2916.7056,1410.1104000000003,0.0,0.0,0.0,0.0,333.4488,3014.4671999999996,484.60319999999996,0.0,0.0,0.0,1984.6488,337.812,1387.0367999999999,0.0,0.0,2592.5087999999996,386.65200000000004,1409.52,0.0,8821.149599999999,1470.4896,0.0,0.0,124.03200000000001
0.0,0.0,0.0,951.3072,0.0,17849.272800000002,4651.3608,0.0,0.0,834.7272,58.22880000000001,0.0,548.184,34913.0352,50082.729600000006,16.6704,0.0,758.5128000000001,0.0,21922.1472,68919.02639999999,0.0,307.5168,10572.3336,13448.976000000002,0.0,0.0,0.0,0.0,0.0,1076.5608,7121.229599999999,0.0,0.0,0.0,0.0,13.075199999999999,0.0,0.0,0.0,0.0,0.0,0.0,0.0,0.0,0.0,0.0,0.0,0.0,0.0,0.0,0.0,0.0,0.0,12.2568,0.0,0.0,0.0,0.0,0.0,0.0,272.9352,0.0,0.0,0.0,0.0,0.0,0.0,9102.4896,0.0,0.0,0.0,0.0,606.7991999999999,1348.3847999999998,0.0,3229.188,0.0,0.0,0.0,0.0,0.0,0.0,0.0,57.96,0.0,0.0,0.0,0.0,0.0,10511.966400000001,0.0,0.0,0.0,0.0,0.0,831.6024,0.0,0.0,2916.7056,1410.1104000000003,0.0,0.0,0.0,0.0,333.4488,3014.4671999999996,484.60319999999996,0.0,0.0,0.0,1984.6488,337.812,1387.0367999999999,0.0,0.0,2592.5087999999996,386.65200000000004,1409.52,0.0,8821.149599999999,1470.4896,0.0,0.0,124.03200000000001
0.0,0.0,0.0,951.3072,0.0,17849.272800000002,4651.3608,0.0,0.0,834.7272,58.22880000000001,0.0,548.184,34913.0352,50082.729600000006,16.6704,0.0,758.5128000000001,0.0,21922.1472,68919.02639999999,0.0,307.5168,10572.3336,13448.976000000002,0.0,0.0,0.0,0.0,0.0,1076.5608,7121.229599999999,0.0,0.0,0.0,0.0,13.075199999999999,0.0,0.0,0.0,0.0,0.0,0.0,0.0,0.0,0.0,0.0,0.0,0.0,0.0,0.0,0.0,0.0,0.0,12.2568,0.0,0.0,0.0,0.0,0.0,0.0,272.9352,0.0,0.0,0.0,0.0,0.0,0.0,9102.4896,0.0,0.0,0.0,0.0,606.7991999999999,1348.3847999999998,0.0,3229.188,0.0,0.0,0.0,0.0,0.0,0.0,0.0,57.96,0.0,0.0,0.0,0.0,0.0,10511.966400000001,0.0,0.0,0.0,0.0,0.0,831.6024,0.0,0.0,2916.7056,1410.1104000000003,0.0,0.0,0.0,0.0,333.4488,3014.4671999999996,484.60319999999996,0.0,0.0,0.0,1984.6488,337.812,1387.0367999999999,0.0,0.0,2592.5087999999996,386.65200000000004,1409.52,0.0,8821.149599999999,1470.4896,0.0,0.0,124.03200000000001
0.0,0.0,0.0,951.3072,0.0,17849.272800000002,4651.3608,0.0,0.0,834.7272,58.22880000000001,0.0,548.184,34913.0352,50082.729600000006,16.6704,0.0,758.5128000000001,0.0,21922.1472,68919.02639999999,0.0,307.5168,10572.3336,13448.976000000002,0.0,0.0,0.0,0.0,0.0,1076.5608,7121.229599999999,0.0,0.0,0.0,0.0,13.075199999999999,0.0,0.0,0.0,0.0,0.0,0.0,0.0,0.0,0.0,0.0,0.0,0.0,0.0,0.0,0.0,0.0,0.0,12.2568,0.0,0.0,0.0,0.0,0.0,0.0,272.9352,0.0,0.0,0.0,0.0,0.0,0.0,9102.4896,0.0,0.0,0.0,0.0,606.7991999999999,1348.3847999999998,0.0,3229.188,0.0,0.0,0.0,0.0,0.0,0.0,0.0,57.96,0.0,0.0,0.0,0.0,0.0,10511.966400000001,0.0,0.0,0.0,0.0,0.0,831.6024,0.0,0.0,2916.7056,1410.1104000000003,0.0,0.0,0.0,0.0,333.4488,3014.4671999999996,484.60319999999996,0.0,0.0,0.0,1984.6488,337.812,1387.0367999999999,0.0,0.0,2592.5087999999996,386.65200000000004,1409.52,0.0,8821.149599999999,1470.4896,0.0,0.0,124.03200000000001
0.0,0.0,0.0,951.3072,0.0,17849.272800000002,4651.3608,0.0,0.0,834.7272,58.22880000000001,0.0,548.184,34913.0352,50082.729600000006,16.6704,0.0,758.5128000000001,0.0,21922.1472,68919.02639999999,0.0,307.5168,10572.3336,13448.976000000002,0.0,0.0,0.0,0.0,0.0,1076.5608,7121.229599999999,0.0,0.0,0.0,0.0,13.075199999999999,0.0,0.0,0.0,0.0,0.0,0.0,0.0,0.0,0.0,0.0,0.0,0.0,0.0,0.0,0.0,0.0,0.0,12.2568,0.0,0.0,0.0,0.0,0.0,0.0,272.9352,0.0,0.0,0.0,0.0,0.0,0.0,9102.4896,0.0,0.0,0.0,0.0,606.7991999999999,1348.3847999999998,0.0,3229.188,0.0,0.0,0.0,0.0,0.0,0.0,0.0,57.96,0.0,0.0,0.0,0.0,0.0,10511.966400000001,0.0,0.0,0.0,0.0,0.0,831.6024,0.0,0.0,2916.7056,1410.1104000000003,0.0,0.0,0.0,0.0,333.4488,3014.4671999999996,484.60319999999996,0.0,0.0,0.0,1984.6488,337.812,1387.0367999999999,0.0,0.0,2592.5087999999996,386.65200000000004,1409.52,0.0,8821.149599999999,1470.4896,0.0,0.0,124.03200000000001
0.0,0.0,0.0,951.3072,0.0,17849.272800000002,4651.3608,0.0,0.0,834.7272,58.22880000000001,0.0,548.184,34913.0352,50082.729600000006,16.6704,0.0,758.5128000000001,0.0,21922.1472,68919.02639999999,0.0,307.5168,10572.3336,13448.976000000002,0.0,0.0,0.0,0.0,0.0,1076.5608,7121.229599999999,0.0,0.0,0.0,0.0,13.075199999999999,0.0,0.0,0.0,0.0,0.0,0.0,0.0,0.0,0.0,0.0,0.0,0.0,0.0,0.0,0.0,0.0,0.0,12.2568,0.0,0.0,0.0,0.0,0.0,0.0,272.9352,0.0,0.0,0.0,0.0,0.0,0.0,9102.4896,0.0,0.0,0.0,0.0,606.7991999999999,1348.3847999999998,0.0,3229.188,0.0,0.0,0.0,0.0,0.0,0.0,0.0,57.96,0.0,0.0,0.0,0.0,0.0,10511.966400000001,0.0,0.0,0.0,0.0,0.0,831.6024,0.0,0.0,2916.7056,1410.1104000000003,0.0,0.0,0.0,0.0,333.4488,3014.4671999999996,484.60319999999996,0.0,0.0,0.0,1984.6488,337.812,1387.0367999999999,0.0,0.0,2592.5087999999996,386.65200000000004,1409.52,0.0,8821.149599999999,1470.4896,0.0,0.0,124.03200000000001
0.0,0.0,0.0,920.0712000000001,0.0,16995.2568,4142.6208,0.0,0.0,892.3584,40.416,0.0,568.4183999999999,37323.556800000006,53403.6168,12.4824,0.0,653.9184,0.0,21091.9056,71345.66879999998,0.0,247.4496,10929.4368,13394.8248,0.0,0.0,0.0,0.0,0.0,1324.2336000000003,8727.398399999998,0.0,0.0,0.0,0.0,13.569600000000001,0.0,0.0,0.0,0.0,0.0,0.0,0.0,0.0,0.0,0.0,0.0,0.0,0.0,0.0,0.0,0.0,0.0,31.0008,0.0,0.0,0.0,0.0,0.0,0.0,284.5416,0.0,0.0,0.0,0.0,0.0,0.0,9062.5224,0.0,0.0,0.0,0.0,598.0464,1342.464,0.0,3215.0087999999996,0.0,0.0,0.0,0.0,0.0,0.0,0.0,54.8712,0.0,0.0,0.0,0.0,0.0,9791.968799999999,0.0,0.0,0.0,0.0,0.0,860.4864,0.0,0.0,2877.9912000000004,1462.8167999999998,0.0,0.0,0.0,0.0,252.28799999999998,2799.4055999999996,399.2088,0.0,0.0,0.0,2053.5791999999997,343.4568,1121.4984,0.0,0.0,2759.7984,400.9248,1458.4775999999997,3975.7463999999995,9146.7576,2500.7976000000003,0.0,0.0,116.4768
0.0,0.0,0.0,920.0712000000001,0.0,16995.2568,4142.6208,0.0,0.0,892.3584,40.416,0.0,568.4183999999999,37323.556800000006,53403.6168,12.4824,0.0,653.9184,0.0,21091.9056,71345.66879999998,0.0,247.4496,10929.4368,13394.8248,0.0,0.0,0.0,0.0,0.0,1324.2336000000003,8727.398399999998,0.0,0.0,0.0,0.0,13.569600000000001,0.0,0.0,0.0,0.0,0.0,0.0,0.0,0.0,0.0,0.0,0.0,0.0,0.0,0.0,0.0,0.0,0.0,31.0008,0.0,0.0,0.0,0.0,0.0,0.0,284.5416,0.0,0.0,0.0,0.0,0.0,0.0,9062.5224,0.0,0.0,0.0,0.0,598.0464,1342.464,0.0,3215.0087999999996,0.0,0.0,0.0,0.0,0.0,0.0,0.0,54.8712,0.0,0.0,0.0,0.0,0.0,9791.968799999999,0.0,0.0,0.0,0.0,0.0,860.4864,0.0,0.0,2877.9912000000004,1462.8167999999998,0.0,0.0,0.0,0.0,252.28799999999998,2799.4055999999996,399.2088,0.0,0.0,0.0,2053.5791999999997,343.4568,1121.4984,0.0,0.0,2759.7984,400.9248,1458.4775999999997,3975.7463999999995,9146.7576,2500.7976000000003,0.0,0.0,116.4768
0.0,0.0,0.0,920.0712000000001,0.0,16995.2568,4142.6208,0.0,0.0,892.3584,40.416,0.0,568.4183999999999,37323.556800000006,53403.6168,12.4824,0.0,653.9184,0.0,21091.9056,71345.66879999998,0.0,247.4496,10929.4368,13394.8248,0.0,0.0,0.0,0.0,0.0,1324.2336000000003,8727.398399999998,0.0,0.0,0.0,0.0,13.569600000000001,0.0,0.0,0.0,0.0,0.0,0.0,0.0,0.0,0.0,0.0,0.0,0.0,0.0,0.0,0.0,0.0,0.0,31.0008,0.0,0.0,0.0,0.0,0.0,0.0,284.5416,0.0,0.0,0.0,0.0,0.0,0.0,9062.5224,0.0,0.0,0.0,0.0,598.0464,1342.464,0.0,3215.0087999999996,0.0,0.0,0.0,0.0,0.0,0.0,0.0,54.8712,0.0,0.0,0.0,0.0,0.0,9791.968799999999,0.0,0.0,0.0,0.0,0.0,860.4864,0.0,0.0,2877.9912000000004,1462.8167999999998,0.0,0.0,0.0,0.0,252.28799999999998,2799.4055999999996,399.2088,0.0,0.0,0.0,2053.5791999999997,343.4568,1121.4984,0.0,0.0,2759.7984,400.9248,1458.4775999999997,3975.7463999999995,9146.7576,2500.7976000000003,0.0,0.0,116.4768
0.0,0.0,0.0,920.0712000000001,0.0,16995.2568,4142.6208,0.0,0.0,892.3584,40.416,0.0,568.4183999999999,37323.556800000006,53403.6168,12.4824,0.0,653.9184,0.0,21091.9056,71345.66879999998,0.0,247.4496,10929.4368,13394.8248,0.0,0.0,0.0,0.0,0.0,1324.2336000000003,8727.398399999998,0.0,0.0,0.0,0.0,13.569600000000001,0.0,0.0,0.0,0.0,0.0,0.0,0.0,0.0,0.0,0.0,0.0,0.0,0.0,0.0,0.0,0.0,0.0,31.0008,0.0,0.0,0.0,0.0,0.0,0.0,284.5416,0.0,0.0,0.0,0.0,0.0,0.0,9062.5224,0.0,0.0,0.0,0.0,598.0464,1342.464,0.0,3215.0087999999996,0.0,0.0,0.0,0.0,0.0,0.0,0.0,54.8712,0.0,0.0,0.0,0.0,0.0,9791.968799999999,0.0,0.0,0.0,0.0,0.0,860.4864,0.0,0.0,2877.9912000000004,1462.8167999999998,0.0,0.0,0.0,0.0,252.28799999999998,2799.4055999999996,399.2088,0.0,0.0,0.0,2053.5791999999997,343.4568,1121.4984,0.0,0.0,2759.7984,400.9248,1458.4775999999997,3975.7463999999995,9146.7576,2500.7976000000003,0.0,0.0,116.4768
0.0,0.0,0.0,920.0712000000001,0.0,16995.2568,4142.6208,0.0,0.0,892.3584,40.416,0.0,568.4183999999999,37323.556800000006,53403.6168,12.4824,0.0,653.9184,0.0,21091.9056,71345.66879999998,0.0,247.4496,10929.4368,13394.8248,0.0,0.0,0.0,0.0,0.0,1324.2336000000003,8727.398399999998,0.0,0.0,0.0,0.0,13.569600000000001,0.0,0.0,0.0,0.0,0.0,0.0,0.0,0.0,0.0,0.0,0.0,0.0,0.0,0.0,0.0,0.0,0.0,31.0008,0.0,0.0,0.0,0.0,0.0,0.0,284.5416,0.0,0.0,0.0,0.0,0.0,0.0,9062.5224,0.0,0.0,0.0,0.0,598.0464,1342.464,0.0,3215.0087999999996,0.0,0.0,0.0,0.0,0.0,0.0,0.0,54.8712,0.0,0.0,0.0,0.0,0.0,9791.968799999999,0.0,0.0,0.0,0.0,0.0,860.4864,0.0,0.0,2877.9912000000004,1462.8167999999998,0.0,0.0,0.0,0.0,252.28799999999998,2799.4055999999996,399.2088,0.0,0.0,0.0,2053.5791999999997,343.4568,1121.4984,0.0,0.0,2759.7984,400.9248,1458.4775999999997,3975.7463999999995,9146.7576,2500.7976000000003,0.0,0.0,116.4768
0.0,0.0,0.0,920.0712000000001,0.0,16995.2568,4142.6208,0.0,0.0,892.3584,40.416,0.0,568.4183999999999,37323.556800000006,53403.6168,12.4824,0.0,653.9184,0.0,21091.9056,71345.66879999998,0.0,247.4496,10929.4368,13394.8248,0.0,0.0,0.0,0.0,0.0,1324.2336000000003,8727.398399999998,0.0,0.0,0.0,0.0,13.569600000000001,0.0,0.0,0.0,0.0,0.0,0.0,0.0,0.0,0.0,0.0,0.0,0.0,0.0,0.0,0.0,0.0,0.0,31.0008,0.0,0.0,0.0,0.0,0.0,0.0,284.5416,0.0,0.0,0.0,0.0,0.0,0.0,9062.5224,0.0,0.0,0.0,0.0,598.0464,1342.464,0.0,3215.0087999999996,0.0,0.0,0.0,0.0,0.0,0.0,0.0,54.8712,0.0,0.0,0.0,0.0,0.0,9791.968799999999,0.0,0.0,0.0,0.0,0.0,860.4864,0.0,0.0,2877.9912000000004,1462.8167999999998,0.0,0.0,0.0,0.0,252.28799999999998,2799.4055999999996,399.2088,0.0,0.0,0.0,2053.5791999999997,343.4568,1121.4984,0.0,0.0,2759.7984,400.9248,1458.4775999999997,3975.7463999999995,9146.7576,2500.7976000000003,0.0,0.0,116.4768
0.0,0.0,0.0,920.0712000000001,0.0,16995.2568,4142.6208,0.0,0.0,892.3584,40.416,0.0,568.4183999999999,37323.556800000006,53403.6168,12.4824,0.0,653.9184,0.0,21091.9056,71345.66879999998,0.0,247.4496,10929.4368,13394.8248,0.0,0.0,0.0,0.0,0.0,1324.2336000000003,8727.398399999998,0.0,0.0,0.0,0.0,13.569600000000001,0.0,0.0,0.0,0.0,0.0,0.0,0.0,0.0,0.0,0.0,0.0,0.0,0.0,0.0,0.0,0.0,0.0,31.0008,0.0,0.0,0.0,0.0,0.0,0.0,284.5416,0.0,0.0,0.0,0.0,0.0,0.0,9062.5224,0.0,0.0,0.0,0.0,598.0464,1342.464,0.0,3215.0087999999996,0.0,0.0,0.0,0.0,0.0,0.0,0.0,54.8712,0.0,0.0,0.0,0.0,0.0,9791.968799999999,0.0,0.0,0.0,0.0,0.0,860.4864,0.0,0.0,2877.9912000000004,1462.8167999999998,0.0,0.0,0.0,0.0,252.28799999999998,2799.4055999999996,399.2088,0.0,0.0,0.0,2053.5791999999997,343.4568,1121.4984,0.0,0.0,2759.7984,400.9248,1458.4775999999997,3975.7463999999995,9146.7576,2500.7976000000003,0.0,0.0,116.4768
0.0,0.0,0.0,863.868,0.0,16689.489599999997,5118.8496000000005,0.0,0.0,823.0272,45.7992,0.0,551.8608000000002,34423.7352,49469.208,14.9088,0.0,692.6424000000001,0.0,16542.6792,62921.04719999998,0.0,322.07759999999996,10565.9808,13710.280799999997,0.0,0.0,0.0,0.0,0.0,1325.0616,8771.745599999998,0.0,0.0,0.0,0.0,15.4776,0.0,0.0,0.0,0.0,0.0,0.0,0.0,0.0,0.0,0.0,0.0,0.0,0.0,0.0,0.0,0.0,0.0,25.0008,0.0,0.0,0.0,0.0,0.0,0.0,289.716,0.0,0.0,0.0,0.0,0.0,0.0,9112.480800000001,0.0,0.0,0.0,0.0,599.5248,1349.8656,0.0,3232.7304000000004,0.0,0.0,0.0,0.0,0.0,0.0,0.0,38.1528,0.0,0.0,0.0,0.0,0.0,6819.407999999999,0.0,0.0,0.0,0.0,0.0,918.9624000000001,0.0,0.0,2386.848,1465.6416,0.0,0.0,0.0,0.0,184.7928,2879.0975999999996,643.884,0.0,0.0,0.0,2193.1344,358.13520000000005,1900.7568,0.0,0.0,3430.8240000000005,389.24879999999996,1557.5952000000002,4684.4712,8880.348,2754.1656,0.0,0.0,0.1272
0.0,0.0,0.0,863.868,0.0,16689.489599999997,5118.8496000000005,0.0,0.0,823.0272,45.7992,0.0,551.8608000000002,34423.7352,49469.208,14.9088,0.0,692.6424000000001,0.0,16542.6792,62921.04719999998,0.0,322.07759999999996,10565.9808,13710.280799999997,0.0,0.0,0.0,0.0,0.0,1325.0616,8771.745599999998,0.0,0.0,0.0,0.0,15.4776,0.0,0.0,0.0,0.0,0.0,0.0,0.0,0.0,0.0,0.0,0.0,0.0,0.0,0.0,0.0,0.0,0.0,25.0008,0.0,0.0,0.0,0.0,0.0,0.0,289.716,0.0,0.0,0.0,0.0,0.0,0.0,9112.480800000001,0.0,0.0,0.0,0.0,599.5248,1349.8656,0.0,3232.7304000000004,0.0,0.0,0.0,0.0,0.0,0.0,0.0,38.1528,0.0,0.0,0.0,0.0,0.0,6819.407999999999,0.0,0.0,0.0,0.0,0.0,918.9624000000001,0.0,0.0,2386.848,1465.6416,0.0,0.0,0.0,0.0,184.7928,2879.0975999999996,643.884,0.0,0.0,0.0,2193.1344,358.13520000000005,1900.7568,0.0,0.0,3430.8240000000005,389.24879999999996,1557.5952000000002,4684.4712,8880.348,2754.1656,0.0,0.0,0.1272
0.0,0.0,0.0,863.868,0.0,16689.489599999997,5118.8496000000005,0.0,0.0,823.0272,45.7992,0.0,551.8608000000002,34423.7352,49469.208,14.9088,0.0,692.6424000000001,0.0,16542.6792,62921.04719999998,0.0,322.07759999999996,10565.9808,13710.280799999997,0.0,0.0,0.0,0.0,0.0,1325.0616,8771.745599999998,0.0,0.0,0.0,0.0,15.4776,0.0,0.0,0.0,0.0,0.0,0.0,0.0,0.0,0.0,0.0,0.0,0.0,0.0,0.0,0.0,0.0,0.0,25.0008,0.0,0.0,0.0,0.0,0.0,0.0,289.716,0.0,0.0,0.0,0.0,0.0,0.0,9112.480800000001,0.0,0.0,0.0,0.0,599.5248,1349.8656,0.0,3232.7304000000004,0.0,0.0,0.0,0.0,0.0,0.0,0.0,38.1528,0.0,0.0,0.0,0.0,0.0,6819.407999999999,0.0,0.0,0.0,0.0,0.0,918.9624000000001,0.0,0.0,2386.848,1465.6416,0.0,0.0,0.0,0.0,184.7928,2879.0975999999996,643.884,0.0,0.0,0.0,2193.1344,358.13520000000005,1900.7568,0.0,0.0,3430.8240000000005,389.24879999999996,1557.5952000000002,4684.4712,8880.348,2754.1656,0.0,0.0,0.1272
0.0,0.0,0.0,863.868,0.0,16689.489599999997,5118.8496000000005,0.0,0.0,823.0272,45.7992,0.0,551.8608000000002,34423.7352,49469.208,14.9088,0.0,692.6424000000001,0.0,16542.6792,62921.04719999998,0.0,322.07759999999996,10565.9808,13710.280799999997,0.0,0.0,0.0,0.0,0.0,1325.0616,8771.745599999998,0.0,0.0,0.0,0.0,15.4776,0.0,0.0,0.0,0.0,0.0,0.0,0.0,0.0,0.0,0.0,0.0,0.0,0.0,0.0,0.0,0.0,0.0,25.0008,0.0,0.0,0.0,0.0,0.0,0.0,289.716,0.0,0.0,0.0,0.0,0.0,0.0,9112.480800000001,0.0,0.0,0.0,0.0,599.5248,1349.8656,0.0,3232.7304000000004,0.0,0.0,0.0,0.0,0.0,0.0,0.0,38.1528,0.0,0.0,0.0,0.0,0.0,6819.407999999999,0.0,0.0,0.0,0.0,0.0,918.9624000000001,0.0,0.0,2386.848,1465.6416,0.0,0.0,0.0,0.0,184.7928,2879.0975999999996,643.884,0.0,0.0,0.0,2193.1344,358.13520000000005,1900.7568,0.0,0.0,3430.8240000000005,389.24879999999996,1557.5952000000002,4684.4712,8880.348,2754.1656,0.0,0.0,0.1272
0.0,0.0,0.0,863.868,0.0,16689.489599999997,5118.8496000000005,0.0,0.0,823.0272,45.7992,0.0,551.8608000000002,34423.7352,49469.208,14.9088,0.0,692.6424000000001,0.0,16542.6792,62921.04719999998,0.0,322.07759999999996,10565.9808,13710.280799999997,0.0,0.0,0.0,0.0,0.0,1325.0616,8771.745599999998,0.0,0.0,0.0,0.0,15.4776,0.0,0.0,0.0,0.0,0.0,0.0,0.0,0.0,0.0,0.0,0.0,0.0,0.0,0.0,0.0,0.0,0.0,25.0008,0.0,0.0,0.0,0.0,0.0,0.0,289.716,0.0,0.0,0.0,0.0,0.0,0.0,9112.480800000001,0.0,0.0,0.0,0.0,599.5248,1349.8656,0.0,3232.7304000000004,0.0,0.0,0.0,0.0,0.0,0.0,0.0,38.1528,0.0,0.0,0.0,0.0,0.0,6819.407999999999,0.0,0.0,0.0,0.0,0.0,918.9624000000001,0.0,0.0,2386.848,1465.6416,0.0,0.0,0.0,0.0,184.7928,2879.0975999999996,643.884,0.0,0.0,0.0,2193.1344,358.13520000000005,1900.7568,0.0,0.0,3430.8240000000005,389.24879999999996,1557.5952000000002,4684.4712,8880.348,2754.1656,0.0,0.0,0.1272
0.0,0.0,0.0,863.868,0.0,16689.489599999997,5118.8496000000005,0.0,0.0,823.0272,45.7992,0.0,551.8608000000002,34423.7352,49469.208,14.9088,0.0,692.6424000000001,0.0,16542.6792,62921.04719999998,0.0,322.07759999999996,10565.9808,13710.280799999997,0.0,0.0,0.0,0.0,0.0,1325.0616,8771.745599999998,0.0,0.0,0.0,0.0,15.4776,0.0,0.0,0.0,0.0,0.0,0.0,0.0,0.0,0.0,0.0,0.0,0.0,0.0,0.0,0.0,0.0,0.0,25.0008,0.0,0.0,0.0,0.0,0.0,0.0,289.716,0.0,0.0,0.0,0.0,0.0,0.0,9112.480800000001,0.0,0.0,0.0,0.0,599.5248,1349.8656,0.0,3232.7304000000004,0.0,0.0,0.0,0.0,0.0,0.0,0.0,38.1528,0.0,0.0,0.0,0.0,0.0,6819.407999999999,0.0,0.0,0.0,0.0,0.0,918.9624000000001,0.0,0.0,2386.848,1465.6416,0.0,0.0,0.0,0.0,184.7928,2879.0975999999996,643.884,0.0,0.0,0.0,2193.1344,358.13520000000005,1900.7568,0.0,0.0,3430.8240000000005,389.24879999999996,1557.5952000000002,4684.4712,8880.348,2754.1656,0.0,0.0,0.1272
0.0,0.0,0.0,863.868,0.0,16689.489599999997,5118.8496000000005,0.0,0.0,823.0272,45.7992,0.0,551.8608000000002,34423.7352,49469.208,14.9088,0.0,692.6424000000001,0.0,16542.6792,62921.04719999998,0.0,322.07759999999996,10565.9808,13710.280799999997,0.0,0.0,0.0,0.0,0.0,1325.0616,8771.745599999998,0.0,0.0,0.0,0.0,15.4776,0.0,0.0,0.0,0.0,0.0,0.0,0.0,0.0,0.0,0.0,0.0,0.0,0.0,0.0,0.0,0.0,0.0,25.0008,0.0,0.0,0.0,0.0,0.0,0.0,289.716,0.0,0.0,0.0,0.0,0.0,0.0,9112.480800000001,0.0,0.0,0.0,0.0,599.5248,1349.8656,0.0,3232.7304000000004,0.0,0.0,0.0,0.0,0.0,0.0,0.0,38.1528,0.0,0.0,0.0,0.0,0.0,6819.407999999999,0.0,0.0,0.0,0.0,0.0,918.9624000000001,0.0,0.0,2386.848,1465.6416,0.0,0.0,0.0,0.0,184.7928,2879.0975999999996,643.884,0.0,0.0,0.0,2193.1344,358.13520000000005,1900.7568,0.0,0.0,3430.8240000000005,389.24879999999996,1557.5952000000002,4684.4712,8880.348,2754.1656,0.0,0.0,0.1272
0.0,0.0,0.0,958.2888,0.0,17930.764799999997,4944.276000000002,0.0,0.0,946.7232,48.0912,0.0,589.7544,39597.36719999999,56553.6672,12.2424,0.0,564.9528,0.0,12589.910399999999,70474.92479999998,0.0,271.8816,9928.0512,13407.650399999995,0.0,0.0,0.0,0.0,0.0,1215.2568,8054.716800000002,0.0,0.0,0.0,0.0,14.700000000000001,0.0,0.0,0.0,0.0,0.0,0.0,0.0,0.0,0.0,0.0,0.0,0.0,0.0,0.0,0.0,0.0,0.0,21.1248,0.0,0.0,0.0,0.0,0.0,0.0,279.2568,0.0,0.0,0.0,0.0,0.0,0.0,9062.5224,0.0,0.0,0.0,0.0,610.3728,1342.464,0.0,3215.0087999999996,0.0,0.0,0.0,0.0,0.0,0.0,0.0,26.712,0.0,0.0,0.0,0.0,0.0,3648.8448,0.0,0.0,0.0,0.0,0.0,873.4224,0.0,0.0,2276.9616,1405.6632,0.0,0.0,0.0,0.0,237.60240000000005,2687.0351999999993,689.9256,0.0,0.0,0.0,2084.4504,365.0976,2061.96,0.0,0.0,3093.4416000000006,415.9752,1480.4016000000001,4329.564,9490.1328,2728.2072,0.0,0.0,0.0912
0.0,0.0,0.0,958.2888,0.0,17930.764799999997,4944.276000000002,0.0,0.0,946.7232,48.0912,0.0,589.7544,39597.36719999999,56553.6672,12.2424,0.0,564.9528,0.0,12589.910399999999,70474.92479999998,0.0,271.8816,9928.0512,13407.650399999995,0.0,0.0,0.0,0.0,0.0,1215.2568,8054.716800000002,0.0,0.0,0.0,0.0,14.700000000000001,0.0,0.0,0.0,0.0,0.0,0.0,0.0,0.0,0.0,0.0,0.0,0.0,0.0,0.0,0.0,0.0,0.0,21.1248,0.0,0.0,0.0,0.0,0.0,0.0,279.2568,0.0,0.0,0.0,0.0,0.0,0.0,9062.5224,0.0,0.0,0.0,0.0,610.3728,1342.464,0.0,3215.0087999999996,0.0,0.0,0.0,0.0,0.0,0.0,0.0,26.712,0.0,0.0,0.0,0.0,0.0,3648.8448,0.0,0.0,0.0,0.0,0.0,873.4224,0.0,0.0,2276.9616,1405.6632,0.0,0.0,0.0,0.0,237.60240000000005,2687.0351999999993,689.9256,0.0,0.0,0.0,2084.4504,365.0976,2061.96,0.0,0.0,3093.4416000000006,415.9752,1480.4016000000001,4329.564,9490.1328,2728.2072,0.0,0.0,0.0912
0.0,0.0,0.0,958.2888,0.0,17930.764799999997,4944.276000000002,0.0,0.0,946.7232,48.0912,0.0,589.7544,39597.36719999999,56553.6672,12.2424,0.0,564.9528,0.0,12589.910399999999,70474.92479999998,0.0,271.8816,9928.0512,13407.650399999995,0.0,0.0,0.0,0.0,0.0,1215.2568,8054.716800000002,0.0,0.0,0.0,0.0,14.700000000000001,0.0,0.0,0.0,0.0,0.0,0.0,0.0,0.0,0.0,0.0,0.0,0.0,0.0,0.0,0.0,0.0,0.0,21.1248,0.0,0.0,0.0,0.0,0.0,0.0,279.2568,0.0,0.0,0.0,0.0,0.0,0.0,9062.5224,0.0,0.0,0.0,0.0,610.3728,1342.464,0.0,3215.0087999999996,0.0,0.0,0.0,0.0,0.0,0.0,0.0,26.712,0.0,0.0,0.0,0.0,0.0,3648.8448,0.0,0.0,0.0,0.0,0.0,873.4224,0.0,0.0,2276.9616,1405.6632,0.0,0.0,0.0,0.0,237.60240000000005,2687.0351999999993,689.9256,0.0,0.0,0.0,2084.4504,365.0976,2061.96,0.0,0.0,3093.4416000000006,415.9752,1480.4016000000001,4329.564,9490.1328,2728.2072,0.0,0.0,0.0912
0.0,0.0,0.0,958.2888,0.0,17930.764799999997,4944.276000000002,0.0,0.0,946.7232,48.0912,0.0,589.7544,39597.36719999999,56553.6672,12.2424,0.0,564.9528,0.0,12589.910399999999,70474.92479999998,0.0,271.8816,9928.0512,13407.650399999995,0.0,0.0,0.0,0.0,0.0,1215.2568,8054.716800000002,0.0,0.0,0.0,0.0,14.700000000000001,0.0,0.0,0.0,0.0,0.0,0.0,0.0,0.0,0.0,0.0,0.0,0.0,0.0,0.0,0.0,0.0,0.0,21.1248,0.0,0.0,0.0,0.0,0.0,0.0,279.2568,0.0,0.0,0.0,0.0,0.0,0.0,9062.5224,0.0,0.0,0.0,0.0,610.3728,1342.464,0.0,3215.0087999999996,0.0,0.0,0.0,0.0,0.0,0.0,0.0,26.712,0.0,0.0,0.0,0.0,0.0,3648.8448,0.0,0.0,0.0,0.0,0.0,873.4224,0.0,0.0,2276.9616,1405.6632,0.0,0.0,0.0,0.0,237.60240000000005,2687.0351999999993,689.9256,0.0,0.0,0.0,2084.4504,365.0976,2061.96,0.0,0.0,3093.4416000000006,415.9752,1480.4016000000001,4329.564,9490.1328,2728.2072,0.0,0.0,0.0912
0.0,0.0,0.0,958.2888,0.0,17930.764799999997,4944.276000000002,0.0,0.0,946.7232,48.0912,0.0,589.7544,39597.36719999999,56553.6672,12.2424,0.0,564.9528,0.0,12589.910399999999,70474.92479999998,0.0,271.8816,9928.0512,13407.650399999995,0.0,0.0,0.0,0.0,0.0,1215.2568,8054.716800000002,0.0,0.0,0.0,0.0,14.700000000000001,0.0,0.0,0.0,0.0,0.0,0.0,0.0,0.0,0.0,0.0,0.0,0.0,0.0,0.0,0.0,0.0,0.0,21.1248,0.0,0.0,0.0,0.0,0.0,0.0,279.2568,0.0,0.0,0.0,0.0,0.0,0.0,9062.5224,0.0,0.0,0.0,0.0,610.3728,1342.464,0.0,3215.0087999999996,0.0,0.0,0.0,0.0,0.0,0.0,0.0,26.712,0.0,0.0,0.0,0.0,0.0,3648.8448,0.0,0.0,0.0,0.0,0.0,873.4224,0.0,0.0,2276.9616,1405.6632,0.0,0.0,0.0,0.0,237.60240000000005,2687.0351999999993,689.9256,0.0,0.0,0.0,2084.4504,365.0976,2061.96,0.0,0.0,3093.4416000000006,415.9752,1480.4016000000001,4329.564,9490.1328,2728.2072,0.0,0.0,0.0912
0.0,0.0,0.0,958.2888,0.0,17930.764799999997,4944.276000000002,0.0,0.0,946.7232,48.0912,0.0,589.7544,39597.36719999999,56553.6672,12.2424,0.0,564.9528,0.0,12589.910399999999,70474.92479999998,0.0,271.8816,9928.0512,13407.650399999995,0.0,0.0,0.0,0.0,0.0,1215.2568,8054.716800000002,0.0,0.0,0.0,0.0,14.700000000000001,0.0,0.0,0.0,0.0,0.0,0.0,0.0,0.0,0.0,0.0,0.0,0.0,0.0,0.0,0.0,0.0,0.0,21.1248,0.0,0.0,0.0,0.0,0.0,0.0,279.2568,0.0,0.0,0.0,0.0,0.0,0.0,9062.5224,0.0,0.0,0.0,0.0,610.3728,1342.464,0.0,3215.0087999999996,0.0,0.0,0.0,0.0,0.0,0.0,0.0,26.712,0.0,0.0,0.0,0.0,0.0,3648.8448,0.0,0.0,0.0,0.0,0.0,873.4224,0.0,0.0,2276.9616,1405.6632,0.0,0.0,0.0,0.0,237.60240000000005,2687.0351999999993,689.9256,0.0,0.0,0.0,2084.4504,365.0976,2061.96,0.0,0.0,3093.4416000000006,415.9752,1480.4016000000001,4329.564,9490.1328,2728.2072,0.0,0.0,0.0912
0.0,0.0,0.0,958.2888,0.0,17930.764799999997,4944.276000000002,0.0,0.0,946.7232,48.0912,0.0,589.7544,39597.36719999999,56553.6672,12.2424,0.0,564.9528,0.0,12589.910399999999,70474.92479999998,0.0,271.8816,9928.0512,13407.650399999995,0.0,0.0,0.0,0.0,0.0,1215.2568,8054.716800000002,0.0,0.0,0.0,0.0,14.700000000000001,0.0,0.0,0.0,0.0,0.0,0.0,0.0,0.0,0.0,0.0,0.0,0.0,0.0,0.0,0.0,0.0,0.0,21.1248,0.0,0.0,0.0,0.0,0.0,0.0,279.2568,0.0,0.0,0.0,0.0,0.0,0.0,9062.5224,0.0,0.0,0.0,0.0,610.3728,1342.464,0.0,3215.0087999999996,0.0,0.0,0.0,0.0,0.0,0.0,0.0,26.712,0.0,0.0,0.0,0.0,0.0,3648.8448,0.0,0.0,0.0,0.0,0.0,873.4224,0.0,0.0,2276.9616,1405.6632,0.0,0.0,0.0,0.0,237.60240000000005,2687.0351999999993,689.9256,0.0,0.0,0.0,2084.4504,365.0976,2061.96,0.0,0.0,3093.4416000000006,415.9752,1480.4016000000001,4329.564,9490.1328,2728.2072,0.0,0.0,0.0912
0.0,0.0,0.0,682.6800000000001,0.0,14473.514400000004,4176.7536,0.0,0.0,879.5568000000001,48.1176,0.0,588.6528,37059.604799999994,58414.951199999996,11.0424,0.0,252.5064,0.0,13505.018399999999,67446.32639999998,0.0,265.1544,8078.9472000000005,11035.334400000003,0.0,0.0,0.0,0.0,0.0,775.6031999999999,1913.4672000000003,0.0,0.0,0.0,0.0,78.9624,0.0,0.0,0.0,0.0,0.0,0.0,0.0,0.0,0.0,0.0,0.0,0.0,0.0,0.0,0.0,0.0,0.0,31.1064,0.0,0.0,0.0,0.0,0.0,0.0,302.9616,0.0,0.0,0.0,0.0,0.0,0.0,7311.5016,0.0,0.0,0.0,0.0,538.0848,1241.5343999999998,0.0,2695.092,0.0,0.0,0.0,0.0,0.0,0.0,0.0,7.7448,0.0,0.0,0.0,0.0,0.0,8286.2232,0.0,0.0,0.0,0.0,0.0,908.6951999999999,0.0,0.0,2106.6672,1506.8016,0.0,0.0,0.0,0.0,216.6408,2190.7776000000003,157.24560000000002,0.0,0.0,0.0,2168.6351999999997,169.632,853.332,0.0,0.0,1998.2832,415.1952,1540.1904,2507.4672,7569.7968,1906.9560000000001,0.0,0.0,0.07680000000000001
0.0,0.0,0.0,682.6800000000001,0.0,14473.514400000004,4176.7536,0.0,0.0,879.5568000000001,48.1176,0.0,588.6528,37059.604799999994,58414.951199999996,11.0424,0.0,252.5064,0.0,13505.018399999999,67446.32639999998,0.0,265.1544,8078.9472000000005,11035.334400000003,0.0,0.0,0.0,0.0,0.0,775.6031999999999,1913.4672000000003,0.0,0.0,0.0,0.0,78.9624,0.0,0.0,0.0,0.0,0.0,0.0,0.0,0.0,0.0,0.0,0.0,0.0,0.0,0.0,0.0,0.0,0.0,31.1064,0.0,0.0,0.0,0.0,0.0,0.0,302.9616,0.0,0.0,0.0,0.0,0.0,0.0,7311.5016,0.0,0.0,0.0,0.0,538.0848,1241.5343999999998,0.0,2695.092,0.0,0.0,0.0,0.0,0.0,0.0,0.0,7.7448,0.0,0.0,0.0,0.0,0.0,8286.2232,0.0,0.0,0.0,0.0,0.0,908.6951999999999,0.0,0.0,2106.6672,1506.8016,0.0,0.0,0.0,0.0,216.6408,2190.7776000000003,157.24560000000002,0.0,0.0,0.0,2168.6351999999997,169.632,853.332,0.0,0.0,1998.2832,415.1952,1540.1904,2507.4672,7569.7968,1906.9560000000001,0.0,0.0,0.07680000000000001
0.0,0.0,0.0,682.6800000000001,0.0,14473.514400000004,4176.7536,0.0,0.0,879.5568000000001,48.1176,0.0,588.6528,37059.604799999994,58414.951199999996,11.0424,0.0,252.5064,0.0,13505.018399999999,67446.32639999998,0.0,265.1544,8078.9472000000005,11035.334400000003,0.0,0.0,0.0,0.0,0.0,775.6031999999999,1913.4672000000003,0.0,0.0,0.0,0.0,78.9624,0.0,0.0,0.0,0.0,0.0,0.0,0.0,0.0,0.0,0.0,0.0,0.0,0.0,0.0,0.0,0.0,0.0,31.1064,0.0,0.0,0.0,0.0,0.0,0.0,302.9616,0.0,0.0,0.0,0.0,0.0,0.0,7311.5016,0.0,0.0,0.0,0.0,538.0848,1241.5343999999998,0.0,2695.092,0.0,0.0,0.0,0.0,0.0,0.0,0.0,7.7448,0.0,0.0,0.0,0.0,0.0,8286.2232,0.0,0.0,0.0,0.0,0.0,908.6951999999999,0.0,0.0,2106.6672,1506.8016,0.0,0.0,0.0,0.0,216.6408,2190.7776000000003,157.24560000000002,0.0,0.0,0.0,2168.6351999999997,169.632,853.332,0.0,0.0,1998.2832,415.1952,1540.1904,2507.4672,7569.7968,1906.9560000000001,0.0,0.0,0.07680000000000001
0.0,0.0,0.0,682.6800000000001,0.0,14473.514400000004,4176.7536,0.0,0.0,879.5568000000001,48.1176,0.0,588.6528,37059.604799999994,58414.951199999996,11.0424,0.0,252.5064,0.0,13505.018399999999,67446.32639999998,0.0,265.1544,8078.9472000000005,11035.334400000003,0.0,0.0,0.0,0.0,0.0,775.6031999999999,1913.4672000000003,0.0,0.0,0.0,0.0,78.9624,0.0,0.0,0.0,0.0,0.0,0.0,0.0,0.0,0.0,0.0,0.0,0.0,0.0,0.0,0.0,0.0,0.0,31.1064,0.0,0.0,0.0,0.0,0.0,0.0,302.9616,0.0,0.0,0.0,0.0,0.0,0.0,7311.5016,0.0,0.0,0.0,0.0,538.0848,1241.5343999999998,0.0,2695.092,0.0,0.0,0.0,0.0,0.0,0.0,0.0,7.7448,0.0,0.0,0.0,0.0,0.0,8286.2232,0.0,0.0,0.0,0.0,0.0,908.6951999999999,0.0,0.0,2106.6672,1506.8016,0.0,0.0,0.0,0.0,216.6408,2190.7776000000003,157.24560000000002,0.0,0.0,0.0,2168.6351999999997,169.632,853.332,0.0,0.0,1998.2832,415.1952,1540.1904,2507.4672,7569.7968,1906.9560000000001,0.0,0.0,0.07680000000000001
0.0,0.0,0.0,682.6800000000001,0.0,14473.514400000004,4176.7536,0.0,0.0,879.5568000000001,48.1176,0.0,588.6528,37059.604799999994,58414.951199999996,11.0424,0.0,252.5064,0.0,13505.018399999999,67446.32639999998,0.0,265.1544,8078.9472000000005,11035.334400000003,0.0,0.0,0.0,0.0,0.0,775.6031999999999,1913.4672000000003,0.0,0.0,0.0,0.0,78.9624,0.0,0.0,0.0,0.0,0.0,0.0,0.0,0.0,0.0,0.0,0.0,0.0,0.0,0.0,0.0,0.0,0.0,31.1064,0.0,0.0,0.0,0.0,0.0,0.0,302.9616,0.0,0.0,0.0,0.0,0.0,0.0,7311.5016,0.0,0.0,0.0,0.0,538.0848,1241.5343999999998,0.0,2695.092,0.0,0.0,0.0,0.0,0.0,0.0,0.0,7.7448,0.0,0.0,0.0,0.0,0.0,8286.2232,0.0,0.0,0.0,0.0,0.0,908.6951999999999,0.0,0.0,2106.6672,1506.8016,0.0,0.0,0.0,0.0,216.6408,2190.7776000000003,157.24560000000002,0.0,0.0,0.0,2168.6351999999997,169.632,853.332,0.0,0.0,1998.2832,415.1952,1540.1904,2507.4672,7569.7968,1906.9560000000001,0.0,0.0,0.07680000000000001
0.0,0.0,0.0,682.6800000000001,0.0,14473.514400000004,4176.7536,0.0,0.0,879.5568000000001,48.1176,0.0,588.6528,37059.604799999994,58414.951199999996,11.0424,0.0,252.5064,0.0,13505.018399999999,67446.32639999998,0.0,265.1544,8078.9472000000005,11035.334400000003,0.0,0.0,0.0,0.0,0.0,775.6031999999999,1913.4672000000003,0.0,0.0,0.0,0.0,78.9624,0.0,0.0,0.0,0.0,0.0,0.0,0.0,0.0,0.0,0.0,0.0,0.0,0.0,0.0,0.0,0.0,0.0,31.1064,0.0,0.0,0.0,0.0,0.0,0.0,302.9616,0.0,0.0,0.0,0.0,0.0,0.0,7311.5016,0.0,0.0,0.0,0.0,538.0848,1241.5343999999998,0.0,2695.092,0.0,0.0,0.0,0.0,0.0,0.0,0.0,7.7448,0.0,0.0,0.0,0.0,0.0,8286.2232,0.0,0.0,0.0,0.0,0.0,908.6951999999999,0.0,0.0,2106.6672,1506.8016,0.0,0.0,0.0,0.0,216.6408,2190.7776000000003,157.24560000000002,0.0,0.0,0.0,2168.6351999999997,169.632,853.332,0.0,0.0,1998.2832,415.1952,1540.1904,2507.4672,7569.7968,1906.9560000000001,0.0,0.0,0.07680000000000001
0.0,0.0,0.0,682.6800000000001,0.0,14473.514400000004,4176.7536,0.0,0.0,879.5568000000001,48.1176,0.0,588.6528,37059.604799999994,58414.951199999996,11.0424,0.0,252.5064,0.0,13505.018399999999,67446.32639999998,0.0,265.1544,8078.9472000000005,11035.334400000003,0.0,0.0,0.0,0.0,0.0,775.6031999999999,1913.4672000000003,0.0,0.0,0.0,0.0,78.9624,0.0,0.0,0.0,0.0,0.0,0.0,0.0,0.0,0.0,0.0,0.0,0.0,0.0,0.0,0.0,0.0,0.0,31.1064,0.0,0.0,0.0,0.0,0.0,0.0,302.9616,0.0,0.0,0.0,0.0,0.0,0.0,7311.5016,0.0,0.0,0.0,0.0,538.0848,1241.5343999999998,0.0,2695.092,0.0,0.0,0.0,0.0,0.0,0.0,0.0,7.7448,0.0,0.0,0.0,0.0,0.0,8286.2232,0.0,0.0,0.0,0.0,0.0,908.6951999999999,0.0,0.0,2106.6672,1506.8016,0.0,0.0,0.0,0.0,216.6408,2190.7776000000003,157.24560000000002,0.0,0.0,0.0,2168.6351999999997,169.632,853.332,0.0,0.0,1998.2832,415.1952,1540.1904,2507.4672,7569.7968,1906.9560000000001,0.0,0.0,0.07680000000000001
0.0,0.0,0.0,818.2536,0.0,16872.475200000004,5890.128,0.0,0.0,752.6927999999999,54.852,0.0,585.6863999999999,31714.269600000007,51151.154400000014,16.2,0.0,302.9808,0.0,14092.629600000002,61860.247200000005,0.0,262.8312,7941.7224,10898.260799999996,0.0,0.0,0.0,0.0,0.0,887.9808,2228.3592,0.0,0.0,0.0,0.0,115.9296,0.0,0.0,0.0,0.0,0.0,0.0,0.0,0.0,0.0,0.0,0.0,0.0,0.0,0.0,0.0,0.0,0.0,32.412000000000006,0.0,0.0,0.0,0.0,0.0,0.0,314.2464,0.0,0.0,0.0,0.0,0.0,0.0,7010.1984,0.0,0.0,0.0,0.0,525.4656,1190.3712,0.0,2584.0296,0.0,0.0,0.0,0.0,0.0,0.0,0.0,13.509599999999999,0.0,0.0,0.0,0.0,0.0,1194.9168,0.0,0.0,0.0,0.0,0.0,883.8312000000001,0.0,0.0,1985.5464,1709.5128,0.0,0.0,0.0,0.0,155.2968,2384.3903999999998,165.76559999999998,0.0,0.0,0.0,2109.2928,163.73760000000001,484.4352,0.0,0.0,2029.176,413.1024,1498.0464,2894.244,7531.6392,1948.8456,0.0,0.0,0.0648
0.0,0.0,0.0,818.2536,0.0,16872.475200000004,5890.128,0.0,0.0,752.6927999999999,54.852,0.0,585.6863999999999,31714.269600000007,51151.154400000014,16.2,0.0,302.9808,0.0,14092.629600000002,61860.247200000005,0.0,262.8312,7941.7224,10898.260799999996,0.0,0.0,0.0,0.0,0.0,887.9808,2228.3592,0.0,0.0,0.0,0.0,115.9296,0.0,0.0,0.0,0.0,0.0,0.0,0.0,0.0,0.0,0.0,0.0,0.0,0.0,0.0,0.0,0.0,0.0,32.412000000000006,0.0,0.0,0.0,0.0,0.0,0.0,314.2464,0.0,0.0,0.0,0.0,0.0,0.0,7010.1984,0.0,0.0,0.0,0.0,525.4656,1190.3712,0.0,2584.0296,0.0,0.0,0.0,0.0,0.0,0.0,0.0,13.509599999999999,0.0,0.0,0.0,0.0,0.0,1194.9168,0.0,0.0,0.0,0.0,0.0,883.8312000000001,0.0,0.0,1985.5464,1709.5128,0.0,0.0,0.0,0.0,155.2968,2384.3903999999998,165.76559999999998,0.0,0.0,0.0,2109.2928,163.73760000000001,484.4352,0.0,0.0,2029.176,413.1024,1498.0464,2894.244,7531.6392,1948.8456,0.0,0.0,0.0648
0.0,0.0,0.0,818.2536,0.0,16872.475200000004,5890.128,0.0,0.0,752.6927999999999,54.852,0.0,585.6863999999999,31714.269600000007,51151.154400000014,16.2,0.0,302.9808,0.0,14092.629600000002,61860.247200000005,0.0,262.8312,7941.7224,10898.260799999996,0.0,0.0,0.0,0.0,0.0,887.9808,2228.3592,0.0,0.0,0.0,0.0,115.9296,0.0,0.0,0.0,0.0,0.0,0.0,0.0,0.0,0.0,0.0,0.0,0.0,0.0,0.0,0.0,0.0,0.0,32.412000000000006,0.0,0.0,0.0,0.0,0.0,0.0,314.2464,0.0,0.0,0.0,0.0,0.0,0.0,7010.1984,0.0,0.0,0.0,0.0,525.4656,1190.3712,0.0,2584.0296,0.0,0.0,0.0,0.0,0.0,0.0,0.0,13.509599999999999,0.0,0.0,0.0,0.0,0.0,1194.9168,0.0,0.0,0.0,0.0,0.0,883.8312000000001,0.0,0.0,1985.5464,1709.5128,0.0,0.0,0.0,0.0,155.2968,2384.3903999999998,165.76559999999998,0.0,0.0,0.0,2109.2928,163.73760000000001,484.4352,0.0,0.0,2029.176,413.1024,1498.0464,2894.244,7531.6392,1948.8456,0.0,0.0,0.0648
0.0,0.0,0.0,818.2536,0.0,16872.475200000004,5890.128,0.0,0.0,752.6927999999999,54.852,0.0,585.6863999999999,31714.269600000007,51151.154400000014,16.2,0.0,302.9808,0.0,14092.629600000002,61860.247200000005,0.0,262.8312,7941.7224,10898.260799999996,0.0,0.0,0.0,0.0,0.0,887.9808,2228.3592,0.0,0.0,0.0,0.0,115.9296,0.0,0.0,0.0,0.0,0.0,0.0,0.0,0.0,0.0,0.0,0.0,0.0,0.0,0.0,0.0,0.0,0.0,32.412000000000006,0.0,0.0,0.0,0.0,0.0,0.0,314.2464,0.0,0.0,0.0,0.0,0.0,0.0,7010.1984,0.0,0.0,0.0,0.0,525.4656,1190.3712,0.0,2584.0296,0.0,0.0,0.0,0.0,0.0,0.0,0.0,13.509599999999999,0.0,0.0,0.0,0.0,0.0,1194.9168,0.0,0.0,0.0,0.0,0.0,883.8312000000001,0.0,0.0,1985.5464,1709.5128,0.0,0.0,0.0,0.0,155.2968,2384.3903999999998,165.76559999999998,0.0,0.0,0.0,2109.2928,163.73760000000001,484.4352,0.0,0.0,2029.176,413.1024,1498.0464,2894.244,7531.6392,1948.8456,0.0,0.0,0.0648
0.0,0.0,0.0,818.2536,0.0,16872.475200000004,5890.128,0.0,0.0,752.6927999999999,54.852,0.0,585.6863999999999,31714.269600000007,51151.154400000014,16.2,0.0,302.9808,0.0,14092.629600000002,61860.247200000005,0.0,262.8312,7941.7224,10898.260799999996,0.0,0.0,0.0,0.0,0.0,887.9808,2228.3592,0.0,0.0,0.0,0.0,115.9296,0.0,0.0,0.0,0.0,0.0,0.0,0.0,0.0,0.0,0.0,0.0,0.0,0.0,0.0,0.0,0.0,0.0,32.412000000000006,0.0,0.0,0.0,0.0,0.0,0.0,314.2464,0.0,0.0,0.0,0.0,0.0,0.0,7010.1984,0.0,0.0,0.0,0.0,525.4656,1190.3712,0.0,2584.0296,0.0,0.0,0.0,0.0,0.0,0.0,0.0,13.509599999999999,0.0,0.0,0.0,0.0,0.0,1194.9168,0.0,0.0,0.0,0.0,0.0,883.8312000000001,0.0,0.0,1985.5464,1709.5128,0.0,0.0,0.0,0.0,155.2968,2384.3903999999998,165.76559999999998,0.0,0.0,0.0,2109.2928,163.73760000000001,484.4352,0.0,0.0,2029.176,413.1024,1498.0464,2894.244,7531.6392,1948.8456,0.0,0.0,0.0648
0.0,0.0,0.0,818.2536,0.0,16872.475200000004,5890.128,0.0,0.0,752.6927999999999,54.852,0.0,585.6863999999999,31714.269600000007,51151.154400000014,16.2,0.0,302.9808,0.0,14092.629600000002,61860.247200000005,0.0,262.8312,7941.7224,10898.260799999996,0.0,0.0,0.0,0.0,0.0,887.9808,2228.3592,0.0,0.0,0.0,0.0,115.9296,0.0,0.0,0.0,0.0,0.0,0.0,0.0,0.0,0.0,0.0,0.0,0.0,0.0,0.0,0.0,0.0,0.0,32.412000000000006,0.0,0.0,0.0,0.0,0.0,0.0,314.2464,0.0,0.0,0.0,0.0,0.0,0.0,7010.1984,0.0,0.0,0.0,0.0,525.4656,1190.3712,0.0,2584.0296,0.0,0.0,0.0,0.0,0.0,0.0,0.0,13.509599999999999,0.0,0.0,0.0,0.0,0.0,1194.9168,0.0,0.0,0.0,0.0,0.0,883.8312000000001,0.0,0.0,1985.5464,1709.5128,0.0,0.0,0.0,0.0,155.2968,2384.3903999999998,165.76559999999998,0.0,0.0,0.0,2109.2928,163.73760000000001,484.4352,0.0,0.0,2029.176,413.1024,1498.0464,2894.244,7531.6392,1948.8456,0.0,0.0,0.0648
0.0,0.0,0.0,818.2536,0.0,16872.475200000004,5890.128,0.0,0.0,752.6927999999999,54.852,0.0,585.6863999999999,31714.269600000007,51151.154400000014,16.2,0.0,302.9808,0.0,14092.629600000002,61860.247200000005,0.0,262.8312,7941.7224,10898.260799999996,0.0,0.0,0.0,0.0,0.0,887.9808,2228.3592,0.0,0.0,0.0,0.0,115.9296,0.0,0.0,0.0,0.0,0.0,0.0,0.0,0.0,0.0,0.0,0.0,0.0,0.0,0.0,0.0,0.0,0.0,32.412000000000006,0.0,0.0,0.0,0.0,0.0,0.0,314.2464,0.0,0.0,0.0,0.0,0.0,0.0,7010.1984,0.0,0.0,0.0,0.0,525.4656,1190.3712,0.0,2584.0296,0.0,0.0,0.0,0.0,0.0,0.0,0.0,13.509599999999999,0.0,0.0,0.0,0.0,0.0,1194.9168,0.0,0.0,0.0,0.0,0.0,883.8312000000001,0.0,0.0,1985.5464,1709.5128,0.0,0.0,0.0,0.0,155.2968,2384.3903999999998,165.76559999999998,0.0,0.0,0.0,2109.2928,163.73760000000001,484.4352,0.0,0.0,2029.176,413.1024,1498.0464,2894.244,7531.6392,1948.8456,0.0,0.0,0.0648
0.0,0.0,0.0,867.72,0.0,17353.6056,4862.9856,0.0,0.0,827.7792000000001,117.1704,0.0,677.6616000000001,34877.975999999995,56729.5272,15.1416,0.0,295.0584,0.0,14455.315200000001,68341.26720000002,0.0,224.10719999999998,7927.356,10892.3712,0.0,0.0,0.0,0.0,0.0,931.7208,2361.1511999999993,0.0,0.0,0.0,0.0,127.5912,0.0,0.0,0.0,0.0,0.0,0.0,0.0,0.0,0.0,0.0,0.0,0.0,0.0,0.0,0.0,0.0,0.0,39.1344,0.0,0.0,0.0,0.0,0.0,0.0,319.5312,0.0,0.0,0.0,0.0,0.0,0.0,7090.4856,0.0,0.0,0.0,0.0,528.2352000000001,1204.0032,0.0,2613.624,0.0,0.0,0.0,0.0,0.0,0.0,0.0,12.2856,0.0,0.0,0.0,0.0,0.0,18460.123199999998,0.0,0.0,0.0,0.0,0.0,866.3399999999999,0.0,0.0,1947.1608,1718.0136,0.0,0.0,0.0,0.0,127.33200000000001,2335.2216000000003,142.884,0.0,0.0,0.0,2067.5472,167.77439999999999,391.14480000000003,0.0,0.0,2118.5736,477.9768,1468.3992,2899.5048,8714.4216,1981.8096,0.0,0.0,0.07200000000000001
0.0,0.0,0.0,867.72,0.0,17353.6056,4862.9856,0.0,0.0,827.7792000000001,117.1704,0.0,677.6616000000001,34877.975999999995,56729.5272,15.1416,0.0,295.0584,0.0,14455.315200000001,68341.26720000002,0.0,224.10719999999998,7927.356,10892.3712,0.0,0.0,0.0,0.0,0.0,931.7208,2361.1511999999993,0.0,0.0,0.0,0.0,127.5912,0.0,0.0,0.0,0.0,0.0,0.0,0.0,0.0,0.0,0.0,0.0,0.0,0.0,0.0,0.0,0.0,0.0,39.1344,0.0,0.0,0.0,0.0,0.0,0.0,319.5312,0.0,0.0,0.0,0.0,0.0,0.0,7090.4856,0.0,0.0,0.0,0.0,528.2352000000001,1204.0032,0.0,2613.624,0.0,0.0,0.0,0.0,0.0,0.0,0.0,12.2856,0.0,0.0,0.0,0.0,0.0,18460.123199999998,0.0,0.0,0.0,0.0,0.0,866.3399999999999,0.0,0.0,1947.1608,1718.0136,0.0,0.0,0.0,0.0,127.33200000000001,2335.2216000000003,142.884,0.0,0.0,0.0,2067.5472,167.77439999999999,391.14480000000003,0.0,0.0,2118.5736,477.9768,1468.3992,2899.5048,8714.4216,1981.8096,0.0,0.0,0.07200000000000001
0.0,0.0,0.0,867.72,0.0,17353.6056,4862.9856,0.0,0.0,827.7792000000001,117.1704,0.0,677.6616000000001,34877.975999999995,56729.5272,15.1416,0.0,295.0584,0.0,14455.315200000001,68341.26720000002,0.0,224.10719999999998,7927.356,10892.3712,0.0,0.0,0.0,0.0,0.0,931.7208,2361.1511999999993,0.0,0.0,0.0,0.0,127.5912,0.0,0.0,0.0,0.0,0.0,0.0,0.0,0.0,0.0,0.0,0.0,0.0,0.0,0.0,0.0,0.0,0.0,39.1344,0.0,0.0,0.0,0.0,0.0,0.0,319.5312,0.0,0.0,0.0,0.0,0.0,0.0,7090.4856,0.0,0.0,0.0,0.0,528.2352000000001,1204.0032,0.0,2613.624,0.0,0.0,0.0,0.0,0.0,0.0,0.0,12.2856,0.0,0.0,0.0,0.0,0.0,18460.123199999998,0.0,0.0,0.0,0.0,0.0,866.3399999999999,0.0,0.0,1947.1608,1718.0136,0.0,0.0,0.0,0.0,127.33200000000001,2335.2216000000003,142.884,0.0,0.0,0.0,2067.5472,167.77439999999999,391.14480000000003,0.0,0.0,2118.5736,477.9768,1468.3992,2899.5048,8714.4216,1981.8096,0.0,0.0,0.07200000000000001
0.0,0.0,0.0,867.72,0.0,17353.6056,4862.9856,0.0,0.0,827.7792000000001,117.1704,0.0,677.6616000000001,34877.975999999995,56729.5272,15.1416,0.0,295.0584,0.0,14455.315200000001,68341.26720000002,0.0,224.10719999999998,7927.356,10892.3712,0.0,0.0,0.0,0.0,0.0,931.7208,2361.1511999999993,0.0,0.0,0.0,0.0,127.5912,0.0,0.0,0.0,0.0,0.0,0.0,0.0,0.0,0.0,0.0,0.0,0.0,0.0,0.0,0.0,0.0,0.0,39.1344,0.0,0.0,0.0,0.0,0.0,0.0,319.5312,0.0,0.0,0.0,0.0,0.0,0.0,7090.4856,0.0,0.0,0.0,0.0,528.2352000000001,1204.0032,0.0,2613.624,0.0,0.0,0.0,0.0,0.0,0.0,0.0,12.2856,0.0,0.0,0.0,0.0,0.0,18460.123199999998,0.0,0.0,0.0,0.0,0.0,866.3399999999999,0.0,0.0,1947.1608,1718.0136,0.0,0.0,0.0,0.0,127.33200000000001,2335.2216000000003,142.884,0.0,0.0,0.0,2067.5472,167.77439999999999,391.14480000000003,0.0,0.0,2118.5736,477.9768,1468.3992,2899.5048,8714.4216,1981.8096,0.0,0.0,0.07200000000000001
0.0,0.0,0.0,867.72,0.0,17353.6056,4862.9856,0.0,0.0,827.7792000000001,117.1704,0.0,677.6616000000001,34877.975999999995,56729.5272,15.1416,0.0,295.0584,0.0,14455.315200000001,68341.26720000002,0.0,224.10719999999998,7927.356,10892.3712,0.0,0.0,0.0,0.0,0.0,931.7208,2361.1511999999993,0.0,0.0,0.0,0.0,127.5912,0.0,0.0,0.0,0.0,0.0,0.0,0.0,0.0,0.0,0.0,0.0,0.0,0.0,0.0,0.0,0.0,0.0,39.1344,0.0,0.0,0.0,0.0,0.0,0.0,319.5312,0.0,0.0,0.0,0.0,0.0,0.0,7090.4856,0.0,0.0,0.0,0.0,528.2352000000001,1204.0032,0.0,2613.624,0.0,0.0,0.0,0.0,0.0,0.0,0.0,12.2856,0.0,0.0,0.0,0.0,0.0,18460.123199999998,0.0,0.0,0.0,0.0,0.0,866.3399999999999,0.0,0.0,1947.1608,1718.0136,0.0,0.0,0.0,0.0,127.33200000000001,2335.2216000000003,142.884,0.0,0.0,0.0,2067.5472,167.77439999999999,391.14480000000003,0.0,0.0,2118.5736,477.9768,1468.3992,2899.5048,8714.4216,1981.8096,0.0,0.0,0.07200000000000001
0.0,0.0,0.0,867.72,0.0,17353.6056,4862.9856,0.0,0.0,827.7792000000001,117.1704,0.0,677.6616000000001,34877.975999999995,56729.5272,15.1416,0.0,295.0584,0.0,14455.315200000001,68341.26720000002,0.0,224.10719999999998,7927.356,10892.3712,0.0,0.0,0.0,0.0,0.0,931.7208,2361.1511999999993,0.0,0.0,0.0,0.0,127.5912,0.0,0.0,0.0,0.0,0.0,0.0,0.0,0.0,0.0,0.0,0.0,0.0,0.0,0.0,0.0,0.0,0.0,39.1344,0.0,0.0,0.0,0.0,0.0,0.0,319.5312,0.0,0.0,0.0,0.0,0.0,0.0,7090.4856,0.0,0.0,0.0,0.0,528.2352000000001,1204.0032,0.0,2613.624,0.0,0.0,0.0,0.0,0.0,0.0,0.0,12.2856,0.0,0.0,0.0,0.0,0.0,18460.123199999998,0.0,0.0,0.0,0.0,0.0,866.3399999999999,0.0,0.0,1947.1608,1718.0136,0.0,0.0,0.0,0.0,127.33200000000001,2335.2216000000003,142.884,0.0,0.0,0.0,2067.5472,167.77439999999999,391.14480000000003,0.0,0.0,2118.5736,477.9768,1468.3992,2899.5048,8714.4216,1981.8096,0.0,0.0,0.07200000000000001
0.0,0.0,0.0,867.72,0.0,17353.6056,4862.9856,0.0,0.0,827.7792000000001,117.1704,0.0,677.6616000000001,34877.975999999995,56729.5272,15.1416,0.0,295.0584,0.0,14455.315200000001,68341.26720000002,0.0,224.10719999999998,7927.356,10892.3712,0.0,0.0,0.0,0.0,0.0,931.7208,2361.1511999999993,0.0,0.0,0.0,0.0,127.5912,0.0,0.0,0.0,0.0,0.0,0.0,0.0,0.0,0.0,0.0,0.0,0.0,0.0,0.0,0.0,0.0,0.0,39.1344,0.0,0.0,0.0,0.0,0.0,0.0,319.5312,0.0,0.0,0.0,0.0,0.0,0.0,7090.4856,0.0,0.0,0.0,0.0,528.2352000000001,1204.0032,0.0,2613.624,0.0,0.0,0.0,0.0,0.0,0.0,0.0,12.2856,0.0,0.0,0.0,0.0,0.0,18460.123199999998,0.0,0.0,0.0,0.0,0.0,866.3399999999999,0.0,0.0,1947.1608,1718.0136,0.0,0.0,0.0,0.0,127.33200000000001,2335.2216000000003,142.884,0.0,0.0,0.0,2067.5472,167.77439999999999,391.14480000000003,0.0,0.0,2118.5736,477.9768,1468.3992,2899.5048,8714.4216,1981.8096,0.0,0.0,0.07200000000000001
0.0,0.0,0.0,958.4064,0.0,18908.104799999997,4014.3023999999987,0.0,0.0,887.5488,112.09440000000001,0.0,821.2656,37396.32,62167.9608,28.843200000000003,0.0,422.1168,0.0,15345.036,74938.77840000004,0.0,263.83680000000004,7440.328799999999,10696.495200000001,0.0,0.0,0.0,0.0,0.0,1794.4536,4207.284,0.0,0.0,0.0,0.0,113.60400000000001,0.0,0.0,0.0,0.0,0.0,0.0,0.0,0.0,0.0,0.0,0.0,0.0,0.0,0.0,0.0,0.0,0.0,32.059200000000004,0.0,0.0,0.0,0.0,0.0,0.0,422.26320000000004,0.0,0.0,0.0,0.0,0.0,0.0,7151.8296,0.0,0.0,0.0,0.0,529.4567999999999,1214.4191999999998,0.0,2636.2344000000003,0.0,0.0,0.0,0.0,0.0,0.0,0.0,43.4184,0.0,0.0,0.0,0.0,0.0,8357.088,0.0,0.0,0.0,0.0,0.0,841.4736,0.0,0.0,1895.0087999999996,1714.5456000000001,0.0,0.0,0.0,0.0,226.9056,2900.6087999999995,170.70479999999998,0.0,0.0,0.0,2008.2072,171.492,354.5640000000001,0.0,0.0,2191.344,579.264,1426.2528,3044.2176,10561.0896,2044.056,0.0,0.0,0.3144
0.0,0.0,0.0,958.4064,0.0,18908.104799999997,4014.3023999999987,0.0,0.0,887.5488,112.09440000000001,0.0,821.2656,37396.32,62167.9608,28.843200000000003,0.0,422.1168,0.0,15345.036,74938.77840000004,0.0,263.83680000000004,7440.328799999999,10696.495200000001,0.0,0.0,0.0,0.0,0.0,1794.4536,4207.284,0.0,0.0,0.0,0.0,113.60400000000001,0.0,0.0,0.0,0.0,0.0,0.0,0.0,0.0,0.0,0.0,0.0,0.0,0.0,0.0,0.0,0.0,0.0,32.059200000000004,0.0,0.0,0.0,0.0,0.0,0.0,422.26320000000004,0.0,0.0,0.0,0.0,0.0,0.0,7151.8296,0.0,0.0,0.0,0.0,529.4567999999999,1214.4191999999998,0.0,2636.2344000000003,0.0,0.0,0.0,0.0,0.0,0.0,0.0,43.4184,0.0,0.0,0.0,0.0,0.0,8357.088,0.0,0.0,0.0,0.0,0.0,841.4736,0.0,0.0,1895.0087999999996,1714.5456000000001,0.0,0.0,0.0,0.0,226.9056,2900.6087999999995,170.70479999999998,0.0,0.0,0.0,2008.2072,171.492,354.5640000000001,0.0,0.0,2191.344,579.264,1426.2528,3044.2176,10561.0896,2044.056,0.0,0.0,0.3144
0.0,0.0,0.0,958.4064,0.0,18908.104799999997,4014.3023999999987,0.0,0.0,887.5488,112.09440000000001,0.0,821.2656,37396.32,62167.9608,28.843200000000003,0.0,422.1168,0.0,15345.036,74938.77840000004,0.0,263.83680000000004,7440.328799999999,10696.495200000001,0.0,0.0,0.0,0.0,0.0,1794.4536,4207.284,0.0,0.0,0.0,0.0,113.60400000000001,0.0,0.0,0.0,0.0,0.0,0.0,0.0,0.0,0.0,0.0,0.0,0.0,0.0,0.0,0.0,0.0,0.0,32.059200000000004,0.0,0.0,0.0,0.0,0.0,0.0,422.26320000000004,0.0,0.0,0.0,0.0,0.0,0.0,7151.8296,0.0,0.0,0.0,0.0,529.4567999999999,1214.4191999999998,0.0,2636.2344000000003,0.0,0.0,0.0,0.0,0.0,0.0,0.0,43.4184,0.0,0.0,0.0,0.0,0.0,8357.088,0.0,0.0,0.0,0.0,0.0,841.4736,0.0,0.0,1895.0087999999996,1714.5456000000001,0.0,0.0,0.0,0.0,226.9056,2900.6087999999995,170.70479999999998,0.0,0.0,0.0,2008.2072,171.492,354.5640000000001,0.0,0.0,2191.344,579.264,1426.2528,3044.2176,10561.0896,2044.056,0.0,0.0,0.3144
0.0,0.0,0.0,958.4064,0.0,18908.104799999997,4014.3023999999987,0.0,0.0,887.5488,112.09440000000001,0.0,821.2656,37396.32,62167.9608,28.843200000000003,0.0,422.1168,0.0,15345.036,74938.77840000004,0.0,263.83680000000004,7440.328799999999,10696.495200000001,0.0,0.0,0.0,0.0,0.0,1794.4536,4207.284,0.0,0.0,0.0,0.0,113.60400000000001,0.0,0.0,0.0,0.0,0.0,0.0,0.0,0.0,0.0,0.0,0.0,0.0,0.0,0.0,0.0,0.0,0.0,32.059200000000004,0.0,0.0,0.0,0.0,0.0,0.0,422.26320000000004,0.0,0.0,0.0,0.0,0.0,0.0,7151.8296,0.0,0.0,0.0,0.0,529.4567999999999,1214.4191999999998,0.0,2636.2344000000003,0.0,0.0,0.0,0.0,0.0,0.0,0.0,43.4184,0.0,0.0,0.0,0.0,0.0,8357.088,0.0,0.0,0.0,0.0,0.0,841.4736,0.0,0.0,1895.0087999999996,1714.5456000000001,0.0,0.0,0.0,0.0,226.9056,2900.6087999999995,170.70479999999998,0.0,0.0,0.0,2008.2072,171.492,354.5640000000001,0.0,0.0,2191.344,579.264,1426.2528,3044.2176,10561.0896,2044.056,0.0,0.0,0.3144
0.0,0.0,0.0,958.4064,0.0,18908.104799999997,4014.3023999999987,0.0,0.0,887.5488,112.09440000000001,0.0,821.2656,37396.32,62167.9608,28.843200000000003,0.0,422.1168,0.0,15345.036,74938.77840000004,0.0,263.83680000000004,7440.328799999999,10696.495200000001,0.0,0.0,0.0,0.0,0.0,1794.4536,4207.284,0.0,0.0,0.0,0.0,113.60400000000001,0.0,0.0,0.0,0.0,0.0,0.0,0.0,0.0,0.0,0.0,0.0,0.0,0.0,0.0,0.0,0.0,0.0,32.059200000000004,0.0,0.0,0.0,0.0,0.0,0.0,422.26320000000004,0.0,0.0,0.0,0.0,0.0,0.0,7151.8296,0.0,0.0,0.0,0.0,529.4567999999999,1214.4191999999998,0.0,2636.2344000000003,0.0,0.0,0.0,0.0,0.0,0.0,0.0,43.4184,0.0,0.0,0.0,0.0,0.0,8357.088,0.0,0.0,0.0,0.0,0.0,841.4736,0.0,0.0,1895.0087999999996,1714.5456000000001,0.0,0.0,0.0,0.0,226.9056,2900.6087999999995,170.70479999999998,0.0,0.0,0.0,2008.2072,171.492,354.5640000000001,0.0,0.0,2191.344,579.264,1426.2528,3044.2176,10561.0896,2044.056,0.0,0.0,0.3144
0.0,0.0,0.0,958.4064,0.0,18908.104799999997,4014.3023999999987,0.0,0.0,887.5488,112.09440000000001,0.0,821.2656,37396.32,62167.9608,28.843200000000003,0.0,422.1168,0.0,15345.036,74938.77840000004,0.0,263.83680000000004,7440.328799999999,10696.495200000001,0.0,0.0,0.0,0.0,0.0,1794.4536,4207.284,0.0,0.0,0.0,0.0,113.60400000000001,0.0,0.0,0.0,0.0,0.0,0.0,0.0,0.0,0.0,0.0,0.0,0.0,0.0,0.0,0.0,0.0,0.0,32.059200000000004,0.0,0.0,0.0,0.0,0.0,0.0,422.26320000000004,0.0,0.0,0.0,0.0,0.0,0.0,7151.8296,0.0,0.0,0.0,0.0,529.4567999999999,1214.4191999999998,0.0,2636.2344000000003,0.0,0.0,0.0,0.0,0.0,0.0,0.0,43.4184,0.0,0.0,0.0,0.0,0.0,8357.088,0.0,0.0,0.0,0.0,0.0,841.4736,0.0,0.0,1895.0087999999996,1714.5456000000001,0.0,0.0,0.0,0.0,226.9056,2900.6087999999995,170.70479999999998,0.0,0.0,0.0,2008.2072,171.492,354.5640000000001,0.0,0.0,2191.344,579.264,1426.2528,3044.2176,10561.0896,2044.056,0.0,0.0,0.3144
0.0,0.0,0.0,958.4064,0.0,18908.104799999997,4014.3023999999987,0.0,0.0,887.5488,112.09440000000001,0.0,821.2656,37396.32,62167.9608,28.843200000000003,0.0,422.1168,0.0,15345.036,74938.77840000004,0.0,263.83680000000004,7440.328799999999,10696.495200000001,0.0,0.0,0.0,0.0,0.0,1794.4536,4207.284,0.0,0.0,0.0,0.0,113.60400000000001,0.0,0.0,0.0,0.0,0.0,0.0,0.0,0.0,0.0,0.0,0.0,0.0,0.0,0.0,0.0,0.0,0.0,32.059200000000004,0.0,0.0,0.0,0.0,0.0,0.0,422.26320000000004,0.0,0.0,0.0,0.0,0.0,0.0,7151.8296,0.0,0.0,0.0,0.0,529.4567999999999,1214.4191999999998,0.0,2636.2344000000003,0.0,0.0,0.0,0.0,0.0,0.0,0.0,43.4184,0.0,0.0,0.0,0.0,0.0,8357.088,0.0,0.0,0.0,0.0,0.0,841.4736,0.0,0.0,1895.0087999999996,1714.5456000000001,0.0,0.0,0.0,0.0,226.9056,2900.6087999999995,170.70479999999998,0.0,0.0,0.0,2008.2072,171.492,354.5640000000001,0.0,0.0,2191.344,579.264,1426.2528,3044.2176,10561.0896,2044.056,0.0,0.0,0.3144
0.0,0.0,0.0,1191.0816,0.0,24377.82,9857.1216,0.0,0.0,881.7384000000001,145.23839999999998,0.0,986.1696000000001,35567.2368,57654.8376,486.0792,0.0,2460.7776,0.0,19461.2136,71710.0032,0.0,1247.7192,6599.4672,9824.4144,0.0,0.0,0.0,0.0,0.0,2847.7704000000003,5748.307200000001,0.0,0.0,0.0,0.0,140.02800000000002,0.0,0.0,0.0,0.0,0.0,0.0,0.0,0.0,0.0,0.0,0.0,0.0,0.0,0.0,0.0,0.0,0.0,44.55120000000001,0.0,0.0,0.0,0.0,0.0,0.0,636.1200000000001,0.0,0.0,0.0,0.0,0.0,0.0,7641.660000000001,0.0,0.0,0.0,0.0,514.1712,1112.8008,0.0,2566.0896000000002,0.0,0.0,0.0,0.0,0.0,0.0,0.0,24.907200000000003,0.0,0.0,0.0,0.0,0.0,5957.5008,0.0,0.0,0.0,0.0,0.0,860.52,0.0,0.0,1873.4591999999998,1759.6104,0.0,0.0,0.0,0.0,126.7488,1932.8927999999999,175.5648,0.0,0.0,0.0,2053.6608,105.44399999999999,583.68,0.0,0.0,2107.0824,695.58,1458.5328,3004.6584,11409.923999999999,2112.5472,0.0,0.0,0.012
0.0,0.0,0.0,1191.0816,0.0,24377.82,9857.1216,0.0,0.0,881.7384000000001,145.23839999999998,0.0,986.1696000000001,35567.2368,57654.8376,486.0792,0.0,2460.7776,0.0,19461.2136,71710.0032,0.0,1247.7192,6599.4672,9824.4144,0.0,0.0,0.0,0.0,0.0,2847.7704000000003,5748.307200000001,0.0,0.0,0.0,0.0,140.02800000000002,0.0,0.0,0.0,0.0,0.0,0.0,0.0,0.0,0.0,0.0,0.0,0.0,0.0,0.0,0.0,0.0,0.0,44.55120000000001,0.0,0.0,0.0,0.0,0.0,0.0,636.1200000000001,0.0,0.0,0.0,0.0,0.0,0.0,7641.660000000001,0.0,0.0,0.0,0.0,514.1712,1112.8008,0.0,2566.0896000000002,0.0,0.0,0.0,0.0,0.0,0.0,0.0,24.907200000000003,0.0,0.0,0.0,0.0,0.0,5957.5008,0.0,0.0,0.0,0.0,0.0,860.52,0.0,0.0,1873.4591999999998,1759.6104,0.0,0.0,0.0,0.0,126.7488,1932.8927999999999,175.5648,0.0,0.0,0.0,2053.6608,105.44399999999999,583.68,0.0,0.0,2107.0824,695.58,1458.5328,3004.6584,11409.923999999999,2112.5472,0.0,0.0,0.012
0.0,0.0,0.0,1191.0816,0.0,24377.82,9857.1216,0.0,0.0,881.7384000000001,145.23839999999998,0.0,986.1696000000001,35567.2368,57654.8376,486.0792,0.0,2460.7776,0.0,19461.2136,71710.0032,0.0,1247.7192,6599.4672,9824.4144,0.0,0.0,0.0,0.0,0.0,2847.7704000000003,5748.307200000001,0.0,0.0,0.0,0.0,140.02800000000002,0.0,0.0,0.0,0.0,0.0,0.0,0.0,0.0,0.0,0.0,0.0,0.0,0.0,0.0,0.0,0.0,0.0,44.55120000000001,0.0,0.0,0.0,0.0,0.0,0.0,636.1200000000001,0.0,0.0,0.0,0.0,0.0,0.0,7641.660000000001,0.0,0.0,0.0,0.0,514.1712,1112.8008,0.0,2566.0896000000002,0.0,0.0,0.0,0.0,0.0,0.0,0.0,24.907200000000003,0.0,0.0,0.0,0.0,0.0,5957.5008,0.0,0.0,0.0,0.0,0.0,860.52,0.0,0.0,1873.4591999999998,1759.6104,0.0,0.0,0.0,0.0,126.7488,1932.8927999999999,175.5648,0.0,0.0,0.0,2053.6608,105.44399999999999,583.68,0.0,0.0,2107.0824,695.58,1458.5328,3004.6584,11409.923999999999,2112.5472,0.0,0.0,0.012
0.0,0.0,0.0,1191.0816,0.0,24377.82,9857.1216,0.0,0.0,881.7384000000001,145.23839999999998,0.0,986.1696000000001,35567.2368,57654.8376,486.0792,0.0,2460.7776,0.0,19461.2136,71710.0032,0.0,1247.7192,6599.4672,9824.4144,0.0,0.0,0.0,0.0,0.0,2847.7704000000003,5748.307200000001,0.0,0.0,0.0,0.0,140.02800000000002,0.0,0.0,0.0,0.0,0.0,0.0,0.0,0.0,0.0,0.0,0.0,0.0,0.0,0.0,0.0,0.0,0.0,44.55120000000001,0.0,0.0,0.0,0.0,0.0,0.0,636.1200000000001,0.0,0.0,0.0,0.0,0.0,0.0,7641.660000000001,0.0,0.0,0.0,0.0,514.1712,1112.8008,0.0,2566.0896000000002,0.0,0.0,0.0,0.0,0.0,0.0,0.0,24.907200000000003,0.0,0.0,0.0,0.0,0.0,5957.5008,0.0,0.0,0.0,0.0,0.0,860.52,0.0,0.0,1873.4591999999998,1759.6104,0.0,0.0,0.0,0.0,126.7488,1932.8927999999999,175.5648,0.0,0.0,0.0,2053.6608,105.44399999999999,583.68,0.0,0.0,2107.0824,695.58,1458.5328,3004.6584,11409.923999999999,2112.5472,0.0,0.0,0.012
0.0,0.0,0.0,1191.0816,0.0,24377.82,9857.1216,0.0,0.0,881.7384000000001,145.23839999999998,0.0,986.1696000000001,35567.2368,57654.8376,486.0792,0.0,2460.7776,0.0,19461.2136,71710.0032,0.0,1247.7192,6599.4672,9824.4144,0.0,0.0,0.0,0.0,0.0,2847.7704000000003,5748.307200000001,0.0,0.0,0.0,0.0,140.02800000000002,0.0,0.0,0.0,0.0,0.0,0.0,0.0,0.0,0.0,0.0,0.0,0.0,0.0,0.0,0.0,0.0,0.0,44.55120000000001,0.0,0.0,0.0,0.0,0.0,0.0,636.1200000000001,0.0,0.0,0.0,0.0,0.0,0.0,7641.660000000001,0.0,0.0,0.0,0.0,514.1712,1112.8008,0.0,2566.0896000000002,0.0,0.0,0.0,0.0,0.0,0.0,0.0,24.907200000000003,0.0,0.0,0.0,0.0,0.0,5957.5008,0.0,0.0,0.0,0.0,0.0,860.52,0.0,0.0,1873.4591999999998,1759.6104,0.0,0.0,0.0,0.0,126.7488,1932.8927999999999,175.5648,0.0,0.0,0.0,2053.6608,105.44399999999999,583.68,0.0,0.0,2107.0824,695.58,1458.5328,3004.6584,11409.923999999999,2112.5472,0.0,0.0,0.012
0.0,0.0,0.0,1191.0816,0.0,24377.82,9857.1216,0.0,0.0,881.7384000000001,145.23839999999998,0.0,986.1696000000001,35567.2368,57654.8376,486.0792,0.0,2460.7776,0.0,19461.2136,71710.0032,0.0,1247.7192,6599.4672,9824.4144,0.0,0.0,0.0,0.0,0.0,2847.7704000000003,5748.307200000001,0.0,0.0,0.0,0.0,140.02800000000002,0.0,0.0,0.0,0.0,0.0,0.0,0.0,0.0,0.0,0.0,0.0,0.0,0.0,0.0,0.0,0.0,0.0,44.55120000000001,0.0,0.0,0.0,0.0,0.0,0.0,636.1200000000001,0.0,0.0,0.0,0.0,0.0,0.0,7641.660000000001,0.0,0.0,0.0,0.0,514.1712,1112.8008,0.0,2566.0896000000002,0.0,0.0,0.0,0.0,0.0,0.0,0.0,24.907200000000003,0.0,0.0,0.0,0.0,0.0,5957.5008,0.0,0.0,0.0,0.0,0.0,860.52,0.0,0.0,1873.4591999999998,1759.6104,0.0,0.0,0.0,0.0,126.7488,1932.8927999999999,175.5648,0.0,0.0,0.0,2053.6608,105.44399999999999,583.68,0.0,0.0,2107.0824,695.58,1458.5328,3004.6584,11409.923999999999,2112.5472,0.0,0.0,0.012
0.0,0.0,0.0,1191.0816,0.0,24377.82,9857.1216,0.0,0.0,881.7384000000001,145.23839999999998,0.0,986.1696000000001,35567.2368,57654.8376,486.0792,0.0,2460.7776,0.0,19461.2136,71710.0032,0.0,1247.7192,6599.4672,9824.4144,0.0,0.0,0.0,0.0,0.0,2847.7704000000003,5748.307200000001,0.0,0.0,0.0,0.0,140.02800000000002,0.0,0.0,0.0,0.0,0.0,0.0,0.0,0.0,0.0,0.0,0.0,0.0,0.0,0.0,0.0,0.0,0.0,44.55120000000001,0.0,0.0,0.0,0.0,0.0,0.0,636.1200000000001,0.0,0.0,0.0,0.0,0.0,0.0,7641.660000000001,0.0,0.0,0.0,0.0,514.1712,1112.8008,0.0,2566.0896000000002,0.0,0.0,0.0,0.0,0.0,0.0,0.0,24.907200000000003,0.0,0.0,0.0,0.0,0.0,5957.5008,0.0,0.0,0.0,0.0,0.0,860.52,0.0,0.0,1873.4591999999998,1759.6104,0.0,0.0,0.0,0.0,126.7488,1932.8927999999999,175.5648,0.0,0.0,0.0,2053.6608,105.44399999999999,583.68,0.0,0.0,2107.0824,695.58,1458.5328,3004.6584,11409.923999999999,2112.5472,0.0,0.0,0.012
0.0,0.0,0.0,1204.5168,0.0,22097.203199999996,6252.124800000001,0.0,0.0,1065.7728,121.9656,0.0,1222.6799999999998,41604.5352,64114.828799999996,151.9152,0.0,620.4432,0.0,16415.995199999998,81735.1656,0.0,583.6200000000001,5850.100799999999,8265.684000000001,0.0,0.0,0.0,0.0,0.0,2130.7896,3929.5775999999987,0.0,0.0,0.0,0.0,193.0824,0.0,0.0,0.0,0.0,0.0,0.0,0.0,0.0,0.0,0.0,0.0,0.0,0.0,0.0,0.0,0.0,0.0,44.616,0.0,0.0,0.0,0.0,0.0,0.0,562.1568,0.0,0.0,0.0,0.0,0.0,0.0,7852.236,0.0,0.0,0.0,0.0,502.08000000000004,1024.6704,0.0,2475.6384,0.0,0.0,0.0,0.0,0.0,0.0,0.0,23.8536,0.0,0.0,0.0,0.0,0.0,8375.2848,0.0,0.0,0.0,0.0,0.0,867.0432000000001,0.0,0.0,1844.4695999999994,1778.1455999999998,0.0,0.0,0.0,0.0,137.4768,1375.3536,204.4752,0.0,0.0,0.0,2069.2248,51.2424,760.6055999999999,0.0,0.0,2084.136,862.3968,1469.5896,3234.7416,12987.4824,2097.1992,0.0,0.0,0.012
0.0,0.0,0.0,1204.5168,0.0,22097.203199999996,6252.124800000001,0.0,0.0,1065.7728,121.9656,0.0,1222.6799999999998,41604.5352,64114.828799999996,151.9152,0.0,620.4432,0.0,16415.995199999998,81735.1656,0.0,583.6200000000001,5850.100799999999,8265.684000000001,0.0,0.0,0.0,0.0,0.0,2130.7896,3929.5775999999987,0.0,0.0,0.0,0.0,193.0824,0.0,0.0,0.0,0.0,0.0,0.0,0.0,0.0,0.0,0.0,0.0,0.0,0.0,0.0,0.0,0.0,0.0,44.616,0.0,0.0,0.0,0.0,0.0,0.0,562.1568,0.0,0.0,0.0,0.0,0.0,0.0,7852.236,0.0,0.0,0.0,0.0,502.08000000000004,1024.6704,0.0,2475.6384,0.0,0.0,0.0,0.0,0.0,0.0,0.0,23.8536,0.0,0.0,0.0,0.0,0.0,8375.2848,0.0,0.0,0.0,0.0,0.0,867.0432000000001,0.0,0.0,1844.4695999999994,1778.1455999999998,0.0,0.0,0.0,0.0,137.4768,1375.3536,204.4752,0.0,0.0,0.0,2069.2248,51.2424,760.6055999999999,0.0,0.0,2084.136,862.3968,1469.5896,3234.7416,12987.4824,2097.1992,0.0,0.0,0.012
0.0,0.0,0.0,1204.5168,0.0,22097.203199999996,6252.124800000001,0.0,0.0,1065.7728,121.9656,0.0,1222.6799999999998,41604.5352,64114.828799999996,151.9152,0.0,620.4432,0.0,16415.995199999998,81735.1656,0.0,583.6200000000001,5850.100799999999,8265.684000000001,0.0,0.0,0.0,0.0,0.0,2130.7896,3929.5775999999987,0.0,0.0,0.0,0.0,193.0824,0.0,0.0,0.0,0.0,0.0,0.0,0.0,0.0,0.0,0.0,0.0,0.0,0.0,0.0,0.0,0.0,0.0,44.616,0.0,0.0,0.0,0.0,0.0,0.0,562.1568,0.0,0.0,0.0,0.0,0.0,0.0,7852.236,0.0,0.0,0.0,0.0,502.08000000000004,1024.6704,0.0,2475.6384,0.0,0.0,0.0,0.0,0.0,0.0,0.0,23.8536,0.0,0.0,0.0,0.0,0.0,8375.2848,0.0,0.0,0.0,0.0,0.0,867.0432000000001,0.0,0.0,1844.4695999999994,1778.1455999999998,0.0,0.0,0.0,0.0,137.4768,1375.3536,204.4752,0.0,0.0,0.0,2069.2248,51.2424,760.6055999999999,0.0,0.0,2084.136,862.3968,1469.5896,3234.7416,12987.4824,2097.1992,0.0,0.0,0.012
0.0,0.0,0.0,1204.5168,0.0,22097.203199999996,6252.124800000001,0.0,0.0,1065.7728,121.9656,0.0,1222.6799999999998,41604.5352,64114.828799999996,151.9152,0.0,620.4432,0.0,16415.995199999998,81735.1656,0.0,583.6200000000001,5850.100799999999,8265.684000000001,0.0,0.0,0.0,0.0,0.0,2130.7896,3929.5775999999987,0.0,0.0,0.0,0.0,193.0824,0.0,0.0,0.0,0.0,0.0,0.0,0.0,0.0,0.0,0.0,0.0,0.0,0.0,0.0,0.0,0.0,0.0,44.616,0.0,0.0,0.0,0.0,0.0,0.0,562.1568,0.0,0.0,0.0,0.0,0.0,0.0,7852.236,0.0,0.0,0.0,0.0,502.08000000000004,1024.6704,0.0,2475.6384,0.0,0.0,0.0,0.0,0.0,0.0,0.0,23.8536,0.0,0.0,0.0,0.0,0.0,8375.2848,0.0,0.0,0.0,0.0,0.0,867.0432000000001,0.0,0.0,1844.4695999999994,1778.1455999999998,0.0,0.0,0.0,0.0,137.4768,1375.3536,204.4752,0.0,0.0,0.0,2069.2248,51.2424,760.6055999999999,0.0,0.0,2084.136,862.3968,1469.5896,3234.7416,12987.4824,2097.1992,0.0,0.0,0.012
0.0,0.0,0.0,1204.5168,0.0,22097.203199999996,6252.124800000001,0.0,0.0,1065.7728,121.9656,0.0,1222.6799999999998,41604.5352,64114.828799999996,151.9152,0.0,620.4432,0.0,16415.995199999998,81735.1656,0.0,583.6200000000001,5850.100799999999,8265.684000000001,0.0,0.0,0.0,0.0,0.0,2130.7896,3929.5775999999987,0.0,0.0,0.0,0.0,193.0824,0.0,0.0,0.0,0.0,0.0,0.0,0.0,0.0,0.0,0.0,0.0,0.0,0.0,0.0,0.0,0.0,0.0,44.616,0.0,0.0,0.0,0.0,0.0,0.0,562.1568,0.0,0.0,0.0,0.0,0.0,0.0,7852.236,0.0,0.0,0.0,0.0,502.08000000000004,1024.6704,0.0,2475.6384,0.0,0.0,0.0,0.0,0.0,0.0,0.0,23.8536,0.0,0.0,0.0,0.0,0.0,8375.2848,0.0,0.0,0.0,0.0,0.0,867.0432000000001,0.0,0.0,1844.4695999999994,1778.1455999999998,0.0,0.0,0.0,0.0,137.4768,1375.3536,204.4752,0.0,0.0,0.0,2069.2248,51.2424,760.6055999999999,0.0,0.0,2084.136,862.3968,1469.5896,3234.7416,12987.4824,2097.1992,0.0,0.0,0.012
0.0,0.0,0.0,1204.5168,0.0,22097.203199999996,6252.124800000001,0.0,0.0,1065.7728,121.9656,0.0,1222.6799999999998,41604.5352,64114.828799999996,151.9152,0.0,620.4432,0.0,16415.995199999998,81735.1656,0.0,583.6200000000001,5850.100799999999,8265.684000000001,0.0,0.0,0.0,0.0,0.0,2130.7896,3929.5775999999987,0.0,0.0,0.0,0.0,193.0824,0.0,0.0,0.0,0.0,0.0,0.0,0.0,0.0,0.0,0.0,0.0,0.0,0.0,0.0,0.0,0.0,0.0,44.616,0.0,0.0,0.0,0.0,0.0,0.0,562.1568,0.0,0.0,0.0,0.0,0.0,0.0,7852.236,0.0,0.0,0.0,0.0,502.08000000000004,1024.6704,0.0,2475.6384,0.0,0.0,0.0,0.0,0.0,0.0,0.0,23.8536,0.0,0.0,0.0,0.0,0.0,8375.2848,0.0,0.0,0.0,0.0,0.0,867.0432000000001,0.0,0.0,1844.4695999999994,1778.1455999999998,0.0,0.0,0.0,0.0,137.4768,1375.3536,204.4752,0.0,0.0,0.0,2069.2248,51.2424,760.6055999999999,0.0,0.0,2084.136,862.3968,1469.5896,3234.7416,12987.4824,2097.1992,0.0,0.0,0.012
0.0,0.0,0.0,1204.5168,0.0,22097.203199999996,6252.124800000001,0.0,0.0,1065.7728,121.9656,0.0,1222.6799999999998,41604.5352,64114.828799999996,151.9152,0.0,620.4432,0.0,16415.995199999998,81735.1656,0.0,583.6200000000001,5850.100799999999,8265.684000000001,0.0,0.0,0.0,0.0,0.0,2130.7896,3929.5775999999987,0.0,0.0,0.0,0.0,193.0824,0.0,0.0,0.0,0.0,0.0,0.0,0.0,0.0,0.0,0.0,0.0,0.0,0.0,0.0,0.0,0.0,0.0,44.616,0.0,0.0,0.0,0.0,0.0,0.0,562.1568,0.0,0.0,0.0,0.0,0.0,0.0,7852.236,0.0,0.0,0.0,0.0,502.08000000000004,1024.6704,0.0,2475.6384,0.0,0.0,0.0,0.0,0.0,0.0,0.0,23.8536,0.0,0.0,0.0,0.0,0.0,8375.2848,0.0,0.0,0.0,0.0,0.0,867.0432000000001,0.0,0.0,1844.4695999999994,1778.1455999999998,0.0,0.0,0.0,0.0,137.4768,1375.3536,204.4752,0.0,0.0,0.0,2069.2248,51.2424,760.6055999999999,0.0,0.0,2084.136,862.3968,1469.5896,3234.7416,12987.4824,2097.1992,0.0,0.0,0.012
0.0,0.0,0.0,1568.9472,0.0,30114.2472,16214.0616,0.0,0.0,1175.5344,139.64159999999998,0.0,1259.4696000000001,45889.2336,70160.34479999999,1356.1224,0.0,2743.2072,0.0,16140.311999999998,84737.3952,0.0,1824.4416,6104.088,8146.288800000002,0.0,0.0,0.0,0.0,0.0,1355.112,2673.489599999999,0.0,0.0,0.0,0.0,216.4752,0.0,0.0,0.0,0.0,0.0,0.0,0.0,0.0,0.0,0.0,0.0,0.0,0.0,0.0,0.0,0.0,0.0,47.0808,0.0,0.0,0.0,0.0,0.0,0.0,426.0888,0.0,0.0,0.0,0.0,0.0,0.0,7842.374400000001,0.0,0.0,0.0,0.0,498.312,1023.384,0.0,2472.5303999999996,0.0,0.0,0.0,0.0,0.0,0.0,0.0,53.016000000000005,0.0,0.0,0.0,0.0,0.0,8451.184799999999,0.0,0.0,0.0,0.0,0.0,933.492,0.0,0.0,2667.7943999999998,1766.0256,0.0,0.0,0.0,0.0,153.732,1406.9951999999998,253.3584,0.0,0.0,0.0,2227.812,50.5248,735.5736,0.0,0.0,2079.0407999999998,888.3456,1582.2216,3446.7096,13378.281599999998,2126.8248,0.0,0.0,0.08159999999999999
0.0,0.0,0.0,1568.9472,0.0,30114.2472,16214.0616,0.0,0.0,1175.5344,139.64159999999998,0.0,1259.4696000000001,45889.2336,70160.34479999999,1356.1224,0.0,2743.2072,0.0,16140.311999999998,84737.3952,0.0,1824.4416,6104.088,8146.288800000002,0.0,0.0,0.0,0.0,0.0,1355.112,2673.489599999999,0.0,0.0,0.0,0.0,216.4752,0.0,0.0,0.0,0.0,0.0,0.0,0.0,0.0,0.0,0.0,0.0,0.0,0.0,0.0,0.0,0.0,0.0,47.0808,0.0,0.0,0.0,0.0,0.0,0.0,426.0888,0.0,0.0,0.0,0.0,0.0,0.0,7842.374400000001,0.0,0.0,0.0,0.0,498.312,1023.384,0.0,2472.5303999999996,0.0,0.0,0.0,0.0,0.0,0.0,0.0,53.016000000000005,0.0,0.0,0.0,0.0,0.0,8451.184799999999,0.0,0.0,0.0,0.0,0.0,933.492,0.0,0.0,2667.7943999999998,1766.0256,0.0,0.0,0.0,0.0,153.732,1406.9951999999998,253.3584,0.0,0.0,0.0,2227.812,50.5248,735.5736,0.0,0.0,2079.0407999999998,888.3456,1582.2216,3446.7096,13378.281599999998,2126.8248,0.0,0.0,0.08159999999999999
0.0,0.0,0.0,1568.9472,0.0,30114.2472,16214.0616,0.0,0.0,1175.5344,139.64159999999998,0.0,1259.4696000000001,45889.2336,70160.34479999999,1356.1224,0.0,2743.2072,0.0,16140.311999999998,84737.3952,0.0,1824.4416,6104.088,8146.288800000002,0.0,0.0,0.0,0.0,0.0,1355.112,2673.489599999999,0.0,0.0,0.0,0.0,216.4752,0.0,0.0,0.0,0.0,0.0,0.0,0.0,0.0,0.0,0.0,0.0,0.0,0.0,0.0,0.0,0.0,0.0,47.0808,0.0,0.0,0.0,0.0,0.0,0.0,426.0888,0.0,0.0,0.0,0.0,0.0,0.0,7842.374400000001,0.0,0.0,0.0,0.0,498.312,1023.384,0.0,2472.5303999999996,0.0,0.0,0.0,0.0,0.0,0.0,0.0,53.016000000000005,0.0,0.0,0.0,0.0,0.0,8451.184799999999,0.0,0.0,0.0,0.0,0.0,933.492,0.0,0.0,2667.7943999999998,1766.0256,0.0,0.0,0.0,0.0,153.732,1406.9951999999998,253.3584,0.0,0.0,0.0,2227.812,50.5248,735.5736,0.0,0.0,2079.0407999999998,888.3456,1582.2216,3446.7096,13378.281599999998,2126.8248,0.0,0.0,0.08159999999999999
0.0,0.0,0.0,1568.9472,0.0,30114.2472,16214.0616,0.0,0.0,1175.5344,139.64159999999998,0.0,1259.4696000000001,45889.2336,70160.34479999999,1356.1224,0.0,2743.2072,0.0,16140.311999999998,84737.3952,0.0,1824.4416,6104.088,8146.288800000002,0.0,0.0,0.0,0.0,0.0,1355.112,2673.489599999999,0.0,0.0,0.0,0.0,216.4752,0.0,0.0,0.0,0.0,0.0,0.0,0.0,0.0,0.0,0.0,0.0,0.0,0.0,0.0,0.0,0.0,0.0,47.0808,0.0,0.0,0.0,0.0,0.0,0.0,426.0888,0.0,0.0,0.0,0.0,0.0,0.0,7842.374400000001,0.0,0.0,0.0,0.0,498.312,1023.384,0.0,2472.5303999999996,0.0,0.0,0.0,0.0,0.0,0.0,0.0,53.016000000000005,0.0,0.0,0.0,0.0,0.0,8451.184799999999,0.0,0.0,0.0,0.0,0.0,933.492,0.0,0.0,2667.7943999999998,1766.0256,0.0,0.0,0.0,0.0,153.732,1406.9951999999998,253.3584,0.0,0.0,0.0,2227.812,50.5248,735.5736,0.0,0.0,2079.0407999999998,888.3456,1582.2216,3446.7096,13378.281599999998,2126.8248,0.0,0.0,0.08159999999999999
0.0,0.0,0.0,1568.9472,0.0,30114.2472,16214.0616,0.0,0.0,1175.5344,139.64159999999998,0.0,1259.4696000000001,45889.2336,70160.34479999999,1356.1224,0.0,2743.2072,0.0,16140.311999999998,84737.3952,0.0,1824.4416,6104.088,8146.288800000002,0.0,0.0,0.0,0.0,0.0,1355.112,2673.489599999999,0.0,0.0,0.0,0.0,216.4752,0.0,0.0,0.0,0.0,0.0,0.0,0.0,0.0,0.0,0.0,0.0,0.0,0.0,0.0,0.0,0.0,0.0,47.0808,0.0,0.0,0.0,0.0,0.0,0.0,426.0888,0.0,0.0,0.0,0.0,0.0,0.0,7842.374400000001,0.0,0.0,0.0,0.0,498.312,1023.384,0.0,2472.5303999999996,0.0,0.0,0.0,0.0,0.0,0.0,0.0,53.016000000000005,0.0,0.0,0.0,0.0,0.0,8451.184799999999,0.0,0.0,0.0,0.0,0.0,933.492,0.0,0.0,2667.7943999999998,1766.0256,0.0,0.0,0.0,0.0,153.732,1406.9951999999998,253.3584,0.0,0.0,0.0,2227.812,50.5248,735.5736,0.0,0.0,2079.0407999999998,888.3456,1582.2216,3446.7096,13378.281599999998,2126.8248,0.0,0.0,0.08159999999999999
0.0,0.0,0.0,1568.9472,0.0,30114.2472,16214.0616,0.0,0.0,1175.5344,139.64159999999998,0.0,1259.4696000000001,45889.2336,70160.34479999999,1356.1224,0.0,2743.2072,0.0,16140.311999999998,84737.3952,0.0,1824.4416,6104.088,8146.288800000002,0.0,0.0,0.0,0.0,0.0,1355.112,2673.489599999999,0.0,0.0,0.0,0.0,216.4752,0.0,0.0,0.0,0.0,0.0,0.0,0.0,0.0,0.0,0.0,0.0,0.0,0.0,0.0,0.0,0.0,0.0,47.0808,0.0,0.0,0.0,0.0,0.0,0.0,426.0888,0.0,0.0,0.0,0.0,0.0,0.0,7842.374400000001,0.0,0.0,0.0,0.0,498.312,1023.384,0.0,2472.5303999999996,0.0,0.0,0.0,0.0,0.0,0.0,0.0,53.016000000000005,0.0,0.0,0.0,0.0,0.0,8451.184799999999,0.0,0.0,0.0,0.0,0.0,933.492,0.0,0.0,2667.7943999999998,1766.0256,0.0,0.0,0.0,0.0,153.732,1406.9951999999998,253.3584,0.0,0.0,0.0,2227.812,50.5248,735.5736,0.0,0.0,2079.0407999999998,888.3456,1582.2216,3446.7096,13378.281599999998,2126.8248,0.0,0.0,0.08159999999999999
0.0,0.0,0.0,1568.9472,0.0,30114.2472,16214.0616,0.0,0.0,1175.5344,139.64159999999998,0.0,1259.4696000000001,45889.2336,70160.34479999999,1356.1224,0.0,2743.2072,0.0,16140.311999999998,84737.3952,0.0,1824.4416,6104.088,8146.288800000002,0.0,0.0,0.0,0.0,0.0,1355.112,2673.489599999999,0.0,0.0,0.0,0.0,216.4752,0.0,0.0,0.0,0.0,0.0,0.0,0.0,0.0,0.0,0.0,0.0,0.0,0.0,0.0,0.0,0.0,0.0,47.0808,0.0,0.0,0.0,0.0,0.0,0.0,426.0888,0.0,0.0,0.0,0.0,0.0,0.0,7842.374400000001,0.0,0.0,0.0,0.0,498.312,1023.384,0.0,2472.5303999999996,0.0,0.0,0.0,0.0,0.0,0.0,0.0,53.016000000000005,0.0,0.0,0.0,0.0,0.0,8451.184799999999,0.0,0.0,0.0,0.0,0.0,933.492,0.0,0.0,2667.7943999999998,1766.0256,0.0,0.0,0.0,0.0,153.732,1406.9951999999998,253.3584,0.0,0.0,0.0,2227.812,50.5248,735.5736,0.0,0.0,2079.0407999999998,888.3456,1582.2216,3446.7096,13378.281599999998,2126.8248,0.0,0.0,0.08159999999999999
0.0,0.0,0.0,1998.4560000000001,0.0,38779.2936,9552.7992,0.0,0.0,1230.7584,309.6,0.0,1322.6232,48045.01200000001,73481.2872,921.6024000000001,0.0,2508.9888,0.0,16104.352799999999,95400.17039999999,0.0,2330.1048,5972.894399999999,7791.633600000001,0.0,0.0,0.0,0.0,0.0,1209.9912,2485.1231999999995,0.0,0.0,0.0,0.0,239.48160000000001,0.0,0.0,0.0,0.0,0.0,0.0,0.0,0.0,0.0,0.0,0.0,0.0,0.0,0.0,0.0,0.0,0.0,56.184,0.0,0.0,0.0,0.0,0.0,0.0,392.7504,0.0,0.0,0.0,0.0,0.0,0.0,8382.5856,0.0,0.0,0.0,0.0,524.6999999999999,1093.8792,0.0,2642.8464,0.0,0.0,0.0,0.0,0.0,0.0,0.0,80.6352,0.0,0.0,0.0,0.0,0.0,8549.6208,0.0,0.0,0.0,0.0,0.0,863.3208,0.0,0.0,1901.9208000000003,1763.7984000000001,0.0,0.0,0.0,0.0,145.81439999999998,1681.5623999999998,273.61199999999997,0.0,0.0,0.0,2060.3448000000003,48.117599999999996,724.0224,0.0,0.0,2072.8104,932.8944000000001,1463.28,2826.2544,14049.148799999999,1920.7176,0.0,0.0,0.0672
0.0,0.0,0.0,1998.4560000000001,0.0,38779.2936,9552.7992,0.0,0.0,1230.7584,309.6,0.0,1322.6232,48045.01200000001,73481.2872,921.6024000000001,0.0,2508.9888,0.0,16104.352799999999,95400.17039999999,0.0,2330.1048,5972.894399999999,7791.633600000001,0.0,0.0,0.0,0.0,0.0,1209.9912,2485.1231999999995,0.0,0.0,0.0,0.0,239.48160000000001,0.0,0.0,0.0,0.0,0.0,0.0,0.0,0.0,0.0,0.0,0.0,0.0,0.0,0.0,0.0,0.0,0.0,56.184,0.0,0.0,0.0,0.0,0.0,0.0,392.7504,0.0,0.0,0.0,0.0,0.0,0.0,8382.5856,0.0,0.0,0.0,0.0,524.6999999999999,1093.8792,0.0,2642.8464,0.0,0.0,0.0,0.0,0.0,0.0,0.0,80.6352,0.0,0.0,0.0,0.0,0.0,8549.6208,0.0,0.0,0.0,0.0,0.0,863.3208,0.0,0.0,1901.9208000000003,1763.7984000000001,0.0,0.0,0.0,0.0,145.81439999999998,1681.5623999999998,273.61199999999997,0.0,0.0,0.0,2060.3448000000003,48.117599999999996,724.0224,0.0,0.0,2072.8104,932.8944000000001,1463.28,2826.2544,14049.148799999999,1920.7176,0.0,0.0,0.0672
0.0,0.0,0.0,1998.4560000000001,0.0,38779.2936,9552.7992,0.0,0.0,1230.7584,309.6,0.0,1322.6232,48045.01200000001,73481.2872,921.6024000000001,0.0,2508.9888,0.0,16104.352799999999,95400.17039999999,0.0,2330.1048,5972.894399999999,7791.633600000001,0.0,0.0,0.0,0.0,0.0,1209.9912,2485.1231999999995,0.0,0.0,0.0,0.0,239.48160000000001,0.0,0.0,0.0,0.0,0.0,0.0,0.0,0.0,0.0,0.0,0.0,0.0,0.0,0.0,0.0,0.0,0.0,56.184,0.0,0.0,0.0,0.0,0.0,0.0,392.7504,0.0,0.0,0.0,0.0,0.0,0.0,8382.5856,0.0,0.0,0.0,0.0,524.6999999999999,1093.8792,0.0,2642.8464,0.0,0.0,0.0,0.0,0.0,0.0,0.0,80.6352,0.0,0.0,0.0,0.0,0.0,8549.6208,0.0,0.0,0.0,0.0,0.0,863.3208,0.0,0.0,1901.9208000000003,1763.7984000000001,0.0,0.0,0.0,0.0,145.81439999999998,1681.5623999999998,273.61199999999997,0.0,0.0,0.0,2060.3448000000003,48.117599999999996,724.0224,0.0,0.0,2072.8104,932.8944000000001,1463.28,2826.2544,14049.148799999999,1920.7176,0.0,0.0,0.0672
0.0,0.0,0.0,1998.4560000000001,0.0,38779.2936,9552.7992,0.0,0.0,1230.7584,309.6,0.0,1322.6232,48045.01200000001,73481.2872,921.6024000000001,0.0,2508.9888,0.0,16104.352799999999,95400.17039999999,0.0,2330.1048,5972.894399999999,7791.633600000001,0.0,0.0,0.0,0.0,0.0,1209.9912,2485.1231999999995,0.0,0.0,0.0,0.0,239.48160000000001,0.0,0.0,0.0,0.0,0.0,0.0,0.0,0.0,0.0,0.0,0.0,0.0,0.0,0.0,0.0,0.0,0.0,56.184,0.0,0.0,0.0,0.0,0.0,0.0,392.7504,0.0,0.0,0.0,0.0,0.0,0.0,8382.5856,0.0,0.0,0.0,0.0,524.6999999999999,1093.8792,0.0,2642.8464,0.0,0.0,0.0,0.0,0.0,0.0,0.0,80.6352,0.0,0.0,0.0,0.0,0.0,8549.6208,0.0,0.0,0.0,0.0,0.0,863.3208,0.0,0.0,1901.9208000000003,1763.7984000000001,0.0,0.0,0.0,0.0,145.81439999999998,1681.5623999999998,273.61199999999997,0.0,0.0,0.0,2060.3448000000003,48.117599999999996,724.0224,0.0,0.0,2072.8104,932.8944000000001,1463.28,2826.2544,14049.148799999999,1920.7176,0.0,0.0,0.0672
0.0,0.0,0.0,1998.4560000000001,0.0,38779.2936,9552.7992,0.0,0.0,1230.7584,309.6,0.0,1322.6232,48045.01200000001,73481.2872,921.6024000000001,0.0,2508.9888,0.0,16104.352799999999,95400.17039999999,0.0,2330.1048,5972.894399999999,7791.633600000001,0.0,0.0,0.0,0.0,0.0,1209.9912,2485.1231999999995,0.0,0.0,0.0,0.0,239.48160000000001,0.0,0.0,0.0,0.0,0.0,0.0,0.0,0.0,0.0,0.0,0.0,0.0,0.0,0.0,0.0,0.0,0.0,56.184,0.0,0.0,0.0,0.0,0.0,0.0,392.7504,0.0,0.0,0.0,0.0,0.0,0.0,8382.5856,0.0,0.0,0.0,0.0,524.6999999999999,1093.8792,0.0,2642.8464,0.0,0.0,0.0,0.0,0.0,0.0,0.0,80.6352,0.0,0.0,0.0,0.0,0.0,8549.6208,0.0,0.0,0.0,0.0,0.0,863.3208,0.0,0.0,1901.9208000000003,1763.7984000000001,0.0,0.0,0.0,0.0,145.81439999999998,1681.5623999999998,273.61199999999997,0.0,0.0,0.0,2060.3448000000003,48.117599999999996,724.0224,0.0,0.0,2072.8104,932.8944000000001,1463.28,2826.2544,14049.148799999999,1920.7176,0.0,0.0,0.0672
0.0,0.0,0.0,1998.4560000000001,0.0,38779.2936,9552.7992,0.0,0.0,1230.7584,309.6,0.0,1322.6232,48045.01200000001,73481.2872,921.6024000000001,0.0,2508.9888,0.0,16104.352799999999,95400.17039999999,0.0,2330.1048,5972.894399999999,7791.633600000001,0.0,0.0,0.0,0.0,0.0,1209.9912,2485.1231999999995,0.0,0.0,0.0,0.0,239.48160000000001,0.0,0.0,0.0,0.0,0.0,0.0,0.0,0.0,0.0,0.0,0.0,0.0,0.0,0.0,0.0,0.0,0.0,56.184,0.0,0.0,0.0,0.0,0.0,0.0,392.7504,0.0,0.0,0.0,0.0,0.0,0.0,8382.5856,0.0,0.0,0.0,0.0,524.6999999999999,1093.8792,0.0,2642.8464,0.0,0.0,0.0,0.0,0.0,0.0,0.0,80.6352,0.0,0.0,0.0,0.0,0.0,8549.6208,0.0,0.0,0.0,0.0,0.0,863.3208,0.0,0.0,1901.9208000000003,1763.7984000000001,0.0,0.0,0.0,0.0,145.81439999999998,1681.5623999999998,273.61199999999997,0.0,0.0,0.0,2060.3448000000003,48.117599999999996,724.0224,0.0,0.0,2072.8104,932.8944000000001,1463.28,2826.2544,14049.148799999999,1920.7176,0.0,0.0,0.0672
0.0,0.0,0.0,1998.4560000000001,0.0,38779.2936,9552.7992,0.0,0.0,1230.7584,309.6,0.0,1322.6232,48045.01200000001,73481.2872,921.6024000000001,0.0,2508.9888,0.0,16104.352799999999,95400.17039999999,0.0,2330.1048,5972.894399999999,7791.633600000001,0.0,0.0,0.0,0.0,0.0,1209.9912,2485.1231999999995,0.0,0.0,0.0,0.0,239.48160000000001,0.0,0.0,0.0,0.0,0.0,0.0,0.0,0.0,0.0,0.0,0.0,0.0,0.0,0.0,0.0,0.0,0.0,56.184,0.0,0.0,0.0,0.0,0.0,0.0,392.7504,0.0,0.0,0.0,0.0,0.0,0.0,8382.5856,0.0,0.0,0.0,0.0,524.6999999999999,1093.8792,0.0,2642.8464,0.0,0.0,0.0,0.0,0.0,0.0,0.0,80.6352,0.0,0.0,0.0,0.0,0.0,8549.6208,0.0,0.0,0.0,0.0,0.0,863.3208,0.0,0.0,1901.9208000000003,1763.7984000000001,0.0,0.0,0.0,0.0,145.81439999999998,1681.5623999999998,273.61199999999997,0.0,0.0,0.0,2060.3448000000003,48.117599999999996,724.0224,0.0,0.0,2072.8104,932.8944000000001,1463.28,2826.2544,14049.148799999999,1920.7176,0.0,0.0,0.0672
0.0,0.0,0.0,1487.1912,0.0,25506.15360000001,5362.564800000001,0.0,0.0,1250.5704,162.5688,0.0,1306.332,49405.166399999995,74475.37199999999,305.54639999999995,0.0,1075.5312000000001,0.0,13118.8272,92340.61440000002,0.0,968.4359999999999,5559.5256,7922.2776,0.0,0.0,0.0,0.0,0.0,1389.4080000000001,2895.2856,0.0,0.0,0.0,0.0,259.4544,0.0,0.0,0.0,0.0,0.0,0.0,0.0,0.0,0.0,0.0,0.0,0.0,0.0,0.0,0.0,0.0,0.0,55.163999999999994,0.0,0.0,0.0,0.0,0.0,0.0,402.13439999999997,0.0,0.0,0.0,0.0,0.0,0.0,7640.344800000001,0.0,0.0,0.0,0.0,512.6736000000001,978.012,0.0,2338.2504,0.0,0.0,0.0,0.0,0.0,0.0,0.0,79.3176,0.0,0.0,0.0,0.0,0.0,9642.7152,0.0,0.0,0.0,0.0,0.0,836.6832,0.0,0.0,1755.7512,1753.44,0.0,0.0,0.0,0.0,146.26319999999998,1647.9167999999997,314.892,0.0,0.0,0.0,1996.7759999999998,47.844,731.3951999999999,0.0,0.0,1900.152,921.3984,1418.136,2350.8336,14007.676799999997,1797.9888,0.0,0.0,0.0672
0.0,0.0,0.0,1487.1912,0.0,25506.15360000001,5362.564800000001,0.0,0.0,1250.5704,162.5688,0.0,1306.332,49405.166399999995,74475.37199999999,305.54639999999995,0.0,1075.5312000000001,0.0,13118.8272,92340.61440000002,0.0,968.4359999999999,5559.5256,7922.2776,0.0,0.0,0.0,0.0,0.0,1389.4080000000001,2895.2856,0.0,0.0,0.0,0.0,259.4544,0.0,0.0,0.0,0.0,0.0,0.0,0.0,0.0,0.0,0.0,0.0,0.0,0.0,0.0,0.0,0.0,0.0,55.163999999999994,0.0,0.0,0.0,0.0,0.0,0.0,402.13439999999997,0.0,0.0,0.0,0.0,0.0,0.0,7640.344800000001,0.0,0.0,0.0,0.0,512.6736000000001,978.012,0.0,2338.2504,0.0,0.0,0.0,0.0,0.0,0.0,0.0,79.3176,0.0,0.0,0.0,0.0,0.0,9642.7152,0.0,0.0,0.0,0.0,0.0,836.6832,0.0,0.0,1755.7512,1753.44,0.0,0.0,0.0,0.0,146.26319999999998,1647.9167999999997,314.892,0.0,0.0,0.0,1996.7759999999998,47.844,731.3951999999999,0.0,0.0,1900.152,921.3984,1418.136,2350.8336,14007.676799999997,1797.9888,0.0,0.0,0.0672
0.0,0.0,0.0,1487.1912,0.0,25506.15360000001,5362.564800000001,0.0,0.0,1250.5704,162.5688,0.0,1306.332,49405.166399999995,74475.37199999999,305.54639999999995,0.0,1075.5312000000001,0.0,13118.8272,92340.61440000002,0.0,968.4359999999999,5559.5256,7922.2776,0.0,0.0,0.0,0.0,0.0,1389.4080000000001,2895.2856,0.0,0.0,0.0,0.0,259.4544,0.0,0.0,0.0,0.0,0.0,0.0,0.0,0.0,0.0,0.0,0.0,0.0,0.0,0.0,0.0,0.0,0.0,55.163999999999994,0.0,0.0,0.0,0.0,0.0,0.0,402.13439999999997,0.0,0.0,0.0,0.0,0.0,0.0,7640.344800000001,0.0,0.0,0.0,0.0,512.6736000000001,978.012,0.0,2338.2504,0.0,0.0,0.0,0.0,0.0,0.0,0.0,79.3176,0.0,0.0,0.0,0.0,0.0,9642.7152,0.0,0.0,0.0,0.0,0.0,836.6832,0.0,0.0,1755.7512,1753.44,0.0,0.0,0.0,0.0,146.26319999999998,1647.9167999999997,314.892,0.0,0.0,0.0,1996.7759999999998,47.844,731.3951999999999,0.0,0.0,1900.152,921.3984,1418.136,2350.8336,14007.676799999997,1797.9888,0.0,0.0,0.0672
0.0,0.0,0.0,1487.1912,0.0,25506.15360000001,5362.564800000001,0.0,0.0,1250.5704,162.5688,0.0,1306.332,49405.166399999995,74475.37199999999,305.54639999999995,0.0,1075.5312000000001,0.0,13118.8272,92340.61440000002,0.0,968.4359999999999,5559.5256,7922.2776,0.0,0.0,0.0,0.0,0.0,1389.4080000000001,2895.2856,0.0,0.0,0.0,0.0,259.4544,0.0,0.0,0.0,0.0,0.0,0.0,0.0,0.0,0.0,0.0,0.0,0.0,0.0,0.0,0.0,0.0,0.0,55.163999999999994,0.0,0.0,0.0,0.0,0.0,0.0,402.13439999999997,0.0,0.0,0.0,0.0,0.0,0.0,7640.344800000001,0.0,0.0,0.0,0.0,512.6736000000001,978.012,0.0,2338.2504,0.0,0.0,0.0,0.0,0.0,0.0,0.0,79.3176,0.0,0.0,0.0,0.0,0.0,9642.7152,0.0,0.0,0.0,0.0,0.0,836.6832,0.0,0.0,1755.7512,1753.44,0.0,0.0,0.0,0.0,146.26319999999998,1647.9167999999997,314.892,0.0,0.0,0.0,1996.7759999999998,47.844,731.3951999999999,0.0,0.0,1900.152,921.3984,1418.136,2350.8336,14007.676799999997,1797.9888,0.0,0.0,0.0672
0.0,0.0,0.0,1487.1912,0.0,25506.15360000001,5362.564800000001,0.0,0.0,1250.5704,162.5688,0.0,1306.332,49405.166399999995,74475.37199999999,305.54639999999995,0.0,1075.5312000000001,0.0,13118.8272,92340.61440000002,0.0,968.4359999999999,5559.5256,7922.2776,0.0,0.0,0.0,0.0,0.0,1389.4080000000001,2895.2856,0.0,0.0,0.0,0.0,259.4544,0.0,0.0,0.0,0.0,0.0,0.0,0.0,0.0,0.0,0.0,0.0,0.0,0.0,0.0,0.0,0.0,0.0,55.163999999999994,0.0,0.0,0.0,0.0,0.0,0.0,402.13439999999997,0.0,0.0,0.0,0.0,0.0,0.0,7640.344800000001,0.0,0.0,0.0,0.0,512.6736000000001,978.012,0.0,2338.2504,0.0,0.0,0.0,0.0,0.0,0.0,0.0,79.3176,0.0,0.0,0.0,0.0,0.0,9642.7152,0.0,0.0,0.0,0.0,0.0,836.6832,0.0,0.0,1755.7512,1753.44,0.0,0.0,0.0,0.0,146.26319999999998,1647.9167999999997,314.892,0.0,0.0,0.0,1996.7759999999998,47.844,731.3951999999999,0.0,0.0,1900.152,921.3984,1418.136,2350.8336,14007.676799999997,1797.9888,0.0,0.0,0.0672
0.0,0.0,0.0,1487.1912,0.0,25506.15360000001,5362.564800000001,0.0,0.0,1250.5704,162.5688,0.0,1306.332,49405.166399999995,74475.37199999999,305.54639999999995,0.0,1075.5312000000001,0.0,13118.8272,92340.61440000002,0.0,968.4359999999999,5559.5256,7922.2776,0.0,0.0,0.0,0.0,0.0,1389.4080000000001,2895.2856,0.0,0.0,0.0,0.0,259.4544,0.0,0.0,0.0,0.0,0.0,0.0,0.0,0.0,0.0,0.0,0.0,0.0,0.0,0.0,0.0,0.0,0.0,55.163999999999994,0.0,0.0,0.0,0.0,0.0,0.0,402.13439999999997,0.0,0.0,0.0,0.0,0.0,0.0,7640.344800000001,0.0,0.0,0.0,0.0,512.6736000000001,978.012,0.0,2338.2504,0.0,0.0,0.0,0.0,0.0,0.0,0.0,79.3176,0.0,0.0,0.0,0.0,0.0,9642.7152,0.0,0.0,0.0,0.0,0.0,836.6832,0.0,0.0,1755.7512,1753.44,0.0,0.0,0.0,0.0,146.26319999999998,1647.9167999999997,314.892,0.0,0.0,0.0,1996.7759999999998,47.844,731.3951999999999,0.0,0.0,1900.152,921.3984,1418.136,2350.8336,14007.676799999997,1797.9888,0.0,0.0,0.0672
0.0,0.0,0.0,1487.1912,0.0,25506.15360000001,5362.564800000001,0.0,0.0,1250.5704,162.5688,0.0,1306.332,49405.166399999995,74475.37199999999,305.54639999999995,0.0,1075.5312000000001,0.0,13118.8272,92340.61440000002,0.0,968.4359999999999,5559.5256,7922.2776,0.0,0.0,0.0,0.0,0.0,1389.4080000000001,2895.2856,0.0,0.0,0.0,0.0,259.4544,0.0,0.0,0.0,0.0,0.0,0.0,0.0,0.0,0.0,0.0,0.0,0.0,0.0,0.0,0.0,0.0,0.0,55.163999999999994,0.0,0.0,0.0,0.0,0.0,0.0,402.13439999999997,0.0,0.0,0.0,0.0,0.0,0.0,7640.344800000001,0.0,0.0,0.0,0.0,512.6736000000001,978.012,0.0,2338.2504,0.0,0.0,0.0,0.0,0.0,0.0,0.0,79.3176,0.0,0.0,0.0,0.0,0.0,9642.7152,0.0,0.0,0.0,0.0,0.0,836.6832,0.0,0.0,1755.7512,1753.44,0.0,0.0,0.0,0.0,146.26319999999998,1647.9167999999997,314.892,0.0,0.0,0.0,1996.7759999999998,47.844,731.3951999999999,0.0,0.0,1900.152,921.3984,1418.136,2350.8336,14007.676799999997,1797.9888,0.0,0.0,0.0672
0.0,0.0,0.0,2104.6008,0.0,36255.278399999996,11094.986400000002,0.0,0.0,1057.2,136.3872,0.0,1420.596,43245.36719999999,64544.604,1546.3968,0.0,3653.2608000000005,0.0,17368.1424,86383.19039999999,0.0,3192.2016000000003,4834.9632,8283.8448,0.0,0.0,0.0,0.0,0.0,1754.3952000000002,3734.942399999999,0.0,0.0,0.0,0.0,270.15840000000003,0.0,0.0,0.0,0.0,0.0,0.0,0.0,0.0,0.0,0.0,0.0,0.0,0.0,0.0,0.0,0.0,0.0,57.924,0.0,0.0,0.0,0.0,0.0,0.0,417.6432,0.0,0.0,0.0,0.0,0.0,0.0,7899.1416,0.0,0.0,0.0,0.0,657.78,937.7328,0.0,2144.9016,0.0,0.0,0.0,0.0,0.0,0.0,0.0,68.91120000000001,0.0,0.0,0.0,0.0,0.0,11919.561599999999,0.0,0.0,0.0,0.0,0.0,773.0520000000001,0.0,0.0,1635.6072,1729.8192000000001,0.0,0.0,0.0,0.0,147.8784,1324.7999999999997,249.12,0.0,0.0,0.0,1844.9136,50.0496,734.0400000000001,0.0,0.0,1781.0616,1001.9952000000001,1310.2824,3333.8304,15609.0504,2073.1224,0.0,0.0,0.0528
0.0,0.0,0.0,2104.6008,0.0,36255.278399999996,11094.986400000002,0.0,0.0,1057.2,136.3872,0.0,1420.596,43245.36719999999,64544.604,1546.3968,0.0,3653.2608000000005,0.0,17368.1424,86383.19039999999,0.0,3192.2016000000003,4834.9632,8283.8448,0.0,0.0,0.0,0.0,0.0,1754.3952000000002,3734.942399999999,0.0,0.0,0.0,0.0,270.15840000000003,0.0,0.0,0.0,0.0,0.0,0.0,0.0,0.0,0.0,0.0,0.0,0.0,0.0,0.0,0.0,0.0,0.0,57.924,0.0,0.0,0.0,0.0,0.0,0.0,417.6432,0.0,0.0,0.0,0.0,0.0,0.0,7899.1416,0.0,0.0,0.0,0.0,657.78,937.7328,0.0,2144.9016,0.0,0.0,0.0,0.0,0.0,0.0,0.0,68.91120000000001,0.0,0.0,0.0,0.0,0.0,11919.561599999999,0.0,0.0,0.0,0.0,0.0,773.0520000000001,0.0,0.0,1635.6072,1729.8192000000001,0.0,0.0,0.0,0.0,147.8784,1324.7999999999997,249.12,0.0,0.0,0.0,1844.9136,50.0496,734.0400000000001,0.0,0.0,1781.0616,1001.9952000000001,1310.2824,3333.8304,15609.0504,2073.1224,0.0,0.0,0.0528
0.0,0.0,0.0,2104.6008,0.0,36255.278399999996,11094.986400000002,0.0,0.0,1057.2,136.3872,0.0,1420.596,43245.36719999999,64544.604,1546.3968,0.0,3653.2608000000005,0.0,17368.1424,86383.19039999999,0.0,3192.2016000000003,4834.9632,8283.8448,0.0,0.0,0.0,0.0,0.0,1754.3952000000002,3734.942399999999,0.0,0.0,0.0,0.0,270.15840000000003,0.0,0.0,0.0,0.0,0.0,0.0,0.0,0.0,0.0,0.0,0.0,0.0,0.0,0.0,0.0,0.0,0.0,57.924,0.0,0.0,0.0,0.0,0.0,0.0,417.6432,0.0,0.0,0.0,0.0,0.0,0.0,7899.1416,0.0,0.0,0.0,0.0,657.78,937.7328,0.0,2144.9016,0.0,0.0,0.0,0.0,0.0,0.0,0.0,68.91120000000001,0.0,0.0,0.0,0.0,0.0,11919.561599999999,0.0,0.0,0.0,0.0,0.0,773.0520000000001,0.0,0.0,1635.6072,1729.8192000000001,0.0,0.0,0.0,0.0,147.8784,1324.7999999999997,249.12,0.0,0.0,0.0,1844.9136,50.0496,734.0400000000001,0.0,0.0,1781.0616,1001.9952000000001,1310.2824,3333.8304,15609.0504,2073.1224,0.0,0.0,0.0528
0.0,0.0,0.0,2104.6008,0.0,36255.278399999996,11094.986400000002,0.0,0.0,1057.2,136.3872,0.0,1420.596,43245.36719999999,64544.604,1546.3968,0.0,3653.2608000000005,0.0,17368.1424,86383.19039999999,0.0,3192.2016000000003,4834.9632,8283.8448,0.0,0.0,0.0,0.0,0.0,1754.3952000000002,3734.942399999999,0.0,0.0,0.0,0.0,270.15840000000003,0.0,0.0,0.0,0.0,0.0,0.0,0.0,0.0,0.0,0.0,0.0,0.0,0.0,0.0,0.0,0.0,0.0,57.924,0.0,0.0,0.0,0.0,0.0,0.0,417.6432,0.0,0.0,0.0,0.0,0.0,0.0,7899.1416,0.0,0.0,0.0,0.0,657.78,937.7328,0.0,2144.9016,0.0,0.0,0.0,0.0,0.0,0.0,0.0,68.91120000000001,0.0,0.0,0.0,0.0,0.0,11919.561599999999,0.0,0.0,0.0,0.0,0.0,773.0520000000001,0.0,0.0,1635.6072,1729.8192000000001,0.0,0.0,0.0,0.0,147.8784,1324.7999999999997,249.12,0.0,0.0,0.0,1844.9136,50.0496,734.0400000000001,0.0,0.0,1781.0616,1001.9952000000001,1310.2824,3333.8304,15609.0504,2073.1224,0.0,0.0,0.0528
0.0,0.0,0.0,2104.6008,0.0,36255.278399999996,11094.986400000002,0.0,0.0,1057.2,136.3872,0.0,1420.596,43245.36719999999,64544.604,1546.3968,0.0,3653.2608000000005,0.0,17368.1424,86383.19039999999,0.0,3192.2016000000003,4834.9632,8283.8448,0.0,0.0,0.0,0.0,0.0,1754.3952000000002,3734.942399999999,0.0,0.0,0.0,0.0,270.15840000000003,0.0,0.0,0.0,0.0,0.0,0.0,0.0,0.0,0.0,0.0,0.0,0.0,0.0,0.0,0.0,0.0,0.0,57.924,0.0,0.0,0.0,0.0,0.0,0.0,417.6432,0.0,0.0,0.0,0.0,0.0,0.0,7899.1416,0.0,0.0,0.0,0.0,657.78,937.7328,0.0,2144.9016,0.0,0.0,0.0,0.0,0.0,0.0,0.0,68.91120000000001,0.0,0.0,0.0,0.0,0.0,11919.561599999999,0.0,0.0,0.0,0.0,0.0,773.0520000000001,0.0,0.0,1635.6072,1729.8192000000001,0.0,0.0,0.0,0.0,147.8784,1324.7999999999997,249.12,0.0,0.0,0.0,1844.9136,50.0496,734.0400000000001,0.0,0.0,1781.0616,1001.9952000000001,1310.2824,3333.8304,15609.0504,2073.1224,0.0,0.0,0.0528
0.0,0.0,0.0,2104.6008,0.0,36255.278399999996,11094.986400000002,0.0,0.0,1057.2,136.3872,0.0,1420.596,43245.36719999999,64544.604,1546.3968,0.0,3653.2608000000005,0.0,17368.1424,86383.19039999999,0.0,3192.2016000000003,4834.9632,8283.8448,0.0,0.0,0.0,0.0,0.0,1754.3952000000002,3734.942399999999,0.0,0.0,0.0,0.0,270.15840000000003,0.0,0.0,0.0,0.0,0.0,0.0,0.0,0.0,0.0,0.0,0.0,0.0,0.0,0.0,0.0,0.0,0.0,57.924,0.0,0.0,0.0,0.0,0.0,0.0,417.6432,0.0,0.0,0.0,0.0,0.0,0.0,7899.1416,0.0,0.0,0.0,0.0,657.78,937.7328,0.0,2144.9016,0.0,0.0,0.0,0.0,0.0,0.0,0.0,68.91120000000001,0.0,0.0,0.0,0.0,0.0,11919.561599999999,0.0,0.0,0.0,0.0,0.0,773.0520000000001,0.0,0.0,1635.6072,1729.8192000000001,0.0,0.0,0.0,0.0,147.8784,1324.7999999999997,249.12,0.0,0.0,0.0,1844.9136,50.0496,734.0400000000001,0.0,0.0,1781.0616,1001.9952000000001,1310.2824,3333.8304,15609.0504,2073.1224,0.0,0.0,0.0528
0.0,0.0,0.0,2104.6008,0.0,36255.278399999996,11094.986400000002,0.0,0.0,1057.2,136.3872,0.0,1420.596,43245.36719999999,64544.604,1546.3968,0.0,3653.2608000000005,0.0,17368.1424,86383.19039999999,0.0,3192.2016000000003,4834.9632,8283.8448,0.0,0.0,0.0,0.0,0.0,1754.3952000000002,3734.942399999999,0.0,0.0,0.0,0.0,270.15840000000003,0.0,0.0,0.0,0.0,0.0,0.0,0.0,0.0,0.0,0.0,0.0,0.0,0.0,0.0,0.0,0.0,0.0,57.924,0.0,0.0,0.0,0.0,0.0,0.0,417.6432,0.0,0.0,0.0,0.0,0.0,0.0,7899.1416,0.0,0.0,0.0,0.0,657.78,937.7328,0.0,2144.9016,0.0,0.0,0.0,0.0,0.0,0.0,0.0,68.91120000000001,0.0,0.0,0.0,0.0,0.0,11919.561599999999,0.0,0.0,0.0,0.0,0.0,773.0520000000001,0.0,0.0,1635.6072,1729.8192000000001,0.0,0.0,0.0,0.0,147.8784,1324.7999999999997,249.12,0.0,0.0,0.0,1844.9136,50.0496,734.0400000000001,0.0,0.0,1781.0616,1001.9952000000001,1310.2824,3333.8304,15609.0504,2073.1224,0.0,0.0,0.0528
0.0,0.0,0.0,3400.7976000000003,0.0,53748.292799999996,13077.184800000003,0.0,0.0,1092.828,309.6,0.0,2125.5599999999995,44702.76959999999,69218.0952,1639.1208000000001,0.0,5069.9184000000005,0.0,24021.9192,105120.276,0.0,4721.3928,6222.4368,9837.664800000002,0.0,0.0,0.0,0.0,0.0,1817.7479999999998,3919.6296000000007,0.0,0.0,0.0,0.0,312.2232,0.0,0.0,0.0,0.0,0.0,0.0,0.0,0.0,0.0,0.0,0.0,0.0,0.0,0.0,0.0,0.0,0.0,62.9016,0.0,0.0,0.0,0.0,0.0,0.0,467.66880000000003,0.0,0.0,0.0,0.0,0.0,0.0,7959.2688,0.0,0.0,0.0,0.0,664.8288000000001,944.8704,0.0,2161.2288,0.0,0.0,0.0,0.0,0.0,0.0,0.0,82.88159999999999,0.0,0.0,0.0,0.0,0.0,15109.3032,0.0,0.0,0.0,0.0,0.0,783.3408000000001,0.0,0.0,1658.7191999999995,1739.6592,0.0,0.0,0.0,0.0,153.4296,1310.9904000000001,239.97359999999998,0.0,0.0,0.0,1869.4703999999997,51.477599999999995,734.0400000000001,0.0,0.0,2204.1624,1499.2248,1327.7208,2972.8416,23354.894399999997,2019.4368,0.0,0.0,0.7368
0.0,0.0,0.0,3400.7976000000003,0.0,53748.292799999996,13077.184800000003,0.0,0.0,1092.828,309.6,0.0,2125.5599999999995,44702.76959999999,69218.0952,1639.1208000000001,0.0,5069.9184000000005,0.0,24021.9192,105120.276,0.0,4721.3928,6222.4368,9837.664800000002,0.0,0.0,0.0,0.0,0.0,1817.7479999999998,3919.6296000000007,0.0,0.0,0.0,0.0,312.2232,0.0,0.0,0.0,0.0,0.0,0.0,0.0,0.0,0.0,0.0,0.0,0.0,0.0,0.0,0.0,0.0,0.0,62.9016,0.0,0.0,0.0,0.0,0.0,0.0,467.66880000000003,0.0,0.0,0.0,0.0,0.0,0.0,7959.2688,0.0,0.0,0.0,0.0,664.8288000000001,944.8704,0.0,2161.2288,0.0,0.0,0.0,0.0,0.0,0.0,0.0,82.88159999999999,0.0,0.0,0.0,0.0,0.0,15109.3032,0.0,0.0,0.0,0.0,0.0,783.3408000000001,0.0,0.0,1658.7191999999995,1739.6592,0.0,0.0,0.0,0.0,153.4296,1310.9904000000001,239.97359999999998,0.0,0.0,0.0,1869.4703999999997,51.477599999999995,734.0400000000001,0.0,0.0,2204.1624,1499.2248,1327.7208,2972.8416,23354.894399999997,2019.4368,0.0,0.0,0.7368
0.0,0.0,0.0,3400.7976000000003,0.0,53748.292799999996,13077.184800000003,0.0,0.0,1092.828,309.6,0.0,2125.5599999999995,44702.76959999999,69218.0952,1639.1208000000001,0.0,5069.9184000000005,0.0,24021.9192,105120.276,0.0,4721.3928,6222.4368,9837.664800000002,0.0,0.0,0.0,0.0,0.0,1817.7479999999998,3919.6296000000007,0.0,0.0,0.0,0.0,312.2232,0.0,0.0,0.0,0.0,0.0,0.0,0.0,0.0,0.0,0.0,0.0,0.0,0.0,0.0,0.0,0.0,0.0,62.9016,0.0,0.0,0.0,0.0,0.0,0.0,467.66880000000003,0.0,0.0,0.0,0.0,0.0,0.0,7959.2688,0.0,0.0,0.0,0.0,664.8288000000001,944.8704,0.0,2161.2288,0.0,0.0,0.0,0.0,0.0,0.0,0.0,82.88159999999999,0.0,0.0,0.0,0.0,0.0,15109.3032,0.0,0.0,0.0,0.0,0.0,783.3408000000001,0.0,0.0,1658.7191999999995,1739.6592,0.0,0.0,0.0,0.0,153.4296,1310.9904000000001,239.97359999999998,0.0,0.0,0.0,1869.4703999999997,51.477599999999995,734.0400000000001,0.0,0.0,2204.1624,1499.2248,1327.7208,2972.8416,23354.894399999997,2019.4368,0.0,0.0,0.7368
0.0,0.0,0.0,3400.7976000000003,0.0,53748.292799999996,13077.184800000003,0.0,0.0,1092.828,309.6,0.0,2125.5599999999995,44702.76959999999,69218.0952,1639.1208000000001,0.0,5069.9184000000005,0.0,24021.9192,105120.276,0.0,4721.3928,6222.4368,9837.664800000002,0.0,0.0,0.0,0.0,0.0,1817.7479999999998,3919.6296000000007,0.0,0.0,0.0,0.0,312.2232,0.0,0.0,0.0,0.0,0.0,0.0,0.0,0.0,0.0,0.0,0.0,0.0,0.0,0.0,0.0,0.0,0.0,62.9016,0.0,0.0,0.0,0.0,0.0,0.0,467.66880000000003,0.0,0.0,0.0,0.0,0.0,0.0,7959.2688,0.0,0.0,0.0,0.0,664.8288000000001,944.8704,0.0,2161.2288,0.0,0.0,0.0,0.0,0.0,0.0,0.0,82.88159999999999,0.0,0.0,0.0,0.0,0.0,15109.3032,0.0,0.0,0.0,0.0,0.0,783.3408000000001,0.0,0.0,1658.7191999999995,1739.6592,0.0,0.0,0.0,0.0,153.4296,1310.9904000000001,239.97359999999998,0.0,0.0,0.0,1869.4703999999997,51.477599999999995,734.0400000000001,0.0,0.0,2204.1624,1499.2248,1327.7208,2972.8416,23354.894399999997,2019.4368,0.0,0.0,0.7368
0.0,0.0,0.0,3400.7976000000003,0.0,53748.292799999996,13077.184800000003,0.0,0.0,1092.828,309.6,0.0,2125.5599999999995,44702.76959999999,69218.0952,1639.1208000000001,0.0,5069.9184000000005,0.0,24021.9192,105120.276,0.0,4721.3928,6222.4368,9837.664800000002,0.0,0.0,0.0,0.0,0.0,1817.7479999999998,3919.6296000000007,0.0,0.0,0.0,0.0,312.2232,0.0,0.0,0.0,0.0,0.0,0.0,0.0,0.0,0.0,0.0,0.0,0.0,0.0,0.0,0.0,0.0,0.0,62.9016,0.0,0.0,0.0,0.0,0.0,0.0,467.66880000000003,0.0,0.0,0.0,0.0,0.0,0.0,7959.2688,0.0,0.0,0.0,0.0,664.8288000000001,944.8704,0.0,2161.2288,0.0,0.0,0.0,0.0,0.0,0.0,0.0,82.88159999999999,0.0,0.0,0.0,0.0,0.0,15109.3032,0.0,0.0,0.0,0.0,0.0,783.3408000000001,0.0,0.0,1658.7191999999995,1739.6592,0.0,0.0,0.0,0.0,153.4296,1310.9904000000001,239.97359999999998,0.0,0.0,0.0,1869.4703999999997,51.477599999999995,734.0400000000001,0.0,0.0,2204.1624,1499.2248,1327.7208,2972.8416,23354.894399999997,2019.4368,0.0,0.0,0.7368
0.0,0.0,0.0,3400.7976000000003,0.0,53748.292799999996,13077.184800000003,0.0,0.0,1092.828,309.6,0.0,2125.5599999999995,44702.76959999999,69218.0952,1639.1208000000001,0.0,5069.9184000000005,0.0,24021.9192,105120.276,0.0,4721.3928,6222.4368,9837.664800000002,0.0,0.0,0.0,0.0,0.0,1817.7479999999998,3919.6296000000007,0.0,0.0,0.0,0.0,312.2232,0.0,0.0,0.0,0.0,0.0,0.0,0.0,0.0,0.0,0.0,0.0,0.0,0.0,0.0,0.0,0.0,0.0,62.9016,0.0,0.0,0.0,0.0,0.0,0.0,467.66880000000003,0.0,0.0,0.0,0.0,0.0,0.0,7959.2688,0.0,0.0,0.0,0.0,664.8288000000001,944.8704,0.0,2161.2288,0.0,0.0,0.0,0.0,0.0,0.0,0.0,82.88159999999999,0.0,0.0,0.0,0.0,0.0,15109.3032,0.0,0.0,0.0,0.0,0.0,783.3408000000001,0.0,0.0,1658.7191999999995,1739.6592,0.0,0.0,0.0,0.0,153.4296,1310.9904000000001,239.97359999999998,0.0,0.0,0.0,1869.4703999999997,51.477599999999995,734.0400000000001,0.0,0.0,2204.1624,1499.2248,1327.7208,2972.8416,23354.894399999997,2019.4368,0.0,0.0,0.7368
0.0,0.0,0.0,3400.7976000000003,0.0,53748.292799999996,13077.184800000003,0.0,0.0,1092.828,309.6,0.0,2125.5599999999995,44702.76959999999,69218.0952,1639.1208000000001,0.0,5069.9184000000005,0.0,24021.9192,105120.276,0.0,4721.3928,6222.4368,9837.664800000002,0.0,0.0,0.0,0.0,0.0,1817.7479999999998,3919.6296000000007,0.0,0.0,0.0,0.0,312.2232,0.0,0.0,0.0,0.0,0.0,0.0,0.0,0.0,0.0,0.0,0.0,0.0,0.0,0.0,0.0,0.0,0.0,62.9016,0.0,0.0,0.0,0.0,0.0,0.0,467.66880000000003,0.0,0.0,0.0,0.0,0.0,0.0,7959.2688,0.0,0.0,0.0,0.0,664.8288000000001,944.8704,0.0,2161.2288,0.0,0.0,0.0,0.0,0.0,0.0,0.0,82.88159999999999,0.0,0.0,0.0,0.0,0.0,15109.3032,0.0,0.0,0.0,0.0,0.0,783.3408000000001,0.0,0.0,1658.7191999999995,1739.6592,0.0,0.0,0.0,0.0,153.4296,1310.9904000000001,239.97359999999998,0.0,0.0,0.0,1869.4703999999997,51.477599999999995,734.0400000000001,0.0,0.0,2204.1624,1499.2248,1327.7208,2972.8416,23354.894399999997,2019.4368,0.0,0.0,0.7368
0.0,0.0,0.0,3003.4656,0.0,49438.32479999999,7523.772000000001,0.0,0.0,1157.0928,269.1024,0.0,2234.7408,47331.5424,73228.4016,1483.1784,0.0,5107.8816,0.0,19760.267999999996,99417.6672,0.0,4716.9504,7597.060799999998,11928.724799999998,0.0,0.0,0.0,0.0,0.0,1937.4192,4186.478400000001,0.0,0.0,0.0,0.0,338.8968,0.0,0.0,0.0,0.0,0.0,0.0,0.0,0.0,0.0,0.0,0.0,0.0,0.0,0.0,0.0,0.0,0.0,67.3296,0.0,0.0,0.0,0.0,0.0,0.0,536.7216,0.0,0.0,0.0,0.0,0.0,0.0,7951.7496,0.0,0.0,0.0,0.0,658.7135999999999,943.98,0.0,2159.1864,0.0,0.0,0.0,0.0,0.0,0.0,0.0,89.6856,0.0,0.0,0.0,0.0,0.0,13060.775999999998,0.0,0.0,0.0,0.0,0.0,813.1800000000001,0.0,0.0,1717.8072000000002,1725.5424,0.0,0.0,0.0,0.0,147.79199999999997,1679.7696000000003,291.4704,0.0,0.0,0.0,1940.6808,51.196799999999996,735.9503999999998,0.0,0.0,2204.1624,1576.2384,1378.2912000000001,2229.6287999999995,24554.587199999998,1828.536,0.0,0.0,0.2136
0.0,0.0,0.0,3003.4656,0.0,49438.32479999999,7523.772000000001,0.0,0.0,1157.0928,269.1024,0.0,2234.7408,47331.5424,73228.4016,1483.1784,0.0,5107.8816,0.0,19760.267999999996,99417.6672,0.0,4716.9504,7597.060799999998,11928.724799999998,0.0,0.0,0.0,0.0,0.0,1937.4192,4186.478400000001,0.0,0.0,0.0,0.0,338.8968,0.0,0.0,0.0,0.0,0.0,0.0,0.0,0.0,0.0,0.0,0.0,0.0,0.0,0.0,0.0,0.0,0.0,67.3296,0.0,0.0,0.0,0.0,0.0,0.0,536.7216,0.0,0.0,0.0,0.0,0.0,0.0,7951.7496,0.0,0.0,0.0,0.0,658.7135999999999,943.98,0.0,2159.1864,0.0,0.0,0.0,0.0,0.0,0.0,0.0,89.6856,0.0,0.0,0.0,0.0,0.0,13060.775999999998,0.0,0.0,0.0,0.0,0.0,813.1800000000001,0.0,0.0,1717.8072000000002,1725.5424,0.0,0.0,0.0,0.0,147.79199999999997,1679.7696000000003,291.4704,0.0,0.0,0.0,1940.6808,51.196799999999996,735.9503999999998,0.0,0.0,2204.1624,1576.2384,1378.2912000000001,2229.6287999999995,24554.587199999998,1828.536,0.0,0.0,0.2136
0.0,0.0,0.0,3003.4656,0.0,49438.32479999999,7523.772000000001,0.0,0.0,1157.0928,269.1024,0.0,2234.7408,47331.5424,73228.4016,1483.1784,0.0,5107.8816,0.0,19760.267999999996,99417.6672,0.0,4716.9504,7597.060799999998,11928.724799999998,0.0,0.0,0.0,0.0,0.0,1937.4192,4186.478400000001,0.0,0.0,0.0,0.0,338.8968,0.0,0.0,0.0,0.0,0.0,0.0,0.0,0.0,0.0,0.0,0.0,0.0,0.0,0.0,0.0,0.0,0.0,67.3296,0.0,0.0,0.0,0.0,0.0,0.0,536.7216,0.0,0.0,0.0,0.0,0.0,0.0,7951.7496,0.0,0.0,0.0,0.0,658.7135999999999,943.98,0.0,2159.1864,0.0,0.0,0.0,0.0,0.0,0.0,0.0,89.6856,0.0,0.0,0.0,0.0,0.0,13060.775999999998,0.0,0.0,0.0,0.0,0.0,813.1800000000001,0.0,0.0,1717.8072000000002,1725.5424,0.0,0.0,0.0,0.0,147.79199999999997,1679.7696000000003,291.4704,0.0,0.0,0.0,1940.6808,51.196799999999996,735.9503999999998,0.0,0.0,2204.1624,1576.2384,1378.2912000000001,2229.6287999999995,24554.587199999998,1828.536,0.0,0.0,0.2136
0.0,0.0,0.0,3003.4656,0.0,49438.32479999999,7523.772000000001,0.0,0.0,1157.0928,269.1024,0.0,2234.7408,47331.5424,73228.4016,1483.1784,0.0,5107.8816,0.0,19760.267999999996,99417.6672,0.0,4716.9504,7597.060799999998,11928.724799999998,0.0,0.0,0.0,0.0,0.0,1937.4192,4186.478400000001,0.0,0.0,0.0,0.0,338.8968,0.0,0.0,0.0,0.0,0.0,0.0,0.0,0.0,0.0,0.0,0.0,0.0,0.0,0.0,0.0,0.0,0.0,67.3296,0.0,0.0,0.0,0.0,0.0,0.0,536.7216,0.0,0.0,0.0,0.0,0.0,0.0,7951.7496,0.0,0.0,0.0,0.0,658.7135999999999,943.98,0.0,2159.1864,0.0,0.0,0.0,0.0,0.0,0.0,0.0,89.6856,0.0,0.0,0.0,0.0,0.0,13060.775999999998,0.0,0.0,0.0,0.0,0.0,813.1800000000001,0.0,0.0,1717.8072000000002,1725.5424,0.0,0.0,0.0,0.0,147.79199999999997,1679.7696000000003,291.4704,0.0,0.0,0.0,1940.6808,51.196799999999996,735.9503999999998,0.0,0.0,2204.1624,1576.2384,1378.2912000000001,2229.6287999999995,24554.587199999998,1828.536,0.0,0.0,0.2136
0.0,0.0,0.0,3003.4656,0.0,49438.32479999999,7523.772000000001,0.0,0.0,1157.0928,269.1024,0.0,2234.7408,47331.5424,73228.4016,1483.1784,0.0,5107.8816,0.0,19760.267999999996,99417.6672,0.0,4716.9504,7597.060799999998,11928.724799999998,0.0,0.0,0.0,0.0,0.0,1937.4192,4186.478400000001,0.0,0.0,0.0,0.0,338.8968,0.0,0.0,0.0,0.0,0.0,0.0,0.0,0.0,0.0,0.0,0.0,0.0,0.0,0.0,0.0,0.0,0.0,67.3296,0.0,0.0,0.0,0.0,0.0,0.0,536.7216,0.0,0.0,0.0,0.0,0.0,0.0,7951.7496,0.0,0.0,0.0,0.0,658.7135999999999,943.98,0.0,2159.1864,0.0,0.0,0.0,0.0,0.0,0.0,0.0,89.6856,0.0,0.0,0.0,0.0,0.0,13060.775999999998,0.0,0.0,0.0,0.0,0.0,813.1800000000001,0.0,0.0,1717.8072000000002,1725.5424,0.0,0.0,0.0,0.0,147.79199999999997,1679.7696000000003,291.4704,0.0,0.0,0.0,1940.6808,51.196799999999996,735.9503999999998,0.0,0.0,2204.1624,1576.2384,1378.2912000000001,2229.6287999999995,24554.587199999998,1828.536,0.0,0.0,0.2136
0.0,0.0,0.0,3003.4656,0.0,49438.32479999999,7523.772000000001,0.0,0.0,1157.0928,269.1024,0.0,2234.7408,47331.5424,73228.4016,1483.1784,0.0,5107.8816,0.0,19760.267999999996,99417.6672,0.0,4716.9504,7597.060799999998,11928.724799999998,0.0,0.0,0.0,0.0,0.0,1937.4192,4186.478400000001,0.0,0.0,0.0,0.0,338.8968,0.0,0.0,0.0,0.0,0.0,0.0,0.0,0.0,0.0,0.0,0.0,0.0,0.0,0.0,0.0,0.0,0.0,67.3296,0.0,0.0,0.0,0.0,0.0,0.0,536.7216,0.0,0.0,0.0,0.0,0.0,0.0,7951.7496,0.0,0.0,0.0,0.0,658.7135999999999,943.98,0.0,2159.1864,0.0,0.0,0.0,0.0,0.0,0.0,0.0,89.6856,0.0,0.0,0.0,0.0,0.0,13060.775999999998,0.0,0.0,0.0,0.0,0.0,813.1800000000001,0.0,0.0,1717.8072000000002,1725.5424,0.0,0.0,0.0,0.0,147.79199999999997,1679.7696000000003,291.4704,0.0,0.0,0.0,1940.6808,51.196799999999996,735.9503999999998,0.0,0.0,2204.1624,1576.2384,1378.2912000000001,2229.6287999999995,24554.587199999998,1828.536,0.0,0.0,0.2136
0.0,0.0,0.0,3003.4656,0.0,49438.32479999999,7523.772000000001,0.0,0.0,1157.0928,269.1024,0.0,2234.7408,47331.5424,73228.4016,1483.1784,0.0,5107.8816,0.0,19760.267999999996,99417.6672,0.0,4716.9504,7597.060799999998,11928.724799999998,0.0,0.0,0.0,0.0,0.0,1937.4192,4186.478400000001,0.0,0.0,0.0,0.0,338.8968,0.0,0.0,0.0,0.0,0.0,0.0,0.0,0.0,0.0,0.0,0.0,0.0,0.0,0.0,0.0,0.0,0.0,67.3296,0.0,0.0,0.0,0.0,0.0,0.0,536.7216,0.0,0.0,0.0,0.0,0.0,0.0,7951.7496,0.0,0.0,0.0,0.0,658.7135999999999,943.98,0.0,2159.1864,0.0,0.0,0.0,0.0,0.0,0.0,0.0,89.6856,0.0,0.0,0.0,0.0,0.0,13060.775999999998,0.0,0.0,0.0,0.0,0.0,813.1800000000001,0.0,0.0,1717.8072000000002,1725.5424,0.0,0.0,0.0,0.0,147.79199999999997,1679.7696000000003,291.4704,0.0,0.0,0.0,1940.6808,51.196799999999996,735.9503999999998,0.0,0.0,2204.1624,1576.2384,1378.2912000000001,2229.6287999999995,24554.587199999998,1828.536,0.0,0.0,0.2136
0.0,0.0,0.0,2756.136,0.0,45297.734399999994,5780.1816,0.0,0.0,1047.8784,203.72160000000002,0.0,2244.2352,42863.9928,67154.57280000001,1046.0304,0.0,3859.9752,0.0,17163.4392,86381.4312,0.0,4162.459199999999,8720.6784,14797.572000000004,0.0,0.0,0.0,0.0,0.0,3015.2424,6062.7912,0.0,0.0,0.0,0.0,262.26,0.0,0.0,0.0,0.0,0.0,0.0,0.0,0.0,0.0,0.0,0.0,0.0,0.0,0.0,0.0,0.0,0.0,63.043200000000006,0.0,0.0,0.0,0.0,0.0,0.0,733.4136,0.0,0.0,0.0,0.0,0.0,0.0,7816.466399999999,0.0,0.0,0.0,0.0,644.3232,927.9192,0.0,2122.452,0.0,0.0,0.0,0.0,0.0,0.0,0.0,65.18639999999999,0.0,0.0,0.0,0.0,0.0,9167.443200000002,0.0,0.0,0.0,0.0,0.0,769.1088,0.0,0.0,1613.2704,1704.7824,0.0,0.0,0.0,0.0,144.0432,1743.0120000000002,339.89759999999995,0.0,0.0,0.0,1835.5007999999998,50.8056,696.252,0.0,0.0,1965.2736,1582.9368,1303.596,2038.5167999999999,24658.9128,1771.4591999999998,0.0,0.0,0.0
0.0,0.0,0.0,2756.136,0.0,45297.734399999994,5780.1816,0.0,0.0,1047.8784,203.72160000000002,0.0,2244.2352,42863.9928,67154.57280000001,1046.0304,0.0,3859.9752,0.0,17163.4392,86381.4312,0.0,4162.459199999999,8720.6784,14797.572000000004,0.0,0.0,0.0,0.0,0.0,3015.2424,6062.7912,0.0,0.0,0.0,0.0,262.26,0.0,0.0,0.0,0.0,0.0,0.0,0.0,0.0,0.0,0.0,0.0,0.0,0.0,0.0,0.0,0.0,0.0,63.043200000000006,0.0,0.0,0.0,0.0,0.0,0.0,733.4136,0.0,0.0,0.0,0.0,0.0,0.0,7816.466399999999,0.0,0.0,0.0,0.0,644.3232,927.9192,0.0,2122.452,0.0,0.0,0.0,0.0,0.0,0.0,0.0,65.18639999999999,0.0,0.0,0.0,0.0,0.0,9167.443200000002,0.0,0.0,0.0,0.0,0.0,769.1088,0.0,0.0,1613.2704,1704.7824,0.0,0.0,0.0,0.0,144.0432,1743.0120000000002,339.89759999999995,0.0,0.0,0.0,1835.5007999999998,50.8056,696.252,0.0,0.0,1965.2736,1582.9368,1303.596,2038.5167999999999,24658.9128,1771.4591999999998,0.0,0.0,0.0
0.0,0.0,0.0,2756.136,0.0,45297.734399999994,5780.1816,0.0,0.0,1047.8784,203.72160000000002,0.0,2244.2352,42863.9928,67154.57280000001,1046.0304,0.0,3859.9752,0.0,17163.4392,86381.4312,0.0,4162.459199999999,8720.6784,14797.572000000004,0.0,0.0,0.0,0.0,0.0,3015.2424,6062.7912,0.0,0.0,0.0,0.0,262.26,0.0,0.0,0.0,0.0,0.0,0.0,0.0,0.0,0.0,0.0,0.0,0.0,0.0,0.0,0.0,0.0,0.0,63.043200000000006,0.0,0.0,0.0,0.0,0.0,0.0,733.4136,0.0,0.0,0.0,0.0,0.0,0.0,7816.466399999999,0.0,0.0,0.0,0.0,644.3232,927.9192,0.0,2122.452,0.0,0.0,0.0,0.0,0.0,0.0,0.0,65.18639999999999,0.0,0.0,0.0,0.0,0.0,9167.443200000002,0.0,0.0,0.0,0.0,0.0,769.1088,0.0,0.0,1613.2704,1704.7824,0.0,0.0,0.0,0.0,144.0432,1743.0120000000002,339.89759999999995,0.0,0.0,0.0,1835.5007999999998,50.8056,696.252,0.0,0.0,1965.2736,1582.9368,1303.596,2038.5167999999999,24658.9128,1771.4591999999998,0.0,0.0,0.0
0.0,0.0,0.0,2756.136,0.0,45297.734399999994,5780.1816,0.0,0.0,1047.8784,203.72160000000002,0.0,2244.2352,42863.9928,67154.57280000001,1046.0304,0.0,3859.9752,0.0,17163.4392,86381.4312,0.0,4162.459199999999,8720.6784,14797.572000000004,0.0,0.0,0.0,0.0,0.0,3015.2424,6062.7912,0.0,0.0,0.0,0.0,262.26,0.0,0.0,0.0,0.0,0.0,0.0,0.0,0.0,0.0,0.0,0.0,0.0,0.0,0.0,0.0,0.0,0.0,63.043200000000006,0.0,0.0,0.0,0.0,0.0,0.0,733.4136,0.0,0.0,0.0,0.0,0.0,0.0,7816.466399999999,0.0,0.0,0.0,0.0,644.3232,927.9192,0.0,2122.452,0.0,0.0,0.0,0.0,0.0,0.0,0.0,65.18639999999999,0.0,0.0,0.0,0.0,0.0,9167.443200000002,0.0,0.0,0.0,0.0,0.0,769.1088,0.0,0.0,1613.2704,1704.7824,0.0,0.0,0.0,0.0,144.0432,1743.0120000000002,339.89759999999995,0.0,0.0,0.0,1835.5007999999998,50.8056,696.252,0.0,0.0,1965.2736,1582.9368,1303.596,2038.5167999999999,24658.9128,1771.4591999999998,0.0,0.0,0.0
0.0,0.0,0.0,2756.136,0.0,45297.734399999994,5780.1816,0.0,0.0,1047.8784,203.72160000000002,0.0,2244.2352,42863.9928,67154.57280000001,1046.0304,0.0,3859.9752,0.0,17163.4392,86381.4312,0.0,4162.459199999999,8720.6784,14797.572000000004,0.0,0.0,0.0,0.0,0.0,3015.2424,6062.7912,0.0,0.0,0.0,0.0,262.26,0.0,0.0,0.0,0.0,0.0,0.0,0.0,0.0,0.0,0.0,0.0,0.0,0.0,0.0,0.0,0.0,0.0,63.043200000000006,0.0,0.0,0.0,0.0,0.0,0.0,733.4136,0.0,0.0,0.0,0.0,0.0,0.0,7816.466399999999,0.0,0.0,0.0,0.0,644.3232,927.9192,0.0,2122.452,0.0,0.0,0.0,0.0,0.0,0.0,0.0,65.18639999999999,0.0,0.0,0.0,0.0,0.0,9167.443200000002,0.0,0.0,0.0,0.0,0.0,769.1088,0.0,0.0,1613.2704,1704.7824,0.0,0.0,0.0,0.0,144.0432,1743.0120000000002,339.89759999999995,0.0,0.0,0.0,1835.5007999999998,50.8056,696.252,0.0,0.0,1965.2736,1582.9368,1303.596,2038.5167999999999,24658.9128,1771.4591999999998,0.0,0.0,0.0
0.0,0.0,0.0,2756.136,0.0,45297.734399999994,5780.1816,0.0,0.0,1047.8784,203.72160000000002,0.0,2244.2352,42863.9928,67154.57280000001,1046.0304,0.0,3859.9752,0.0,17163.4392,86381.4312,0.0,4162.459199999999,8720.6784,14797.572000000004,0.0,0.0,0.0,0.0,0.0,3015.2424,6062.7912,0.0,0.0,0.0,0.0,262.26,0.0,0.0,0.0,0.0,0.0,0.0,0.0,0.0,0.0,0.0,0.0,0.0,0.0,0.0,0.0,0.0,0.0,63.043200000000006,0.0,0.0,0.0,0.0,0.0,0.0,733.4136,0.0,0.0,0.0,0.0,0.0,0.0,7816.466399999999,0.0,0.0,0.0,0.0,644.3232,927.9192,0.0,2122.452,0.0,0.0,0.0,0.0,0.0,0.0,0.0,65.18639999999999,0.0,0.0,0.0,0.0,0.0,9167.443200000002,0.0,0.0,0.0,0.0,0.0,769.1088,0.0,0.0,1613.2704,1704.7824,0.0,0.0,0.0,0.0,144.0432,1743.0120000000002,339.89759999999995,0.0,0.0,0.0,1835.5007999999998,50.8056,696.252,0.0,0.0,1965.2736,1582.9368,1303.596,2038.5167999999999,24658.9128,1771.4591999999998,0.0,0.0,0.0
0.0,0.0,0.0,2756.136,0.0,45297.734399999994,5780.1816,0.0,0.0,1047.8784,203.72160000000002,0.0,2244.2352,42863.9928,67154.57280000001,1046.0304,0.0,3859.9752,0.0,17163.4392,86381.4312,0.0,4162.459199999999,8720.6784,14797.572000000004,0.0,0.0,0.0,0.0,0.0,3015.2424,6062.7912,0.0,0.0,0.0,0.0,262.26,0.0,0.0,0.0,0.0,0.0,0.0,0.0,0.0,0.0,0.0,0.0,0.0,0.0,0.0,0.0,0.0,0.0,63.043200000000006,0.0,0.0,0.0,0.0,0.0,0.0,733.4136,0.0,0.0,0.0,0.0,0.0,0.0,7816.466399999999,0.0,0.0,0.0,0.0,644.3232,927.9192,0.0,2122.452,0.0,0.0,0.0,0.0,0.0,0.0,0.0,65.18639999999999,0.0,0.0,0.0,0.0,0.0,9167.443200000002,0.0,0.0,0.0,0.0,0.0,769.1088,0.0,0.0,1613.2704,1704.7824,0.0,0.0,0.0,0.0,144.0432,1743.0120000000002,339.89759999999995,0.0,0.0,0.0,1835.5007999999998,50.8056,696.252,0.0,0.0,1965.2736,1582.9368,1303.596,2038.5167999999999,24658.9128,1771.4591999999998,0.0,0.0,0.0
0.0,0.0,0.0,2756.136,0.0,45297.734399999994,5780.1816,0.0,0.0,1047.8784,203.72160000000002,0.0,2244.2352,42863.9928,67154.57280000001,1046.0304,0.0,3859.9752,0.0,17163.4392,86381.4312,0.0,4162.459199999999,8720.6784,14797.572000000004,0.0,0.0,0.0,0.0,0.0,3015.2424,6062.7912,0.0,0.0,0.0,0.0,262.26,0.0,0.0,0.0,0.0,0.0,0.0,0.0,0.0,0.0,0.0,0.0,0.0,0.0,0.0,0.0,0.0,0.0,63.043200000000006,0.0,0.0,0.0,0.0,0.0,0.0,733.4136,0.0,0.0,0.0,0.0,0.0,0.0,7816.466399999999,0.0,0.0,0.0,0.0,644.3232,927.9192,0.0,2122.452,0.0,0.0,0.0,0.0,0.0,0.0,0.0,65.18639999999999,0.0,0.0,0.0,0.0,0.0,9167.443200000002,0.0,0.0,0.0,0.0,0.0,769.1088,0.0,0.0,1613.2704,1704.7824,0.0,0.0,0.0,0.0,144.0432,1743.0120000000002,339.89759999999995,0.0,0.0,0.0,1835.5007999999998,50.8056,696.252,0.0,0.0,1965.2736,1582.9368,1303.596,2038.5167999999999,24658.9128,1771.4591999999998,0.0,0.0,0.0
