bus_100011,bus_100221,bus_100251,bus_100331,bus_100351,bus_100931,bus_102281,bus_103441,bus_105251,bus_105581,bus_105701,bus_106001,bus_106771,bus_107501,bus_110161,bus_130001,bus_131751,bus_133661,bus_134201,bus_134461,bus_135041,bus_200001,bus_200071,bus_200261,bus_201361,bus_204901,bus_211211,bus_211651,bus_216471,bus_230171,bus_230541,bus_230601,bus_232301,bus_232631,bus_233771,bus_251601,bus_252891,bus_253751,bus_253851,bus_254001,bus_254031,bus_254391,bus_255951,bus_255981,bus_256181,bus_256751,bus_257141,bus_257301,bus_258301,bus_261001,bus_261161,bus_261331,bus_262011,bus_280781,bus_280991,bus_281221,bus_283651,bus_284011,bus_284741,bus_285491,bus_286671,bus_300011,bus_301441,bus_301461,bus_301721,bus_301741,bus_302051,bus_302071,bus_302201,bus_302211,bus_303741,bus_400011,bus_400031,bus_400041,bus_400061,bus_400071,bus_400081,bus_400501,bus_401601,bus_401621,bus_401681,bus_401691,bus_402791,bus_402811,bus_403671,bus_403691,bus_403911,bus_405951,bus_406021,bus_406911,bus_407871,bus_408441,bus_408811,bus_409611,bus_409941,bus_500001,bus_500071,bus_500241,bus_500991,bus_501961,bus_503161,bus_530001,bus_530021,bus_530121,bus_532171,bus_600001,bus_600031,bus_601941,bus_605141,bus_605771,bus_606631,bus_700001,bus_700161,bus_700631,bus_701551,bus_701721,bus_740011,bus_740531,bus_741041,bus_741321,bus_742351,bus_770011,bus_771731,bus_772611,bus_800071
0.0,0.0,0.0,51.4821,0.0,1261.2745000000004,265.5528,0.0,0.0,41.8605,7.5744,0.0,63.3879,740.6402999999999,1123.5334,19.1998,0.0,94.7376,0.0,504.4296,2877.3447000000006,0.0,69.19200000000001,209.21510000000004,402.2199000000001,0.0,0.0,0.0,0.0,0.0,30.783,143.86559999999997,0.0,0.0,0.0,0.0,5.8672,0.0,0.0,0.0,0.0,0.0,0.0,0.0,0.0,0.0,0.0,0.0,0.0,0.0,0.0,0.0,0.0,0.0,2.3044,0.0,0.0,0.0,0.0,0.0,0.0,17.094499999999996,0.0,0.0,0.0,0.0,0.0,0.0,274.0573,0.0,0.0,0.0,0.0,16.6577,25.747100000000003,0.0,67.5987,0.0,0.0,0.0,0.0,0.0,0.0,0.0,0.0848,0.0,0.0,0.0,0.0,0.0,203.1516,0.0,0.0,0.0,0.0,0.0,18.1486,0.0,0.0,45.48590000000001,40.3011,0.0,0.0,0.0,0.0,2.8933,42.766000000000005,7.3839,0.0,0.0,0.0,49.842600000000004,2.0835999999999997,15.3048,0.0,0.0,51.0155,39.578900000000004,30.966,75.8033,490.8938,52.644999999999996,0.0,0.0,0.002
0.0,0.0,0.0,51.4821,0.0,1261.2745000000004,265.5528,0.0,0.0,41.8605,7.5744,0.0,63.3879,740.6402999999999,1123.5334,19.1998,0.0,94.7376,0.0,504.4296,2877.3447000000006,0.0,69.19200000000001,209.21510000000004,402.2199000000001,0.0,0.0,0.0,0.0,0.0,30.783,143.86559999999997,0.0,0.0,0.0,0.0,5.8672,0.0,0.0,0.0,0.0,0.0,0.0,0.0,0.0,0.0,0.0,0.0,0.0,0.0,0.0,0.0,0.0,0.0,2.3044,0.0,0.0,0.0,0.0,0.0,0.0,17.094499999999996,0.0,0.0,0.0,0.0,0.0,0.0,274.0573,0.0,0.0,0.0,0.0,16.6577,25.747100000000003,0.0,67.5987,0.0,0.0,0.0,0.0,0.0,0.0,0.0,0.0848,0.0,0.0,0.0,0.0,0.0,203.1516,0.0,0.0,0.0,0.0,0.0,18.1486,0.0,0.0,45.48590000000001,40.3011,0.0,0.0,0.0,0.0,2.8933,42.766000000000005,7.3839,0.0,0.0,0.0,49.842600000000004,2.0835999999999997,15.3048,0.0,0.0,51.0155,39.578900000000004,30.966,75.8033,490.8938,52.644999999999996,0.0,0.0,0.002
0.0,0.0,0.0,51.4821,0.0,1261.2745000000004,265.5528,0.0,0.0,41.8605,7.5744,0.0,63.3879,740.6402999999999,1123.5334,19.1998,0.0,94.7376,0.0,504.4296,2877.3447000000006,0.0,69.19200000000001,209.21510000000004,402.2199000000001,0.0,0.0,0.0,0.0,0.0,30.783,143.86559999999997,0.0,0.0,0.0,0.0,5.8672,0.0,0.0,0.0,0.0,0.0,0.0,0.0,0.0,0.0,0.0,0.0,0.0,0.0,0.0,0.0,0.0,0.0,2.3044,0.0,0.0,0.0,0.0,0.0,0.0,17.094499999999996,0.0,0.0,0.0,0.0,0.0,0.0,274.0573,0.0,0.0,0.0,0.0,16.6577,25.747100000000003,0.0,67.5987,0.0,0.0,0.0,0.0,0.0,0.0,0.0,0.0848,0.0,0.0,0.0,0.0,0.0,203.1516,0.0,0.0,0.0,0.0,0.0,18.1486,0.0,0.0,45.48590000000001,40.3011,0.0,0.0,0.0,0.0,2.8933,42.766000000000005,7.3839,0.0,0.0,0.0,49.842600000000004,2.0835999999999997,15.3048,0.0,0.0,51.0155,39.578900000000004,30.966,75.8033,490.8938,52.644999999999996,0.0,0.0,0.002
0.0,0.0,0.0,51.4821,0.0,1261.2745000000004,265.5528,0.0,0.0,41.8605,7.5744,0.0,63.3879,740.6402999999999,1123.5334,19.1998,0.0,94.7376,0.0,504.4296,2877.3447000000006,0.0,69.19200000000001,209.21510000000004,402.2199000000001,0.0,0.0,0.0,0.0,0.0,30.783,143.86559999999997,0.0,0.0,0.0,0.0,5.8672,0.0,0.0,0.0,0.0,0.0,0.0,0.0,0.0,0.0,0.0,0.0,0.0,0.0,0.0,0.0,0.0,0.0,2.3044,0.0,0.0,0.0,0.0,0.0,0.0,17.094499999999996,0.0,0.0,0.0,0.0,0.0,0.0,274.0573,0.0,0.0,0.0,0.0,16.6577,25.747100000000003,0.0,67.5987,0.0,0.0,0.0,0.0,0.0,0.0,0.0,0.0848,0.0,0.0,0.0,0.0,0.0,203.1516,0.0,0.0,0.0,0.0,0.0,18.1486,0.0,0.0,45.48590000000001,40.3011,0.0,0.0,0.0,0.0,2.8933,42.766000000000005,7.3839,0.0,0.0,0.0,49.842600000000004,2.0835999999999997,15.3048,0.0,0.0,51.0155,39.578900000000004,30.966,75.8033,490.8938,52.644999999999996,0.0,0.0,0.002
0.0,0.0,0.0,51.4821,0.0,1261.2745000000004,265.5528,0.0,0.0,41.8605,7.5744,0.0,63.3879,740.6402999999999,1123.5334,19.1998,0.0,94.7376,0.0,504.4296,2877.3447000000006,0.0,69.19200000000001,209.21510000000004,402.2199000000001,0.0,0.0,0.0,0.0,0.0,30.783,143.86559999999997,0.0,0.0,0.0,0.0,5.8672,0.0,0.0,0.0,0.0,0.0,0.0,0.0,0.0,0.0,0.0,0.0,0.0,0.0,0.0,0.0,0.0,0.0,2.3044,0.0,0.0,0.0,0.0,0.0,0.0,17.094499999999996,0.0,0.0,0.0,0.0,0.0,0.0,274.0573,0.0,0.0,0.0,0.0,16.6577,25.747100000000003,0.0,67.5987,0.0,0.0,0.0,0.0,0.0,0.0,0.0,0.0848,0.0,0.0,0.0,0.0,0.0,203.1516,0.0,0.0,0.0,0.0,0.0,18.1486,0.0,0.0,45.48590000000001,40.3011,0.0,0.0,0.0,0.0,2.8933,42.766000000000005,7.3839,0.0,0.0,0.0,49.842600000000004,2.0835999999999997,15.3048,0.0,0.0,51.0155,39.578900000000004,30.966,75.8033,490.8938,52.644999999999996,0.0,0.0,0.002
0.0,0.0,0.0,51.4821,0.0,1261.2745000000004,265.5528,0.0,0.0,41.8605,7.5744,0.0,63.3879,740.6402999999999,1123.5334,19.1998,0.0,94.7376,0.0,504.4296,2877.3447000000006,0.0,69.19200000000001,209.21510000000004,402.2199000000001,0.0,0.0,0.0,0.0,0.0,30.783,143.86559999999997,0.0,0.0,0.0,0.0,5.8672,0.0,0.0,0.0,0.0,0.0,0.0,0.0,0.0,0.0,0.0,0.0,0.0,0.0,0.0,0.0,0.0,0.0,2.3044,0.0,0.0,0.0,0.0,0.0,0.0,17.094499999999996,0.0,0.0,0.0,0.0,0.0,0.0,274.0573,0.0,0.0,0.0,0.0,16.6577,25.747100000000003,0.0,67.5987,0.0,0.0,0.0,0.0,0.0,0.0,0.0,0.0848,0.0,0.0,0.0,0.0,0.0,203.1516,0.0,0.0,0.0,0.0,0.0,18.1486,0.0,0.0,45.48590000000001,40.3011,0.0,0.0,0.0,0.0,2.8933,42.766000000000005,7.3839,0.0,0.0,0.0,49.842600000000004,2.0835999999999997,15.3048,0.0,0.0,51.0155,39.578900000000004,30.966,75.8033,490.8938,52.644999999999996,0.0,0.0,0.002
0.0,0.0,0.0,51.4821,0.0,1261.2745000000004,265.5528,0.0,0.0,41.8605,7.5744,0.0,63.3879,740.6402999999999,1123.5334,19.1998,0.0,94.7376,0.0,504.4296,2877.3447000000006,0.0,69.19200000000001,209.21510000000004,402.2199000000001,0.0,0.0,0.0,0.0,0.0,30.783,143.86559999999997,0.0,0.0,0.0,0.0,5.8672,0.0,0.0,0.0,0.0,0.0,0.0,0.0,0.0,0.0,0.0,0.0,0.0,0.0,0.0,0.0,0.0,0.0,2.3044,0.0,0.0,0.0,0.0,0.0,0.0,17.094499999999996,0.0,0.0,0.0,0.0,0.0,0.0,274.0573,0.0,0.0,0.0,0.0,16.6577,25.747100000000003,0.0,67.5987,0.0,0.0,0.0,0.0,0.0,0.0,0.0,0.0848,0.0,0.0,0.0,0.0,0.0,203.1516,0.0,0.0,0.0,0.0,0.0,18.1486,0.0,0.0,45.48590000000001,40.3011,0.0,0.0,0.0,0.0,2.8933,42.766000000000005,7.3839,0.0,0.0,0.0,49.842600000000004,2.0835999999999997,15.3048,0.0,0.0,51.0155,39.578900000000004,30.966,75.8033,490.8938,52.644999999999996,0.0,0.0,0.002
0.0,0.0,0.0,44.1743,0.0,1013.1167000000003,229.0366,0.0,0.0,40.8236,8.0334,0.0,77.3717,722.2962999999999,1142.1707000000001,12.0315,0.0,64.1121,0.0,590.089,3051.8494999999994,0.0,35.2577,161.43359999999998,316.97559999999993,0.0,0.0,0.0,0.0,0.0,29.6624,142.1708,0.0,0.0,0.0,0.0,7.3829,0.0,0.0,0.0,0.0,0.0,0.0,0.0,0.0,0.0,0.0,0.0,0.0,0.0,0.0,0.0,0.0,0.0,2.6706000000000003,0.0,0.0,0.0,0.0,0.0,0.0,14.8074,0.0,0.0,0.0,0.0,0.0,0.0,279.7506,0.0,0.0,0.0,0.0,17.0472,26.2821,0.0,69.003,0.0,0.0,0.0,0.0,0.0,0.0,0.0,0.1122,0.0,0.0,0.0,0.0,0.0,378.6473,0.0,0.0,0.0,0.0,0.0,18.5486,0.0,0.0,46.7776,40.9193,0.0,0.0,0.0,0.0,3.1318,45.47620000000001,7.4982999999999995,0.0,0.0,0.0,50.9413,2.0835999999999997,14.9475,0.0,0.0,56.338300000000004,48.0789,31.6485,70.2178,599.1876,51.5286,0.0,0.0,0.002
0.0,0.0,0.0,44.1743,0.0,1013.1167000000003,229.0366,0.0,0.0,40.8236,8.0334,0.0,77.3717,722.2962999999999,1142.1707000000001,12.0315,0.0,64.1121,0.0,590.089,3051.8494999999994,0.0,35.2577,161.43359999999998,316.97559999999993,0.0,0.0,0.0,0.0,0.0,29.6624,142.1708,0.0,0.0,0.0,0.0,7.3829,0.0,0.0,0.0,0.0,0.0,0.0,0.0,0.0,0.0,0.0,0.0,0.0,0.0,0.0,0.0,0.0,0.0,2.6706000000000003,0.0,0.0,0.0,0.0,0.0,0.0,14.8074,0.0,0.0,0.0,0.0,0.0,0.0,279.7506,0.0,0.0,0.0,0.0,17.0472,26.2821,0.0,69.003,0.0,0.0,0.0,0.0,0.0,0.0,0.0,0.1122,0.0,0.0,0.0,0.0,0.0,378.6473,0.0,0.0,0.0,0.0,0.0,18.5486,0.0,0.0,46.7776,40.9193,0.0,0.0,0.0,0.0,3.1318,45.47620000000001,7.4982999999999995,0.0,0.0,0.0,50.9413,2.0835999999999997,14.9475,0.0,0.0,56.338300000000004,48.0789,31.6485,70.2178,599.1876,51.5286,0.0,0.0,0.002
0.0,0.0,0.0,44.1743,0.0,1013.1167000000003,229.0366,0.0,0.0,40.8236,8.0334,0.0,77.3717,722.2962999999999,1142.1707000000001,12.0315,0.0,64.1121,0.0,590.089,3051.8494999999994,0.0,35.2577,161.43359999999998,316.97559999999993,0.0,0.0,0.0,0.0,0.0,29.6624,142.1708,0.0,0.0,0.0,0.0,7.3829,0.0,0.0,0.0,0.0,0.0,0.0,0.0,0.0,0.0,0.0,0.0,0.0,0.0,0.0,0.0,0.0,0.0,2.6706000000000003,0.0,0.0,0.0,0.0,0.0,0.0,14.8074,0.0,0.0,0.0,0.0,0.0,0.0,279.7506,0.0,0.0,0.0,0.0,17.0472,26.2821,0.0,69.003,0.0,0.0,0.0,0.0,0.0,0.0,0.0,0.1122,0.0,0.0,0.0,0.0,0.0,378.6473,0.0,0.0,0.0,0.0,0.0,18.5486,0.0,0.0,46.7776,40.9193,0.0,0.0,0.0,0.0,3.1318,45.47620000000001,7.4982999999999995,0.0,0.0,0.0,50.9413,2.0835999999999997,14.9475,0.0,0.0,56.338300000000004,48.0789,31.6485,70.2178,599.1876,51.5286,0.0,0.0,0.002
0.0,0.0,0.0,44.1743,0.0,1013.1167000000003,229.0366,0.0,0.0,40.8236,8.0334,0.0,77.3717,722.2962999999999,1142.1707000000001,12.0315,0.0,64.1121,0.0,590.089,3051.8494999999994,0.0,35.2577,161.43359999999998,316.97559999999993,0.0,0.0,0.0,0.0,0.0,29.6624,142.1708,0.0,0.0,0.0,0.0,7.3829,0.0,0.0,0.0,0.0,0.0,0.0,0.0,0.0,0.0,0.0,0.0,0.0,0.0,0.0,0.0,0.0,0.0,2.6706000000000003,0.0,0.0,0.0,0.0,0.0,0.0,14.8074,0.0,0.0,0.0,0.0,0.0,0.0,279.7506,0.0,0.0,0.0,0.0,17.0472,26.2821,0.0,69.003,0.0,0.0,0.0,0.0,0.0,0.0,0.0,0.1122,0.0,0.0,0.0,0.0,0.0,378.6473,0.0,0.0,0.0,0.0,0.0,18.5486,0.0,0.0,46.7776,40.9193,0.0,0.0,0.0,0.0,3.1318,45.47620000000001,7.4982999999999995,0.0,0.0,0.0,50.9413,2.0835999999999997,14.9475,0.0,0.0,56.338300000000004,48.0789,31.6485,70.2178,599.1876,51.5286,0.0,0.0,0.002
0.0,0.0,0.0,44.1743,0.0,1013.1167000000003,229.0366,0.0,0.0,40.8236,8.0334,0.0,77.3717,722.2962999999999,1142.1707000000001,12.0315,0.0,64.1121,0.0,590.089,3051.8494999999994,0.0,35.2577,161.43359999999998,316.97559999999993,0.0,0.0,0.0,0.0,0.0,29.6624,142.1708,0.0,0.0,0.0,0.0,7.3829,0.0,0.0,0.0,0.0,0.0,0.0,0.0,0.0,0.0,0.0,0.0,0.0,0.0,0.0,0.0,0.0,0.0,2.6706000000000003,0.0,0.0,0.0,0.0,0.0,0.0,14.8074,0.0,0.0,0.0,0.0,0.0,0.0,279.7506,0.0,0.0,0.0,0.0,17.0472,26.2821,0.0,69.003,0.0,0.0,0.0,0.0,0.0,0.0,0.0,0.1122,0.0,0.0,0.0,0.0,0.0,378.6473,0.0,0.0,0.0,0.0,0.0,18.5486,0.0,0.0,46.7776,40.9193,0.0,0.0,0.0,0.0,3.1318,45.47620000000001,7.4982999999999995,0.0,0.0,0.0,50.9413,2.0835999999999997,14.9475,0.0,0.0,56.338300000000004,48.0789,31.6485,70.2178,599.1876,51.5286,0.0,0.0,0.002
0.0,0.0,0.0,44.1743,0.0,1013.1167000000003,229.0366,0.0,0.0,40.8236,8.0334,0.0,77.3717,722.2962999999999,1142.1707000000001,12.0315,0.0,64.1121,0.0,590.089,3051.8494999999994,0.0,35.2577,161.43359999999998,316.97559999999993,0.0,0.0,0.0,0.0,0.0,29.6624,142.1708,0.0,0.0,0.0,0.0,7.3829,0.0,0.0,0.0,0.0,0.0,0.0,0.0,0.0,0.0,0.0,0.0,0.0,0.0,0.0,0.0,0.0,0.0,2.6706000000000003,0.0,0.0,0.0,0.0,0.0,0.0,14.8074,0.0,0.0,0.0,0.0,0.0,0.0,279.7506,0.0,0.0,0.0,0.0,17.0472,26.2821,0.0,69.003,0.0,0.0,0.0,0.0,0.0,0.0,0.0,0.1122,0.0,0.0,0.0,0.0,0.0,378.6473,0.0,0.0,0.0,0.0,0.0,18.5486,0.0,0.0,46.7776,40.9193,0.0,0.0,0.0,0.0,3.1318,45.47620000000001,7.4982999999999995,0.0,0.0,0.0,50.9413,2.0835999999999997,14.9475,0.0,0.0,56.338300000000004,48.0789,31.6485,70.2178,599.1876,51.5286,0.0,0.0,0.002
0.0,0.0,0.0,44.1743,0.0,1013.1167000000003,229.0366,0.0,0.0,40.8236,8.0334,0.0,77.3717,722.2962999999999,1142.1707000000001,12.0315,0.0,64.1121,0.0,590.089,3051.8494999999994,0.0,35.2577,161.43359999999998,316.97559999999993,0.0,0.0,0.0,0.0,0.0,29.6624,142.1708,0.0,0.0,0.0,0.0,7.3829,0.0,0.0,0.0,0.0,0.0,0.0,0.0,0.0,0.0,0.0,0.0,0.0,0.0,0.0,0.0,0.0,0.0,2.6706000000000003,0.0,0.0,0.0,0.0,0.0,0.0,14.8074,0.0,0.0,0.0,0.0,0.0,0.0,279.7506,0.0,0.0,0.0,0.0,17.0472,26.2821,0.0,69.003,0.0,0.0,0.0,0.0,0.0,0.0,0.0,0.1122,0.0,0.0,0.0,0.0,0.0,378.6473,0.0,0.0,0.0,0.0,0.0,18.5486,0.0,0.0,46.7776,40.9193,0.0,0.0,0.0,0.0,3.1318,45.47620000000001,7.4982999999999995,0.0,0.0,0.0,50.9413,2.0835999999999997,14.9475,0.0,0.0,56.338300000000004,48.0789,31.6485,70.2178,599.1876,51.5286,0.0,0.0,0.002
0.0,0.0,0.0,51.8097,0.0,1269.5238,231.8057,0.0,0.0,42.8973,8.0334,0.0,91.42380000000001,758.9844,1233.5086000000001,25.7314,0.0,119.07150000000001,0.0,633.3123999999999,3068.2624,0.0,72.9349,149.2534,283.84260000000006,0.0,0.0,0.0,0.0,0.0,27.956699999999998,134.65500000000003,0.0,0.0,0.0,0.0,7.6087,0.0,0.0,0.0,0.0,0.0,0.0,0.0,0.0,0.0,0.0,0.0,0.0,0.0,0.0,0.0,0.0,0.0,2.409,0.0,0.0,0.0,0.0,0.0,0.0,13.6046,0.0,0.0,0.0,0.0,0.0,0.0,280.527,0.0,0.0,0.0,0.0,17.165,26.355,0.0,69.1945,0.0,0.0,0.0,0.0,0.0,0.0,0.0,0.1135,0.0,0.0,0.0,0.0,0.0,355.43,0.0,0.0,0.0,0.0,0.0,19.711,0.0,0.0,49.43070000000001,41.4478,0.0,0.0,0.0,0.0,3.4447,44.8692,8.846000000000002,0.0,0.0,0.0,54.1335,2.1910000000000003,15.424,0.0,0.0,60.6241,56.0706,33.631699999999995,100.0828,716.0069,59.6836,0.0,0.0,0.0016
0.0,0.0,0.0,51.8097,0.0,1269.5238,231.8057,0.0,0.0,42.8973,8.0334,0.0,91.42380000000001,758.9844,1233.5086000000001,25.7314,0.0,119.07150000000001,0.0,633.3123999999999,3068.2624,0.0,72.9349,149.2534,283.84260000000006,0.0,0.0,0.0,0.0,0.0,27.956699999999998,134.65500000000003,0.0,0.0,0.0,0.0,7.6087,0.0,0.0,0.0,0.0,0.0,0.0,0.0,0.0,0.0,0.0,0.0,0.0,0.0,0.0,0.0,0.0,0.0,2.409,0.0,0.0,0.0,0.0,0.0,0.0,13.6046,0.0,0.0,0.0,0.0,0.0,0.0,280.527,0.0,0.0,0.0,0.0,17.165,26.355,0.0,69.1945,0.0,0.0,0.0,0.0,0.0,0.0,0.0,0.1135,0.0,0.0,0.0,0.0,0.0,355.43,0.0,0.0,0.0,0.0,0.0,19.711,0.0,0.0,49.43070000000001,41.4478,0.0,0.0,0.0,0.0,3.4447,44.8692,8.846000000000002,0.0,0.0,0.0,54.1335,2.1910000000000003,15.424,0.0,0.0,60.6241,56.0706,33.631699999999995,100.0828,716.0069,59.6836,0.0,0.0,0.0016
0.0,0.0,0.0,51.8097,0.0,1269.5238,231.8057,0.0,0.0,42.8973,8.0334,0.0,91.42380000000001,758.9844,1233.5086000000001,25.7314,0.0,119.07150000000001,0.0,633.3123999999999,3068.2624,0.0,72.9349,149.2534,283.84260000000006,0.0,0.0,0.0,0.0,0.0,27.956699999999998,134.65500000000003,0.0,0.0,0.0,0.0,7.6087,0.0,0.0,0.0,0.0,0.0,0.0,0.0,0.0,0.0,0.0,0.0,0.0,0.0,0.0,0.0,0.0,0.0,2.409,0.0,0.0,0.0,0.0,0.0,0.0,13.6046,0.0,0.0,0.0,0.0,0.0,0.0,280.527,0.0,0.0,0.0,0.0,17.165,26.355,0.0,69.1945,0.0,0.0,0.0,0.0,0.0,0.0,0.0,0.1135,0.0,0.0,0.0,0.0,0.0,355.43,0.0,0.0,0.0,0.0,0.0,19.711,0.0,0.0,49.43070000000001,41.4478,0.0,0.0,0.0,0.0,3.4447,44.8692,8.846000000000002,0.0,0.0,0.0,54.1335,2.1910000000000003,15.424,0.0,0.0,60.6241,56.0706,33.631699999999995,100.0828,716.0069,59.6836,0.0,0.0,0.0016
0.0,0.0,0.0,51.8097,0.0,1269.5238,231.8057,0.0,0.0,42.8973,8.0334,0.0,91.42380000000001,758.9844,1233.5086000000001,25.7314,0.0,119.07150000000001,0.0,633.3123999999999,3068.2624,0.0,72.9349,149.2534,283.84260000000006,0.0,0.0,0.0,0.0,0.0,27.956699999999998,134.65500000000003,0.0,0.0,0.0,0.0,7.6087,0.0,0.0,0.0,0.0,0.0,0.0,0.0,0.0,0.0,0.0,0.0,0.0,0.0,0.0,0.0,0.0,0.0,2.409,0.0,0.0,0.0,0.0,0.0,0.0,13.6046,0.0,0.0,0.0,0.0,0.0,0.0,280.527,0.0,0.0,0.0,0.0,17.165,26.355,0.0,69.1945,0.0,0.0,0.0,0.0,0.0,0.0,0.0,0.1135,0.0,0.0,0.0,0.0,0.0,355.43,0.0,0.0,0.0,0.0,0.0,19.711,0.0,0.0,49.43070000000001,41.4478,0.0,0.0,0.0,0.0,3.4447,44.8692,8.846000000000002,0.0,0.0,0.0,54.1335,2.1910000000000003,15.424,0.0,0.0,60.6241,56.0706,33.631699999999995,100.0828,716.0069,59.6836,0.0,0.0,0.0016
0.0,0.0,0.0,51.8097,0.0,1269.5238,231.8057,0.0,0.0,42.8973,8.0334,0.0,91.42380000000001,758.9844,1233.5086000000001,25.7314,0.0,119.07150000000001,0.0,633.3123999999999,3068.2624,0.0,72.9349,149.2534,283.84260000000006,0.0,0.0,0.0,0.0,0.0,27.956699999999998,134.65500000000003,0.0,0.0,0.0,0.0,7.6087,0.0,0.0,0.0,0.0,0.0,0.0,0.0,0.0,0.0,0.0,0.0,0.0,0.0,0.0,0.0,0.0,0.0,2.409,0.0,0.0,0.0,0.0,0.0,0.0,13.6046,0.0,0.0,0.0,0.0,0.0,0.0,280.527,0.0,0.0,0.0,0.0,17.165,26.355,0.0,69.1945,0.0,0.0,0.0,0.0,0.0,0.0,0.0,0.1135,0.0,0.0,0.0,0.0,0.0,355.43,0.0,0.0,0.0,0.0,0.0,19.711,0.0,0.0,49.43070000000001,41.4478,0.0,0.0,0.0,0.0,3.4447,44.8692,8.846000000000002,0.0,0.0,0.0,54.1335,2.1910000000000003,15.424,0.0,0.0,60.6241,56.0706,33.631699999999995,100.0828,716.0069,59.6836,0.0,0.0,0.0016
0.0,0.0,0.0,51.8097,0.0,1269.5238,231.8057,0.0,0.0,42.8973,8.0334,0.0,91.42380000000001,758.9844,1233.5086000000001,25.7314,0.0,119.07150000000001,0.0,633.3123999999999,3068.2624,0.0,72.9349,149.2534,283.84260000000006,0.0,0.0,0.0,0.0,0.0,27.956699999999998,134.65500000000003,0.0,0.0,0.0,0.0,7.6087,0.0,0.0,0.0,0.0,0.0,0.0,0.0,0.0,0.0,0.0,0.0,0.0,0.0,0.0,0.0,0.0,0.0,2.409,0.0,0.0,0.0,0.0,0.0,0.0,13.6046,0.0,0.0,0.0,0.0,0.0,0.0,280.527,0.0,0.0,0.0,0.0,17.165,26.355,0.0,69.1945,0.0,0.0,0.0,0.0,0.0,0.0,0.0,0.1135,0.0,0.0,0.0,0.0,0.0,355.43,0.0,0.0,0.0,0.0,0.0,19.711,0.0,0.0,49.43070000000001,41.4478,0.0,0.0,0.0,0.0,3.4447,44.8692,8.846000000000002,0.0,0.0,0.0,54.1335,2.1910000000000003,15.424,0.0,0.0,60.6241,56.0706,33.631699999999995,100.0828,716.0069,59.6836,0.0,0.0,0.0016
0.0,0.0,0.0,51.8097,0.0,1269.5238,231.8057,0.0,0.0,42.8973,8.0334,0.0,91.42380000000001,758.9844,1233.5086000000001,25.7314,0.0,119.07150000000001,0.0,633.3123999999999,3068.2624,0.0,72.9349,149.2534,283.84260000000006,0.0,0.0,0.0,0.0,0.0,27.956699999999998,134.65500000000003,0.0,0.0,0.0,0.0,7.6087,0.0,0.0,0.0,0.0,0.0,0.0,0.0,0.0,0.0,0.0,0.0,0.0,0.0,0.0,0.0,0.0,0.0,2.409,0.0,0.0,0.0,0.0,0.0,0.0,13.6046,0.0,0.0,0.0,0.0,0.0,0.0,280.527,0.0,0.0,0.0,0.0,17.165,26.355,0.0,69.1945,0.0,0.0,0.0,0.0,0.0,0.0,0.0,0.1135,0.0,0.0,0.0,0.0,0.0,355.43,0.0,0.0,0.0,0.0,0.0,19.711,0.0,0.0,49.43070000000001,41.4478,0.0,0.0,0.0,0.0,3.4447,44.8692,8.846000000000002,0.0,0.0,0.0,54.1335,2.1910000000000003,15.424,0.0,0.0,60.6241,56.0706,33.631699999999995,100.0828,716.0069,59.6836,0.0,0.0,0.0016
0.0,0.0,0.0,48.8614,0.0,1179.4498,279.77170000000007,0.0,0.0,40.6508,8.0334,0.0,91.04410000000001,719.239,1180.7556,14.0053,0.0,76.4422,0.0,650.4160999999999,3060.3249,0.0,52.786,140.8737,270.8548,0.0,0.0,0.0,0.0,0.0,24.5589,122.50519999999999,0.0,0.0,0.0,0.0,8.9633,0.0,0.0,0.0,0.0,0.0,0.0,0.0,0.0,0.0,0.0,0.0,0.0,0.0,0.0,0.0,0.0,0.0,2.5227,0.0,0.0,0.0,0.0,0.0,0.0,12.458200000000001,0.0,0.0,0.0,0.0,0.0,0.0,276.9039,0.0,0.0,0.0,0.0,17.052,26.014599999999998,0.0,68.3009,0.0,0.0,0.0,0.0,0.0,0.0,0.0,0.1147,0.0,0.0,0.0,0.0,0.0,293.9724,0.0,0.0,0.0,0.0,0.0,19.594,0.0,0.0,49.32489999999999,41.8398,0.0,0.0,0.0,0.0,2.9474,42.7661,10.5453,0.0,0.0,0.0,53.8122,2.1498,14.5809,0.0,0.0,58.8269,56.012600000000006,33.4321,130.5225,709.2097,64.9893,0.0,0.0,0.0017
0.0,0.0,0.0,48.8614,0.0,1179.4498,279.77170000000007,0.0,0.0,40.6508,8.0334,0.0,91.04410000000001,719.239,1180.7556,14.0053,0.0,76.4422,0.0,650.4160999999999,3060.3249,0.0,52.786,140.8737,270.8548,0.0,0.0,0.0,0.0,0.0,24.5589,122.50519999999999,0.0,0.0,0.0,0.0,8.9633,0.0,0.0,0.0,0.0,0.0,0.0,0.0,0.0,0.0,0.0,0.0,0.0,0.0,0.0,0.0,0.0,0.0,2.5227,0.0,0.0,0.0,0.0,0.0,0.0,12.458200000000001,0.0,0.0,0.0,0.0,0.0,0.0,276.9039,0.0,0.0,0.0,0.0,17.052,26.014599999999998,0.0,68.3009,0.0,0.0,0.0,0.0,0.0,0.0,0.0,0.1147,0.0,0.0,0.0,0.0,0.0,293.9724,0.0,0.0,0.0,0.0,0.0,19.594,0.0,0.0,49.32489999999999,41.8398,0.0,0.0,0.0,0.0,2.9474,42.7661,10.5453,0.0,0.0,0.0,53.8122,2.1498,14.5809,0.0,0.0,58.8269,56.012600000000006,33.4321,130.5225,709.2097,64.9893,0.0,0.0,0.0017
0.0,0.0,0.0,48.8614,0.0,1179.4498,279.77170000000007,0.0,0.0,40.6508,8.0334,0.0,91.04410000000001,719.239,1180.7556,14.0053,0.0,76.4422,0.0,650.4160999999999,3060.3249,0.0,52.786,140.8737,270.8548,0.0,0.0,0.0,0.0,0.0,24.5589,122.50519999999999,0.0,0.0,0.0,0.0,8.9633,0.0,0.0,0.0,0.0,0.0,0.0,0.0,0.0,0.0,0.0,0.0,0.0,0.0,0.0,0.0,0.0,0.0,2.5227,0.0,0.0,0.0,0.0,0.0,0.0,12.458200000000001,0.0,0.0,0.0,0.0,0.0,0.0,276.9039,0.0,0.0,0.0,0.0,17.052,26.014599999999998,0.0,68.3009,0.0,0.0,0.0,0.0,0.0,0.0,0.0,0.1147,0.0,0.0,0.0,0.0,0.0,293.9724,0.0,0.0,0.0,0.0,0.0,19.594,0.0,0.0,49.32489999999999,41.8398,0.0,0.0,0.0,0.0,2.9474,42.7661,10.5453,0.0,0.0,0.0,53.8122,2.1498,14.5809,0.0,0.0,58.8269,56.012600000000006,33.4321,130.5225,709.2097,64.9893,0.0,0.0,0.0017
0.0,0.0,0.0,48.8614,0.0,1179.4498,279.77170000000007,0.0,0.0,40.6508,8.0334,0.0,91.04410000000001,719.239,1180.7556,14.0053,0.0,76.4422,0.0,650.4160999999999,3060.3249,0.0,52.786,140.8737,270.8548,0.0,0.0,0.0,0.0,0.0,24.5589,122.50519999999999,0.0,0.0,0.0,0.0,8.9633,0.0,0.0,0.0,0.0,0.0,0.0,0.0,0.0,0.0,0.0,0.0,0.0,0.0,0.0,0.0,0.0,0.0,2.5227,0.0,0.0,0.0,0.0,0.0,0.0,12.458200000000001,0.0,0.0,0.0,0.0,0.0,0.0,276.9039,0.0,0.0,0.0,0.0,17.052,26.014599999999998,0.0,68.3009,0.0,0.0,0.0,0.0,0.0,0.0,0.0,0.1147,0.0,0.0,0.0,0.0,0.0,293.9724,0.0,0.0,0.0,0.0,0.0,19.594,0.0,0.0,49.32489999999999,41.8398,0.0,0.0,0.0,0.0,2.9474,42.7661,10.5453,0.0,0.0,0.0,53.8122,2.1498,14.5809,0.0,0.0,58.8269,56.012600000000006,33.4321,130.5225,709.2097,64.9893,0.0,0.0,0.0017
0.0,0.0,0.0,48.8614,0.0,1179.4498,279.77170000000007,0.0,0.0,40.6508,8.0334,0.0,91.04410000000001,719.239,1180.7556,14.0053,0.0,76.4422,0.0,650.4160999999999,3060.3249,0.0,52.786,140.8737,270.8548,0.0,0.0,0.0,0.0,0.0,24.5589,122.50519999999999,0.0,0.0,0.0,0.0,8.9633,0.0,0.0,0.0,0.0,0.0,0.0,0.0,0.0,0.0,0.0,0.0,0.0,0.0,0.0,0.0,0.0,0.0,2.5227,0.0,0.0,0.0,0.0,0.0,0.0,12.458200000000001,0.0,0.0,0.0,0.0,0.0,0.0,276.9039,0.0,0.0,0.0,0.0,17.052,26.014599999999998,0.0,68.3009,0.0,0.0,0.0,0.0,0.0,0.0,0.0,0.1147,0.0,0.0,0.0,0.0,0.0,293.9724,0.0,0.0,0.0,0.0,0.0,19.594,0.0,0.0,49.32489999999999,41.8398,0.0,0.0,0.0,0.0,2.9474,42.7661,10.5453,0.0,0.0,0.0,53.8122,2.1498,14.5809,0.0,0.0,58.8269,56.012600000000006,33.4321,130.5225,709.2097,64.9893,0.0,0.0,0.0017
0.0,0.0,0.0,48.8614,0.0,1179.4498,279.77170000000007,0.0,0.0,40.6508,8.0334,0.0,91.04410000000001,719.239,1180.7556,14.0053,0.0,76.4422,0.0,650.4160999999999,3060.3249,0.0,52.786,140.8737,270.8548,0.0,0.0,0.0,0.0,0.0,24.5589,122.50519999999999,0.0,0.0,0.0,0.0,8.9633,0.0,0.0,0.0,0.0,0.0,0.0,0.0,0.0,0.0,0.0,0.0,0.0,0.0,0.0,0.0,0.0,0.0,2.5227,0.0,0.0,0.0,0.0,0.0,0.0,12.458200000000001,0.0,0.0,0.0,0.0,0.0,0.0,276.9039,0.0,0.0,0.0,0.0,17.052,26.014599999999998,0.0,68.3009,0.0,0.0,0.0,0.0,0.0,0.0,0.0,0.1147,0.0,0.0,0.0,0.0,0.0,293.9724,0.0,0.0,0.0,0.0,0.0,19.594,0.0,0.0,49.32489999999999,41.8398,0.0,0.0,0.0,0.0,2.9474,42.7661,10.5453,0.0,0.0,0.0,53.8122,2.1498,14.5809,0.0,0.0,58.8269,56.012600000000006,33.4321,130.5225,709.2097,64.9893,0.0,0.0,0.0017
0.0,0.0,0.0,48.8614,0.0,1179.4498,279.77170000000007,0.0,0.0,40.6508,8.0334,0.0,91.04410000000001,719.239,1180.7556,14.0053,0.0,76.4422,0.0,650.4160999999999,3060.3249,0.0,52.786,140.8737,270.8548,0.0,0.0,0.0,0.0,0.0,24.5589,122.50519999999999,0.0,0.0,0.0,0.0,8.9633,0.0,0.0,0.0,0.0,0.0,0.0,0.0,0.0,0.0,0.0,0.0,0.0,0.0,0.0,0.0,0.0,0.0,2.5227,0.0,0.0,0.0,0.0,0.0,0.0,12.458200000000001,0.0,0.0,0.0,0.0,0.0,0.0,276.9039,0.0,0.0,0.0,0.0,17.052,26.014599999999998,0.0,68.3009,0.0,0.0,0.0,0.0,0.0,0.0,0.0,0.1147,0.0,0.0,0.0,0.0,0.0,293.9724,0.0,0.0,0.0,0.0,0.0,19.594,0.0,0.0,49.32489999999999,41.8398,0.0,0.0,0.0,0.0,2.9474,42.7661,10.5453,0.0,0.0,0.0,53.8122,2.1498,14.5809,0.0,0.0,58.8269,56.012600000000006,33.4321,130.5225,709.2097,64.9893,0.0,0.0,0.0017
0.0,0.0,0.0,48.3484,0.0,926.5213999999997,209.59999999999997,0.0,0.0,49.4405,8.0334,0.0,101.04629999999999,802.7128000000001,1309.0484999999999,7.864000000000001,0.0,52.1952,0.0,676.8226000000001,3177.8769000000007,0.0,28.1195,117.6718,256.34250000000003,0.0,0.0,0.0,0.0,0.0,41.908500000000004,123.81900000000002,0.0,0.0,0.0,0.0,10.8407,0.0,0.0,0.0,0.0,0.0,0.0,0.0,0.0,0.0,0.0,0.0,0.0,0.0,0.0,0.0,0.0,0.0,2.7492,0.0,0.0,0.0,0.0,0.0,0.0,13.4944,0.0,0.0,0.0,0.0,0.0,0.0,263.795,0.0,0.0,0.0,0.0,16.9814,34.5548,0.0,81.4356,0.0,0.0,0.0,0.0,0.0,0.0,0.0,0.1343,0.0,0.0,0.0,0.0,0.0,330.364,0.0,0.0,0.0,0.0,0.0,21.2328,0.0,0.0,54.6116,44.2067,0.0,0.0,0.0,0.0,4.0907,38.442,11.4233,0.0,0.0,0.0,58.313,2.2944999999999998,15.8497,0.0,0.0,59.7844,57.769400000000005,36.2284,121.41400000000002,771.2136,67.5609,0.0,0.0,0.0024
0.0,0.0,0.0,48.3484,0.0,926.5213999999997,209.59999999999997,0.0,0.0,49.4405,8.0334,0.0,101.04629999999999,802.7128000000001,1309.0484999999999,7.864000000000001,0.0,52.1952,0.0,676.8226000000001,3177.8769000000007,0.0,28.1195,117.6718,256.34250000000003,0.0,0.0,0.0,0.0,0.0,41.908500000000004,123.81900000000002,0.0,0.0,0.0,0.0,10.8407,0.0,0.0,0.0,0.0,0.0,0.0,0.0,0.0,0.0,0.0,0.0,0.0,0.0,0.0,0.0,0.0,0.0,2.7492,0.0,0.0,0.0,0.0,0.0,0.0,13.4944,0.0,0.0,0.0,0.0,0.0,0.0,263.795,0.0,0.0,0.0,0.0,16.9814,34.5548,0.0,81.4356,0.0,0.0,0.0,0.0,0.0,0.0,0.0,0.1343,0.0,0.0,0.0,0.0,0.0,330.364,0.0,0.0,0.0,0.0,0.0,21.2328,0.0,0.0,54.6116,44.2067,0.0,0.0,0.0,0.0,4.0907,38.442,11.4233,0.0,0.0,0.0,58.313,2.2944999999999998,15.8497,0.0,0.0,59.7844,57.769400000000005,36.2284,121.41400000000002,771.2136,67.5609,0.0,0.0,0.0024
0.0,0.0,0.0,48.3484,0.0,926.5213999999997,209.59999999999997,0.0,0.0,49.4405,8.0334,0.0,101.04629999999999,802.7128000000001,1309.0484999999999,7.864000000000001,0.0,52.1952,0.0,676.8226000000001,3177.8769000000007,0.0,28.1195,117.6718,256.34250000000003,0.0,0.0,0.0,0.0,0.0,41.908500000000004,123.81900000000002,0.0,0.0,0.0,0.0,10.8407,0.0,0.0,0.0,0.0,0.0,0.0,0.0,0.0,0.0,0.0,0.0,0.0,0.0,0.0,0.0,0.0,0.0,2.7492,0.0,0.0,0.0,0.0,0.0,0.0,13.4944,0.0,0.0,0.0,0.0,0.0,0.0,263.795,0.0,0.0,0.0,0.0,16.9814,34.5548,0.0,81.4356,0.0,0.0,0.0,0.0,0.0,0.0,0.0,0.1343,0.0,0.0,0.0,0.0,0.0,330.364,0.0,0.0,0.0,0.0,0.0,21.2328,0.0,0.0,54.6116,44.2067,0.0,0.0,0.0,0.0,4.0907,38.442,11.4233,0.0,0.0,0.0,58.313,2.2944999999999998,15.8497,0.0,0.0,59.7844,57.769400000000005,36.2284,121.41400000000002,771.2136,67.5609,0.0,0.0,0.0024
0.0,0.0,0.0,48.3484,0.0,926.5213999999997,209.59999999999997,0.0,0.0,49.4405,8.0334,0.0,101.04629999999999,802.7128000000001,1309.0484999999999,7.864000000000001,0.0,52.1952,0.0,676.8226000000001,3177.8769000000007,0.0,28.1195,117.6718,256.34250000000003,0.0,0.0,0.0,0.0,0.0,41.908500000000004,123.81900000000002,0.0,0.0,0.0,0.0,10.8407,0.0,0.0,0.0,0.0,0.0,0.0,0.0,0.0,0.0,0.0,0.0,0.0,0.0,0.0,0.0,0.0,0.0,2.7492,0.0,0.0,0.0,0.0,0.0,0.0,13.4944,0.0,0.0,0.0,0.0,0.0,0.0,263.795,0.0,0.0,0.0,0.0,16.9814,34.5548,0.0,81.4356,0.0,0.0,0.0,0.0,0.0,0.0,0.0,0.1343,0.0,0.0,0.0,0.0,0.0,330.364,0.0,0.0,0.0,0.0,0.0,21.2328,0.0,0.0,54.6116,44.2067,0.0,0.0,0.0,0.0,4.0907,38.442,11.4233,0.0,0.0,0.0,58.313,2.2944999999999998,15.8497,0.0,0.0,59.7844,57.769400000000005,36.2284,121.41400000000002,771.2136,67.5609,0.0,0.0,0.0024
0.0,0.0,0.0,48.3484,0.0,926.5213999999997,209.59999999999997,0.0,0.0,49.4405,8.0334,0.0,101.04629999999999,802.7128000000001,1309.0484999999999,7.864000000000001,0.0,52.1952,0.0,676.8226000000001,3177.8769000000007,0.0,28.1195,117.6718,256.34250000000003,0.0,0.0,0.0,0.0,0.0,41.908500000000004,123.81900000000002,0.0,0.0,0.0,0.0,10.8407,0.0,0.0,0.0,0.0,0.0,0.0,0.0,0.0,0.0,0.0,0.0,0.0,0.0,0.0,0.0,0.0,0.0,2.7492,0.0,0.0,0.0,0.0,0.0,0.0,13.4944,0.0,0.0,0.0,0.0,0.0,0.0,263.795,0.0,0.0,0.0,0.0,16.9814,34.5548,0.0,81.4356,0.0,0.0,0.0,0.0,0.0,0.0,0.0,0.1343,0.0,0.0,0.0,0.0,0.0,330.364,0.0,0.0,0.0,0.0,0.0,21.2328,0.0,0.0,54.6116,44.2067,0.0,0.0,0.0,0.0,4.0907,38.442,11.4233,0.0,0.0,0.0,58.313,2.2944999999999998,15.8497,0.0,0.0,59.7844,57.769400000000005,36.2284,121.41400000000002,771.2136,67.5609,0.0,0.0,0.0024
0.0,0.0,0.0,48.3484,0.0,926.5213999999997,209.59999999999997,0.0,0.0,49.4405,8.0334,0.0,101.04629999999999,802.7128000000001,1309.0484999999999,7.864000000000001,0.0,52.1952,0.0,676.8226000000001,3177.8769000000007,0.0,28.1195,117.6718,256.34250000000003,0.0,0.0,0.0,0.0,0.0,41.908500000000004,123.81900000000002,0.0,0.0,0.0,0.0,10.8407,0.0,0.0,0.0,0.0,0.0,0.0,0.0,0.0,0.0,0.0,0.0,0.0,0.0,0.0,0.0,0.0,0.0,2.7492,0.0,0.0,0.0,0.0,0.0,0.0,13.4944,0.0,0.0,0.0,0.0,0.0,0.0,263.795,0.0,0.0,0.0,0.0,16.9814,34.5548,0.0,81.4356,0.0,0.0,0.0,0.0,0.0,0.0,0.0,0.1343,0.0,0.0,0.0,0.0,0.0,330.364,0.0,0.0,0.0,0.0,0.0,21.2328,0.0,0.0,54.6116,44.2067,0.0,0.0,0.0,0.0,4.0907,38.442,11.4233,0.0,0.0,0.0,58.313,2.2944999999999998,15.8497,0.0,0.0,59.7844,57.769400000000005,36.2284,121.41400000000002,771.2136,67.5609,0.0,0.0,0.0024
0.0,0.0,0.0,48.3484,0.0,926.5213999999997,209.59999999999997,0.0,0.0,49.4405,8.0334,0.0,101.04629999999999,802.7128000000001,1309.0484999999999,7.864000000000001,0.0,52.1952,0.0,676.8226000000001,3177.8769000000007,0.0,28.1195,117.6718,256.34250000000003,0.0,0.0,0.0,0.0,0.0,41.908500000000004,123.81900000000002,0.0,0.0,0.0,0.0,10.8407,0.0,0.0,0.0,0.0,0.0,0.0,0.0,0.0,0.0,0.0,0.0,0.0,0.0,0.0,0.0,0.0,0.0,2.7492,0.0,0.0,0.0,0.0,0.0,0.0,13.4944,0.0,0.0,0.0,0.0,0.0,0.0,263.795,0.0,0.0,0.0,0.0,16.9814,34.5548,0.0,81.4356,0.0,0.0,0.0,0.0,0.0,0.0,0.0,0.1343,0.0,0.0,0.0,0.0,0.0,330.364,0.0,0.0,0.0,0.0,0.0,21.2328,0.0,0.0,54.6116,44.2067,0.0,0.0,0.0,0.0,4.0907,38.442,11.4233,0.0,0.0,0.0,58.313,2.2944999999999998,15.8497,0.0,0.0,59.7844,57.769400000000005,36.2284,121.41400000000002,771.2136,67.5609,0.0,0.0,0.0024
0.0,0.0,0.0,71.7009,0.0,1304.5589000000002,489.41339999999997,0.0,0.0,50.5065,8.0334,0.0,113.36680000000001,771.8277999999999,1335.3706,38.0585,0.0,164.50459999999998,0.0,1345.9859,3475.8585,0.0,83.33869999999999,256.62550000000005,567.7002,0.0,0.0,0.0,0.0,0.0,64.6797,146.4043,0.0,0.0,0.0,0.0,13.9437,0.0,0.0,0.0,0.0,0.0,0.0,0.0,0.0,0.0,0.0,0.0,0.0,0.0,0.0,0.0,0.0,0.0,2.7678,0.0,0.0,0.0,0.0,0.0,0.0,25.081200000000003,0.0,0.0,0.0,0.0,0.0,0.0,219.828,0.0,0.0,0.0,0.0,14.9107,35.6261,0.0,79.3042,0.0,0.0,0.0,0.0,0.0,0.0,0.0,0.1117,0.0,0.0,0.0,0.0,0.0,240.1591,0.0,0.0,0.0,0.0,0.0,22.5206,0.0,0.0,58.8717,45.89359999999999,0.0,0.0,0.0,0.0,3.2379000000000002,33.830799999999996,10.4446,0.0,0.0,0.0,61.849900000000005,2.411,17.485599999999998,0.0,0.0,90.5898,60.994600000000005,38.4256,123.69990000000001,908.6848000000001,69.6275,0.0,0.0,0.0031
0.0,0.0,0.0,71.7009,0.0,1304.5589000000002,489.41339999999997,0.0,0.0,50.5065,8.0334,0.0,113.36680000000001,771.8277999999999,1335.3706,38.0585,0.0,164.50459999999998,0.0,1345.9859,3475.8585,0.0,83.33869999999999,256.62550000000005,567.7002,0.0,0.0,0.0,0.0,0.0,64.6797,146.4043,0.0,0.0,0.0,0.0,13.9437,0.0,0.0,0.0,0.0,0.0,0.0,0.0,0.0,0.0,0.0,0.0,0.0,0.0,0.0,0.0,0.0,0.0,2.7678,0.0,0.0,0.0,0.0,0.0,0.0,25.081200000000003,0.0,0.0,0.0,0.0,0.0,0.0,219.828,0.0,0.0,0.0,0.0,14.9107,35.6261,0.0,79.3042,0.0,0.0,0.0,0.0,0.0,0.0,0.0,0.1117,0.0,0.0,0.0,0.0,0.0,240.1591,0.0,0.0,0.0,0.0,0.0,22.5206,0.0,0.0,58.8717,45.89359999999999,0.0,0.0,0.0,0.0,3.2379000000000002,33.830799999999996,10.4446,0.0,0.0,0.0,61.849900000000005,2.411,17.485599999999998,0.0,0.0,90.5898,60.994600000000005,38.4256,123.69990000000001,908.6848000000001,69.6275,0.0,0.0,0.0031
0.0,0.0,0.0,71.7009,0.0,1304.5589000000002,489.41339999999997,0.0,0.0,50.5065,8.0334,0.0,113.36680000000001,771.8277999999999,1335.3706,38.0585,0.0,164.50459999999998,0.0,1345.9859,3475.8585,0.0,83.33869999999999,256.62550000000005,567.7002,0.0,0.0,0.0,0.0,0.0,64.6797,146.4043,0.0,0.0,0.0,0.0,13.9437,0.0,0.0,0.0,0.0,0.0,0.0,0.0,0.0,0.0,0.0,0.0,0.0,0.0,0.0,0.0,0.0,0.0,2.7678,0.0,0.0,0.0,0.0,0.0,0.0,25.081200000000003,0.0,0.0,0.0,0.0,0.0,0.0,219.828,0.0,0.0,0.0,0.0,14.9107,35.6261,0.0,79.3042,0.0,0.0,0.0,0.0,0.0,0.0,0.0,0.1117,0.0,0.0,0.0,0.0,0.0,240.1591,0.0,0.0,0.0,0.0,0.0,22.5206,0.0,0.0,58.8717,45.89359999999999,0.0,0.0,0.0,0.0,3.2379000000000002,33.830799999999996,10.4446,0.0,0.0,0.0,61.849900000000005,2.411,17.485599999999998,0.0,0.0,90.5898,60.994600000000005,38.4256,123.69990000000001,908.6848000000001,69.6275,0.0,0.0,0.0031
0.0,0.0,0.0,71.7009,0.0,1304.5589000000002,489.41339999999997,0.0,0.0,50.5065,8.0334,0.0,113.36680000000001,771.8277999999999,1335.3706,38.0585,0.0,164.50459999999998,0.0,1345.9859,3475.8585,0.0,83.33869999999999,256.62550000000005,567.7002,0.0,0.0,0.0,0.0,0.0,64.6797,146.4043,0.0,0.0,0.0,0.0,13.9437,0.0,0.0,0.0,0.0,0.0,0.0,0.0,0.0,0.0,0.0,0.0,0.0,0.0,0.0,0.0,0.0,0.0,2.7678,0.0,0.0,0.0,0.0,0.0,0.0,25.081200000000003,0.0,0.0,0.0,0.0,0.0,0.0,219.828,0.0,0.0,0.0,0.0,14.9107,35.6261,0.0,79.3042,0.0,0.0,0.0,0.0,0.0,0.0,0.0,0.1117,0.0,0.0,0.0,0.0,0.0,240.1591,0.0,0.0,0.0,0.0,0.0,22.5206,0.0,0.0,58.8717,45.89359999999999,0.0,0.0,0.0,0.0,3.2379000000000002,33.830799999999996,10.4446,0.0,0.0,0.0,61.849900000000005,2.411,17.485599999999998,0.0,0.0,90.5898,60.994600000000005,38.4256,123.69990000000001,908.6848000000001,69.6275,0.0,0.0,0.0031
0.0,0.0,0.0,71.7009,0.0,1304.5589000000002,489.41339999999997,0.0,0.0,50.5065,8.0334,0.0,113.36680000000001,771.8277999999999,1335.3706,38.0585,0.0,164.50459999999998,0.0,1345.9859,3475.8585,0.0,83.33869999999999,256.62550000000005,567.7002,0.0,0.0,0.0,0.0,0.0,64.6797,146.4043,0.0,0.0,0.0,0.0,13.9437,0.0,0.0,0.0,0.0,0.0,0.0,0.0,0.0,0.0,0.0,0.0,0.0,0.0,0.0,0.0,0.0,0.0,2.7678,0.0,0.0,0.0,0.0,0.0,0.0,25.081200000000003,0.0,0.0,0.0,0.0,0.0,0.0,219.828,0.0,0.0,0.0,0.0,14.9107,35.6261,0.0,79.3042,0.0,0.0,0.0,0.0,0.0,0.0,0.0,0.1117,0.0,0.0,0.0,0.0,0.0,240.1591,0.0,0.0,0.0,0.0,0.0,22.5206,0.0,0.0,58.8717,45.89359999999999,0.0,0.0,0.0,0.0,3.2379000000000002,33.830799999999996,10.4446,0.0,0.0,0.0,61.849900000000005,2.411,17.485599999999998,0.0,0.0,90.5898,60.994600000000005,38.4256,123.69990000000001,908.6848000000001,69.6275,0.0,0.0,0.0031
0.0,0.0,0.0,71.7009,0.0,1304.5589000000002,489.41339999999997,0.0,0.0,50.5065,8.0334,0.0,113.36680000000001,771.8277999999999,1335.3706,38.0585,0.0,164.50459999999998,0.0,1345.9859,3475.8585,0.0,83.33869999999999,256.62550000000005,567.7002,0.0,0.0,0.0,0.0,0.0,64.6797,146.4043,0.0,0.0,0.0,0.0,13.9437,0.0,0.0,0.0,0.0,0.0,0.0,0.0,0.0,0.0,0.0,0.0,0.0,0.0,0.0,0.0,0.0,0.0,2.7678,0.0,0.0,0.0,0.0,0.0,0.0,25.081200000000003,0.0,0.0,0.0,0.0,0.0,0.0,219.828,0.0,0.0,0.0,0.0,14.9107,35.6261,0.0,79.3042,0.0,0.0,0.0,0.0,0.0,0.0,0.0,0.1117,0.0,0.0,0.0,0.0,0.0,240.1591,0.0,0.0,0.0,0.0,0.0,22.5206,0.0,0.0,58.8717,45.89359999999999,0.0,0.0,0.0,0.0,3.2379000000000002,33.830799999999996,10.4446,0.0,0.0,0.0,61.849900000000005,2.411,17.485599999999998,0.0,0.0,90.5898,60.994600000000005,38.4256,123.69990000000001,908.6848000000001,69.6275,0.0,0.0,0.0031
0.0,0.0,0.0,71.7009,0.0,1304.5589000000002,489.41339999999997,0.0,0.0,50.5065,8.0334,0.0,113.36680000000001,771.8277999999999,1335.3706,38.0585,0.0,164.50459999999998,0.0,1345.9859,3475.8585,0.0,83.33869999999999,256.62550000000005,567.7002,0.0,0.0,0.0,0.0,0.0,64.6797,146.4043,0.0,0.0,0.0,0.0,13.9437,0.0,0.0,0.0,0.0,0.0,0.0,0.0,0.0,0.0,0.0,0.0,0.0,0.0,0.0,0.0,0.0,0.0,2.7678,0.0,0.0,0.0,0.0,0.0,0.0,25.081200000000003,0.0,0.0,0.0,0.0,0.0,0.0,219.828,0.0,0.0,0.0,0.0,14.9107,35.6261,0.0,79.3042,0.0,0.0,0.0,0.0,0.0,0.0,0.0,0.1117,0.0,0.0,0.0,0.0,0.0,240.1591,0.0,0.0,0.0,0.0,0.0,22.5206,0.0,0.0,58.8717,45.89359999999999,0.0,0.0,0.0,0.0,3.2379000000000002,33.830799999999996,10.4446,0.0,0.0,0.0,61.849900000000005,2.411,17.485599999999998,0.0,0.0,90.5898,60.994600000000005,38.4256,123.69990000000001,908.6848000000001,69.6275,0.0,0.0,0.0031
0.0,0.0,0.0,71.5057,0.0,1246.5024,267.10429999999997,0.0,0.0,52.2284,8.0334,0.0,121.29060000000001,796.8833999999999,1561.6907,18.023,0.0,113.8587,0.0,1395.9524999999999,3725.7818999999995,0.0,63.9225,278.6834,618.7744999999999,0.0,0.0,0.0,0.0,0.0,61.23479999999999,137.202,0.0,0.0,0.0,0.0,13.4815,0.0,0.0,0.0,0.0,0.0,0.0,0.0,0.0,0.0,0.0,0.0,0.0,0.0,0.0,0.0,0.0,0.0,2.3724000000000003,0.0,0.0,0.0,0.0,0.0,0.0,26.4639,0.0,0.0,0.0,0.0,0.0,0.0,211.6076,0.0,0.0,0.0,0.0,14.6131,34.294,0.0,76.3387,0.0,0.0,0.0,0.0,0.0,0.0,0.0,0.1384,0.0,0.0,0.0,0.0,0.0,215.7951,0.0,0.0,0.0,0.0,0.0,24.0666,0.0,0.0,62.05240000000001,45.9838,0.0,0.0,0.0,0.0,2.8011999999999997,28.5592,6.9577,0.0,0.0,0.0,66.0956,2.3806000000000003,17.1345,0.0,0.0,75.0631,66.8905,40.6318,114.5085,1084.3836000000001,68.4071,0.0,0.0,0.0032
0.0,0.0,0.0,71.5057,0.0,1246.5024,267.10429999999997,0.0,0.0,52.2284,8.0334,0.0,121.29060000000001,796.8833999999999,1561.6907,18.023,0.0,113.8587,0.0,1395.9524999999999,3725.7818999999995,0.0,63.9225,278.6834,618.7744999999999,0.0,0.0,0.0,0.0,0.0,61.23479999999999,137.202,0.0,0.0,0.0,0.0,13.4815,0.0,0.0,0.0,0.0,0.0,0.0,0.0,0.0,0.0,0.0,0.0,0.0,0.0,0.0,0.0,0.0,0.0,2.3724000000000003,0.0,0.0,0.0,0.0,0.0,0.0,26.4639,0.0,0.0,0.0,0.0,0.0,0.0,211.6076,0.0,0.0,0.0,0.0,14.6131,34.294,0.0,76.3387,0.0,0.0,0.0,0.0,0.0,0.0,0.0,0.1384,0.0,0.0,0.0,0.0,0.0,215.7951,0.0,0.0,0.0,0.0,0.0,24.0666,0.0,0.0,62.05240000000001,45.9838,0.0,0.0,0.0,0.0,2.8011999999999997,28.5592,6.9577,0.0,0.0,0.0,66.0956,2.3806000000000003,17.1345,0.0,0.0,75.0631,66.8905,40.6318,114.5085,1084.3836000000001,68.4071,0.0,0.0,0.0032
0.0,0.0,0.0,71.5057,0.0,1246.5024,267.10429999999997,0.0,0.0,52.2284,8.0334,0.0,121.29060000000001,796.8833999999999,1561.6907,18.023,0.0,113.8587,0.0,1395.9524999999999,3725.7818999999995,0.0,63.9225,278.6834,618.7744999999999,0.0,0.0,0.0,0.0,0.0,61.23479999999999,137.202,0.0,0.0,0.0,0.0,13.4815,0.0,0.0,0.0,0.0,0.0,0.0,0.0,0.0,0.0,0.0,0.0,0.0,0.0,0.0,0.0,0.0,0.0,2.3724000000000003,0.0,0.0,0.0,0.0,0.0,0.0,26.4639,0.0,0.0,0.0,0.0,0.0,0.0,211.6076,0.0,0.0,0.0,0.0,14.6131,34.294,0.0,76.3387,0.0,0.0,0.0,0.0,0.0,0.0,0.0,0.1384,0.0,0.0,0.0,0.0,0.0,215.7951,0.0,0.0,0.0,0.0,0.0,24.0666,0.0,0.0,62.05240000000001,45.9838,0.0,0.0,0.0,0.0,2.8011999999999997,28.5592,6.9577,0.0,0.0,0.0,66.0956,2.3806000000000003,17.1345,0.0,0.0,75.0631,66.8905,40.6318,114.5085,1084.3836000000001,68.4071,0.0,0.0,0.0032
0.0,0.0,0.0,71.5057,0.0,1246.5024,267.10429999999997,0.0,0.0,52.2284,8.0334,0.0,121.29060000000001,796.8833999999999,1561.6907,18.023,0.0,113.8587,0.0,1395.9524999999999,3725.7818999999995,0.0,63.9225,278.6834,618.7744999999999,0.0,0.0,0.0,0.0,0.0,61.23479999999999,137.202,0.0,0.0,0.0,0.0,13.4815,0.0,0.0,0.0,0.0,0.0,0.0,0.0,0.0,0.0,0.0,0.0,0.0,0.0,0.0,0.0,0.0,0.0,2.3724000000000003,0.0,0.0,0.0,0.0,0.0,0.0,26.4639,0.0,0.0,0.0,0.0,0.0,0.0,211.6076,0.0,0.0,0.0,0.0,14.6131,34.294,0.0,76.3387,0.0,0.0,0.0,0.0,0.0,0.0,0.0,0.1384,0.0,0.0,0.0,0.0,0.0,215.7951,0.0,0.0,0.0,0.0,0.0,24.0666,0.0,0.0,62.05240000000001,45.9838,0.0,0.0,0.0,0.0,2.8011999999999997,28.5592,6.9577,0.0,0.0,0.0,66.0956,2.3806000000000003,17.1345,0.0,0.0,75.0631,66.8905,40.6318,114.5085,1084.3836000000001,68.4071,0.0,0.0,0.0032
0.0,0.0,0.0,71.5057,0.0,1246.5024,267.10429999999997,0.0,0.0,52.2284,8.0334,0.0,121.29060000000001,796.8833999999999,1561.6907,18.023,0.0,113.8587,0.0,1395.9524999999999,3725.7818999999995,0.0,63.9225,278.6834,618.7744999999999,0.0,0.0,0.0,0.0,0.0,61.23479999999999,137.202,0.0,0.0,0.0,0.0,13.4815,0.0,0.0,0.0,0.0,0.0,0.0,0.0,0.0,0.0,0.0,0.0,0.0,0.0,0.0,0.0,0.0,0.0,2.3724000000000003,0.0,0.0,0.0,0.0,0.0,0.0,26.4639,0.0,0.0,0.0,0.0,0.0,0.0,211.6076,0.0,0.0,0.0,0.0,14.6131,34.294,0.0,76.3387,0.0,0.0,0.0,0.0,0.0,0.0,0.0,0.1384,0.0,0.0,0.0,0.0,0.0,215.7951,0.0,0.0,0.0,0.0,0.0,24.0666,0.0,0.0,62.05240000000001,45.9838,0.0,0.0,0.0,0.0,2.8011999999999997,28.5592,6.9577,0.0,0.0,0.0,66.0956,2.3806000000000003,17.1345,0.0,0.0,75.0631,66.8905,40.6318,114.5085,1084.3836000000001,68.4071,0.0,0.0,0.0032
0.0,0.0,0.0,71.5057,0.0,1246.5024,267.10429999999997,0.0,0.0,52.2284,8.0334,0.0,121.29060000000001,796.8833999999999,1561.6907,18.023,0.0,113.8587,0.0,1395.9524999999999,3725.7818999999995,0.0,63.9225,278.6834,618.7744999999999,0.0,0.0,0.0,0.0,0.0,61.23479999999999,137.202,0.0,0.0,0.0,0.0,13.4815,0.0,0.0,0.0,0.0,0.0,0.0,0.0,0.0,0.0,0.0,0.0,0.0,0.0,0.0,0.0,0.0,0.0,2.3724000000000003,0.0,0.0,0.0,0.0,0.0,0.0,26.4639,0.0,0.0,0.0,0.0,0.0,0.0,211.6076,0.0,0.0,0.0,0.0,14.6131,34.294,0.0,76.3387,0.0,0.0,0.0,0.0,0.0,0.0,0.0,0.1384,0.0,0.0,0.0,0.0,0.0,215.7951,0.0,0.0,0.0,0.0,0.0,24.0666,0.0,0.0,62.05240000000001,45.9838,0.0,0.0,0.0,0.0,2.8011999999999997,28.5592,6.9577,0.0,0.0,0.0,66.0956,2.3806000000000003,17.1345,0.0,0.0,75.0631,66.8905,40.6318,114.5085,1084.3836000000001,68.4071,0.0,0.0,0.0032
0.0,0.0,0.0,71.5057,0.0,1246.5024,267.10429999999997,0.0,0.0,52.2284,8.0334,0.0,121.29060000000001,796.8833999999999,1561.6907,18.023,0.0,113.8587,0.0,1395.9524999999999,3725.7818999999995,0.0,63.9225,278.6834,618.7744999999999,0.0,0.0,0.0,0.0,0.0,61.23479999999999,137.202,0.0,0.0,0.0,0.0,13.4815,0.0,0.0,0.0,0.0,0.0,0.0,0.0,0.0,0.0,0.0,0.0,0.0,0.0,0.0,0.0,0.0,0.0,2.3724000000000003,0.0,0.0,0.0,0.0,0.0,0.0,26.4639,0.0,0.0,0.0,0.0,0.0,0.0,211.6076,0.0,0.0,0.0,0.0,14.6131,34.294,0.0,76.3387,0.0,0.0,0.0,0.0,0.0,0.0,0.0,0.1384,0.0,0.0,0.0,0.0,0.0,215.7951,0.0,0.0,0.0,0.0,0.0,24.0666,0.0,0.0,62.05240000000001,45.9838,0.0,0.0,0.0,0.0,2.8011999999999997,28.5592,6.9577,0.0,0.0,0.0,66.0956,2.3806000000000003,17.1345,0.0,0.0,75.0631,66.8905,40.6318,114.5085,1084.3836000000001,68.4071,0.0,0.0,0.0032
0.0,0.0,0.0,57.1376,0.0,927.9330999999996,184.39920000000004,0.0,0.0,55.2894,8.0334,0.0,117.37580000000001,841.4265000000001,1498.1602,7.586799999999999,0.0,53.583800000000004,0.0,1010.4578,3406.983,0.0,25.415399999999998,146.29600000000002,345.2337,0.0,0.0,0.0,0.0,0.0,58.8074,131.8155,0.0,0.0,0.0,0.0,12.565,0.0,0.0,0.0,0.0,0.0,0.0,0.0,0.0,0.0,0.0,0.0,0.0,0.0,0.0,0.0,0.0,0.0,2.521,0.0,0.0,0.0,0.0,0.0,0.0,17.7274,0.0,0.0,0.0,0.0,0.0,0.0,212.4031,0.0,0.0,0.0,0.0,14.8989,34.4228,0.0,76.6257,0.0,0.0,0.0,0.0,0.0,0.0,0.0,0.0795,0.0,0.0,0.0,0.0,0.0,205.2084,0.0,0.0,0.0,0.0,0.0,25.2783,0.0,0.0,64.75989999999999,45.9235,0.0,0.0,0.0,0.0,3.3378,29.242000000000004,4.7196,0.0,0.0,0.0,69.4233,2.4536000000000002,16.5389,0.0,0.0,66.069,63.1484,42.3185,103.90099999999998,1000.8731,66.3844,0.0,0.0,0.0021
0.0,0.0,0.0,57.1376,0.0,927.9330999999996,184.39920000000004,0.0,0.0,55.2894,8.0334,0.0,117.37580000000001,841.4265000000001,1498.1602,7.586799999999999,0.0,53.583800000000004,0.0,1010.4578,3406.983,0.0,25.415399999999998,146.29600000000002,345.2337,0.0,0.0,0.0,0.0,0.0,58.8074,131.8155,0.0,0.0,0.0,0.0,12.565,0.0,0.0,0.0,0.0,0.0,0.0,0.0,0.0,0.0,0.0,0.0,0.0,0.0,0.0,0.0,0.0,0.0,2.521,0.0,0.0,0.0,0.0,0.0,0.0,17.7274,0.0,0.0,0.0,0.0,0.0,0.0,212.4031,0.0,0.0,0.0,0.0,14.8989,34.4228,0.0,76.6257,0.0,0.0,0.0,0.0,0.0,0.0,0.0,0.0795,0.0,0.0,0.0,0.0,0.0,205.2084,0.0,0.0,0.0,0.0,0.0,25.2783,0.0,0.0,64.75989999999999,45.9235,0.0,0.0,0.0,0.0,3.3378,29.242000000000004,4.7196,0.0,0.0,0.0,69.4233,2.4536000000000002,16.5389,0.0,0.0,66.069,63.1484,42.3185,103.90099999999998,1000.8731,66.3844,0.0,0.0,0.0021
0.0,0.0,0.0,57.1376,0.0,927.9330999999996,184.39920000000004,0.0,0.0,55.2894,8.0334,0.0,117.37580000000001,841.4265000000001,1498.1602,7.586799999999999,0.0,53.583800000000004,0.0,1010.4578,3406.983,0.0,25.415399999999998,146.29600000000002,345.2337,0.0,0.0,0.0,0.0,0.0,58.8074,131.8155,0.0,0.0,0.0,0.0,12.565,0.0,0.0,0.0,0.0,0.0,0.0,0.0,0.0,0.0,0.0,0.0,0.0,0.0,0.0,0.0,0.0,0.0,2.521,0.0,0.0,0.0,0.0,0.0,0.0,17.7274,0.0,0.0,0.0,0.0,0.0,0.0,212.4031,0.0,0.0,0.0,0.0,14.8989,34.4228,0.0,76.6257,0.0,0.0,0.0,0.0,0.0,0.0,0.0,0.0795,0.0,0.0,0.0,0.0,0.0,205.2084,0.0,0.0,0.0,0.0,0.0,25.2783,0.0,0.0,64.75989999999999,45.9235,0.0,0.0,0.0,0.0,3.3378,29.242000000000004,4.7196,0.0,0.0,0.0,69.4233,2.4536000000000002,16.5389,0.0,0.0,66.069,63.1484,42.3185,103.90099999999998,1000.8731,66.3844,0.0,0.0,0.0021
0.0,0.0,0.0,57.1376,0.0,927.9330999999996,184.39920000000004,0.0,0.0,55.2894,8.0334,0.0,117.37580000000001,841.4265000000001,1498.1602,7.586799999999999,0.0,53.583800000000004,0.0,1010.4578,3406.983,0.0,25.415399999999998,146.29600000000002,345.2337,0.0,0.0,0.0,0.0,0.0,58.8074,131.8155,0.0,0.0,0.0,0.0,12.565,0.0,0.0,0.0,0.0,0.0,0.0,0.0,0.0,0.0,0.0,0.0,0.0,0.0,0.0,0.0,0.0,0.0,2.521,0.0,0.0,0.0,0.0,0.0,0.0,17.7274,0.0,0.0,0.0,0.0,0.0,0.0,212.4031,0.0,0.0,0.0,0.0,14.8989,34.4228,0.0,76.6257,0.0,0.0,0.0,0.0,0.0,0.0,0.0,0.0795,0.0,0.0,0.0,0.0,0.0,205.2084,0.0,0.0,0.0,0.0,0.0,25.2783,0.0,0.0,64.75989999999999,45.9235,0.0,0.0,0.0,0.0,3.3378,29.242000000000004,4.7196,0.0,0.0,0.0,69.4233,2.4536000000000002,16.5389,0.0,0.0,66.069,63.1484,42.3185,103.90099999999998,1000.8731,66.3844,0.0,0.0,0.0021
0.0,0.0,0.0,57.1376,0.0,927.9330999999996,184.39920000000004,0.0,0.0,55.2894,8.0334,0.0,117.37580000000001,841.4265000000001,1498.1602,7.586799999999999,0.0,53.583800000000004,0.0,1010.4578,3406.983,0.0,25.415399999999998,146.29600000000002,345.2337,0.0,0.0,0.0,0.0,0.0,58.8074,131.8155,0.0,0.0,0.0,0.0,12.565,0.0,0.0,0.0,0.0,0.0,0.0,0.0,0.0,0.0,0.0,0.0,0.0,0.0,0.0,0.0,0.0,0.0,2.521,0.0,0.0,0.0,0.0,0.0,0.0,17.7274,0.0,0.0,0.0,0.0,0.0,0.0,212.4031,0.0,0.0,0.0,0.0,14.8989,34.4228,0.0,76.6257,0.0,0.0,0.0,0.0,0.0,0.0,0.0,0.0795,0.0,0.0,0.0,0.0,0.0,205.2084,0.0,0.0,0.0,0.0,0.0,25.2783,0.0,0.0,64.75989999999999,45.9235,0.0,0.0,0.0,0.0,3.3378,29.242000000000004,4.7196,0.0,0.0,0.0,69.4233,2.4536000000000002,16.5389,0.0,0.0,66.069,63.1484,42.3185,103.90099999999998,1000.8731,66.3844,0.0,0.0,0.0021
0.0,0.0,0.0,57.1376,0.0,927.9330999999996,184.39920000000004,0.0,0.0,55.2894,8.0334,0.0,117.37580000000001,841.4265000000001,1498.1602,7.586799999999999,0.0,53.583800000000004,0.0,1010.4578,3406.983,0.0,25.415399999999998,146.29600000000002,345.2337,0.0,0.0,0.0,0.0,0.0,58.8074,131.8155,0.0,0.0,0.0,0.0,12.565,0.0,0.0,0.0,0.0,0.0,0.0,0.0,0.0,0.0,0.0,0.0,0.0,0.0,0.0,0.0,0.0,0.0,2.521,0.0,0.0,0.0,0.0,0.0,0.0,17.7274,0.0,0.0,0.0,0.0,0.0,0.0,212.4031,0.0,0.0,0.0,0.0,14.8989,34.4228,0.0,76.6257,0.0,0.0,0.0,0.0,0.0,0.0,0.0,0.0795,0.0,0.0,0.0,0.0,0.0,205.2084,0.0,0.0,0.0,0.0,0.0,25.2783,0.0,0.0,64.75989999999999,45.9235,0.0,0.0,0.0,0.0,3.3378,29.242000000000004,4.7196,0.0,0.0,0.0,69.4233,2.4536000000000002,16.5389,0.0,0.0,66.069,63.1484,42.3185,103.90099999999998,1000.8731,66.3844,0.0,0.0,0.0021
0.0,0.0,0.0,57.1376,0.0,927.9330999999996,184.39920000000004,0.0,0.0,55.2894,8.0334,0.0,117.37580000000001,841.4265000000001,1498.1602,7.586799999999999,0.0,53.583800000000004,0.0,1010.4578,3406.983,0.0,25.415399999999998,146.29600000000002,345.2337,0.0,0.0,0.0,0.0,0.0,58.8074,131.8155,0.0,0.0,0.0,0.0,12.565,0.0,0.0,0.0,0.0,0.0,0.0,0.0,0.0,0.0,0.0,0.0,0.0,0.0,0.0,0.0,0.0,0.0,2.521,0.0,0.0,0.0,0.0,0.0,0.0,17.7274,0.0,0.0,0.0,0.0,0.0,0.0,212.4031,0.0,0.0,0.0,0.0,14.8989,34.4228,0.0,76.6257,0.0,0.0,0.0,0.0,0.0,0.0,0.0,0.0795,0.0,0.0,0.0,0.0,0.0,205.2084,0.0,0.0,0.0,0.0,0.0,25.2783,0.0,0.0,64.75989999999999,45.9235,0.0,0.0,0.0,0.0,3.3378,29.242000000000004,4.7196,0.0,0.0,0.0,69.4233,2.4536000000000002,16.5389,0.0,0.0,66.069,63.1484,42.3185,103.90099999999998,1000.8731,66.3844,0.0,0.0,0.0021
0.0,0.0,0.0,46.607,0.0,833.7344999999999,166.6596,0.0,0.0,46.516799999999996,7.6009,0.0,105.02430000000001,760.8877000000001,1256.9352,4.9566,0.0,37.2286,0.0,741.3269,2902.6185,0.0,17.4454,158.31860000000003,301.6899,0.0,0.0,0.0,0.0,0.0,49.89699999999999,151.84790000000004,0.0,0.0,0.0,0.0,11.8721,0.0,0.0,0.0,0.0,0.0,0.0,0.0,0.0,0.0,0.0,0.0,0.0,0.0,0.0,0.0,0.0,0.0,2.1394,0.0,0.0,0.0,0.0,0.0,0.0,13.6192,0.0,0.0,0.0,0.0,0.0,0.0,299.6959,0.0,0.0,0.0,0.0,14.8408,42.7543,0.0,93.7724,0.0,0.0,0.0,0.0,0.0,0.0,0.0,0.1129,0.0,0.0,0.0,0.0,0.0,276.8323,0.0,0.0,0.0,0.0,0.0,21.4963,0.0,0.0,54.7009,43.168800000000005,0.0,0.0,0.0,0.0,5.2277,25.7554,4.6087,0.0,0.0,0.0,59.036699999999996,2.1822,19.0521,0.0,0.0,63.997899999999994,58.534000000000006,36.6779,86.566,787.5826,59.7244,0.0,0.0,0.002
0.0,0.0,0.0,46.607,0.0,833.7344999999999,166.6596,0.0,0.0,46.516799999999996,7.6009,0.0,105.02430000000001,760.8877000000001,1256.9352,4.9566,0.0,37.2286,0.0,741.3269,2902.6185,0.0,17.4454,158.31860000000003,301.6899,0.0,0.0,0.0,0.0,0.0,49.89699999999999,151.84790000000004,0.0,0.0,0.0,0.0,11.8721,0.0,0.0,0.0,0.0,0.0,0.0,0.0,0.0,0.0,0.0,0.0,0.0,0.0,0.0,0.0,0.0,0.0,2.1394,0.0,0.0,0.0,0.0,0.0,0.0,13.6192,0.0,0.0,0.0,0.0,0.0,0.0,299.6959,0.0,0.0,0.0,0.0,14.8408,42.7543,0.0,93.7724,0.0,0.0,0.0,0.0,0.0,0.0,0.0,0.1129,0.0,0.0,0.0,0.0,0.0,276.8323,0.0,0.0,0.0,0.0,0.0,21.4963,0.0,0.0,54.7009,43.168800000000005,0.0,0.0,0.0,0.0,5.2277,25.7554,4.6087,0.0,0.0,0.0,59.036699999999996,2.1822,19.0521,0.0,0.0,63.997899999999994,58.534000000000006,36.6779,86.566,787.5826,59.7244,0.0,0.0,0.002
0.0,0.0,0.0,46.607,0.0,833.7344999999999,166.6596,0.0,0.0,46.516799999999996,7.6009,0.0,105.02430000000001,760.8877000000001,1256.9352,4.9566,0.0,37.2286,0.0,741.3269,2902.6185,0.0,17.4454,158.31860000000003,301.6899,0.0,0.0,0.0,0.0,0.0,49.89699999999999,151.84790000000004,0.0,0.0,0.0,0.0,11.8721,0.0,0.0,0.0,0.0,0.0,0.0,0.0,0.0,0.0,0.0,0.0,0.0,0.0,0.0,0.0,0.0,0.0,2.1394,0.0,0.0,0.0,0.0,0.0,0.0,13.6192,0.0,0.0,0.0,0.0,0.0,0.0,299.6959,0.0,0.0,0.0,0.0,14.8408,42.7543,0.0,93.7724,0.0,0.0,0.0,0.0,0.0,0.0,0.0,0.1129,0.0,0.0,0.0,0.0,0.0,276.8323,0.0,0.0,0.0,0.0,0.0,21.4963,0.0,0.0,54.7009,43.168800000000005,0.0,0.0,0.0,0.0,5.2277,25.7554,4.6087,0.0,0.0,0.0,59.036699999999996,2.1822,19.0521,0.0,0.0,63.997899999999994,58.534000000000006,36.6779,86.566,787.5826,59.7244,0.0,0.0,0.002
0.0,0.0,0.0,46.607,0.0,833.7344999999999,166.6596,0.0,0.0,46.516799999999996,7.6009,0.0,105.02430000000001,760.8877000000001,1256.9352,4.9566,0.0,37.2286,0.0,741.3269,2902.6185,0.0,17.4454,158.31860000000003,301.6899,0.0,0.0,0.0,0.0,0.0,49.89699999999999,151.84790000000004,0.0,0.0,0.0,0.0,11.8721,0.0,0.0,0.0,0.0,0.0,0.0,0.0,0.0,0.0,0.0,0.0,0.0,0.0,0.0,0.0,0.0,0.0,2.1394,0.0,0.0,0.0,0.0,0.0,0.0,13.6192,0.0,0.0,0.0,0.0,0.0,0.0,299.6959,0.0,0.0,0.0,0.0,14.8408,42.7543,0.0,93.7724,0.0,0.0,0.0,0.0,0.0,0.0,0.0,0.1129,0.0,0.0,0.0,0.0,0.0,276.8323,0.0,0.0,0.0,0.0,0.0,21.4963,0.0,0.0,54.7009,43.168800000000005,0.0,0.0,0.0,0.0,5.2277,25.7554,4.6087,0.0,0.0,0.0,59.036699999999996,2.1822,19.0521,0.0,0.0,63.997899999999994,58.534000000000006,36.6779,86.566,787.5826,59.7244,0.0,0.0,0.002
0.0,0.0,0.0,46.607,0.0,833.7344999999999,166.6596,0.0,0.0,46.516799999999996,7.6009,0.0,105.02430000000001,760.8877000000001,1256.9352,4.9566,0.0,37.2286,0.0,741.3269,2902.6185,0.0,17.4454,158.31860000000003,301.6899,0.0,0.0,0.0,0.0,0.0,49.89699999999999,151.84790000000004,0.0,0.0,0.0,0.0,11.8721,0.0,0.0,0.0,0.0,0.0,0.0,0.0,0.0,0.0,0.0,0.0,0.0,0.0,0.0,0.0,0.0,0.0,2.1394,0.0,0.0,0.0,0.0,0.0,0.0,13.6192,0.0,0.0,0.0,0.0,0.0,0.0,299.6959,0.0,0.0,0.0,0.0,14.8408,42.7543,0.0,93.7724,0.0,0.0,0.0,0.0,0.0,0.0,0.0,0.1129,0.0,0.0,0.0,0.0,0.0,276.8323,0.0,0.0,0.0,0.0,0.0,21.4963,0.0,0.0,54.7009,43.168800000000005,0.0,0.0,0.0,0.0,5.2277,25.7554,4.6087,0.0,0.0,0.0,59.036699999999996,2.1822,19.0521,0.0,0.0,63.997899999999994,58.534000000000006,36.6779,86.566,787.5826,59.7244,0.0,0.0,0.002
0.0,0.0,0.0,46.607,0.0,833.7344999999999,166.6596,0.0,0.0,46.516799999999996,7.6009,0.0,105.02430000000001,760.8877000000001,1256.9352,4.9566,0.0,37.2286,0.0,741.3269,2902.6185,0.0,17.4454,158.31860000000003,301.6899,0.0,0.0,0.0,0.0,0.0,49.89699999999999,151.84790000000004,0.0,0.0,0.0,0.0,11.8721,0.0,0.0,0.0,0.0,0.0,0.0,0.0,0.0,0.0,0.0,0.0,0.0,0.0,0.0,0.0,0.0,0.0,2.1394,0.0,0.0,0.0,0.0,0.0,0.0,13.6192,0.0,0.0,0.0,0.0,0.0,0.0,299.6959,0.0,0.0,0.0,0.0,14.8408,42.7543,0.0,93.7724,0.0,0.0,0.0,0.0,0.0,0.0,0.0,0.1129,0.0,0.0,0.0,0.0,0.0,276.8323,0.0,0.0,0.0,0.0,0.0,21.4963,0.0,0.0,54.7009,43.168800000000005,0.0,0.0,0.0,0.0,5.2277,25.7554,4.6087,0.0,0.0,0.0,59.036699999999996,2.1822,19.0521,0.0,0.0,63.997899999999994,58.534000000000006,36.6779,86.566,787.5826,59.7244,0.0,0.0,0.002
0.0,0.0,0.0,46.607,0.0,833.7344999999999,166.6596,0.0,0.0,46.516799999999996,7.6009,0.0,105.02430000000001,760.8877000000001,1256.9352,4.9566,0.0,37.2286,0.0,741.3269,2902.6185,0.0,17.4454,158.31860000000003,301.6899,0.0,0.0,0.0,0.0,0.0,49.89699999999999,151.84790000000004,0.0,0.0,0.0,0.0,11.8721,0.0,0.0,0.0,0.0,0.0,0.0,0.0,0.0,0.0,0.0,0.0,0.0,0.0,0.0,0.0,0.0,0.0,2.1394,0.0,0.0,0.0,0.0,0.0,0.0,13.6192,0.0,0.0,0.0,0.0,0.0,0.0,299.6959,0.0,0.0,0.0,0.0,14.8408,42.7543,0.0,93.7724,0.0,0.0,0.0,0.0,0.0,0.0,0.0,0.1129,0.0,0.0,0.0,0.0,0.0,276.8323,0.0,0.0,0.0,0.0,0.0,21.4963,0.0,0.0,54.7009,43.168800000000005,0.0,0.0,0.0,0.0,5.2277,25.7554,4.6087,0.0,0.0,0.0,59.036699999999996,2.1822,19.0521,0.0,0.0,63.997899999999994,58.534000000000006,36.6779,86.566,787.5826,59.7244,0.0,0.0,0.002
0.0,0.0,0.0,40.8984,0.0,799.8329000000001,136.0882,0.0,0.0,45.4028,6.2144,0.0,81.1504,782.5020000000001,1161.9152,3.0795000000000003,0.0,26.2954,0.0,487.4972,2831.8661,0.0,14.2189,162.3846,269.0823,0.0,0.0,0.0,0.0,0.0,36.1542,133.6996,0.0,0.0,0.0,0.0,9.1439,0.0,0.0,0.0,0.0,0.0,0.0,0.0,0.0,0.0,0.0,0.0,0.0,0.0,0.0,0.0,0.0,0.0,1.8107,0.0,0.0,0.0,0.0,0.0,0.0,10.0872,0.0,0.0,0.0,0.0,0.0,0.0,355.5108,0.0,0.0,0.0,0.0,13.7095,47.5184,0.0,103.3474,0.0,0.0,0.0,0.0,0.0,0.0,0.0,0.2046,0.0,0.0,0.0,0.0,0.0,245.3563,0.0,0.0,0.0,0.0,0.0,17.2315,0.0,0.0,43.890599999999985,41.0141,0.0,0.0,0.0,0.0,3.11,21.8548,5.2749999999999995,0.0,0.0,0.0,47.3241,2.0926,21.5524,0.0,0.0,60.451100000000004,50.308299999999996,29.4012,107.5266,529.7005,65.22370000000001,0.0,0.0,0.002
0.0,0.0,0.0,40.8984,0.0,799.8329000000001,136.0882,0.0,0.0,45.4028,6.2144,0.0,81.1504,782.5020000000001,1161.9152,3.0795000000000003,0.0,26.2954,0.0,487.4972,2831.8661,0.0,14.2189,162.3846,269.0823,0.0,0.0,0.0,0.0,0.0,36.1542,133.6996,0.0,0.0,0.0,0.0,9.1439,0.0,0.0,0.0,0.0,0.0,0.0,0.0,0.0,0.0,0.0,0.0,0.0,0.0,0.0,0.0,0.0,0.0,1.8107,0.0,0.0,0.0,0.0,0.0,0.0,10.0872,0.0,0.0,0.0,0.0,0.0,0.0,355.5108,0.0,0.0,0.0,0.0,13.7095,47.5184,0.0,103.3474,0.0,0.0,0.0,0.0,0.0,0.0,0.0,0.2046,0.0,0.0,0.0,0.0,0.0,245.3563,0.0,0.0,0.0,0.0,0.0,17.2315,0.0,0.0,43.890599999999985,41.0141,0.0,0.0,0.0,0.0,3.11,21.8548,5.2749999999999995,0.0,0.0,0.0,47.3241,2.0926,21.5524,0.0,0.0,60.451100000000004,50.308299999999996,29.4012,107.5266,529.7005,65.22370000000001,0.0,0.0,0.002
0.0,0.0,0.0,40.8984,0.0,799.8329000000001,136.0882,0.0,0.0,45.4028,6.2144,0.0,81.1504,782.5020000000001,1161.9152,3.0795000000000003,0.0,26.2954,0.0,487.4972,2831.8661,0.0,14.2189,162.3846,269.0823,0.0,0.0,0.0,0.0,0.0,36.1542,133.6996,0.0,0.0,0.0,0.0,9.1439,0.0,0.0,0.0,0.0,0.0,0.0,0.0,0.0,0.0,0.0,0.0,0.0,0.0,0.0,0.0,0.0,0.0,1.8107,0.0,0.0,0.0,0.0,0.0,0.0,10.0872,0.0,0.0,0.0,0.0,0.0,0.0,355.5108,0.0,0.0,0.0,0.0,13.7095,47.5184,0.0,103.3474,0.0,0.0,0.0,0.0,0.0,0.0,0.0,0.2046,0.0,0.0,0.0,0.0,0.0,245.3563,0.0,0.0,0.0,0.0,0.0,17.2315,0.0,0.0,43.890599999999985,41.0141,0.0,0.0,0.0,0.0,3.11,21.8548,5.2749999999999995,0.0,0.0,0.0,47.3241,2.0926,21.5524,0.0,0.0,60.451100000000004,50.308299999999996,29.4012,107.5266,529.7005,65.22370000000001,0.0,0.0,0.002
0.0,0.0,0.0,40.8984,0.0,799.8329000000001,136.0882,0.0,0.0,45.4028,6.2144,0.0,81.1504,782.5020000000001,1161.9152,3.0795000000000003,0.0,26.2954,0.0,487.4972,2831.8661,0.0,14.2189,162.3846,269.0823,0.0,0.0,0.0,0.0,0.0,36.1542,133.6996,0.0,0.0,0.0,0.0,9.1439,0.0,0.0,0.0,0.0,0.0,0.0,0.0,0.0,0.0,0.0,0.0,0.0,0.0,0.0,0.0,0.0,0.0,1.8107,0.0,0.0,0.0,0.0,0.0,0.0,10.0872,0.0,0.0,0.0,0.0,0.0,0.0,355.5108,0.0,0.0,0.0,0.0,13.7095,47.5184,0.0,103.3474,0.0,0.0,0.0,0.0,0.0,0.0,0.0,0.2046,0.0,0.0,0.0,0.0,0.0,245.3563,0.0,0.0,0.0,0.0,0.0,17.2315,0.0,0.0,43.890599999999985,41.0141,0.0,0.0,0.0,0.0,3.11,21.8548,5.2749999999999995,0.0,0.0,0.0,47.3241,2.0926,21.5524,0.0,0.0,60.451100000000004,50.308299999999996,29.4012,107.5266,529.7005,65.22370000000001,0.0,0.0,0.002
0.0,0.0,0.0,40.8984,0.0,799.8329000000001,136.0882,0.0,0.0,45.4028,6.2144,0.0,81.1504,782.5020000000001,1161.9152,3.0795000000000003,0.0,26.2954,0.0,487.4972,2831.8661,0.0,14.2189,162.3846,269.0823,0.0,0.0,0.0,0.0,0.0,36.1542,133.6996,0.0,0.0,0.0,0.0,9.1439,0.0,0.0,0.0,0.0,0.0,0.0,0.0,0.0,0.0,0.0,0.0,0.0,0.0,0.0,0.0,0.0,0.0,1.8107,0.0,0.0,0.0,0.0,0.0,0.0,10.0872,0.0,0.0,0.0,0.0,0.0,0.0,355.5108,0.0,0.0,0.0,0.0,13.7095,47.5184,0.0,103.3474,0.0,0.0,0.0,0.0,0.0,0.0,0.0,0.2046,0.0,0.0,0.0,0.0,0.0,245.3563,0.0,0.0,0.0,0.0,0.0,17.2315,0.0,0.0,43.890599999999985,41.0141,0.0,0.0,0.0,0.0,3.11,21.8548,5.2749999999999995,0.0,0.0,0.0,47.3241,2.0926,21.5524,0.0,0.0,60.451100000000004,50.308299999999996,29.4012,107.5266,529.7005,65.22370000000001,0.0,0.0,0.002
0.0,0.0,0.0,40.8984,0.0,799.8329000000001,136.0882,0.0,0.0,45.4028,6.2144,0.0,81.1504,782.5020000000001,1161.9152,3.0795000000000003,0.0,26.2954,0.0,487.4972,2831.8661,0.0,14.2189,162.3846,269.0823,0.0,0.0,0.0,0.0,0.0,36.1542,133.6996,0.0,0.0,0.0,0.0,9.1439,0.0,0.0,0.0,0.0,0.0,0.0,0.0,0.0,0.0,0.0,0.0,0.0,0.0,0.0,0.0,0.0,0.0,1.8107,0.0,0.0,0.0,0.0,0.0,0.0,10.0872,0.0,0.0,0.0,0.0,0.0,0.0,355.5108,0.0,0.0,0.0,0.0,13.7095,47.5184,0.0,103.3474,0.0,0.0,0.0,0.0,0.0,0.0,0.0,0.2046,0.0,0.0,0.0,0.0,0.0,245.3563,0.0,0.0,0.0,0.0,0.0,17.2315,0.0,0.0,43.890599999999985,41.0141,0.0,0.0,0.0,0.0,3.11,21.8548,5.2749999999999995,0.0,0.0,0.0,47.3241,2.0926,21.5524,0.0,0.0,60.451100000000004,50.308299999999996,29.4012,107.5266,529.7005,65.22370000000001,0.0,0.0,0.002
0.0,0.0,0.0,40.8984,0.0,799.8329000000001,136.0882,0.0,0.0,45.4028,6.2144,0.0,81.1504,782.5020000000001,1161.9152,3.0795000000000003,0.0,26.2954,0.0,487.4972,2831.8661,0.0,14.2189,162.3846,269.0823,0.0,0.0,0.0,0.0,0.0,36.1542,133.6996,0.0,0.0,0.0,0.0,9.1439,0.0,0.0,0.0,0.0,0.0,0.0,0.0,0.0,0.0,0.0,0.0,0.0,0.0,0.0,0.0,0.0,0.0,1.8107,0.0,0.0,0.0,0.0,0.0,0.0,10.0872,0.0,0.0,0.0,0.0,0.0,0.0,355.5108,0.0,0.0,0.0,0.0,13.7095,47.5184,0.0,103.3474,0.0,0.0,0.0,0.0,0.0,0.0,0.0,0.2046,0.0,0.0,0.0,0.0,0.0,245.3563,0.0,0.0,0.0,0.0,0.0,17.2315,0.0,0.0,43.890599999999985,41.0141,0.0,0.0,0.0,0.0,3.11,21.8548,5.2749999999999995,0.0,0.0,0.0,47.3241,2.0926,21.5524,0.0,0.0,60.451100000000004,50.308299999999996,29.4012,107.5266,529.7005,65.22370000000001,0.0,0.0,0.002
0.0,0.0,0.0,43.2924,0.0,895.2200000000003,194.2766,0.0,0.0,37.9724,7.6332,0.0,87.5469,655.7455,1031.8737,12.039900000000001,0.0,61.1978,0.0,728.6742999999999,2557.2265000000007,0.0,36.7842,147.0477,242.55479999999997,0.0,0.0,0.0,0.0,0.0,32.0101,120.19820000000001,0.0,0.0,0.0,0.0,9.0235,0.0,0.0,0.0,0.0,0.0,0.0,0.0,0.0,0.0,0.0,0.0,0.0,0.0,0.0,0.0,0.0,0.0,1.8175000000000001,0.0,0.0,0.0,0.0,0.0,0.0,9.024000000000001,0.0,0.0,0.0,0.0,0.0,0.0,341.6924,0.0,0.0,0.0,0.0,14.004900000000001,45.6714,0.0,99.3304,0.0,0.0,0.0,0.0,0.0,0.0,0.0,0.1571,0.0,0.0,0.0,0.0,0.0,232.1684,0.0,0.0,0.0,0.0,0.0,15.371,0.0,0.0,39.31079999999999,41.069799999999994,0.0,0.0,0.0,0.0,2.3158,23.2299,4.480900000000001,0.0,0.0,0.0,42.2145,2.2019,21.787499999999998,0.0,0.0,58.4852,54.082499999999996,26.2267,104.83520000000001,571.455,66.7108,0.0,0.0,0.0023
0.0,0.0,0.0,43.2924,0.0,895.2200000000003,194.2766,0.0,0.0,37.9724,7.6332,0.0,87.5469,655.7455,1031.8737,12.039900000000001,0.0,61.1978,0.0,728.6742999999999,2557.2265000000007,0.0,36.7842,147.0477,242.55479999999997,0.0,0.0,0.0,0.0,0.0,32.0101,120.19820000000001,0.0,0.0,0.0,0.0,9.0235,0.0,0.0,0.0,0.0,0.0,0.0,0.0,0.0,0.0,0.0,0.0,0.0,0.0,0.0,0.0,0.0,0.0,1.8175000000000001,0.0,0.0,0.0,0.0,0.0,0.0,9.024000000000001,0.0,0.0,0.0,0.0,0.0,0.0,341.6924,0.0,0.0,0.0,0.0,14.004900000000001,45.6714,0.0,99.3304,0.0,0.0,0.0,0.0,0.0,0.0,0.0,0.1571,0.0,0.0,0.0,0.0,0.0,232.1684,0.0,0.0,0.0,0.0,0.0,15.371,0.0,0.0,39.31079999999999,41.069799999999994,0.0,0.0,0.0,0.0,2.3158,23.2299,4.480900000000001,0.0,0.0,0.0,42.2145,2.2019,21.787499999999998,0.0,0.0,58.4852,54.082499999999996,26.2267,104.83520000000001,571.455,66.7108,0.0,0.0,0.0023
0.0,0.0,0.0,43.2924,0.0,895.2200000000003,194.2766,0.0,0.0,37.9724,7.6332,0.0,87.5469,655.7455,1031.8737,12.039900000000001,0.0,61.1978,0.0,728.6742999999999,2557.2265000000007,0.0,36.7842,147.0477,242.55479999999997,0.0,0.0,0.0,0.0,0.0,32.0101,120.19820000000001,0.0,0.0,0.0,0.0,9.0235,0.0,0.0,0.0,0.0,0.0,0.0,0.0,0.0,0.0,0.0,0.0,0.0,0.0,0.0,0.0,0.0,0.0,1.8175000000000001,0.0,0.0,0.0,0.0,0.0,0.0,9.024000000000001,0.0,0.0,0.0,0.0,0.0,0.0,341.6924,0.0,0.0,0.0,0.0,14.004900000000001,45.6714,0.0,99.3304,0.0,0.0,0.0,0.0,0.0,0.0,0.0,0.1571,0.0,0.0,0.0,0.0,0.0,232.1684,0.0,0.0,0.0,0.0,0.0,15.371,0.0,0.0,39.31079999999999,41.069799999999994,0.0,0.0,0.0,0.0,2.3158,23.2299,4.480900000000001,0.0,0.0,0.0,42.2145,2.2019,21.787499999999998,0.0,0.0,58.4852,54.082499999999996,26.2267,104.83520000000001,571.455,66.7108,0.0,0.0,0.0023
0.0,0.0,0.0,43.2924,0.0,895.2200000000003,194.2766,0.0,0.0,37.9724,7.6332,0.0,87.5469,655.7455,1031.8737,12.039900000000001,0.0,61.1978,0.0,728.6742999999999,2557.2265000000007,0.0,36.7842,147.0477,242.55479999999997,0.0,0.0,0.0,0.0,0.0,32.0101,120.19820000000001,0.0,0.0,0.0,0.0,9.0235,0.0,0.0,0.0,0.0,0.0,0.0,0.0,0.0,0.0,0.0,0.0,0.0,0.0,0.0,0.0,0.0,0.0,1.8175000000000001,0.0,0.0,0.0,0.0,0.0,0.0,9.024000000000001,0.0,0.0,0.0,0.0,0.0,0.0,341.6924,0.0,0.0,0.0,0.0,14.004900000000001,45.6714,0.0,99.3304,0.0,0.0,0.0,0.0,0.0,0.0,0.0,0.1571,0.0,0.0,0.0,0.0,0.0,232.1684,0.0,0.0,0.0,0.0,0.0,15.371,0.0,0.0,39.31079999999999,41.069799999999994,0.0,0.0,0.0,0.0,2.3158,23.2299,4.480900000000001,0.0,0.0,0.0,42.2145,2.2019,21.787499999999998,0.0,0.0,58.4852,54.082499999999996,26.2267,104.83520000000001,571.455,66.7108,0.0,0.0,0.0023
0.0,0.0,0.0,43.2924,0.0,895.2200000000003,194.2766,0.0,0.0,37.9724,7.6332,0.0,87.5469,655.7455,1031.8737,12.039900000000001,0.0,61.1978,0.0,728.6742999999999,2557.2265000000007,0.0,36.7842,147.0477,242.55479999999997,0.0,0.0,0.0,0.0,0.0,32.0101,120.19820000000001,0.0,0.0,0.0,0.0,9.0235,0.0,0.0,0.0,0.0,0.0,0.0,0.0,0.0,0.0,0.0,0.0,0.0,0.0,0.0,0.0,0.0,0.0,1.8175000000000001,0.0,0.0,0.0,0.0,0.0,0.0,9.024000000000001,0.0,0.0,0.0,0.0,0.0,0.0,341.6924,0.0,0.0,0.0,0.0,14.004900000000001,45.6714,0.0,99.3304,0.0,0.0,0.0,0.0,0.0,0.0,0.0,0.1571,0.0,0.0,0.0,0.0,0.0,232.1684,0.0,0.0,0.0,0.0,0.0,15.371,0.0,0.0,39.31079999999999,41.069799999999994,0.0,0.0,0.0,0.0,2.3158,23.2299,4.480900000000001,0.0,0.0,0.0,42.2145,2.2019,21.787499999999998,0.0,0.0,58.4852,54.082499999999996,26.2267,104.83520000000001,571.455,66.7108,0.0,0.0,0.0023
0.0,0.0,0.0,43.2924,0.0,895.2200000000003,194.2766,0.0,0.0,37.9724,7.6332,0.0,87.5469,655.7455,1031.8737,12.039900000000001,0.0,61.1978,0.0,728.6742999999999,2557.2265000000007,0.0,36.7842,147.0477,242.55479999999997,0.0,0.0,0.0,0.0,0.0,32.0101,120.19820000000001,0.0,0.0,0.0,0.0,9.0235,0.0,0.0,0.0,0.0,0.0,0.0,0.0,0.0,0.0,0.0,0.0,0.0,0.0,0.0,0.0,0.0,0.0,1.8175000000000001,0.0,0.0,0.0,0.0,0.0,0.0,9.024000000000001,0.0,0.0,0.0,0.0,0.0,0.0,341.6924,0.0,0.0,0.0,0.0,14.004900000000001,45.6714,0.0,99.3304,0.0,0.0,0.0,0.0,0.0,0.0,0.0,0.1571,0.0,0.0,0.0,0.0,0.0,232.1684,0.0,0.0,0.0,0.0,0.0,15.371,0.0,0.0,39.31079999999999,41.069799999999994,0.0,0.0,0.0,0.0,2.3158,23.2299,4.480900000000001,0.0,0.0,0.0,42.2145,2.2019,21.787499999999998,0.0,0.0,58.4852,54.082499999999996,26.2267,104.83520000000001,571.455,66.7108,0.0,0.0,0.0023
0.0,0.0,0.0,43.2924,0.0,895.2200000000003,194.2766,0.0,0.0,37.9724,7.6332,0.0,87.5469,655.7455,1031.8737,12.039900000000001,0.0,61.1978,0.0,728.6742999999999,2557.2265000000007,0.0,36.7842,147.0477,242.55479999999997,0.0,0.0,0.0,0.0,0.0,32.0101,120.19820000000001,0.0,0.0,0.0,0.0,9.0235,0.0,0.0,0.0,0.0,0.0,0.0,0.0,0.0,0.0,0.0,0.0,0.0,0.0,0.0,0.0,0.0,0.0,1.8175000000000001,0.0,0.0,0.0,0.0,0.0,0.0,9.024000000000001,0.0,0.0,0.0,0.0,0.0,0.0,341.6924,0.0,0.0,0.0,0.0,14.004900000000001,45.6714,0.0,99.3304,0.0,0.0,0.0,0.0,0.0,0.0,0.0,0.1571,0.0,0.0,0.0,0.0,0.0,232.1684,0.0,0.0,0.0,0.0,0.0,15.371,0.0,0.0,39.31079999999999,41.069799999999994,0.0,0.0,0.0,0.0,2.3158,23.2299,4.480900000000001,0.0,0.0,0.0,42.2145,2.2019,21.787499999999998,0.0,0.0,58.4852,54.082499999999996,26.2267,104.83520000000001,571.455,66.7108,0.0,0.0,0.0023
0.0,0.0,0.0,48.2818,0.0,969.7881000000001,183.06349999999998,0.0,0.0,42.1629,7.9757,0.0,112.35710000000002,728.1089000000001,1334.1349,10.7263,0.0,59.4355,0.0,1021.3952999999999,3098.3878000000004,0.0,31.9811,133.5707,217.93810000000002,0.0,0.0,0.0,0.0,0.0,30.112600000000004,112.98900000000002,0.0,0.0,0.0,0.0,8.6623,0.0,0.0,0.0,0.0,0.0,0.0,0.0,0.0,0.0,0.0,0.0,0.0,0.0,0.0,0.0,0.0,0.0,1.5743,0.0,0.0,0.0,0.0,0.0,0.0,8.2685,0.0,0.0,0.0,0.0,0.0,0.0,327.4552,0.0,0.0,0.0,0.0,13.628400000000001,43.768499999999996,0.0,95.1916,0.0,0.0,0.0,0.0,0.0,0.0,0.0,0.2384,0.0,0.0,0.0,0.0,0.0,213.0613,0.0,0.0,0.0,0.0,0.0,14.7446,0.0,0.0,37.55870000000001,41.292,0.0,0.0,0.0,0.0,3.0591999999999997,28.609899999999993,3.2414,0.0,0.0,0.0,40.493900000000004,2.3077,22.0666,0.0,0.0,62.0828,60.4577,25.1578,101.8803,972.6127,68.0479,0.0,0.0,0.0027
0.0,0.0,0.0,48.2818,0.0,969.7881000000001,183.06349999999998,0.0,0.0,42.1629,7.9757,0.0,112.35710000000002,728.1089000000001,1334.1349,10.7263,0.0,59.4355,0.0,1021.3952999999999,3098.3878000000004,0.0,31.9811,133.5707,217.93810000000002,0.0,0.0,0.0,0.0,0.0,30.112600000000004,112.98900000000002,0.0,0.0,0.0,0.0,8.6623,0.0,0.0,0.0,0.0,0.0,0.0,0.0,0.0,0.0,0.0,0.0,0.0,0.0,0.0,0.0,0.0,0.0,1.5743,0.0,0.0,0.0,0.0,0.0,0.0,8.2685,0.0,0.0,0.0,0.0,0.0,0.0,327.4552,0.0,0.0,0.0,0.0,13.628400000000001,43.768499999999996,0.0,95.1916,0.0,0.0,0.0,0.0,0.0,0.0,0.0,0.2384,0.0,0.0,0.0,0.0,0.0,213.0613,0.0,0.0,0.0,0.0,0.0,14.7446,0.0,0.0,37.55870000000001,41.292,0.0,0.0,0.0,0.0,3.0591999999999997,28.609899999999993,3.2414,0.0,0.0,0.0,40.493900000000004,2.3077,22.0666,0.0,0.0,62.0828,60.4577,25.1578,101.8803,972.6127,68.0479,0.0,0.0,0.0027
0.0,0.0,0.0,48.2818,0.0,969.7881000000001,183.06349999999998,0.0,0.0,42.1629,7.9757,0.0,112.35710000000002,728.1089000000001,1334.1349,10.7263,0.0,59.4355,0.0,1021.3952999999999,3098.3878000000004,0.0,31.9811,133.5707,217.93810000000002,0.0,0.0,0.0,0.0,0.0,30.112600000000004,112.98900000000002,0.0,0.0,0.0,0.0,8.6623,0.0,0.0,0.0,0.0,0.0,0.0,0.0,0.0,0.0,0.0,0.0,0.0,0.0,0.0,0.0,0.0,0.0,1.5743,0.0,0.0,0.0,0.0,0.0,0.0,8.2685,0.0,0.0,0.0,0.0,0.0,0.0,327.4552,0.0,0.0,0.0,0.0,13.628400000000001,43.768499999999996,0.0,95.1916,0.0,0.0,0.0,0.0,0.0,0.0,0.0,0.2384,0.0,0.0,0.0,0.0,0.0,213.0613,0.0,0.0,0.0,0.0,0.0,14.7446,0.0,0.0,37.55870000000001,41.292,0.0,0.0,0.0,0.0,3.0591999999999997,28.609899999999993,3.2414,0.0,0.0,0.0,40.493900000000004,2.3077,22.0666,0.0,0.0,62.0828,60.4577,25.1578,101.8803,972.6127,68.0479,0.0,0.0,0.0027
0.0,0.0,0.0,48.2818,0.0,969.7881000000001,183.06349999999998,0.0,0.0,42.1629,7.9757,0.0,112.35710000000002,728.1089000000001,1334.1349,10.7263,0.0,59.4355,0.0,1021.3952999999999,3098.3878000000004,0.0,31.9811,133.5707,217.93810000000002,0.0,0.0,0.0,0.0,0.0,30.112600000000004,112.98900000000002,0.0,0.0,0.0,0.0,8.6623,0.0,0.0,0.0,0.0,0.0,0.0,0.0,0.0,0.0,0.0,0.0,0.0,0.0,0.0,0.0,0.0,0.0,1.5743,0.0,0.0,0.0,0.0,0.0,0.0,8.2685,0.0,0.0,0.0,0.0,0.0,0.0,327.4552,0.0,0.0,0.0,0.0,13.628400000000001,43.768499999999996,0.0,95.1916,0.0,0.0,0.0,0.0,0.0,0.0,0.0,0.2384,0.0,0.0,0.0,0.0,0.0,213.0613,0.0,0.0,0.0,0.0,0.0,14.7446,0.0,0.0,37.55870000000001,41.292,0.0,0.0,0.0,0.0,3.0591999999999997,28.609899999999993,3.2414,0.0,0.0,0.0,40.493900000000004,2.3077,22.0666,0.0,0.0,62.0828,60.4577,25.1578,101.8803,972.6127,68.0479,0.0,0.0,0.0027
0.0,0.0,0.0,48.2818,0.0,969.7881000000001,183.06349999999998,0.0,0.0,42.1629,7.9757,0.0,112.35710000000002,728.1089000000001,1334.1349,10.7263,0.0,59.4355,0.0,1021.3952999999999,3098.3878000000004,0.0,31.9811,133.5707,217.93810000000002,0.0,0.0,0.0,0.0,0.0,30.112600000000004,112.98900000000002,0.0,0.0,0.0,0.0,8.6623,0.0,0.0,0.0,0.0,0.0,0.0,0.0,0.0,0.0,0.0,0.0,0.0,0.0,0.0,0.0,0.0,0.0,1.5743,0.0,0.0,0.0,0.0,0.0,0.0,8.2685,0.0,0.0,0.0,0.0,0.0,0.0,327.4552,0.0,0.0,0.0,0.0,13.628400000000001,43.768499999999996,0.0,95.1916,0.0,0.0,0.0,0.0,0.0,0.0,0.0,0.2384,0.0,0.0,0.0,0.0,0.0,213.0613,0.0,0.0,0.0,0.0,0.0,14.7446,0.0,0.0,37.55870000000001,41.292,0.0,0.0,0.0,0.0,3.0591999999999997,28.609899999999993,3.2414,0.0,0.0,0.0,40.493900000000004,2.3077,22.0666,0.0,0.0,62.0828,60.4577,25.1578,101.8803,972.6127,68.0479,0.0,0.0,0.0027
0.0,0.0,0.0,48.2818,0.0,969.7881000000001,183.06349999999998,0.0,0.0,42.1629,7.9757,0.0,112.35710000000002,728.1089000000001,1334.1349,10.7263,0.0,59.4355,0.0,1021.3952999999999,3098.3878000000004,0.0,31.9811,133.5707,217.93810000000002,0.0,0.0,0.0,0.0,0.0,30.112600000000004,112.98900000000002,0.0,0.0,0.0,0.0,8.6623,0.0,0.0,0.0,0.0,0.0,0.0,0.0,0.0,0.0,0.0,0.0,0.0,0.0,0.0,0.0,0.0,0.0,1.5743,0.0,0.0,0.0,0.0,0.0,0.0,8.2685,0.0,0.0,0.0,0.0,0.0,0.0,327.4552,0.0,0.0,0.0,0.0,13.628400000000001,43.768499999999996,0.0,95.1916,0.0,0.0,0.0,0.0,0.0,0.0,0.0,0.2384,0.0,0.0,0.0,0.0,0.0,213.0613,0.0,0.0,0.0,0.0,0.0,14.7446,0.0,0.0,37.55870000000001,41.292,0.0,0.0,0.0,0.0,3.0591999999999997,28.609899999999993,3.2414,0.0,0.0,0.0,40.493900000000004,2.3077,22.0666,0.0,0.0,62.0828,60.4577,25.1578,101.8803,972.6127,68.0479,0.0,0.0,0.0027
0.0,0.0,0.0,48.2818,0.0,969.7881000000001,183.06349999999998,0.0,0.0,42.1629,7.9757,0.0,112.35710000000002,728.1089000000001,1334.1349,10.7263,0.0,59.4355,0.0,1021.3952999999999,3098.3878000000004,0.0,31.9811,133.5707,217.93810000000002,0.0,0.0,0.0,0.0,0.0,30.112600000000004,112.98900000000002,0.0,0.0,0.0,0.0,8.6623,0.0,0.0,0.0,0.0,0.0,0.0,0.0,0.0,0.0,0.0,0.0,0.0,0.0,0.0,0.0,0.0,0.0,1.5743,0.0,0.0,0.0,0.0,0.0,0.0,8.2685,0.0,0.0,0.0,0.0,0.0,0.0,327.4552,0.0,0.0,0.0,0.0,13.628400000000001,43.768499999999996,0.0,95.1916,0.0,0.0,0.0,0.0,0.0,0.0,0.0,0.2384,0.0,0.0,0.0,0.0,0.0,213.0613,0.0,0.0,0.0,0.0,0.0,14.7446,0.0,0.0,37.55870000000001,41.292,0.0,0.0,0.0,0.0,3.0591999999999997,28.609899999999993,3.2414,0.0,0.0,0.0,40.493900000000004,2.3077,22.0666,0.0,0.0,62.0828,60.4577,25.1578,101.8803,972.6127,68.0479,0.0,0.0,0.0027
0.0,0.0,0.0,54.2624,0.0,1044.4906000000003,236.9715,0.0,0.0,43.69499999999999,7.5298,0.0,114.7936,745.8165,1445.9164,11.317,0.0,63.303399999999996,0.0,1337.0499000000002,3340.6882999999993,0.0,33.284099999999995,130.8816,223.56599999999995,0.0,0.0,0.0,0.0,0.0,68.9723,231.9799,0.0,0.0,0.0,0.0,7.3327,0.0,0.0,0.0,0.0,0.0,0.0,0.0,0.0,0.0,0.0,0.0,0.0,0.0,0.0,0.0,0.0,0.0,1.3795,0.0,0.0,0.0,0.0,0.0,0.0,13.011,0.0,0.0,0.0,0.0,0.0,0.0,350.9969,0.0,0.0,0.0,0.0,14.3684,46.9753,0.0,102.9882,0.0,0.0,0.0,0.0,0.0,0.0,0.0,0.4035,0.0,0.0,0.0,0.0,0.0,199.7192,0.0,0.0,0.0,0.0,0.0,15.116,0.0,0.0,39.7491,41.93000000000001,0.0,0.0,0.0,0.0,3.8395,29.7463,2.9848,0.0,0.0,0.0,41.514199999999995,3.0374000000000003,29.592,0.0,0.0,60.5023,61.7533,25.7916,98.71719999999999,1098.496,66.77289999999999,0.0,0.0,0.003
0.0,0.0,0.0,54.2624,0.0,1044.4906000000003,236.9715,0.0,0.0,43.69499999999999,7.5298,0.0,114.7936,745.8165,1445.9164,11.317,0.0,63.303399999999996,0.0,1337.0499000000002,3340.6882999999993,0.0,33.284099999999995,130.8816,223.56599999999995,0.0,0.0,0.0,0.0,0.0,68.9723,231.9799,0.0,0.0,0.0,0.0,7.3327,0.0,0.0,0.0,0.0,0.0,0.0,0.0,0.0,0.0,0.0,0.0,0.0,0.0,0.0,0.0,0.0,0.0,1.3795,0.0,0.0,0.0,0.0,0.0,0.0,13.011,0.0,0.0,0.0,0.0,0.0,0.0,350.9969,0.0,0.0,0.0,0.0,14.3684,46.9753,0.0,102.9882,0.0,0.0,0.0,0.0,0.0,0.0,0.0,0.4035,0.0,0.0,0.0,0.0,0.0,199.7192,0.0,0.0,0.0,0.0,0.0,15.116,0.0,0.0,39.7491,41.93000000000001,0.0,0.0,0.0,0.0,3.8395,29.7463,2.9848,0.0,0.0,0.0,41.514199999999995,3.0374000000000003,29.592,0.0,0.0,60.5023,61.7533,25.7916,98.71719999999999,1098.496,66.77289999999999,0.0,0.0,0.003
0.0,0.0,0.0,54.2624,0.0,1044.4906000000003,236.9715,0.0,0.0,43.69499999999999,7.5298,0.0,114.7936,745.8165,1445.9164,11.317,0.0,63.303399999999996,0.0,1337.0499000000002,3340.6882999999993,0.0,33.284099999999995,130.8816,223.56599999999995,0.0,0.0,0.0,0.0,0.0,68.9723,231.9799,0.0,0.0,0.0,0.0,7.3327,0.0,0.0,0.0,0.0,0.0,0.0,0.0,0.0,0.0,0.0,0.0,0.0,0.0,0.0,0.0,0.0,0.0,1.3795,0.0,0.0,0.0,0.0,0.0,0.0,13.011,0.0,0.0,0.0,0.0,0.0,0.0,350.9969,0.0,0.0,0.0,0.0,14.3684,46.9753,0.0,102.9882,0.0,0.0,0.0,0.0,0.0,0.0,0.0,0.4035,0.0,0.0,0.0,0.0,0.0,199.7192,0.0,0.0,0.0,0.0,0.0,15.116,0.0,0.0,39.7491,41.93000000000001,0.0,0.0,0.0,0.0,3.8395,29.7463,2.9848,0.0,0.0,0.0,41.514199999999995,3.0374000000000003,29.592,0.0,0.0,60.5023,61.7533,25.7916,98.71719999999999,1098.496,66.77289999999999,0.0,0.0,0.003
0.0,0.0,0.0,54.2624,0.0,1044.4906000000003,236.9715,0.0,0.0,43.69499999999999,7.5298,0.0,114.7936,745.8165,1445.9164,11.317,0.0,63.303399999999996,0.0,1337.0499000000002,3340.6882999999993,0.0,33.284099999999995,130.8816,223.56599999999995,0.0,0.0,0.0,0.0,0.0,68.9723,231.9799,0.0,0.0,0.0,0.0,7.3327,0.0,0.0,0.0,0.0,0.0,0.0,0.0,0.0,0.0,0.0,0.0,0.0,0.0,0.0,0.0,0.0,0.0,1.3795,0.0,0.0,0.0,0.0,0.0,0.0,13.011,0.0,0.0,0.0,0.0,0.0,0.0,350.9969,0.0,0.0,0.0,0.0,14.3684,46.9753,0.0,102.9882,0.0,0.0,0.0,0.0,0.0,0.0,0.0,0.4035,0.0,0.0,0.0,0.0,0.0,199.7192,0.0,0.0,0.0,0.0,0.0,15.116,0.0,0.0,39.7491,41.93000000000001,0.0,0.0,0.0,0.0,3.8395,29.7463,2.9848,0.0,0.0,0.0,41.514199999999995,3.0374000000000003,29.592,0.0,0.0,60.5023,61.7533,25.7916,98.71719999999999,1098.496,66.77289999999999,0.0,0.0,0.003
0.0,0.0,0.0,54.2624,0.0,1044.4906000000003,236.9715,0.0,0.0,43.69499999999999,7.5298,0.0,114.7936,745.8165,1445.9164,11.317,0.0,63.303399999999996,0.0,1337.0499000000002,3340.6882999999993,0.0,33.284099999999995,130.8816,223.56599999999995,0.0,0.0,0.0,0.0,0.0,68.9723,231.9799,0.0,0.0,0.0,0.0,7.3327,0.0,0.0,0.0,0.0,0.0,0.0,0.0,0.0,0.0,0.0,0.0,0.0,0.0,0.0,0.0,0.0,0.0,1.3795,0.0,0.0,0.0,0.0,0.0,0.0,13.011,0.0,0.0,0.0,0.0,0.0,0.0,350.9969,0.0,0.0,0.0,0.0,14.3684,46.9753,0.0,102.9882,0.0,0.0,0.0,0.0,0.0,0.0,0.0,0.4035,0.0,0.0,0.0,0.0,0.0,199.7192,0.0,0.0,0.0,0.0,0.0,15.116,0.0,0.0,39.7491,41.93000000000001,0.0,0.0,0.0,0.0,3.8395,29.7463,2.9848,0.0,0.0,0.0,41.514199999999995,3.0374000000000003,29.592,0.0,0.0,60.5023,61.7533,25.7916,98.71719999999999,1098.496,66.77289999999999,0.0,0.0,0.003
0.0,0.0,0.0,54.2624,0.0,1044.4906000000003,236.9715,0.0,0.0,43.69499999999999,7.5298,0.0,114.7936,745.8165,1445.9164,11.317,0.0,63.303399999999996,0.0,1337.0499000000002,3340.6882999999993,0.0,33.284099999999995,130.8816,223.56599999999995,0.0,0.0,0.0,0.0,0.0,68.9723,231.9799,0.0,0.0,0.0,0.0,7.3327,0.0,0.0,0.0,0.0,0.0,0.0,0.0,0.0,0.0,0.0,0.0,0.0,0.0,0.0,0.0,0.0,0.0,1.3795,0.0,0.0,0.0,0.0,0.0,0.0,13.011,0.0,0.0,0.0,0.0,0.0,0.0,350.9969,0.0,0.0,0.0,0.0,14.3684,46.9753,0.0,102.9882,0.0,0.0,0.0,0.0,0.0,0.0,0.0,0.4035,0.0,0.0,0.0,0.0,0.0,199.7192,0.0,0.0,0.0,0.0,0.0,15.116,0.0,0.0,39.7491,41.93000000000001,0.0,0.0,0.0,0.0,3.8395,29.7463,2.9848,0.0,0.0,0.0,41.514199999999995,3.0374000000000003,29.592,0.0,0.0,60.5023,61.7533,25.7916,98.71719999999999,1098.496,66.77289999999999,0.0,0.0,0.003
0.0,0.0,0.0,54.2624,0.0,1044.4906000000003,236.9715,0.0,0.0,43.69499999999999,7.5298,0.0,114.7936,745.8165,1445.9164,11.317,0.0,63.303399999999996,0.0,1337.0499000000002,3340.6882999999993,0.0,33.284099999999995,130.8816,223.56599999999995,0.0,0.0,0.0,0.0,0.0,68.9723,231.9799,0.0,0.0,0.0,0.0,7.3327,0.0,0.0,0.0,0.0,0.0,0.0,0.0,0.0,0.0,0.0,0.0,0.0,0.0,0.0,0.0,0.0,0.0,1.3795,0.0,0.0,0.0,0.0,0.0,0.0,13.011,0.0,0.0,0.0,0.0,0.0,0.0,350.9969,0.0,0.0,0.0,0.0,14.3684,46.9753,0.0,102.9882,0.0,0.0,0.0,0.0,0.0,0.0,0.0,0.4035,0.0,0.0,0.0,0.0,0.0,199.7192,0.0,0.0,0.0,0.0,0.0,15.116,0.0,0.0,39.7491,41.93000000000001,0.0,0.0,0.0,0.0,3.8395,29.7463,2.9848,0.0,0.0,0.0,41.514199999999995,3.0374000000000003,29.592,0.0,0.0,60.5023,61.7533,25.7916,98.71719999999999,1098.496,66.77289999999999,0.0,0.0,0.003
0.0,0.0,0.0,51.2192,0.0,733.4917999999999,152.4552,0.0,0.0,44.907399999999996,6.5619,0.0,111.50640000000001,709.5147000000001,1473.5019000000002,8.098,0.0,49.9855,0.0,974.6072,2691.7923000000005,0.0,24.2341,203.83530000000002,268.7952,0.0,0.0,0.0,0.0,0.0,50.883300000000006,153.00769999999994,0.0,0.0,0.0,0.0,7.1468,0.0,0.0,0.0,0.0,0.0,0.0,0.0,0.0,0.0,0.0,0.0,0.0,0.0,0.0,0.0,0.0,0.0,1.3328,0.0,0.0,0.0,0.0,0.0,0.0,11.668099999999999,0.0,0.0,0.0,0.0,0.0,0.0,369.9516,0.0,0.0,0.0,0.0,13.909999999999998,49.8389,0.0,113.726,0.0,0.0,0.0,0.0,0.0,0.0,0.0,1.0711,0.0,0.0,0.0,0.0,0.0,277.6857,0.0,0.0,0.0,0.0,0.0,16.6789,0.0,0.0,50.41850000000001,36.2635,0.0,0.0,0.0,0.0,7.6784,40.6863,4.473800000000001,0.0,0.0,0.0,45.8064,6.5811,75.4913,0.0,0.0,81.1915,60.0054,28.4584,113.7141,1236.2688000000003,65.78829999999999,0.0,0.0,0.0025
0.0,0.0,0.0,51.2192,0.0,733.4917999999999,152.4552,0.0,0.0,44.907399999999996,6.5619,0.0,111.50640000000001,709.5147000000001,1473.5019000000002,8.098,0.0,49.9855,0.0,974.6072,2691.7923000000005,0.0,24.2341,203.83530000000002,268.7952,0.0,0.0,0.0,0.0,0.0,50.883300000000006,153.00769999999994,0.0,0.0,0.0,0.0,7.1468,0.0,0.0,0.0,0.0,0.0,0.0,0.0,0.0,0.0,0.0,0.0,0.0,0.0,0.0,0.0,0.0,0.0,1.3328,0.0,0.0,0.0,0.0,0.0,0.0,11.668099999999999,0.0,0.0,0.0,0.0,0.0,0.0,369.9516,0.0,0.0,0.0,0.0,13.909999999999998,49.8389,0.0,113.726,0.0,0.0,0.0,0.0,0.0,0.0,0.0,1.0711,0.0,0.0,0.0,0.0,0.0,277.6857,0.0,0.0,0.0,0.0,0.0,16.6789,0.0,0.0,50.41850000000001,36.2635,0.0,0.0,0.0,0.0,7.6784,40.6863,4.473800000000001,0.0,0.0,0.0,45.8064,6.5811,75.4913,0.0,0.0,81.1915,60.0054,28.4584,113.7141,1236.2688000000003,65.78829999999999,0.0,0.0,0.0025
0.0,0.0,0.0,51.2192,0.0,733.4917999999999,152.4552,0.0,0.0,44.907399999999996,6.5619,0.0,111.50640000000001,709.5147000000001,1473.5019000000002,8.098,0.0,49.9855,0.0,974.6072,2691.7923000000005,0.0,24.2341,203.83530000000002,268.7952,0.0,0.0,0.0,0.0,0.0,50.883300000000006,153.00769999999994,0.0,0.0,0.0,0.0,7.1468,0.0,0.0,0.0,0.0,0.0,0.0,0.0,0.0,0.0,0.0,0.0,0.0,0.0,0.0,0.0,0.0,0.0,1.3328,0.0,0.0,0.0,0.0,0.0,0.0,11.668099999999999,0.0,0.0,0.0,0.0,0.0,0.0,369.9516,0.0,0.0,0.0,0.0,13.909999999999998,49.8389,0.0,113.726,0.0,0.0,0.0,0.0,0.0,0.0,0.0,1.0711,0.0,0.0,0.0,0.0,0.0,277.6857,0.0,0.0,0.0,0.0,0.0,16.6789,0.0,0.0,50.41850000000001,36.2635,0.0,0.0,0.0,0.0,7.6784,40.6863,4.473800000000001,0.0,0.0,0.0,45.8064,6.5811,75.4913,0.0,0.0,81.1915,60.0054,28.4584,113.7141,1236.2688000000003,65.78829999999999,0.0,0.0,0.0025
0.0,0.0,0.0,51.2192,0.0,733.4917999999999,152.4552,0.0,0.0,44.907399999999996,6.5619,0.0,111.50640000000001,709.5147000000001,1473.5019000000002,8.098,0.0,49.9855,0.0,974.6072,2691.7923000000005,0.0,24.2341,203.83530000000002,268.7952,0.0,0.0,0.0,0.0,0.0,50.883300000000006,153.00769999999994,0.0,0.0,0.0,0.0,7.1468,0.0,0.0,0.0,0.0,0.0,0.0,0.0,0.0,0.0,0.0,0.0,0.0,0.0,0.0,0.0,0.0,0.0,1.3328,0.0,0.0,0.0,0.0,0.0,0.0,11.668099999999999,0.0,0.0,0.0,0.0,0.0,0.0,369.9516,0.0,0.0,0.0,0.0,13.909999999999998,49.8389,0.0,113.726,0.0,0.0,0.0,0.0,0.0,0.0,0.0,1.0711,0.0,0.0,0.0,0.0,0.0,277.6857,0.0,0.0,0.0,0.0,0.0,16.6789,0.0,0.0,50.41850000000001,36.2635,0.0,0.0,0.0,0.0,7.6784,40.6863,4.473800000000001,0.0,0.0,0.0,45.8064,6.5811,75.4913,0.0,0.0,81.1915,60.0054,28.4584,113.7141,1236.2688000000003,65.78829999999999,0.0,0.0,0.0025
0.0,0.0,0.0,51.2192,0.0,733.4917999999999,152.4552,0.0,0.0,44.907399999999996,6.5619,0.0,111.50640000000001,709.5147000000001,1473.5019000000002,8.098,0.0,49.9855,0.0,974.6072,2691.7923000000005,0.0,24.2341,203.83530000000002,268.7952,0.0,0.0,0.0,0.0,0.0,50.883300000000006,153.00769999999994,0.0,0.0,0.0,0.0,7.1468,0.0,0.0,0.0,0.0,0.0,0.0,0.0,0.0,0.0,0.0,0.0,0.0,0.0,0.0,0.0,0.0,0.0,1.3328,0.0,0.0,0.0,0.0,0.0,0.0,11.668099999999999,0.0,0.0,0.0,0.0,0.0,0.0,369.9516,0.0,0.0,0.0,0.0,13.909999999999998,49.8389,0.0,113.726,0.0,0.0,0.0,0.0,0.0,0.0,0.0,1.0711,0.0,0.0,0.0,0.0,0.0,277.6857,0.0,0.0,0.0,0.0,0.0,16.6789,0.0,0.0,50.41850000000001,36.2635,0.0,0.0,0.0,0.0,7.6784,40.6863,4.473800000000001,0.0,0.0,0.0,45.8064,6.5811,75.4913,0.0,0.0,81.1915,60.0054,28.4584,113.7141,1236.2688000000003,65.78829999999999,0.0,0.0,0.0025
0.0,0.0,0.0,51.2192,0.0,733.4917999999999,152.4552,0.0,0.0,44.907399999999996,6.5619,0.0,111.50640000000001,709.5147000000001,1473.5019000000002,8.098,0.0,49.9855,0.0,974.6072,2691.7923000000005,0.0,24.2341,203.83530000000002,268.7952,0.0,0.0,0.0,0.0,0.0,50.883300000000006,153.00769999999994,0.0,0.0,0.0,0.0,7.1468,0.0,0.0,0.0,0.0,0.0,0.0,0.0,0.0,0.0,0.0,0.0,0.0,0.0,0.0,0.0,0.0,0.0,1.3328,0.0,0.0,0.0,0.0,0.0,0.0,11.668099999999999,0.0,0.0,0.0,0.0,0.0,0.0,369.9516,0.0,0.0,0.0,0.0,13.909999999999998,49.8389,0.0,113.726,0.0,0.0,0.0,0.0,0.0,0.0,0.0,1.0711,0.0,0.0,0.0,0.0,0.0,277.6857,0.0,0.0,0.0,0.0,0.0,16.6789,0.0,0.0,50.41850000000001,36.2635,0.0,0.0,0.0,0.0,7.6784,40.6863,4.473800000000001,0.0,0.0,0.0,45.8064,6.5811,75.4913,0.0,0.0,81.1915,60.0054,28.4584,113.7141,1236.2688000000003,65.78829999999999,0.0,0.0,0.0025
0.0,0.0,0.0,51.2192,0.0,733.4917999999999,152.4552,0.0,0.0,44.907399999999996,6.5619,0.0,111.50640000000001,709.5147000000001,1473.5019000000002,8.098,0.0,49.9855,0.0,974.6072,2691.7923000000005,0.0,24.2341,203.83530000000002,268.7952,0.0,0.0,0.0,0.0,0.0,50.883300000000006,153.00769999999994,0.0,0.0,0.0,0.0,7.1468,0.0,0.0,0.0,0.0,0.0,0.0,0.0,0.0,0.0,0.0,0.0,0.0,0.0,0.0,0.0,0.0,0.0,1.3328,0.0,0.0,0.0,0.0,0.0,0.0,11.668099999999999,0.0,0.0,0.0,0.0,0.0,0.0,369.9516,0.0,0.0,0.0,0.0,13.909999999999998,49.8389,0.0,113.726,0.0,0.0,0.0,0.0,0.0,0.0,0.0,1.0711,0.0,0.0,0.0,0.0,0.0,277.6857,0.0,0.0,0.0,0.0,0.0,16.6789,0.0,0.0,50.41850000000001,36.2635,0.0,0.0,0.0,0.0,7.6784,40.6863,4.473800000000001,0.0,0.0,0.0,45.8064,6.5811,75.4913,0.0,0.0,81.1915,60.0054,28.4584,113.7141,1236.2688000000003,65.78829999999999,0.0,0.0,0.0025
0.0,0.0,0.0,42.3138,0.0,619.2912000000001,132.16910000000001,0.0,0.0,37.6714,3.8328,0.0,97.3716,596.1433999999999,1154.1284,7.2006,0.0,46.182199999999995,0.0,784.1812000000002,2142.9619000000002,0.0,23.5292,201.93370000000002,273.7738000000001,0.0,0.0,0.0,0.0,0.0,70.0697,205.74440000000004,0.0,0.0,0.0,0.0,7.2557,0.0,0.0,0.0,0.0,0.0,0.0,0.0,0.0,0.0,0.0,0.0,0.0,0.0,0.0,0.0,0.0,0.0,1.2895,0.0,0.0,0.0,0.0,0.0,0.0,14.3685,0.0,0.0,0.0,0.0,0.0,0.0,364.7748,0.0,0.0,0.0,0.0,13.9189,49.1415,0.0,112.1346,0.0,0.0,0.0,0.0,0.0,0.0,0.0,0.6503,0.0,0.0,0.0,0.0,0.0,201.8114,0.0,0.0,0.0,0.0,0.0,16.3046,0.0,0.0,49.415800000000004,25.238899999999997,0.0,0.0,0.0,0.0,4.9190000000000005,32.053200000000004,3.6888,0.0,0.0,0.0,44.778200000000005,5.3411,67.4444,0.0,0.0,69.6536,57.063,27.819699999999997,108.67080000000001,946.1390000000001,56.0847,0.0,0.0,0.0033
0.0,0.0,0.0,42.3138,0.0,619.2912000000001,132.16910000000001,0.0,0.0,37.6714,3.8328,0.0,97.3716,596.1433999999999,1154.1284,7.2006,0.0,46.182199999999995,0.0,784.1812000000002,2142.9619000000002,0.0,23.5292,201.93370000000002,273.7738000000001,0.0,0.0,0.0,0.0,0.0,70.0697,205.74440000000004,0.0,0.0,0.0,0.0,7.2557,0.0,0.0,0.0,0.0,0.0,0.0,0.0,0.0,0.0,0.0,0.0,0.0,0.0,0.0,0.0,0.0,0.0,1.2895,0.0,0.0,0.0,0.0,0.0,0.0,14.3685,0.0,0.0,0.0,0.0,0.0,0.0,364.7748,0.0,0.0,0.0,0.0,13.9189,49.1415,0.0,112.1346,0.0,0.0,0.0,0.0,0.0,0.0,0.0,0.6503,0.0,0.0,0.0,0.0,0.0,201.8114,0.0,0.0,0.0,0.0,0.0,16.3046,0.0,0.0,49.415800000000004,25.238899999999997,0.0,0.0,0.0,0.0,4.9190000000000005,32.053200000000004,3.6888,0.0,0.0,0.0,44.778200000000005,5.3411,67.4444,0.0,0.0,69.6536,57.063,27.819699999999997,108.67080000000001,946.1390000000001,56.0847,0.0,0.0,0.0033
0.0,0.0,0.0,42.3138,0.0,619.2912000000001,132.16910000000001,0.0,0.0,37.6714,3.8328,0.0,97.3716,596.1433999999999,1154.1284,7.2006,0.0,46.182199999999995,0.0,784.1812000000002,2142.9619000000002,0.0,23.5292,201.93370000000002,273.7738000000001,0.0,0.0,0.0,0.0,0.0,70.0697,205.74440000000004,0.0,0.0,0.0,0.0,7.2557,0.0,0.0,0.0,0.0,0.0,0.0,0.0,0.0,0.0,0.0,0.0,0.0,0.0,0.0,0.0,0.0,0.0,1.2895,0.0,0.0,0.0,0.0,0.0,0.0,14.3685,0.0,0.0,0.0,0.0,0.0,0.0,364.7748,0.0,0.0,0.0,0.0,13.9189,49.1415,0.0,112.1346,0.0,0.0,0.0,0.0,0.0,0.0,0.0,0.6503,0.0,0.0,0.0,0.0,0.0,201.8114,0.0,0.0,0.0,0.0,0.0,16.3046,0.0,0.0,49.415800000000004,25.238899999999997,0.0,0.0,0.0,0.0,4.9190000000000005,32.053200000000004,3.6888,0.0,0.0,0.0,44.778200000000005,5.3411,67.4444,0.0,0.0,69.6536,57.063,27.819699999999997,108.67080000000001,946.1390000000001,56.0847,0.0,0.0,0.0033
0.0,0.0,0.0,42.3138,0.0,619.2912000000001,132.16910000000001,0.0,0.0,37.6714,3.8328,0.0,97.3716,596.1433999999999,1154.1284,7.2006,0.0,46.182199999999995,0.0,784.1812000000002,2142.9619000000002,0.0,23.5292,201.93370000000002,273.7738000000001,0.0,0.0,0.0,0.0,0.0,70.0697,205.74440000000004,0.0,0.0,0.0,0.0,7.2557,0.0,0.0,0.0,0.0,0.0,0.0,0.0,0.0,0.0,0.0,0.0,0.0,0.0,0.0,0.0,0.0,0.0,1.2895,0.0,0.0,0.0,0.0,0.0,0.0,14.3685,0.0,0.0,0.0,0.0,0.0,0.0,364.7748,0.0,0.0,0.0,0.0,13.9189,49.1415,0.0,112.1346,0.0,0.0,0.0,0.0,0.0,0.0,0.0,0.6503,0.0,0.0,0.0,0.0,0.0,201.8114,0.0,0.0,0.0,0.0,0.0,16.3046,0.0,0.0,49.415800000000004,25.238899999999997,0.0,0.0,0.0,0.0,4.9190000000000005,32.053200000000004,3.6888,0.0,0.0,0.0,44.778200000000005,5.3411,67.4444,0.0,0.0,69.6536,57.063,27.819699999999997,108.67080000000001,946.1390000000001,56.0847,0.0,0.0,0.0033
0.0,0.0,0.0,42.3138,0.0,619.2912000000001,132.16910000000001,0.0,0.0,37.6714,3.8328,0.0,97.3716,596.1433999999999,1154.1284,7.2006,0.0,46.182199999999995,0.0,784.1812000000002,2142.9619000000002,0.0,23.5292,201.93370000000002,273.7738000000001,0.0,0.0,0.0,0.0,0.0,70.0697,205.74440000000004,0.0,0.0,0.0,0.0,7.2557,0.0,0.0,0.0,0.0,0.0,0.0,0.0,0.0,0.0,0.0,0.0,0.0,0.0,0.0,0.0,0.0,0.0,1.2895,0.0,0.0,0.0,0.0,0.0,0.0,14.3685,0.0,0.0,0.0,0.0,0.0,0.0,364.7748,0.0,0.0,0.0,0.0,13.9189,49.1415,0.0,112.1346,0.0,0.0,0.0,0.0,0.0,0.0,0.0,0.6503,0.0,0.0,0.0,0.0,0.0,201.8114,0.0,0.0,0.0,0.0,0.0,16.3046,0.0,0.0,49.415800000000004,25.238899999999997,0.0,0.0,0.0,0.0,4.9190000000000005,32.053200000000004,3.6888,0.0,0.0,0.0,44.778200000000005,5.3411,67.4444,0.0,0.0,69.6536,57.063,27.819699999999997,108.67080000000001,946.1390000000001,56.0847,0.0,0.0,0.0033
0.0,0.0,0.0,42.3138,0.0,619.2912000000001,132.16910000000001,0.0,0.0,37.6714,3.8328,0.0,97.3716,596.1433999999999,1154.1284,7.2006,0.0,46.182199999999995,0.0,784.1812000000002,2142.9619000000002,0.0,23.5292,201.93370000000002,273.7738000000001,0.0,0.0,0.0,0.0,0.0,70.0697,205.74440000000004,0.0,0.0,0.0,0.0,7.2557,0.0,0.0,0.0,0.0,0.0,0.0,0.0,0.0,0.0,0.0,0.0,0.0,0.0,0.0,0.0,0.0,0.0,1.2895,0.0,0.0,0.0,0.0,0.0,0.0,14.3685,0.0,0.0,0.0,0.0,0.0,0.0,364.7748,0.0,0.0,0.0,0.0,13.9189,49.1415,0.0,112.1346,0.0,0.0,0.0,0.0,0.0,0.0,0.0,0.6503,0.0,0.0,0.0,0.0,0.0,201.8114,0.0,0.0,0.0,0.0,0.0,16.3046,0.0,0.0,49.415800000000004,25.238899999999997,0.0,0.0,0.0,0.0,4.9190000000000005,32.053200000000004,3.6888,0.0,0.0,0.0,44.778200000000005,5.3411,67.4444,0.0,0.0,69.6536,57.063,27.819699999999997,108.67080000000001,946.1390000000001,56.0847,0.0,0.0,0.0033
0.0,0.0,0.0,42.3138,0.0,619.2912000000001,132.16910000000001,0.0,0.0,37.6714,3.8328,0.0,97.3716,596.1433999999999,1154.1284,7.2006,0.0,46.182199999999995,0.0,784.1812000000002,2142.9619000000002,0.0,23.5292,201.93370000000002,273.7738000000001,0.0,0.0,0.0,0.0,0.0,70.0697,205.74440000000004,0.0,0.0,0.0,0.0,7.2557,0.0,0.0,0.0,0.0,0.0,0.0,0.0,0.0,0.0,0.0,0.0,0.0,0.0,0.0,0.0,0.0,0.0,1.2895,0.0,0.0,0.0,0.0,0.0,0.0,14.3685,0.0,0.0,0.0,0.0,0.0,0.0,364.7748,0.0,0.0,0.0,0.0,13.9189,49.1415,0.0,112.1346,0.0,0.0,0.0,0.0,0.0,0.0,0.0,0.6503,0.0,0.0,0.0,0.0,0.0,201.8114,0.0,0.0,0.0,0.0,0.0,16.3046,0.0,0.0,49.415800000000004,25.238899999999997,0.0,0.0,0.0,0.0,4.9190000000000005,32.053200000000004,3.6888,0.0,0.0,0.0,44.778200000000005,5.3411,67.4444,0.0,0.0,69.6536,57.063,27.819699999999997,108.67080000000001,946.1390000000001,56.0847,0.0,0.0,0.0033
0.0,0.0,0.0,35.9602,0.0,540.3278,129.0284,0.0,0.0,33.5958,2.461,0.0,72.7411,531.6476999999999,934.8109999999999,6.3195,0.0,40.332699999999996,0.0,857.6767,1920.2111000000004,0.0,22.256,178.74290000000002,246.90120000000005,0.0,0.0,0.0,0.0,0.0,69.7593,202.15900000000002,0.0,0.0,0.0,0.0,5.4468,0.0,0.0,0.0,0.0,0.0,0.0,0.0,0.0,0.0,0.0,0.0,0.0,0.0,0.0,0.0,0.0,0.0,1.2106000000000001,0.0,0.0,0.0,0.0,0.0,0.0,13.8524,0.0,0.0,0.0,0.0,0.0,0.0,365.7335,0.0,0.0,0.0,0.0,13.9236,49.270700000000005,0.0,112.4293,0.0,0.0,0.0,0.0,0.0,0.0,0.0,0.4825,0.0,0.0,0.0,0.0,0.0,200.6411,0.0,0.0,0.0,0.0,0.0,16.1291,0.0,0.0,51.181200000000004,26.471000000000004,0.0,0.0,0.0,0.0,4.1982,38.19869999999999,3.9064999999999994,0.0,0.0,0.0,44.2963,5.066400000000001,56.2712,0.0,0.0,56.2042,45.3468,27.520200000000003,97.0367,648.5426,51.2025,0.0,0.0,0.004
0.0,0.0,0.0,35.9602,0.0,540.3278,129.0284,0.0,0.0,33.5958,2.461,0.0,72.7411,531.6476999999999,934.8109999999999,6.3195,0.0,40.332699999999996,0.0,857.6767,1920.2111000000004,0.0,22.256,178.74290000000002,246.90120000000005,0.0,0.0,0.0,0.0,0.0,69.7593,202.15900000000002,0.0,0.0,0.0,0.0,5.4468,0.0,0.0,0.0,0.0,0.0,0.0,0.0,0.0,0.0,0.0,0.0,0.0,0.0,0.0,0.0,0.0,0.0,1.2106000000000001,0.0,0.0,0.0,0.0,0.0,0.0,13.8524,0.0,0.0,0.0,0.0,0.0,0.0,365.7335,0.0,0.0,0.0,0.0,13.9236,49.270700000000005,0.0,112.4293,0.0,0.0,0.0,0.0,0.0,0.0,0.0,0.4825,0.0,0.0,0.0,0.0,0.0,200.6411,0.0,0.0,0.0,0.0,0.0,16.1291,0.0,0.0,51.181200000000004,26.471000000000004,0.0,0.0,0.0,0.0,4.1982,38.19869999999999,3.9064999999999994,0.0,0.0,0.0,44.2963,5.066400000000001,56.2712,0.0,0.0,56.2042,45.3468,27.520200000000003,97.0367,648.5426,51.2025,0.0,0.0,0.004
0.0,0.0,0.0,35.9602,0.0,540.3278,129.0284,0.0,0.0,33.5958,2.461,0.0,72.7411,531.6476999999999,934.8109999999999,6.3195,0.0,40.332699999999996,0.0,857.6767,1920.2111000000004,0.0,22.256,178.74290000000002,246.90120000000005,0.0,0.0,0.0,0.0,0.0,69.7593,202.15900000000002,0.0,0.0,0.0,0.0,5.4468,0.0,0.0,0.0,0.0,0.0,0.0,0.0,0.0,0.0,0.0,0.0,0.0,0.0,0.0,0.0,0.0,0.0,1.2106000000000001,0.0,0.0,0.0,0.0,0.0,0.0,13.8524,0.0,0.0,0.0,0.0,0.0,0.0,365.7335,0.0,0.0,0.0,0.0,13.9236,49.270700000000005,0.0,112.4293,0.0,0.0,0.0,0.0,0.0,0.0,0.0,0.4825,0.0,0.0,0.0,0.0,0.0,200.6411,0.0,0.0,0.0,0.0,0.0,16.1291,0.0,0.0,51.181200000000004,26.471000000000004,0.0,0.0,0.0,0.0,4.1982,38.19869999999999,3.9064999999999994,0.0,0.0,0.0,44.2963,5.066400000000001,56.2712,0.0,0.0,56.2042,45.3468,27.520200000000003,97.0367,648.5426,51.2025,0.0,0.0,0.004
0.0,0.0,0.0,35.9602,0.0,540.3278,129.0284,0.0,0.0,33.5958,2.461,0.0,72.7411,531.6476999999999,934.8109999999999,6.3195,0.0,40.332699999999996,0.0,857.6767,1920.2111000000004,0.0,22.256,178.74290000000002,246.90120000000005,0.0,0.0,0.0,0.0,0.0,69.7593,202.15900000000002,0.0,0.0,0.0,0.0,5.4468,0.0,0.0,0.0,0.0,0.0,0.0,0.0,0.0,0.0,0.0,0.0,0.0,0.0,0.0,0.0,0.0,0.0,1.2106000000000001,0.0,0.0,0.0,0.0,0.0,0.0,13.8524,0.0,0.0,0.0,0.0,0.0,0.0,365.7335,0.0,0.0,0.0,0.0,13.9236,49.270700000000005,0.0,112.4293,0.0,0.0,0.0,0.0,0.0,0.0,0.0,0.4825,0.0,0.0,0.0,0.0,0.0,200.6411,0.0,0.0,0.0,0.0,0.0,16.1291,0.0,0.0,51.181200000000004,26.471000000000004,0.0,0.0,0.0,0.0,4.1982,38.19869999999999,3.9064999999999994,0.0,0.0,0.0,44.2963,5.066400000000001,56.2712,0.0,0.0,56.2042,45.3468,27.520200000000003,97.0367,648.5426,51.2025,0.0,0.0,0.004
0.0,0.0,0.0,35.9602,0.0,540.3278,129.0284,0.0,0.0,33.5958,2.461,0.0,72.7411,531.6476999999999,934.8109999999999,6.3195,0.0,40.332699999999996,0.0,857.6767,1920.2111000000004,0.0,22.256,178.74290000000002,246.90120000000005,0.0,0.0,0.0,0.0,0.0,69.7593,202.15900000000002,0.0,0.0,0.0,0.0,5.4468,0.0,0.0,0.0,0.0,0.0,0.0,0.0,0.0,0.0,0.0,0.0,0.0,0.0,0.0,0.0,0.0,0.0,1.2106000000000001,0.0,0.0,0.0,0.0,0.0,0.0,13.8524,0.0,0.0,0.0,0.0,0.0,0.0,365.7335,0.0,0.0,0.0,0.0,13.9236,49.270700000000005,0.0,112.4293,0.0,0.0,0.0,0.0,0.0,0.0,0.0,0.4825,0.0,0.0,0.0,0.0,0.0,200.6411,0.0,0.0,0.0,0.0,0.0,16.1291,0.0,0.0,51.181200000000004,26.471000000000004,0.0,0.0,0.0,0.0,4.1982,38.19869999999999,3.9064999999999994,0.0,0.0,0.0,44.2963,5.066400000000001,56.2712,0.0,0.0,56.2042,45.3468,27.520200000000003,97.0367,648.5426,51.2025,0.0,0.0,0.004
0.0,0.0,0.0,35.9602,0.0,540.3278,129.0284,0.0,0.0,33.5958,2.461,0.0,72.7411,531.6476999999999,934.8109999999999,6.3195,0.0,40.332699999999996,0.0,857.6767,1920.2111000000004,0.0,22.256,178.74290000000002,246.90120000000005,0.0,0.0,0.0,0.0,0.0,69.7593,202.15900000000002,0.0,0.0,0.0,0.0,5.4468,0.0,0.0,0.0,0.0,0.0,0.0,0.0,0.0,0.0,0.0,0.0,0.0,0.0,0.0,0.0,0.0,0.0,1.2106000000000001,0.0,0.0,0.0,0.0,0.0,0.0,13.8524,0.0,0.0,0.0,0.0,0.0,0.0,365.7335,0.0,0.0,0.0,0.0,13.9236,49.270700000000005,0.0,112.4293,0.0,0.0,0.0,0.0,0.0,0.0,0.0,0.4825,0.0,0.0,0.0,0.0,0.0,200.6411,0.0,0.0,0.0,0.0,0.0,16.1291,0.0,0.0,51.181200000000004,26.471000000000004,0.0,0.0,0.0,0.0,4.1982,38.19869999999999,3.9064999999999994,0.0,0.0,0.0,44.2963,5.066400000000001,56.2712,0.0,0.0,56.2042,45.3468,27.520200000000003,97.0367,648.5426,51.2025,0.0,0.0,0.004
0.0,0.0,0.0,35.9602,0.0,540.3278,129.0284,0.0,0.0,33.5958,2.461,0.0,72.7411,531.6476999999999,934.8109999999999,6.3195,0.0,40.332699999999996,0.0,857.6767,1920.2111000000004,0.0,22.256,178.74290000000002,246.90120000000005,0.0,0.0,0.0,0.0,0.0,69.7593,202.15900000000002,0.0,0.0,0.0,0.0,5.4468,0.0,0.0,0.0,0.0,0.0,0.0,0.0,0.0,0.0,0.0,0.0,0.0,0.0,0.0,0.0,0.0,0.0,1.2106000000000001,0.0,0.0,0.0,0.0,0.0,0.0,13.8524,0.0,0.0,0.0,0.0,0.0,0.0,365.7335,0.0,0.0,0.0,0.0,13.9236,49.270700000000005,0.0,112.4293,0.0,0.0,0.0,0.0,0.0,0.0,0.0,0.4825,0.0,0.0,0.0,0.0,0.0,200.6411,0.0,0.0,0.0,0.0,0.0,16.1291,0.0,0.0,51.181200000000004,26.471000000000004,0.0,0.0,0.0,0.0,4.1982,38.19869999999999,3.9064999999999994,0.0,0.0,0.0,44.2963,5.066400000000001,56.2712,0.0,0.0,56.2042,45.3468,27.520200000000003,97.0367,648.5426,51.2025,0.0,0.0,0.004
0.0,0.0,0.0,35.5696,0.0,524.3276000000001,128.7642,0.0,0.0,32.0244,2.084,0.0,63.30270000000001,506.78189999999995,866.4201999999999,4.3954,0.0,30.364200000000004,0.0,902.5956,1942.8075999999999,0.0,17.149,181.49120000000002,241.19980000000004,0.0,0.0,0.0,0.0,0.0,30.668300000000002,95.66479999999999,0.0,0.0,0.0,0.0,6.0036,0.0,0.0,0.0,0.0,0.0,0.0,0.0,0.0,0.0,0.0,0.0,0.0,0.0,0.0,0.0,0.0,0.0,1.2406000000000001,0.0,0.0,0.0,0.0,0.0,0.0,8.4292,0.0,0.0,0.0,0.0,0.0,0.0,367.65070000000003,0.0,0.0,0.0,0.0,13.8757,49.5289,0.0,113.0187,0.0,0.0,0.0,0.0,0.0,0.0,0.0,0.4592,0.0,0.0,0.0,0.0,0.0,191.1487,0.0,0.0,0.0,0.0,0.0,16.1447,0.0,0.0,51.010999999999996,23.755699999999997,0.0,0.0,0.0,0.0,3.6668,33.622299999999996,5.358300000000001,0.0,0.0,0.0,44.339099999999995,5.223,32.327,0.0,0.0,55.6861,39.525600000000004,27.546799999999998,54.8515,564.391,44.6276,0.0,0.0,0.0157
0.0,0.0,0.0,35.5696,0.0,524.3276000000001,128.7642,0.0,0.0,32.0244,2.084,0.0,63.30270000000001,506.78189999999995,866.4201999999999,4.3954,0.0,30.364200000000004,0.0,902.5956,1942.8075999999999,0.0,17.149,181.49120000000002,241.19980000000004,0.0,0.0,0.0,0.0,0.0,30.668300000000002,95.66479999999999,0.0,0.0,0.0,0.0,6.0036,0.0,0.0,0.0,0.0,0.0,0.0,0.0,0.0,0.0,0.0,0.0,0.0,0.0,0.0,0.0,0.0,0.0,1.2406000000000001,0.0,0.0,0.0,0.0,0.0,0.0,8.4292,0.0,0.0,0.0,0.0,0.0,0.0,367.65070000000003,0.0,0.0,0.0,0.0,13.8757,49.5289,0.0,113.0187,0.0,0.0,0.0,0.0,0.0,0.0,0.0,0.4592,0.0,0.0,0.0,0.0,0.0,191.1487,0.0,0.0,0.0,0.0,0.0,16.1447,0.0,0.0,51.010999999999996,23.755699999999997,0.0,0.0,0.0,0.0,3.6668,33.622299999999996,5.358300000000001,0.0,0.0,0.0,44.339099999999995,5.223,32.327,0.0,0.0,55.6861,39.525600000000004,27.546799999999998,54.8515,564.391,44.6276,0.0,0.0,0.0157
0.0,0.0,0.0,35.5696,0.0,524.3276000000001,128.7642,0.0,0.0,32.0244,2.084,0.0,63.30270000000001,506.78189999999995,866.4201999999999,4.3954,0.0,30.364200000000004,0.0,902.5956,1942.8075999999999,0.0,17.149,181.49120000000002,241.19980000000004,0.0,0.0,0.0,0.0,0.0,30.668300000000002,95.66479999999999,0.0,0.0,0.0,0.0,6.0036,0.0,0.0,0.0,0.0,0.0,0.0,0.0,0.0,0.0,0.0,0.0,0.0,0.0,0.0,0.0,0.0,0.0,1.2406000000000001,0.0,0.0,0.0,0.0,0.0,0.0,8.4292,0.0,0.0,0.0,0.0,0.0,0.0,367.65070000000003,0.0,0.0,0.0,0.0,13.8757,49.5289,0.0,113.0187,0.0,0.0,0.0,0.0,0.0,0.0,0.0,0.4592,0.0,0.0,0.0,0.0,0.0,191.1487,0.0,0.0,0.0,0.0,0.0,16.1447,0.0,0.0,51.010999999999996,23.755699999999997,0.0,0.0,0.0,0.0,3.6668,33.622299999999996,5.358300000000001,0.0,0.0,0.0,44.339099999999995,5.223,32.327,0.0,0.0,55.6861,39.525600000000004,27.546799999999998,54.8515,564.391,44.6276,0.0,0.0,0.0157
0.0,0.0,0.0,35.5696,0.0,524.3276000000001,128.7642,0.0,0.0,32.0244,2.084,0.0,63.30270000000001,506.78189999999995,866.4201999999999,4.3954,0.0,30.364200000000004,0.0,902.5956,1942.8075999999999,0.0,17.149,181.49120000000002,241.19980000000004,0.0,0.0,0.0,0.0,0.0,30.668300000000002,95.66479999999999,0.0,0.0,0.0,0.0,6.0036,0.0,0.0,0.0,0.0,0.0,0.0,0.0,0.0,0.0,0.0,0.0,0.0,0.0,0.0,0.0,0.0,0.0,1.2406000000000001,0.0,0.0,0.0,0.0,0.0,0.0,8.4292,0.0,0.0,0.0,0.0,0.0,0.0,367.65070000000003,0.0,0.0,0.0,0.0,13.8757,49.5289,0.0,113.0187,0.0,0.0,0.0,0.0,0.0,0.0,0.0,0.4592,0.0,0.0,0.0,0.0,0.0,191.1487,0.0,0.0,0.0,0.0,0.0,16.1447,0.0,0.0,51.010999999999996,23.755699999999997,0.0,0.0,0.0,0.0,3.6668,33.622299999999996,5.358300000000001,0.0,0.0,0.0,44.339099999999995,5.223,32.327,0.0,0.0,55.6861,39.525600000000004,27.546799999999998,54.8515,564.391,44.6276,0.0,0.0,0.0157
0.0,0.0,0.0,35.5696,0.0,524.3276000000001,128.7642,0.0,0.0,32.0244,2.084,0.0,63.30270000000001,506.78189999999995,866.4201999999999,4.3954,0.0,30.364200000000004,0.0,902.5956,1942.8075999999999,0.0,17.149,181.49120000000002,241.19980000000004,0.0,0.0,0.0,0.0,0.0,30.668300000000002,95.66479999999999,0.0,0.0,0.0,0.0,6.0036,0.0,0.0,0.0,0.0,0.0,0.0,0.0,0.0,0.0,0.0,0.0,0.0,0.0,0.0,0.0,0.0,0.0,1.2406000000000001,0.0,0.0,0.0,0.0,0.0,0.0,8.4292,0.0,0.0,0.0,0.0,0.0,0.0,367.65070000000003,0.0,0.0,0.0,0.0,13.8757,49.5289,0.0,113.0187,0.0,0.0,0.0,0.0,0.0,0.0,0.0,0.4592,0.0,0.0,0.0,0.0,0.0,191.1487,0.0,0.0,0.0,0.0,0.0,16.1447,0.0,0.0,51.010999999999996,23.755699999999997,0.0,0.0,0.0,0.0,3.6668,33.622299999999996,5.358300000000001,0.0,0.0,0.0,44.339099999999995,5.223,32.327,0.0,0.0,55.6861,39.525600000000004,27.546799999999998,54.8515,564.391,44.6276,0.0,0.0,0.0157
0.0,0.0,0.0,35.5696,0.0,524.3276000000001,128.7642,0.0,0.0,32.0244,2.084,0.0,63.30270000000001,506.78189999999995,866.4201999999999,4.3954,0.0,30.364200000000004,0.0,902.5956,1942.8075999999999,0.0,17.149,181.49120000000002,241.19980000000004,0.0,0.0,0.0,0.0,0.0,30.668300000000002,95.66479999999999,0.0,0.0,0.0,0.0,6.0036,0.0,0.0,0.0,0.0,0.0,0.0,0.0,0.0,0.0,0.0,0.0,0.0,0.0,0.0,0.0,0.0,0.0,1.2406000000000001,0.0,0.0,0.0,0.0,0.0,0.0,8.4292,0.0,0.0,0.0,0.0,0.0,0.0,367.65070000000003,0.0,0.0,0.0,0.0,13.8757,49.5289,0.0,113.0187,0.0,0.0,0.0,0.0,0.0,0.0,0.0,0.4592,0.0,0.0,0.0,0.0,0.0,191.1487,0.0,0.0,0.0,0.0,0.0,16.1447,0.0,0.0,51.010999999999996,23.755699999999997,0.0,0.0,0.0,0.0,3.6668,33.622299999999996,5.358300000000001,0.0,0.0,0.0,44.339099999999995,5.223,32.327,0.0,0.0,55.6861,39.525600000000004,27.546799999999998,54.8515,564.391,44.6276,0.0,0.0,0.0157
0.0,0.0,0.0,35.5696,0.0,524.3276000000001,128.7642,0.0,0.0,32.0244,2.084,0.0,63.30270000000001,506.78189999999995,866.4201999999999,4.3954,0.0,30.364200000000004,0.0,902.5956,1942.8075999999999,0.0,17.149,181.49120000000002,241.19980000000004,0.0,0.0,0.0,0.0,0.0,30.668300000000002,95.66479999999999,0.0,0.0,0.0,0.0,6.0036,0.0,0.0,0.0,0.0,0.0,0.0,0.0,0.0,0.0,0.0,0.0,0.0,0.0,0.0,0.0,0.0,0.0,1.2406000000000001,0.0,0.0,0.0,0.0,0.0,0.0,8.4292,0.0,0.0,0.0,0.0,0.0,0.0,367.65070000000003,0.0,0.0,0.0,0.0,13.8757,49.5289,0.0,113.0187,0.0,0.0,0.0,0.0,0.0,0.0,0.0,0.4592,0.0,0.0,0.0,0.0,0.0,191.1487,0.0,0.0,0.0,0.0,0.0,16.1447,0.0,0.0,51.010999999999996,23.755699999999997,0.0,0.0,0.0,0.0,3.6668,33.622299999999996,5.358300000000001,0.0,0.0,0.0,44.339099999999995,5.223,32.327,0.0,0.0,55.6861,39.525600000000004,27.546799999999998,54.8515,564.391,44.6276,0.0,0.0,0.0157
0.0,0.0,0.0,34.3004,0.0,446.86770000000007,103.55639999999998,0.0,0.0,34.0985,1.8086,0.0,54.527100000000004,530.9463000000001,902.4925,2.7803,0.0,52.1572,0.0,836.0961,1853.2849999999999,0.0,12.1677,215.87879999999998,293.62479999999994,0.0,0.0,0.0,0.0,0.0,48.1931,130.1736,0.0,0.0,0.0,0.0,4.7698,0.0,0.0,0.0,0.0,0.0,0.0,0.0,0.0,0.0,0.0,0.0,0.0,0.0,0.0,0.0,0.0,0.0,0.9801,0.0,0.0,0.0,0.0,0.0,0.0,6.9877,0.0,0.0,0.0,0.0,0.0,0.0,286.8068,0.0,0.0,0.0,0.0,14.3499,38.4801,0.0,90.0455,0.0,0.0,0.0,0.0,0.0,0.0,0.0,0.436,0.0,0.0,0.0,0.0,0.0,158.1723,0.0,0.0,0.0,0.0,0.0,14.8731,0.0,0.0,55.6662,21.2639,0.0,0.0,0.0,0.0,3.0937,34.109899999999996,12.912899999999999,0.0,0.0,0.0,40.847,8.044500000000001,7.6198999999999995,0.0,0.0,57.768600000000006,34.0462,25.377200000000002,50.6655,861.8369,39.864000000000004,0.0,0.0,0.8797
0.0,0.0,0.0,34.3004,0.0,446.86770000000007,103.55639999999998,0.0,0.0,34.0985,1.8086,0.0,54.527100000000004,530.9463000000001,902.4925,2.7803,0.0,52.1572,0.0,836.0961,1853.2849999999999,0.0,12.1677,215.87879999999998,293.62479999999994,0.0,0.0,0.0,0.0,0.0,48.1931,130.1736,0.0,0.0,0.0,0.0,4.7698,0.0,0.0,0.0,0.0,0.0,0.0,0.0,0.0,0.0,0.0,0.0,0.0,0.0,0.0,0.0,0.0,0.0,0.9801,0.0,0.0,0.0,0.0,0.0,0.0,6.9877,0.0,0.0,0.0,0.0,0.0,0.0,286.8068,0.0,0.0,0.0,0.0,14.3499,38.4801,0.0,90.0455,0.0,0.0,0.0,0.0,0.0,0.0,0.0,0.436,0.0,0.0,0.0,0.0,0.0,158.1723,0.0,0.0,0.0,0.0,0.0,14.8731,0.0,0.0,55.6662,21.2639,0.0,0.0,0.0,0.0,3.0937,34.109899999999996,12.912899999999999,0.0,0.0,0.0,40.847,8.044500000000001,7.6198999999999995,0.0,0.0,57.768600000000006,34.0462,25.377200000000002,50.6655,861.8369,39.864000000000004,0.0,0.0,0.8797
0.0,0.0,0.0,34.3004,0.0,446.86770000000007,103.55639999999998,0.0,0.0,34.0985,1.8086,0.0,54.527100000000004,530.9463000000001,902.4925,2.7803,0.0,52.1572,0.0,836.0961,1853.2849999999999,0.0,12.1677,215.87879999999998,293.62479999999994,0.0,0.0,0.0,0.0,0.0,48.1931,130.1736,0.0,0.0,0.0,0.0,4.7698,0.0,0.0,0.0,0.0,0.0,0.0,0.0,0.0,0.0,0.0,0.0,0.0,0.0,0.0,0.0,0.0,0.0,0.9801,0.0,0.0,0.0,0.0,0.0,0.0,6.9877,0.0,0.0,0.0,0.0,0.0,0.0,286.8068,0.0,0.0,0.0,0.0,14.3499,38.4801,0.0,90.0455,0.0,0.0,0.0,0.0,0.0,0.0,0.0,0.436,0.0,0.0,0.0,0.0,0.0,158.1723,0.0,0.0,0.0,0.0,0.0,14.8731,0.0,0.0,55.6662,21.2639,0.0,0.0,0.0,0.0,3.0937,34.109899999999996,12.912899999999999,0.0,0.0,0.0,40.847,8.044500000000001,7.6198999999999995,0.0,0.0,57.768600000000006,34.0462,25.377200000000002,50.6655,861.8369,39.864000000000004,0.0,0.0,0.8797
0.0,0.0,0.0,34.3004,0.0,446.86770000000007,103.55639999999998,0.0,0.0,34.0985,1.8086,0.0,54.527100000000004,530.9463000000001,902.4925,2.7803,0.0,52.1572,0.0,836.0961,1853.2849999999999,0.0,12.1677,215.87879999999998,293.62479999999994,0.0,0.0,0.0,0.0,0.0,48.1931,130.1736,0.0,0.0,0.0,0.0,4.7698,0.0,0.0,0.0,0.0,0.0,0.0,0.0,0.0,0.0,0.0,0.0,0.0,0.0,0.0,0.0,0.0,0.0,0.9801,0.0,0.0,0.0,0.0,0.0,0.0,6.9877,0.0,0.0,0.0,0.0,0.0,0.0,286.8068,0.0,0.0,0.0,0.0,14.3499,38.4801,0.0,90.0455,0.0,0.0,0.0,0.0,0.0,0.0,0.0,0.436,0.0,0.0,0.0,0.0,0.0,158.1723,0.0,0.0,0.0,0.0,0.0,14.8731,0.0,0.0,55.6662,21.2639,0.0,0.0,0.0,0.0,3.0937,34.109899999999996,12.912899999999999,0.0,0.0,0.0,40.847,8.044500000000001,7.6198999999999995,0.0,0.0,57.768600000000006,34.0462,25.377200000000002,50.6655,861.8369,39.864000000000004,0.0,0.0,0.8797
0.0,0.0,0.0,34.3004,0.0,446.86770000000007,103.55639999999998,0.0,0.0,34.0985,1.8086,0.0,54.527100000000004,530.9463000000001,902.4925,2.7803,0.0,52.1572,0.0,836.0961,1853.2849999999999,0.0,12.1677,215.87879999999998,293.62479999999994,0.0,0.0,0.0,0.0,0.0,48.1931,130.1736,0.0,0.0,0.0,0.0,4.7698,0.0,0.0,0.0,0.0,0.0,0.0,0.0,0.0,0.0,0.0,0.0,0.0,0.0,0.0,0.0,0.0,0.0,0.9801,0.0,0.0,0.0,0.0,0.0,0.0,6.9877,0.0,0.0,0.0,0.0,0.0,0.0,286.8068,0.0,0.0,0.0,0.0,14.3499,38.4801,0.0,90.0455,0.0,0.0,0.0,0.0,0.0,0.0,0.0,0.436,0.0,0.0,0.0,0.0,0.0,158.1723,0.0,0.0,0.0,0.0,0.0,14.8731,0.0,0.0,55.6662,21.2639,0.0,0.0,0.0,0.0,3.0937,34.109899999999996,12.912899999999999,0.0,0.0,0.0,40.847,8.044500000000001,7.6198999999999995,0.0,0.0,57.768600000000006,34.0462,25.377200000000002,50.6655,861.8369,39.864000000000004,0.0,0.0,0.8797
0.0,0.0,0.0,34.3004,0.0,446.86770000000007,103.55639999999998,0.0,0.0,34.0985,1.8086,0.0,54.527100000000004,530.9463000000001,902.4925,2.7803,0.0,52.1572,0.0,836.0961,1853.2849999999999,0.0,12.1677,215.87879999999998,293.62479999999994,0.0,0.0,0.0,0.0,0.0,48.1931,130.1736,0.0,0.0,0.0,0.0,4.7698,0.0,0.0,0.0,0.0,0.0,0.0,0.0,0.0,0.0,0.0,0.0,0.0,0.0,0.0,0.0,0.0,0.0,0.9801,0.0,0.0,0.0,0.0,0.0,0.0,6.9877,0.0,0.0,0.0,0.0,0.0,0.0,286.8068,0.0,0.0,0.0,0.0,14.3499,38.4801,0.0,90.0455,0.0,0.0,0.0,0.0,0.0,0.0,0.0,0.436,0.0,0.0,0.0,0.0,0.0,158.1723,0.0,0.0,0.0,0.0,0.0,14.8731,0.0,0.0,55.6662,21.2639,0.0,0.0,0.0,0.0,3.0937,34.109899999999996,12.912899999999999,0.0,0.0,0.0,40.847,8.044500000000001,7.6198999999999995,0.0,0.0,57.768600000000006,34.0462,25.377200000000002,50.6655,861.8369,39.864000000000004,0.0,0.0,0.8797
0.0,0.0,0.0,34.3004,0.0,446.86770000000007,103.55639999999998,0.0,0.0,34.0985,1.8086,0.0,54.527100000000004,530.9463000000001,902.4925,2.7803,0.0,52.1572,0.0,836.0961,1853.2849999999999,0.0,12.1677,215.87879999999998,293.62479999999994,0.0,0.0,0.0,0.0,0.0,48.1931,130.1736,0.0,0.0,0.0,0.0,4.7698,0.0,0.0,0.0,0.0,0.0,0.0,0.0,0.0,0.0,0.0,0.0,0.0,0.0,0.0,0.0,0.0,0.0,0.9801,0.0,0.0,0.0,0.0,0.0,0.0,6.9877,0.0,0.0,0.0,0.0,0.0,0.0,286.8068,0.0,0.0,0.0,0.0,14.3499,38.4801,0.0,90.0455,0.0,0.0,0.0,0.0,0.0,0.0,0.0,0.436,0.0,0.0,0.0,0.0,0.0,158.1723,0.0,0.0,0.0,0.0,0.0,14.8731,0.0,0.0,55.6662,21.2639,0.0,0.0,0.0,0.0,3.0937,34.109899999999996,12.912899999999999,0.0,0.0,0.0,40.847,8.044500000000001,7.6198999999999995,0.0,0.0,57.768600000000006,34.0462,25.377200000000002,50.6655,861.8369,39.864000000000004,0.0,0.0,0.8797
0.0,0.0,0.0,32.2047,0.0,416.1725999999999,99.04710000000001,0.0,0.0,30.866100000000003,2.4464,0.0,48.333000000000006,479.55969999999996,818.6985,2.1942,0.0,49.7507,0.0,789.9011,1734.9322999999997,0.0,11.275500000000001,252.8688,347.1349999999999,0.0,0.0,0.0,0.0,0.0,52.961499999999994,142.1575,0.0,0.0,0.0,0.0,5.1236,0.0,0.0,0.0,0.0,0.0,0.0,0.0,0.0,0.0,0.0,0.0,0.0,0.0,0.0,0.0,0.0,0.0,1.0872000000000002,0.0,0.0,0.0,0.0,0.0,0.0,7.5838,0.0,0.0,0.0,0.0,0.0,0.0,283.4655,0.0,0.0,0.0,0.0,14.763200000000001,37.9951,0.0,89.4336,0.0,0.0,0.0,0.0,0.0,0.0,0.0,0.5978,0.0,0.0,0.0,0.0,0.0,173.1964,0.0,0.0,0.0,0.0,0.0,16.7183,0.0,0.0,56.9596,41.809599999999996,0.0,0.0,0.0,0.0,3.8726,89.6294,30.650100000000002,0.0,0.0,0.0,45.9146,8.8468,14.6935,0.0,0.0,70.59470000000002,30.1788,28.5255,52.9679,829.1660999999999,40.773,0.0,0.0,2.436
0.0,0.0,0.0,32.2047,0.0,416.1725999999999,99.04710000000001,0.0,0.0,30.866100000000003,2.4464,0.0,48.333000000000006,479.55969999999996,818.6985,2.1942,0.0,49.7507,0.0,789.9011,1734.9322999999997,0.0,11.275500000000001,252.8688,347.1349999999999,0.0,0.0,0.0,0.0,0.0,52.961499999999994,142.1575,0.0,0.0,0.0,0.0,5.1236,0.0,0.0,0.0,0.0,0.0,0.0,0.0,0.0,0.0,0.0,0.0,0.0,0.0,0.0,0.0,0.0,0.0,1.0872000000000002,0.0,0.0,0.0,0.0,0.0,0.0,7.5838,0.0,0.0,0.0,0.0,0.0,0.0,283.4655,0.0,0.0,0.0,0.0,14.763200000000001,37.9951,0.0,89.4336,0.0,0.0,0.0,0.0,0.0,0.0,0.0,0.5978,0.0,0.0,0.0,0.0,0.0,173.1964,0.0,0.0,0.0,0.0,0.0,16.7183,0.0,0.0,56.9596,41.809599999999996,0.0,0.0,0.0,0.0,3.8726,89.6294,30.650100000000002,0.0,0.0,0.0,45.9146,8.8468,14.6935,0.0,0.0,70.59470000000002,30.1788,28.5255,52.9679,829.1660999999999,40.773,0.0,0.0,2.436
0.0,0.0,0.0,32.2047,0.0,416.1725999999999,99.04710000000001,0.0,0.0,30.866100000000003,2.4464,0.0,48.333000000000006,479.55969999999996,818.6985,2.1942,0.0,49.7507,0.0,789.9011,1734.9322999999997,0.0,11.275500000000001,252.8688,347.1349999999999,0.0,0.0,0.0,0.0,0.0,52.961499999999994,142.1575,0.0,0.0,0.0,0.0,5.1236,0.0,0.0,0.0,0.0,0.0,0.0,0.0,0.0,0.0,0.0,0.0,0.0,0.0,0.0,0.0,0.0,0.0,1.0872000000000002,0.0,0.0,0.0,0.0,0.0,0.0,7.5838,0.0,0.0,0.0,0.0,0.0,0.0,283.4655,0.0,0.0,0.0,0.0,14.763200000000001,37.9951,0.0,89.4336,0.0,0.0,0.0,0.0,0.0,0.0,0.0,0.5978,0.0,0.0,0.0,0.0,0.0,173.1964,0.0,0.0,0.0,0.0,0.0,16.7183,0.0,0.0,56.9596,41.809599999999996,0.0,0.0,0.0,0.0,3.8726,89.6294,30.650100000000002,0.0,0.0,0.0,45.9146,8.8468,14.6935,0.0,0.0,70.59470000000002,30.1788,28.5255,52.9679,829.1660999999999,40.773,0.0,0.0,2.436
0.0,0.0,0.0,32.2047,0.0,416.1725999999999,99.04710000000001,0.0,0.0,30.866100000000003,2.4464,0.0,48.333000000000006,479.55969999999996,818.6985,2.1942,0.0,49.7507,0.0,789.9011,1734.9322999999997,0.0,11.275500000000001,252.8688,347.1349999999999,0.0,0.0,0.0,0.0,0.0,52.961499999999994,142.1575,0.0,0.0,0.0,0.0,5.1236,0.0,0.0,0.0,0.0,0.0,0.0,0.0,0.0,0.0,0.0,0.0,0.0,0.0,0.0,0.0,0.0,0.0,1.0872000000000002,0.0,0.0,0.0,0.0,0.0,0.0,7.5838,0.0,0.0,0.0,0.0,0.0,0.0,283.4655,0.0,0.0,0.0,0.0,14.763200000000001,37.9951,0.0,89.4336,0.0,0.0,0.0,0.0,0.0,0.0,0.0,0.5978,0.0,0.0,0.0,0.0,0.0,173.1964,0.0,0.0,0.0,0.0,0.0,16.7183,0.0,0.0,56.9596,41.809599999999996,0.0,0.0,0.0,0.0,3.8726,89.6294,30.650100000000002,0.0,0.0,0.0,45.9146,8.8468,14.6935,0.0,0.0,70.59470000000002,30.1788,28.5255,52.9679,829.1660999999999,40.773,0.0,0.0,2.436
0.0,0.0,0.0,32.2047,0.0,416.1725999999999,99.04710000000001,0.0,0.0,30.866100000000003,2.4464,0.0,48.333000000000006,479.55969999999996,818.6985,2.1942,0.0,49.7507,0.0,789.9011,1734.9322999999997,0.0,11.275500000000001,252.8688,347.1349999999999,0.0,0.0,0.0,0.0,0.0,52.961499999999994,142.1575,0.0,0.0,0.0,0.0,5.1236,0.0,0.0,0.0,0.0,0.0,0.0,0.0,0.0,0.0,0.0,0.0,0.0,0.0,0.0,0.0,0.0,0.0,1.0872000000000002,0.0,0.0,0.0,0.0,0.0,0.0,7.5838,0.0,0.0,0.0,0.0,0.0,0.0,283.4655,0.0,0.0,0.0,0.0,14.763200000000001,37.9951,0.0,89.4336,0.0,0.0,0.0,0.0,0.0,0.0,0.0,0.5978,0.0,0.0,0.0,0.0,0.0,173.1964,0.0,0.0,0.0,0.0,0.0,16.7183,0.0,0.0,56.9596,41.809599999999996,0.0,0.0,0.0,0.0,3.8726,89.6294,30.650100000000002,0.0,0.0,0.0,45.9146,8.8468,14.6935,0.0,0.0,70.59470000000002,30.1788,28.5255,52.9679,829.1660999999999,40.773,0.0,0.0,2.436
0.0,0.0,0.0,32.2047,0.0,416.1725999999999,99.04710000000001,0.0,0.0,30.866100000000003,2.4464,0.0,48.333000000000006,479.55969999999996,818.6985,2.1942,0.0,49.7507,0.0,789.9011,1734.9322999999997,0.0,11.275500000000001,252.8688,347.1349999999999,0.0,0.0,0.0,0.0,0.0,52.961499999999994,142.1575,0.0,0.0,0.0,0.0,5.1236,0.0,0.0,0.0,0.0,0.0,0.0,0.0,0.0,0.0,0.0,0.0,0.0,0.0,0.0,0.0,0.0,0.0,1.0872000000000002,0.0,0.0,0.0,0.0,0.0,0.0,7.5838,0.0,0.0,0.0,0.0,0.0,0.0,283.4655,0.0,0.0,0.0,0.0,14.763200000000001,37.9951,0.0,89.4336,0.0,0.0,0.0,0.0,0.0,0.0,0.0,0.5978,0.0,0.0,0.0,0.0,0.0,173.1964,0.0,0.0,0.0,0.0,0.0,16.7183,0.0,0.0,56.9596,41.809599999999996,0.0,0.0,0.0,0.0,3.8726,89.6294,30.650100000000002,0.0,0.0,0.0,45.9146,8.8468,14.6935,0.0,0.0,70.59470000000002,30.1788,28.5255,52.9679,829.1660999999999,40.773,0.0,0.0,2.436
0.0,0.0,0.0,32.2047,0.0,416.1725999999999,99.04710000000001,0.0,0.0,30.866100000000003,2.4464,0.0,48.333000000000006,479.55969999999996,818.6985,2.1942,0.0,49.7507,0.0,789.9011,1734.9322999999997,0.0,11.275500000000001,252.8688,347.1349999999999,0.0,0.0,0.0,0.0,0.0,52.961499999999994,142.1575,0.0,0.0,0.0,0.0,5.1236,0.0,0.0,0.0,0.0,0.0,0.0,0.0,0.0,0.0,0.0,0.0,0.0,0.0,0.0,0.0,0.0,0.0,1.0872000000000002,0.0,0.0,0.0,0.0,0.0,0.0,7.5838,0.0,0.0,0.0,0.0,0.0,0.0,283.4655,0.0,0.0,0.0,0.0,14.763200000000001,37.9951,0.0,89.4336,0.0,0.0,0.0,0.0,0.0,0.0,0.0,0.5978,0.0,0.0,0.0,0.0,0.0,173.1964,0.0,0.0,0.0,0.0,0.0,16.7183,0.0,0.0,56.9596,41.809599999999996,0.0,0.0,0.0,0.0,3.8726,89.6294,30.650100000000002,0.0,0.0,0.0,45.9146,8.8468,14.6935,0.0,0.0,70.59470000000002,30.1788,28.5255,52.9679,829.1660999999999,40.773,0.0,0.0,2.436
0.0,0.0,0.0,37.4965,0.0,477.4772000000001,104.94740000000002,0.0,0.0,38.6939,3.1295,0.0,49.0768,601.1781,964.1092999999998,2.2347,0.0,46.888400000000004,0.0,943.2206,2071.6501000000003,0.0,11.711599999999999,273.54089999999997,397.2554,0.0,0.0,0.0,0.0,0.0,52.131600000000006,140.02230000000003,0.0,0.0,0.0,0.0,5.1003,0.0,0.0,0.0,0.0,0.0,0.0,0.0,0.0,0.0,0.0,0.0,0.0,0.0,0.0,0.0,0.0,0.0,1.0675,0.0,0.0,0.0,0.0,0.0,0.0,8.2375,0.0,0.0,0.0,0.0,0.0,0.0,283.4655,0.0,0.0,0.0,0.0,14.570400000000001,37.9951,0.0,89.4336,0.0,0.0,0.0,0.0,0.0,0.0,0.0,0.7716,0.0,0.0,0.0,0.0,0.0,448.0898,0.0,0.0,0.0,0.0,0.0,23.032,0.0,0.0,75.30510000000001,99.9188,0.0,0.0,0.0,0.0,4.4695,68.3805,55.5448,0.0,0.0,0.0,63.2543,9.663,41.6336,0.0,0.0,98.6208,30.6432,39.1916,107.19049999999999,841.9264000000001,52.4512,0.0,0.0,2.0549
0.0,0.0,0.0,37.4965,0.0,477.4772000000001,104.94740000000002,0.0,0.0,38.6939,3.1295,0.0,49.0768,601.1781,964.1092999999998,2.2347,0.0,46.888400000000004,0.0,943.2206,2071.6501000000003,0.0,11.711599999999999,273.54089999999997,397.2554,0.0,0.0,0.0,0.0,0.0,52.131600000000006,140.02230000000003,0.0,0.0,0.0,0.0,5.1003,0.0,0.0,0.0,0.0,0.0,0.0,0.0,0.0,0.0,0.0,0.0,0.0,0.0,0.0,0.0,0.0,0.0,1.0675,0.0,0.0,0.0,0.0,0.0,0.0,8.2375,0.0,0.0,0.0,0.0,0.0,0.0,283.4655,0.0,0.0,0.0,0.0,14.570400000000001,37.9951,0.0,89.4336,0.0,0.0,0.0,0.0,0.0,0.0,0.0,0.7716,0.0,0.0,0.0,0.0,0.0,448.0898,0.0,0.0,0.0,0.0,0.0,23.032,0.0,0.0,75.30510000000001,99.9188,0.0,0.0,0.0,0.0,4.4695,68.3805,55.5448,0.0,0.0,0.0,63.2543,9.663,41.6336,0.0,0.0,98.6208,30.6432,39.1916,107.19049999999999,841.9264000000001,52.4512,0.0,0.0,2.0549
0.0,0.0,0.0,37.4965,0.0,477.4772000000001,104.94740000000002,0.0,0.0,38.6939,3.1295,0.0,49.0768,601.1781,964.1092999999998,2.2347,0.0,46.888400000000004,0.0,943.2206,2071.6501000000003,0.0,11.711599999999999,273.54089999999997,397.2554,0.0,0.0,0.0,0.0,0.0,52.131600000000006,140.02230000000003,0.0,0.0,0.0,0.0,5.1003,0.0,0.0,0.0,0.0,0.0,0.0,0.0,0.0,0.0,0.0,0.0,0.0,0.0,0.0,0.0,0.0,0.0,1.0675,0.0,0.0,0.0,0.0,0.0,0.0,8.2375,0.0,0.0,0.0,0.0,0.0,0.0,283.4655,0.0,0.0,0.0,0.0,14.570400000000001,37.9951,0.0,89.4336,0.0,0.0,0.0,0.0,0.0,0.0,0.0,0.7716,0.0,0.0,0.0,0.0,0.0,448.0898,0.0,0.0,0.0,0.0,0.0,23.032,0.0,0.0,75.30510000000001,99.9188,0.0,0.0,0.0,0.0,4.4695,68.3805,55.5448,0.0,0.0,0.0,63.2543,9.663,41.6336,0.0,0.0,98.6208,30.6432,39.1916,107.19049999999999,841.9264000000001,52.4512,0.0,0.0,2.0549
0.0,0.0,0.0,37.4965,0.0,477.4772000000001,104.94740000000002,0.0,0.0,38.6939,3.1295,0.0,49.0768,601.1781,964.1092999999998,2.2347,0.0,46.888400000000004,0.0,943.2206,2071.6501000000003,0.0,11.711599999999999,273.54089999999997,397.2554,0.0,0.0,0.0,0.0,0.0,52.131600000000006,140.02230000000003,0.0,0.0,0.0,0.0,5.1003,0.0,0.0,0.0,0.0,0.0,0.0,0.0,0.0,0.0,0.0,0.0,0.0,0.0,0.0,0.0,0.0,0.0,1.0675,0.0,0.0,0.0,0.0,0.0,0.0,8.2375,0.0,0.0,0.0,0.0,0.0,0.0,283.4655,0.0,0.0,0.0,0.0,14.570400000000001,37.9951,0.0,89.4336,0.0,0.0,0.0,0.0,0.0,0.0,0.0,0.7716,0.0,0.0,0.0,0.0,0.0,448.0898,0.0,0.0,0.0,0.0,0.0,23.032,0.0,0.0,75.30510000000001,99.9188,0.0,0.0,0.0,0.0,4.4695,68.3805,55.5448,0.0,0.0,0.0,63.2543,9.663,41.6336,0.0,0.0,98.6208,30.6432,39.1916,107.19049999999999,841.9264000000001,52.4512,0.0,0.0,2.0549
0.0,0.0,0.0,37.4965,0.0,477.4772000000001,104.94740000000002,0.0,0.0,38.6939,3.1295,0.0,49.0768,601.1781,964.1092999999998,2.2347,0.0,46.888400000000004,0.0,943.2206,2071.6501000000003,0.0,11.711599999999999,273.54089999999997,397.2554,0.0,0.0,0.0,0.0,0.0,52.131600000000006,140.02230000000003,0.0,0.0,0.0,0.0,5.1003,0.0,0.0,0.0,0.0,0.0,0.0,0.0,0.0,0.0,0.0,0.0,0.0,0.0,0.0,0.0,0.0,0.0,1.0675,0.0,0.0,0.0,0.0,0.0,0.0,8.2375,0.0,0.0,0.0,0.0,0.0,0.0,283.4655,0.0,0.0,0.0,0.0,14.570400000000001,37.9951,0.0,89.4336,0.0,0.0,0.0,0.0,0.0,0.0,0.0,0.7716,0.0,0.0,0.0,0.0,0.0,448.0898,0.0,0.0,0.0,0.0,0.0,23.032,0.0,0.0,75.30510000000001,99.9188,0.0,0.0,0.0,0.0,4.4695,68.3805,55.5448,0.0,0.0,0.0,63.2543,9.663,41.6336,0.0,0.0,98.6208,30.6432,39.1916,107.19049999999999,841.9264000000001,52.4512,0.0,0.0,2.0549
0.0,0.0,0.0,37.4965,0.0,477.4772000000001,104.94740000000002,0.0,0.0,38.6939,3.1295,0.0,49.0768,601.1781,964.1092999999998,2.2347,0.0,46.888400000000004,0.0,943.2206,2071.6501000000003,0.0,11.711599999999999,273.54089999999997,397.2554,0.0,0.0,0.0,0.0,0.0,52.131600000000006,140.02230000000003,0.0,0.0,0.0,0.0,5.1003,0.0,0.0,0.0,0.0,0.0,0.0,0.0,0.0,0.0,0.0,0.0,0.0,0.0,0.0,0.0,0.0,0.0,1.0675,0.0,0.0,0.0,0.0,0.0,0.0,8.2375,0.0,0.0,0.0,0.0,0.0,0.0,283.4655,0.0,0.0,0.0,0.0,14.570400000000001,37.9951,0.0,89.4336,0.0,0.0,0.0,0.0,0.0,0.0,0.0,0.7716,0.0,0.0,0.0,0.0,0.0,448.0898,0.0,0.0,0.0,0.0,0.0,23.032,0.0,0.0,75.30510000000001,99.9188,0.0,0.0,0.0,0.0,4.4695,68.3805,55.5448,0.0,0.0,0.0,63.2543,9.663,41.6336,0.0,0.0,98.6208,30.6432,39.1916,107.19049999999999,841.9264000000001,52.4512,0.0,0.0,2.0549
0.0,0.0,0.0,37.4965,0.0,477.4772000000001,104.94740000000002,0.0,0.0,38.6939,3.1295,0.0,49.0768,601.1781,964.1092999999998,2.2347,0.0,46.888400000000004,0.0,943.2206,2071.6501000000003,0.0,11.711599999999999,273.54089999999997,397.2554,0.0,0.0,0.0,0.0,0.0,52.131600000000006,140.02230000000003,0.0,0.0,0.0,0.0,5.1003,0.0,0.0,0.0,0.0,0.0,0.0,0.0,0.0,0.0,0.0,0.0,0.0,0.0,0.0,0.0,0.0,0.0,1.0675,0.0,0.0,0.0,0.0,0.0,0.0,8.2375,0.0,0.0,0.0,0.0,0.0,0.0,283.4655,0.0,0.0,0.0,0.0,14.570400000000001,37.9951,0.0,89.4336,0.0,0.0,0.0,0.0,0.0,0.0,0.0,0.7716,0.0,0.0,0.0,0.0,0.0,448.0898,0.0,0.0,0.0,0.0,0.0,23.032,0.0,0.0,75.30510000000001,99.9188,0.0,0.0,0.0,0.0,4.4695,68.3805,55.5448,0.0,0.0,0.0,63.2543,9.663,41.6336,0.0,0.0,98.6208,30.6432,39.1916,107.19049999999999,841.9264000000001,52.4512,0.0,0.0,2.0549
0.0,0.0,0.0,39.9913,0.0,510.97170000000006,106.38900000000001,0.0,0.0,44.15,1.9823,0.0,47.3365,685.4507000000001,1053.2572,1.6527,0.0,37.7587,0.0,872.2192,2246.7704,0.0,11.8326,268.4783,385.5683,0.0,0.0,0.0,0.0,0.0,46.3232,126.1742,0.0,0.0,0.0,0.0,5.5548,0.0,0.0,0.0,0.0,0.0,0.0,0.0,0.0,0.0,0.0,0.0,0.0,0.0,0.0,0.0,0.0,0.0,0.9450999999999999,0.0,0.0,0.0,0.0,0.0,0.0,7.7725,0.0,0.0,0.0,0.0,0.0,0.0,279.5691,0.0,0.0,0.0,0.0,14.2977,37.472899999999996,0.0,88.2043,0.0,0.0,0.0,0.0,0.0,0.0,0.0,2.162,0.0,0.0,0.0,0.0,0.0,224.2999,0.0,0.0,0.0,0.0,0.0,23.3981,0.0,0.0,81.16949999999999,91.01409999999998,0.0,0.0,0.0,0.0,8.5893,79.95339999999999,61.462300000000006,0.0,0.0,0.0,64.2596,10.0834,85.79780000000001,0.0,0.0,114.6389,29.5565,39.7012,146.4104,812.0674,63.9716,0.0,0.0,5.0184
0.0,0.0,0.0,39.9913,0.0,510.97170000000006,106.38900000000001,0.0,0.0,44.15,1.9823,0.0,47.3365,685.4507000000001,1053.2572,1.6527,0.0,37.7587,0.0,872.2192,2246.7704,0.0,11.8326,268.4783,385.5683,0.0,0.0,0.0,0.0,0.0,46.3232,126.1742,0.0,0.0,0.0,0.0,5.5548,0.0,0.0,0.0,0.0,0.0,0.0,0.0,0.0,0.0,0.0,0.0,0.0,0.0,0.0,0.0,0.0,0.0,0.9450999999999999,0.0,0.0,0.0,0.0,0.0,0.0,7.7725,0.0,0.0,0.0,0.0,0.0,0.0,279.5691,0.0,0.0,0.0,0.0,14.2977,37.472899999999996,0.0,88.2043,0.0,0.0,0.0,0.0,0.0,0.0,0.0,2.162,0.0,0.0,0.0,0.0,0.0,224.2999,0.0,0.0,0.0,0.0,0.0,23.3981,0.0,0.0,81.16949999999999,91.01409999999998,0.0,0.0,0.0,0.0,8.5893,79.95339999999999,61.462300000000006,0.0,0.0,0.0,64.2596,10.0834,85.79780000000001,0.0,0.0,114.6389,29.5565,39.7012,146.4104,812.0674,63.9716,0.0,0.0,5.0184
0.0,0.0,0.0,39.9913,0.0,510.97170000000006,106.38900000000001,0.0,0.0,44.15,1.9823,0.0,47.3365,685.4507000000001,1053.2572,1.6527,0.0,37.7587,0.0,872.2192,2246.7704,0.0,11.8326,268.4783,385.5683,0.0,0.0,0.0,0.0,0.0,46.3232,126.1742,0.0,0.0,0.0,0.0,5.5548,0.0,0.0,0.0,0.0,0.0,0.0,0.0,0.0,0.0,0.0,0.0,0.0,0.0,0.0,0.0,0.0,0.0,0.9450999999999999,0.0,0.0,0.0,0.0,0.0,0.0,7.7725,0.0,0.0,0.0,0.0,0.0,0.0,279.5691,0.0,0.0,0.0,0.0,14.2977,37.472899999999996,0.0,88.2043,0.0,0.0,0.0,0.0,0.0,0.0,0.0,2.162,0.0,0.0,0.0,0.0,0.0,224.2999,0.0,0.0,0.0,0.0,0.0,23.3981,0.0,0.0,81.16949999999999,91.01409999999998,0.0,0.0,0.0,0.0,8.5893,79.95339999999999,61.462300000000006,0.0,0.0,0.0,64.2596,10.0834,85.79780000000001,0.0,0.0,114.6389,29.5565,39.7012,146.4104,812.0674,63.9716,0.0,0.0,5.0184
0.0,0.0,0.0,39.9913,0.0,510.97170000000006,106.38900000000001,0.0,0.0,44.15,1.9823,0.0,47.3365,685.4507000000001,1053.2572,1.6527,0.0,37.7587,0.0,872.2192,2246.7704,0.0,11.8326,268.4783,385.5683,0.0,0.0,0.0,0.0,0.0,46.3232,126.1742,0.0,0.0,0.0,0.0,5.5548,0.0,0.0,0.0,0.0,0.0,0.0,0.0,0.0,0.0,0.0,0.0,0.0,0.0,0.0,0.0,0.0,0.0,0.9450999999999999,0.0,0.0,0.0,0.0,0.0,0.0,7.7725,0.0,0.0,0.0,0.0,0.0,0.0,279.5691,0.0,0.0,0.0,0.0,14.2977,37.472899999999996,0.0,88.2043,0.0,0.0,0.0,0.0,0.0,0.0,0.0,2.162,0.0,0.0,0.0,0.0,0.0,224.2999,0.0,0.0,0.0,0.0,0.0,23.3981,0.0,0.0,81.16949999999999,91.01409999999998,0.0,0.0,0.0,0.0,8.5893,79.95339999999999,61.462300000000006,0.0,0.0,0.0,64.2596,10.0834,85.79780000000001,0.0,0.0,114.6389,29.5565,39.7012,146.4104,812.0674,63.9716,0.0,0.0,5.0184
0.0,0.0,0.0,39.9913,0.0,510.97170000000006,106.38900000000001,0.0,0.0,44.15,1.9823,0.0,47.3365,685.4507000000001,1053.2572,1.6527,0.0,37.7587,0.0,872.2192,2246.7704,0.0,11.8326,268.4783,385.5683,0.0,0.0,0.0,0.0,0.0,46.3232,126.1742,0.0,0.0,0.0,0.0,5.5548,0.0,0.0,0.0,0.0,0.0,0.0,0.0,0.0,0.0,0.0,0.0,0.0,0.0,0.0,0.0,0.0,0.0,0.9450999999999999,0.0,0.0,0.0,0.0,0.0,0.0,7.7725,0.0,0.0,0.0,0.0,0.0,0.0,279.5691,0.0,0.0,0.0,0.0,14.2977,37.472899999999996,0.0,88.2043,0.0,0.0,0.0,0.0,0.0,0.0,0.0,2.162,0.0,0.0,0.0,0.0,0.0,224.2999,0.0,0.0,0.0,0.0,0.0,23.3981,0.0,0.0,81.16949999999999,91.01409999999998,0.0,0.0,0.0,0.0,8.5893,79.95339999999999,61.462300000000006,0.0,0.0,0.0,64.2596,10.0834,85.79780000000001,0.0,0.0,114.6389,29.5565,39.7012,146.4104,812.0674,63.9716,0.0,0.0,5.0184
0.0,0.0,0.0,39.9913,0.0,510.97170000000006,106.38900000000001,0.0,0.0,44.15,1.9823,0.0,47.3365,685.4507000000001,1053.2572,1.6527,0.0,37.7587,0.0,872.2192,2246.7704,0.0,11.8326,268.4783,385.5683,0.0,0.0,0.0,0.0,0.0,46.3232,126.1742,0.0,0.0,0.0,0.0,5.5548,0.0,0.0,0.0,0.0,0.0,0.0,0.0,0.0,0.0,0.0,0.0,0.0,0.0,0.0,0.0,0.0,0.0,0.9450999999999999,0.0,0.0,0.0,0.0,0.0,0.0,7.7725,0.0,0.0,0.0,0.0,0.0,0.0,279.5691,0.0,0.0,0.0,0.0,14.2977,37.472899999999996,0.0,88.2043,0.0,0.0,0.0,0.0,0.0,0.0,0.0,2.162,0.0,0.0,0.0,0.0,0.0,224.2999,0.0,0.0,0.0,0.0,0.0,23.3981,0.0,0.0,81.16949999999999,91.01409999999998,0.0,0.0,0.0,0.0,8.5893,79.95339999999999,61.462300000000006,0.0,0.0,0.0,64.2596,10.0834,85.79780000000001,0.0,0.0,114.6389,29.5565,39.7012,146.4104,812.0674,63.9716,0.0,0.0,5.0184
0.0,0.0,0.0,39.9913,0.0,510.97170000000006,106.38900000000001,0.0,0.0,44.15,1.9823,0.0,47.3365,685.4507000000001,1053.2572,1.6527,0.0,37.7587,0.0,872.2192,2246.7704,0.0,11.8326,268.4783,385.5683,0.0,0.0,0.0,0.0,0.0,46.3232,126.1742,0.0,0.0,0.0,0.0,5.5548,0.0,0.0,0.0,0.0,0.0,0.0,0.0,0.0,0.0,0.0,0.0,0.0,0.0,0.0,0.0,0.0,0.0,0.9450999999999999,0.0,0.0,0.0,0.0,0.0,0.0,7.7725,0.0,0.0,0.0,0.0,0.0,0.0,279.5691,0.0,0.0,0.0,0.0,14.2977,37.472899999999996,0.0,88.2043,0.0,0.0,0.0,0.0,0.0,0.0,0.0,2.162,0.0,0.0,0.0,0.0,0.0,224.2999,0.0,0.0,0.0,0.0,0.0,23.3981,0.0,0.0,81.16949999999999,91.01409999999998,0.0,0.0,0.0,0.0,8.5893,79.95339999999999,61.462300000000006,0.0,0.0,0.0,64.2596,10.0834,85.79780000000001,0.0,0.0,114.6389,29.5565,39.7012,146.4104,812.0674,63.9716,0.0,0.0,5.0184
0.0,0.0,0.0,38.2643,0.0,488.2869000000001,114.29480000000001,0.0,0.0,40.387299999999996,1.722,0.0,48.0459,621.0174,1137.2992000000002,1.3900000000000001,0.0,47.1236,0.0,821.5462,2072.5749999999994,0.0,11.167200000000001,267.5206,392.922,0.0,0.0,0.0,0.0,0.0,42.1939,178.99159999999998,0.0,0.0,0.0,0.0,3.7993,0.0,0.0,0.0,0.0,0.0,0.0,0.0,0.0,0.0,0.0,0.0,0.0,0.0,0.0,0.0,0.0,0.0,0.7283999999999999,0.0,0.0,0.0,0.0,0.0,0.0,6.5794,0.0,0.0,0.0,0.0,0.0,0.0,273.8363,0.0,0.0,0.0,0.0,15.200899999999997,38.536100000000005,0.0,86.2559,0.0,0.0,0.0,0.0,0.0,0.0,0.0,2.0691,0.0,0.0,0.0,0.0,0.0,174.9948,0.0,0.0,0.0,0.0,0.0,22.356,0.0,0.0,80.4983,44.3275,0.0,0.0,0.0,0.0,6.896599999999999,94.25659999999999,67.21809999999999,0.0,0.0,0.0,61.397600000000004,18.5681,100.4421,0.0,0.0,107.23460000000001,29.999499999999998,38.144800000000004,147.3556,969.3767,143.0911,0.0,0.0,7.362
0.0,0.0,0.0,38.2643,0.0,488.2869000000001,114.29480000000001,0.0,0.0,40.387299999999996,1.722,0.0,48.0459,621.0174,1137.2992000000002,1.3900000000000001,0.0,47.1236,0.0,821.5462,2072.5749999999994,0.0,11.167200000000001,267.5206,392.922,0.0,0.0,0.0,0.0,0.0,42.1939,178.99159999999998,0.0,0.0,0.0,0.0,3.7993,0.0,0.0,0.0,0.0,0.0,0.0,0.0,0.0,0.0,0.0,0.0,0.0,0.0,0.0,0.0,0.0,0.0,0.7283999999999999,0.0,0.0,0.0,0.0,0.0,0.0,6.5794,0.0,0.0,0.0,0.0,0.0,0.0,273.8363,0.0,0.0,0.0,0.0,15.200899999999997,38.536100000000005,0.0,86.2559,0.0,0.0,0.0,0.0,0.0,0.0,0.0,2.0691,0.0,0.0,0.0,0.0,0.0,174.9948,0.0,0.0,0.0,0.0,0.0,22.356,0.0,0.0,80.4983,44.3275,0.0,0.0,0.0,0.0,6.896599999999999,94.25659999999999,67.21809999999999,0.0,0.0,0.0,61.397600000000004,18.5681,100.4421,0.0,0.0,107.23460000000001,29.999499999999998,38.144800000000004,147.3556,969.3767,143.0911,0.0,0.0,7.362
0.0,0.0,0.0,38.2643,0.0,488.2869000000001,114.29480000000001,0.0,0.0,40.387299999999996,1.722,0.0,48.0459,621.0174,1137.2992000000002,1.3900000000000001,0.0,47.1236,0.0,821.5462,2072.5749999999994,0.0,11.167200000000001,267.5206,392.922,0.0,0.0,0.0,0.0,0.0,42.1939,178.99159999999998,0.0,0.0,0.0,0.0,3.7993,0.0,0.0,0.0,0.0,0.0,0.0,0.0,0.0,0.0,0.0,0.0,0.0,0.0,0.0,0.0,0.0,0.0,0.7283999999999999,0.0,0.0,0.0,0.0,0.0,0.0,6.5794,0.0,0.0,0.0,0.0,0.0,0.0,273.8363,0.0,0.0,0.0,0.0,15.200899999999997,38.536100000000005,0.0,86.2559,0.0,0.0,0.0,0.0,0.0,0.0,0.0,2.0691,0.0,0.0,0.0,0.0,0.0,174.9948,0.0,0.0,0.0,0.0,0.0,22.356,0.0,0.0,80.4983,44.3275,0.0,0.0,0.0,0.0,6.896599999999999,94.25659999999999,67.21809999999999,0.0,0.0,0.0,61.397600000000004,18.5681,100.4421,0.0,0.0,107.23460000000001,29.999499999999998,38.144800000000004,147.3556,969.3767,143.0911,0.0,0.0,7.362
0.0,0.0,0.0,38.2643,0.0,488.2869000000001,114.29480000000001,0.0,0.0,40.387299999999996,1.722,0.0,48.0459,621.0174,1137.2992000000002,1.3900000000000001,0.0,47.1236,0.0,821.5462,2072.5749999999994,0.0,11.167200000000001,267.5206,392.922,0.0,0.0,0.0,0.0,0.0,42.1939,178.99159999999998,0.0,0.0,0.0,0.0,3.7993,0.0,0.0,0.0,0.0,0.0,0.0,0.0,0.0,0.0,0.0,0.0,0.0,0.0,0.0,0.0,0.0,0.0,0.7283999999999999,0.0,0.0,0.0,0.0,0.0,0.0,6.5794,0.0,0.0,0.0,0.0,0.0,0.0,273.8363,0.0,0.0,0.0,0.0,15.200899999999997,38.536100000000005,0.0,86.2559,0.0,0.0,0.0,0.0,0.0,0.0,0.0,2.0691,0.0,0.0,0.0,0.0,0.0,174.9948,0.0,0.0,0.0,0.0,0.0,22.356,0.0,0.0,80.4983,44.3275,0.0,0.0,0.0,0.0,6.896599999999999,94.25659999999999,67.21809999999999,0.0,0.0,0.0,61.397600000000004,18.5681,100.4421,0.0,0.0,107.23460000000001,29.999499999999998,38.144800000000004,147.3556,969.3767,143.0911,0.0,0.0,7.362
0.0,0.0,0.0,38.2643,0.0,488.2869000000001,114.29480000000001,0.0,0.0,40.387299999999996,1.722,0.0,48.0459,621.0174,1137.2992000000002,1.3900000000000001,0.0,47.1236,0.0,821.5462,2072.5749999999994,0.0,11.167200000000001,267.5206,392.922,0.0,0.0,0.0,0.0,0.0,42.1939,178.99159999999998,0.0,0.0,0.0,0.0,3.7993,0.0,0.0,0.0,0.0,0.0,0.0,0.0,0.0,0.0,0.0,0.0,0.0,0.0,0.0,0.0,0.0,0.0,0.7283999999999999,0.0,0.0,0.0,0.0,0.0,0.0,6.5794,0.0,0.0,0.0,0.0,0.0,0.0,273.8363,0.0,0.0,0.0,0.0,15.200899999999997,38.536100000000005,0.0,86.2559,0.0,0.0,0.0,0.0,0.0,0.0,0.0,2.0691,0.0,0.0,0.0,0.0,0.0,174.9948,0.0,0.0,0.0,0.0,0.0,22.356,0.0,0.0,80.4983,44.3275,0.0,0.0,0.0,0.0,6.896599999999999,94.25659999999999,67.21809999999999,0.0,0.0,0.0,61.397600000000004,18.5681,100.4421,0.0,0.0,107.23460000000001,29.999499999999998,38.144800000000004,147.3556,969.3767,143.0911,0.0,0.0,7.362
0.0,0.0,0.0,38.2643,0.0,488.2869000000001,114.29480000000001,0.0,0.0,40.387299999999996,1.722,0.0,48.0459,621.0174,1137.2992000000002,1.3900000000000001,0.0,47.1236,0.0,821.5462,2072.5749999999994,0.0,11.167200000000001,267.5206,392.922,0.0,0.0,0.0,0.0,0.0,42.1939,178.99159999999998,0.0,0.0,0.0,0.0,3.7993,0.0,0.0,0.0,0.0,0.0,0.0,0.0,0.0,0.0,0.0,0.0,0.0,0.0,0.0,0.0,0.0,0.0,0.7283999999999999,0.0,0.0,0.0,0.0,0.0,0.0,6.5794,0.0,0.0,0.0,0.0,0.0,0.0,273.8363,0.0,0.0,0.0,0.0,15.200899999999997,38.536100000000005,0.0,86.2559,0.0,0.0,0.0,0.0,0.0,0.0,0.0,2.0691,0.0,0.0,0.0,0.0,0.0,174.9948,0.0,0.0,0.0,0.0,0.0,22.356,0.0,0.0,80.4983,44.3275,0.0,0.0,0.0,0.0,6.896599999999999,94.25659999999999,67.21809999999999,0.0,0.0,0.0,61.397600000000004,18.5681,100.4421,0.0,0.0,107.23460000000001,29.999499999999998,38.144800000000004,147.3556,969.3767,143.0911,0.0,0.0,7.362
0.0,0.0,0.0,38.2643,0.0,488.2869000000001,114.29480000000001,0.0,0.0,40.387299999999996,1.722,0.0,48.0459,621.0174,1137.2992000000002,1.3900000000000001,0.0,47.1236,0.0,821.5462,2072.5749999999994,0.0,11.167200000000001,267.5206,392.922,0.0,0.0,0.0,0.0,0.0,42.1939,178.99159999999998,0.0,0.0,0.0,0.0,3.7993,0.0,0.0,0.0,0.0,0.0,0.0,0.0,0.0,0.0,0.0,0.0,0.0,0.0,0.0,0.0,0.0,0.0,0.7283999999999999,0.0,0.0,0.0,0.0,0.0,0.0,6.5794,0.0,0.0,0.0,0.0,0.0,0.0,273.8363,0.0,0.0,0.0,0.0,15.200899999999997,38.536100000000005,0.0,86.2559,0.0,0.0,0.0,0.0,0.0,0.0,0.0,2.0691,0.0,0.0,0.0,0.0,0.0,174.9948,0.0,0.0,0.0,0.0,0.0,22.356,0.0,0.0,80.4983,44.3275,0.0,0.0,0.0,0.0,6.896599999999999,94.25659999999999,67.21809999999999,0.0,0.0,0.0,61.397600000000004,18.5681,100.4421,0.0,0.0,107.23460000000001,29.999499999999998,38.144800000000004,147.3556,969.3767,143.0911,0.0,0.0,7.362
0.0,0.0,0.0,35.5957,0.0,451.8132,119.79099999999998,0.0,0.0,40.3989,1.4049,0.0,35.263799999999996,612.5351,1175.9663,1.2638,0.0,56.23290000000001,0.0,804.5545000000001,1993.5971999999997,0.0,9.826899999999998,323.4715,495.2535,0.0,0.0,0.0,0.0,0.0,37.3644,220.26760000000002,0.0,0.0,0.0,0.0,2.8541,0.0,0.0,0.0,0.0,0.0,0.0,0.0,0.0,0.0,0.0,0.0,0.0,0.0,0.0,0.0,0.0,0.0,0.6473,0.0,0.0,0.0,0.0,0.0,0.0,6.359500000000001,0.0,0.0,0.0,0.0,0.0,0.0,283.0731,0.0,0.0,0.0,0.0,16.7017,42.776199999999996,0.0,88.9413,0.0,0.0,0.0,0.0,0.0,0.0,0.0,1.0127,0.0,0.0,0.0,0.0,0.0,558.8914,0.0,0.0,0.0,0.0,0.0,22.3764,0.0,0.0,78.34940000000002,40.0142,0.0,0.0,0.0,0.0,4.8676,127.97189999999999,66.4944,0.0,0.0,0.0,61.4536,18.5681,62.109300000000005,0.0,0.0,103.3243,22.0185,38.1795,147.3556,842.7688,193.6959,0.0,0.0,7.5873
0.0,0.0,0.0,35.5957,0.0,451.8132,119.79099999999998,0.0,0.0,40.3989,1.4049,0.0,35.263799999999996,612.5351,1175.9663,1.2638,0.0,56.23290000000001,0.0,804.5545000000001,1993.5971999999997,0.0,9.826899999999998,323.4715,495.2535,0.0,0.0,0.0,0.0,0.0,37.3644,220.26760000000002,0.0,0.0,0.0,0.0,2.8541,0.0,0.0,0.0,0.0,0.0,0.0,0.0,0.0,0.0,0.0,0.0,0.0,0.0,0.0,0.0,0.0,0.0,0.6473,0.0,0.0,0.0,0.0,0.0,0.0,6.359500000000001,0.0,0.0,0.0,0.0,0.0,0.0,283.0731,0.0,0.0,0.0,0.0,16.7017,42.776199999999996,0.0,88.9413,0.0,0.0,0.0,0.0,0.0,0.0,0.0,1.0127,0.0,0.0,0.0,0.0,0.0,558.8914,0.0,0.0,0.0,0.0,0.0,22.3764,0.0,0.0,78.34940000000002,40.0142,0.0,0.0,0.0,0.0,4.8676,127.97189999999999,66.4944,0.0,0.0,0.0,61.4536,18.5681,62.109300000000005,0.0,0.0,103.3243,22.0185,38.1795,147.3556,842.7688,193.6959,0.0,0.0,7.5873
0.0,0.0,0.0,35.5957,0.0,451.8132,119.79099999999998,0.0,0.0,40.3989,1.4049,0.0,35.263799999999996,612.5351,1175.9663,1.2638,0.0,56.23290000000001,0.0,804.5545000000001,1993.5971999999997,0.0,9.826899999999998,323.4715,495.2535,0.0,0.0,0.0,0.0,0.0,37.3644,220.26760000000002,0.0,0.0,0.0,0.0,2.8541,0.0,0.0,0.0,0.0,0.0,0.0,0.0,0.0,0.0,0.0,0.0,0.0,0.0,0.0,0.0,0.0,0.0,0.6473,0.0,0.0,0.0,0.0,0.0,0.0,6.359500000000001,0.0,0.0,0.0,0.0,0.0,0.0,283.0731,0.0,0.0,0.0,0.0,16.7017,42.776199999999996,0.0,88.9413,0.0,0.0,0.0,0.0,0.0,0.0,0.0,1.0127,0.0,0.0,0.0,0.0,0.0,558.8914,0.0,0.0,0.0,0.0,0.0,22.3764,0.0,0.0,78.34940000000002,40.0142,0.0,0.0,0.0,0.0,4.8676,127.97189999999999,66.4944,0.0,0.0,0.0,61.4536,18.5681,62.109300000000005,0.0,0.0,103.3243,22.0185,38.1795,147.3556,842.7688,193.6959,0.0,0.0,7.5873
0.0,0.0,0.0,35.5957,0.0,451.8132,119.79099999999998,0.0,0.0,40.3989,1.4049,0.0,35.263799999999996,612.5351,1175.9663,1.2638,0.0,56.23290000000001,0.0,804.5545000000001,1993.5971999999997,0.0,9.826899999999998,323.4715,495.2535,0.0,0.0,0.0,0.0,0.0,37.3644,220.26760000000002,0.0,0.0,0.0,0.0,2.8541,0.0,0.0,0.0,0.0,0.0,0.0,0.0,0.0,0.0,0.0,0.0,0.0,0.0,0.0,0.0,0.0,0.0,0.6473,0.0,0.0,0.0,0.0,0.0,0.0,6.359500000000001,0.0,0.0,0.0,0.0,0.0,0.0,283.0731,0.0,0.0,0.0,0.0,16.7017,42.776199999999996,0.0,88.9413,0.0,0.0,0.0,0.0,0.0,0.0,0.0,1.0127,0.0,0.0,0.0,0.0,0.0,558.8914,0.0,0.0,0.0,0.0,0.0,22.3764,0.0,0.0,78.34940000000002,40.0142,0.0,0.0,0.0,0.0,4.8676,127.97189999999999,66.4944,0.0,0.0,0.0,61.4536,18.5681,62.109300000000005,0.0,0.0,103.3243,22.0185,38.1795,147.3556,842.7688,193.6959,0.0,0.0,7.5873
0.0,0.0,0.0,35.5957,0.0,451.8132,119.79099999999998,0.0,0.0,40.3989,1.4049,0.0,35.263799999999996,612.5351,1175.9663,1.2638,0.0,56.23290000000001,0.0,804.5545000000001,1993.5971999999997,0.0,9.826899999999998,323.4715,495.2535,0.0,0.0,0.0,0.0,0.0,37.3644,220.26760000000002,0.0,0.0,0.0,0.0,2.8541,0.0,0.0,0.0,0.0,0.0,0.0,0.0,0.0,0.0,0.0,0.0,0.0,0.0,0.0,0.0,0.0,0.0,0.6473,0.0,0.0,0.0,0.0,0.0,0.0,6.359500000000001,0.0,0.0,0.0,0.0,0.0,0.0,283.0731,0.0,0.0,0.0,0.0,16.7017,42.776199999999996,0.0,88.9413,0.0,0.0,0.0,0.0,0.0,0.0,0.0,1.0127,0.0,0.0,0.0,0.0,0.0,558.8914,0.0,0.0,0.0,0.0,0.0,22.3764,0.0,0.0,78.34940000000002,40.0142,0.0,0.0,0.0,0.0,4.8676,127.97189999999999,66.4944,0.0,0.0,0.0,61.4536,18.5681,62.109300000000005,0.0,0.0,103.3243,22.0185,38.1795,147.3556,842.7688,193.6959,0.0,0.0,7.5873
0.0,0.0,0.0,35.5957,0.0,451.8132,119.79099999999998,0.0,0.0,40.3989,1.4049,0.0,35.263799999999996,612.5351,1175.9663,1.2638,0.0,56.23290000000001,0.0,804.5545000000001,1993.5971999999997,0.0,9.826899999999998,323.4715,495.2535,0.0,0.0,0.0,0.0,0.0,37.3644,220.26760000000002,0.0,0.0,0.0,0.0,2.8541,0.0,0.0,0.0,0.0,0.0,0.0,0.0,0.0,0.0,0.0,0.0,0.0,0.0,0.0,0.0,0.0,0.0,0.6473,0.0,0.0,0.0,0.0,0.0,0.0,6.359500000000001,0.0,0.0,0.0,0.0,0.0,0.0,283.0731,0.0,0.0,0.0,0.0,16.7017,42.776199999999996,0.0,88.9413,0.0,0.0,0.0,0.0,0.0,0.0,0.0,1.0127,0.0,0.0,0.0,0.0,0.0,558.8914,0.0,0.0,0.0,0.0,0.0,22.3764,0.0,0.0,78.34940000000002,40.0142,0.0,0.0,0.0,0.0,4.8676,127.97189999999999,66.4944,0.0,0.0,0.0,61.4536,18.5681,62.109300000000005,0.0,0.0,103.3243,22.0185,38.1795,147.3556,842.7688,193.6959,0.0,0.0,7.5873
0.0,0.0,0.0,35.5957,0.0,451.8132,119.79099999999998,0.0,0.0,40.3989,1.4049,0.0,35.263799999999996,612.5351,1175.9663,1.2638,0.0,56.23290000000001,0.0,804.5545000000001,1993.5971999999997,0.0,9.826899999999998,323.4715,495.2535,0.0,0.0,0.0,0.0,0.0,37.3644,220.26760000000002,0.0,0.0,0.0,0.0,2.8541,0.0,0.0,0.0,0.0,0.0,0.0,0.0,0.0,0.0,0.0,0.0,0.0,0.0,0.0,0.0,0.0,0.0,0.6473,0.0,0.0,0.0,0.0,0.0,0.0,6.359500000000001,0.0,0.0,0.0,0.0,0.0,0.0,283.0731,0.0,0.0,0.0,0.0,16.7017,42.776199999999996,0.0,88.9413,0.0,0.0,0.0,0.0,0.0,0.0,0.0,1.0127,0.0,0.0,0.0,0.0,0.0,558.8914,0.0,0.0,0.0,0.0,0.0,22.3764,0.0,0.0,78.34940000000002,40.0142,0.0,0.0,0.0,0.0,4.8676,127.97189999999999,66.4944,0.0,0.0,0.0,61.4536,18.5681,62.109300000000005,0.0,0.0,103.3243,22.0185,38.1795,147.3556,842.7688,193.6959,0.0,0.0,7.5873
0.0,0.0,0.0,32.9397,0.0,416.7861000000001,108.71550000000002,0.0,0.0,38.7472,1.0837,0.0,19.8146,587.4921999999999,961.4853000000002,0.9077,0.0,43.6561,0.0,569.0654999999999,1758.2296,0.0,8.8865,287.9502,445.7437,0.0,0.0,0.0,0.0,0.0,26.148500000000002,154.96800000000002,0.0,0.0,0.0,0.0,2.0958,0.0,0.0,0.0,0.0,0.0,0.0,0.0,0.0,0.0,0.0,0.0,0.0,0.0,0.0,0.0,0.0,0.0,0.5523,0.0,0.0,0.0,0.0,0.0,0.0,5.3601,0.0,0.0,0.0,0.0,0.0,0.0,284.7938,0.0,0.0,0.0,0.0,17.0157,43.0362,0.0,89.482,0.0,0.0,0.0,0.0,0.0,0.0,0.0,1.5477,0.0,0.0,0.0,0.0,0.0,563.6695,0.0,0.0,0.0,0.0,0.0,20.5591,0.0,0.0,80.86399999999999,39.28,0.0,0.0,0.0,0.0,6.7537,173.29090000000002,76.8358,0.0,0.0,0.0,56.4628,18.5681,61.5832,0.0,0.0,75.5804,12.3721,35.0788,122.2424,488.2512,188.9341,0.0,0.0,7.6222
0.0,0.0,0.0,32.9397,0.0,416.7861000000001,108.71550000000002,0.0,0.0,38.7472,1.0837,0.0,19.8146,587.4921999999999,961.4853000000002,0.9077,0.0,43.6561,0.0,569.0654999999999,1758.2296,0.0,8.8865,287.9502,445.7437,0.0,0.0,0.0,0.0,0.0,26.148500000000002,154.96800000000002,0.0,0.0,0.0,0.0,2.0958,0.0,0.0,0.0,0.0,0.0,0.0,0.0,0.0,0.0,0.0,0.0,0.0,0.0,0.0,0.0,0.0,0.0,0.5523,0.0,0.0,0.0,0.0,0.0,0.0,5.3601,0.0,0.0,0.0,0.0,0.0,0.0,284.7938,0.0,0.0,0.0,0.0,17.0157,43.0362,0.0,89.482,0.0,0.0,0.0,0.0,0.0,0.0,0.0,1.5477,0.0,0.0,0.0,0.0,0.0,563.6695,0.0,0.0,0.0,0.0,0.0,20.5591,0.0,0.0,80.86399999999999,39.28,0.0,0.0,0.0,0.0,6.7537,173.29090000000002,76.8358,0.0,0.0,0.0,56.4628,18.5681,61.5832,0.0,0.0,75.5804,12.3721,35.0788,122.2424,488.2512,188.9341,0.0,0.0,7.6222
0.0,0.0,0.0,32.9397,0.0,416.7861000000001,108.71550000000002,0.0,0.0,38.7472,1.0837,0.0,19.8146,587.4921999999999,961.4853000000002,0.9077,0.0,43.6561,0.0,569.0654999999999,1758.2296,0.0,8.8865,287.9502,445.7437,0.0,0.0,0.0,0.0,0.0,26.148500000000002,154.96800000000002,0.0,0.0,0.0,0.0,2.0958,0.0,0.0,0.0,0.0,0.0,0.0,0.0,0.0,0.0,0.0,0.0,0.0,0.0,0.0,0.0,0.0,0.0,0.5523,0.0,0.0,0.0,0.0,0.0,0.0,5.3601,0.0,0.0,0.0,0.0,0.0,0.0,284.7938,0.0,0.0,0.0,0.0,17.0157,43.0362,0.0,89.482,0.0,0.0,0.0,0.0,0.0,0.0,0.0,1.5477,0.0,0.0,0.0,0.0,0.0,563.6695,0.0,0.0,0.0,0.0,0.0,20.5591,0.0,0.0,80.86399999999999,39.28,0.0,0.0,0.0,0.0,6.7537,173.29090000000002,76.8358,0.0,0.0,0.0,56.4628,18.5681,61.5832,0.0,0.0,75.5804,12.3721,35.0788,122.2424,488.2512,188.9341,0.0,0.0,7.6222
0.0,0.0,0.0,32.9397,0.0,416.7861000000001,108.71550000000002,0.0,0.0,38.7472,1.0837,0.0,19.8146,587.4921999999999,961.4853000000002,0.9077,0.0,43.6561,0.0,569.0654999999999,1758.2296,0.0,8.8865,287.9502,445.7437,0.0,0.0,0.0,0.0,0.0,26.148500000000002,154.96800000000002,0.0,0.0,0.0,0.0,2.0958,0.0,0.0,0.0,0.0,0.0,0.0,0.0,0.0,0.0,0.0,0.0,0.0,0.0,0.0,0.0,0.0,0.0,0.5523,0.0,0.0,0.0,0.0,0.0,0.0,5.3601,0.0,0.0,0.0,0.0,0.0,0.0,284.7938,0.0,0.0,0.0,0.0,17.0157,43.0362,0.0,89.482,0.0,0.0,0.0,0.0,0.0,0.0,0.0,1.5477,0.0,0.0,0.0,0.0,0.0,563.6695,0.0,0.0,0.0,0.0,0.0,20.5591,0.0,0.0,80.86399999999999,39.28,0.0,0.0,0.0,0.0,6.7537,173.29090000000002,76.8358,0.0,0.0,0.0,56.4628,18.5681,61.5832,0.0,0.0,75.5804,12.3721,35.0788,122.2424,488.2512,188.9341,0.0,0.0,7.6222
0.0,0.0,0.0,32.9397,0.0,416.7861000000001,108.71550000000002,0.0,0.0,38.7472,1.0837,0.0,19.8146,587.4921999999999,961.4853000000002,0.9077,0.0,43.6561,0.0,569.0654999999999,1758.2296,0.0,8.8865,287.9502,445.7437,0.0,0.0,0.0,0.0,0.0,26.148500000000002,154.96800000000002,0.0,0.0,0.0,0.0,2.0958,0.0,0.0,0.0,0.0,0.0,0.0,0.0,0.0,0.0,0.0,0.0,0.0,0.0,0.0,0.0,0.0,0.0,0.5523,0.0,0.0,0.0,0.0,0.0,0.0,5.3601,0.0,0.0,0.0,0.0,0.0,0.0,284.7938,0.0,0.0,0.0,0.0,17.0157,43.0362,0.0,89.482,0.0,0.0,0.0,0.0,0.0,0.0,0.0,1.5477,0.0,0.0,0.0,0.0,0.0,563.6695,0.0,0.0,0.0,0.0,0.0,20.5591,0.0,0.0,80.86399999999999,39.28,0.0,0.0,0.0,0.0,6.7537,173.29090000000002,76.8358,0.0,0.0,0.0,56.4628,18.5681,61.5832,0.0,0.0,75.5804,12.3721,35.0788,122.2424,488.2512,188.9341,0.0,0.0,7.6222
0.0,0.0,0.0,32.9397,0.0,416.7861000000001,108.71550000000002,0.0,0.0,38.7472,1.0837,0.0,19.8146,587.4921999999999,961.4853000000002,0.9077,0.0,43.6561,0.0,569.0654999999999,1758.2296,0.0,8.8865,287.9502,445.7437,0.0,0.0,0.0,0.0,0.0,26.148500000000002,154.96800000000002,0.0,0.0,0.0,0.0,2.0958,0.0,0.0,0.0,0.0,0.0,0.0,0.0,0.0,0.0,0.0,0.0,0.0,0.0,0.0,0.0,0.0,0.0,0.5523,0.0,0.0,0.0,0.0,0.0,0.0,5.3601,0.0,0.0,0.0,0.0,0.0,0.0,284.7938,0.0,0.0,0.0,0.0,17.0157,43.0362,0.0,89.482,0.0,0.0,0.0,0.0,0.0,0.0,0.0,1.5477,0.0,0.0,0.0,0.0,0.0,563.6695,0.0,0.0,0.0,0.0,0.0,20.5591,0.0,0.0,80.86399999999999,39.28,0.0,0.0,0.0,0.0,6.7537,173.29090000000002,76.8358,0.0,0.0,0.0,56.4628,18.5681,61.5832,0.0,0.0,75.5804,12.3721,35.0788,122.2424,488.2512,188.9341,0.0,0.0,7.6222
0.0,0.0,0.0,32.9397,0.0,416.7861000000001,108.71550000000002,0.0,0.0,38.7472,1.0837,0.0,19.8146,587.4921999999999,961.4853000000002,0.9077,0.0,43.6561,0.0,569.0654999999999,1758.2296,0.0,8.8865,287.9502,445.7437,0.0,0.0,0.0,0.0,0.0,26.148500000000002,154.96800000000002,0.0,0.0,0.0,0.0,2.0958,0.0,0.0,0.0,0.0,0.0,0.0,0.0,0.0,0.0,0.0,0.0,0.0,0.0,0.0,0.0,0.0,0.0,0.5523,0.0,0.0,0.0,0.0,0.0,0.0,5.3601,0.0,0.0,0.0,0.0,0.0,0.0,284.7938,0.0,0.0,0.0,0.0,17.0157,43.0362,0.0,89.482,0.0,0.0,0.0,0.0,0.0,0.0,0.0,1.5477,0.0,0.0,0.0,0.0,0.0,563.6695,0.0,0.0,0.0,0.0,0.0,20.5591,0.0,0.0,80.86399999999999,39.28,0.0,0.0,0.0,0.0,6.7537,173.29090000000002,76.8358,0.0,0.0,0.0,56.4628,18.5681,61.5832,0.0,0.0,75.5804,12.3721,35.0788,122.2424,488.2512,188.9341,0.0,0.0,7.6222
0.0,0.0,0.0,24.3988,0.0,319.57430000000005,94.2469,0.0,0.0,30.2746,1.0428,0.0,18.3697,459.0291,785.5493,0.7744,0.0,37.2133,0.0,549.4574,1343.2861,0.0,8.2406,269.0852,426.4075,0.0,0.0,0.0,0.0,0.0,24.0248,138.5522,0.0,0.0,0.0,0.0,1.3399,0.0,0.0,0.0,0.0,0.0,0.0,0.0,0.0,0.0,0.0,0.0,0.0,0.0,0.0,0.0,0.0,0.0,0.3467,0.0,0.0,0.0,0.0,0.0,0.0,5.079899999999999,0.0,0.0,0.0,0.0,0.0,0.0,294.8319,0.0,0.0,0.0,0.0,17.3394,44.5531,0.0,92.6359,0.0,0.0,0.0,0.0,0.0,0.0,0.0,1.671,0.0,0.0,0.0,0.0,0.0,94.0414,0.0,0.0,0.0,0.0,0.0,20.3602,0.0,0.0,89.71439999999998,38.1891,0.0,0.0,0.0,0.0,5.883,194.07580000000004,66.29580000000001,0.0,0.0,0.0,55.9166,18.5681,57.8132,0.0,0.0,68.8004,11.469899999999999,34.7395,41.4998,452.6455,173.8102,0.0,0.0,7.8199
0.0,0.0,0.0,24.3988,0.0,319.57430000000005,94.2469,0.0,0.0,30.2746,1.0428,0.0,18.3697,459.0291,785.5493,0.7744,0.0,37.2133,0.0,549.4574,1343.2861,0.0,8.2406,269.0852,426.4075,0.0,0.0,0.0,0.0,0.0,24.0248,138.5522,0.0,0.0,0.0,0.0,1.3399,0.0,0.0,0.0,0.0,0.0,0.0,0.0,0.0,0.0,0.0,0.0,0.0,0.0,0.0,0.0,0.0,0.0,0.3467,0.0,0.0,0.0,0.0,0.0,0.0,5.079899999999999,0.0,0.0,0.0,0.0,0.0,0.0,294.8319,0.0,0.0,0.0,0.0,17.3394,44.5531,0.0,92.6359,0.0,0.0,0.0,0.0,0.0,0.0,0.0,1.671,0.0,0.0,0.0,0.0,0.0,94.0414,0.0,0.0,0.0,0.0,0.0,20.3602,0.0,0.0,89.71439999999998,38.1891,0.0,0.0,0.0,0.0,5.883,194.07580000000004,66.29580000000001,0.0,0.0,0.0,55.9166,18.5681,57.8132,0.0,0.0,68.8004,11.469899999999999,34.7395,41.4998,452.6455,173.8102,0.0,0.0,7.8199
0.0,0.0,0.0,24.3988,0.0,319.57430000000005,94.2469,0.0,0.0,30.2746,1.0428,0.0,18.3697,459.0291,785.5493,0.7744,0.0,37.2133,0.0,549.4574,1343.2861,0.0,8.2406,269.0852,426.4075,0.0,0.0,0.0,0.0,0.0,24.0248,138.5522,0.0,0.0,0.0,0.0,1.3399,0.0,0.0,0.0,0.0,0.0,0.0,0.0,0.0,0.0,0.0,0.0,0.0,0.0,0.0,0.0,0.0,0.0,0.3467,0.0,0.0,0.0,0.0,0.0,0.0,5.079899999999999,0.0,0.0,0.0,0.0,0.0,0.0,294.8319,0.0,0.0,0.0,0.0,17.3394,44.5531,0.0,92.6359,0.0,0.0,0.0,0.0,0.0,0.0,0.0,1.671,0.0,0.0,0.0,0.0,0.0,94.0414,0.0,0.0,0.0,0.0,0.0,20.3602,0.0,0.0,89.71439999999998,38.1891,0.0,0.0,0.0,0.0,5.883,194.07580000000004,66.29580000000001,0.0,0.0,0.0,55.9166,18.5681,57.8132,0.0,0.0,68.8004,11.469899999999999,34.7395,41.4998,452.6455,173.8102,0.0,0.0,7.8199
0.0,0.0,0.0,24.3988,0.0,319.57430000000005,94.2469,0.0,0.0,30.2746,1.0428,0.0,18.3697,459.0291,785.5493,0.7744,0.0,37.2133,0.0,549.4574,1343.2861,0.0,8.2406,269.0852,426.4075,0.0,0.0,0.0,0.0,0.0,24.0248,138.5522,0.0,0.0,0.0,0.0,1.3399,0.0,0.0,0.0,0.0,0.0,0.0,0.0,0.0,0.0,0.0,0.0,0.0,0.0,0.0,0.0,0.0,0.0,0.3467,0.0,0.0,0.0,0.0,0.0,0.0,5.079899999999999,0.0,0.0,0.0,0.0,0.0,0.0,294.8319,0.0,0.0,0.0,0.0,17.3394,44.5531,0.0,92.6359,0.0,0.0,0.0,0.0,0.0,0.0,0.0,1.671,0.0,0.0,0.0,0.0,0.0,94.0414,0.0,0.0,0.0,0.0,0.0,20.3602,0.0,0.0,89.71439999999998,38.1891,0.0,0.0,0.0,0.0,5.883,194.07580000000004,66.29580000000001,0.0,0.0,0.0,55.9166,18.5681,57.8132,0.0,0.0,68.8004,11.469899999999999,34.7395,41.4998,452.6455,173.8102,0.0,0.0,7.8199
0.0,0.0,0.0,24.3988,0.0,319.57430000000005,94.2469,0.0,0.0,30.2746,1.0428,0.0,18.3697,459.0291,785.5493,0.7744,0.0,37.2133,0.0,549.4574,1343.2861,0.0,8.2406,269.0852,426.4075,0.0,0.0,0.0,0.0,0.0,24.0248,138.5522,0.0,0.0,0.0,0.0,1.3399,0.0,0.0,0.0,0.0,0.0,0.0,0.0,0.0,0.0,0.0,0.0,0.0,0.0,0.0,0.0,0.0,0.0,0.3467,0.0,0.0,0.0,0.0,0.0,0.0,5.079899999999999,0.0,0.0,0.0,0.0,0.0,0.0,294.8319,0.0,0.0,0.0,0.0,17.3394,44.5531,0.0,92.6359,0.0,0.0,0.0,0.0,0.0,0.0,0.0,1.671,0.0,0.0,0.0,0.0,0.0,94.0414,0.0,0.0,0.0,0.0,0.0,20.3602,0.0,0.0,89.71439999999998,38.1891,0.0,0.0,0.0,0.0,5.883,194.07580000000004,66.29580000000001,0.0,0.0,0.0,55.9166,18.5681,57.8132,0.0,0.0,68.8004,11.469899999999999,34.7395,41.4998,452.6455,173.8102,0.0,0.0,7.8199
0.0,0.0,0.0,24.3988,0.0,319.57430000000005,94.2469,0.0,0.0,30.2746,1.0428,0.0,18.3697,459.0291,785.5493,0.7744,0.0,37.2133,0.0,549.4574,1343.2861,0.0,8.2406,269.0852,426.4075,0.0,0.0,0.0,0.0,0.0,24.0248,138.5522,0.0,0.0,0.0,0.0,1.3399,0.0,0.0,0.0,0.0,0.0,0.0,0.0,0.0,0.0,0.0,0.0,0.0,0.0,0.0,0.0,0.0,0.0,0.3467,0.0,0.0,0.0,0.0,0.0,0.0,5.079899999999999,0.0,0.0,0.0,0.0,0.0,0.0,294.8319,0.0,0.0,0.0,0.0,17.3394,44.5531,0.0,92.6359,0.0,0.0,0.0,0.0,0.0,0.0,0.0,1.671,0.0,0.0,0.0,0.0,0.0,94.0414,0.0,0.0,0.0,0.0,0.0,20.3602,0.0,0.0,89.71439999999998,38.1891,0.0,0.0,0.0,0.0,5.883,194.07580000000004,66.29580000000001,0.0,0.0,0.0,55.9166,18.5681,57.8132,0.0,0.0,68.8004,11.469899999999999,34.7395,41.4998,452.6455,173.8102,0.0,0.0,7.8199
0.0,0.0,0.0,24.3988,0.0,319.57430000000005,94.2469,0.0,0.0,30.2746,1.0428,0.0,18.3697,459.0291,785.5493,0.7744,0.0,37.2133,0.0,549.4574,1343.2861,0.0,8.2406,269.0852,426.4075,0.0,0.0,0.0,0.0,0.0,24.0248,138.5522,0.0,0.0,0.0,0.0,1.3399,0.0,0.0,0.0,0.0,0.0,0.0,0.0,0.0,0.0,0.0,0.0,0.0,0.0,0.0,0.0,0.0,0.0,0.3467,0.0,0.0,0.0,0.0,0.0,0.0,5.079899999999999,0.0,0.0,0.0,0.0,0.0,0.0,294.8319,0.0,0.0,0.0,0.0,17.3394,44.5531,0.0,92.6359,0.0,0.0,0.0,0.0,0.0,0.0,0.0,1.671,0.0,0.0,0.0,0.0,0.0,94.0414,0.0,0.0,0.0,0.0,0.0,20.3602,0.0,0.0,89.71439999999998,38.1891,0.0,0.0,0.0,0.0,5.883,194.07580000000004,66.29580000000001,0.0,0.0,0.0,55.9166,18.5681,57.8132,0.0,0.0,68.8004,11.469899999999999,34.7395,41.4998,452.6455,173.8102,0.0,0.0,7.8199
0.0,0.0,0.0,29.2883,0.0,375.0776000000001,93.66170000000001,0.0,0.0,37.7752,1.1025,0.0,17.090299999999996,582.8103,919.8795,0.6265999999999999,0.0,31.486199999999997,0.0,695.5856,1691.6104000000005,0.0,8.5508,262.3135,422.40469999999993,0.0,0.0,0.0,0.0,0.0,22.9773,150.70589999999999,0.0,0.0,0.0,0.0,0.7906,0.0,0.0,0.0,0.0,0.0,0.0,0.0,0.0,0.0,0.0,0.0,0.0,0.0,0.0,0.0,0.0,0.0,0.29269999999999996,0.0,0.0,0.0,0.0,0.0,0.0,4.8628,0.0,0.0,0.0,0.0,0.0,0.0,284.628,0.0,0.0,0.0,0.0,17.5349,43.6314,0.0,89.7348,0.0,0.0,0.0,0.0,0.0,0.0,0.0,0.9053,0.0,0.0,0.0,0.0,0.0,28.0583,0.0,0.0,0.0,0.0,0.0,19.1477,0.0,0.0,100.4487,38.196,0.0,0.0,0.0,0.0,3.8308999999999997,163.20590000000004,59.1454,0.0,0.0,0.0,52.5865,18.5681,48.8693,0.0,0.0,66.4029,10.6712,32.6706,16.0954,422.6943,149.7678,0.0,0.0,7.743
0.0,0.0,0.0,29.2883,0.0,375.0776000000001,93.66170000000001,0.0,0.0,37.7752,1.1025,0.0,17.090299999999996,582.8103,919.8795,0.6265999999999999,0.0,31.486199999999997,0.0,695.5856,1691.6104000000005,0.0,8.5508,262.3135,422.40469999999993,0.0,0.0,0.0,0.0,0.0,22.9773,150.70589999999999,0.0,0.0,0.0,0.0,0.7906,0.0,0.0,0.0,0.0,0.0,0.0,0.0,0.0,0.0,0.0,0.0,0.0,0.0,0.0,0.0,0.0,0.0,0.29269999999999996,0.0,0.0,0.0,0.0,0.0,0.0,4.8628,0.0,0.0,0.0,0.0,0.0,0.0,284.628,0.0,0.0,0.0,0.0,17.5349,43.6314,0.0,89.7348,0.0,0.0,0.0,0.0,0.0,0.0,0.0,0.9053,0.0,0.0,0.0,0.0,0.0,28.0583,0.0,0.0,0.0,0.0,0.0,19.1477,0.0,0.0,100.4487,38.196,0.0,0.0,0.0,0.0,3.8308999999999997,163.20590000000004,59.1454,0.0,0.0,0.0,52.5865,18.5681,48.8693,0.0,0.0,66.4029,10.6712,32.6706,16.0954,422.6943,149.7678,0.0,0.0,7.743
0.0,0.0,0.0,29.2883,0.0,375.0776000000001,93.66170000000001,0.0,0.0,37.7752,1.1025,0.0,17.090299999999996,582.8103,919.8795,0.6265999999999999,0.0,31.486199999999997,0.0,695.5856,1691.6104000000005,0.0,8.5508,262.3135,422.40469999999993,0.0,0.0,0.0,0.0,0.0,22.9773,150.70589999999999,0.0,0.0,0.0,0.0,0.7906,0.0,0.0,0.0,0.0,0.0,0.0,0.0,0.0,0.0,0.0,0.0,0.0,0.0,0.0,0.0,0.0,0.0,0.29269999999999996,0.0,0.0,0.0,0.0,0.0,0.0,4.8628,0.0,0.0,0.0,0.0,0.0,0.0,284.628,0.0,0.0,0.0,0.0,17.5349,43.6314,0.0,89.7348,0.0,0.0,0.0,0.0,0.0,0.0,0.0,0.9053,0.0,0.0,0.0,0.0,0.0,28.0583,0.0,0.0,0.0,0.0,0.0,19.1477,0.0,0.0,100.4487,38.196,0.0,0.0,0.0,0.0,3.8308999999999997,163.20590000000004,59.1454,0.0,0.0,0.0,52.5865,18.5681,48.8693,0.0,0.0,66.4029,10.6712,32.6706,16.0954,422.6943,149.7678,0.0,0.0,7.743
0.0,0.0,0.0,29.2883,0.0,375.0776000000001,93.66170000000001,0.0,0.0,37.7752,1.1025,0.0,17.090299999999996,582.8103,919.8795,0.6265999999999999,0.0,31.486199999999997,0.0,695.5856,1691.6104000000005,0.0,8.5508,262.3135,422.40469999999993,0.0,0.0,0.0,0.0,0.0,22.9773,150.70589999999999,0.0,0.0,0.0,0.0,0.7906,0.0,0.0,0.0,0.0,0.0,0.0,0.0,0.0,0.0,0.0,0.0,0.0,0.0,0.0,0.0,0.0,0.0,0.29269999999999996,0.0,0.0,0.0,0.0,0.0,0.0,4.8628,0.0,0.0,0.0,0.0,0.0,0.0,284.628,0.0,0.0,0.0,0.0,17.5349,43.6314,0.0,89.7348,0.0,0.0,0.0,0.0,0.0,0.0,0.0,0.9053,0.0,0.0,0.0,0.0,0.0,28.0583,0.0,0.0,0.0,0.0,0.0,19.1477,0.0,0.0,100.4487,38.196,0.0,0.0,0.0,0.0,3.8308999999999997,163.20590000000004,59.1454,0.0,0.0,0.0,52.5865,18.5681,48.8693,0.0,0.0,66.4029,10.6712,32.6706,16.0954,422.6943,149.7678,0.0,0.0,7.743
0.0,0.0,0.0,29.2883,0.0,375.0776000000001,93.66170000000001,0.0,0.0,37.7752,1.1025,0.0,17.090299999999996,582.8103,919.8795,0.6265999999999999,0.0,31.486199999999997,0.0,695.5856,1691.6104000000005,0.0,8.5508,262.3135,422.40469999999993,0.0,0.0,0.0,0.0,0.0,22.9773,150.70589999999999,0.0,0.0,0.0,0.0,0.7906,0.0,0.0,0.0,0.0,0.0,0.0,0.0,0.0,0.0,0.0,0.0,0.0,0.0,0.0,0.0,0.0,0.0,0.29269999999999996,0.0,0.0,0.0,0.0,0.0,0.0,4.8628,0.0,0.0,0.0,0.0,0.0,0.0,284.628,0.0,0.0,0.0,0.0,17.5349,43.6314,0.0,89.7348,0.0,0.0,0.0,0.0,0.0,0.0,0.0,0.9053,0.0,0.0,0.0,0.0,0.0,28.0583,0.0,0.0,0.0,0.0,0.0,19.1477,0.0,0.0,100.4487,38.196,0.0,0.0,0.0,0.0,3.8308999999999997,163.20590000000004,59.1454,0.0,0.0,0.0,52.5865,18.5681,48.8693,0.0,0.0,66.4029,10.6712,32.6706,16.0954,422.6943,149.7678,0.0,0.0,7.743
0.0,0.0,0.0,29.2883,0.0,375.0776000000001,93.66170000000001,0.0,0.0,37.7752,1.1025,0.0,17.090299999999996,582.8103,919.8795,0.6265999999999999,0.0,31.486199999999997,0.0,695.5856,1691.6104000000005,0.0,8.5508,262.3135,422.40469999999993,0.0,0.0,0.0,0.0,0.0,22.9773,150.70589999999999,0.0,0.0,0.0,0.0,0.7906,0.0,0.0,0.0,0.0,0.0,0.0,0.0,0.0,0.0,0.0,0.0,0.0,0.0,0.0,0.0,0.0,0.0,0.29269999999999996,0.0,0.0,0.0,0.0,0.0,0.0,4.8628,0.0,0.0,0.0,0.0,0.0,0.0,284.628,0.0,0.0,0.0,0.0,17.5349,43.6314,0.0,89.7348,0.0,0.0,0.0,0.0,0.0,0.0,0.0,0.9053,0.0,0.0,0.0,0.0,0.0,28.0583,0.0,0.0,0.0,0.0,0.0,19.1477,0.0,0.0,100.4487,38.196,0.0,0.0,0.0,0.0,3.8308999999999997,163.20590000000004,59.1454,0.0,0.0,0.0,52.5865,18.5681,48.8693,0.0,0.0,66.4029,10.6712,32.6706,16.0954,422.6943,149.7678,0.0,0.0,7.743
0.0,0.0,0.0,29.2883,0.0,375.0776000000001,93.66170000000001,0.0,0.0,37.7752,1.1025,0.0,17.090299999999996,582.8103,919.8795,0.6265999999999999,0.0,31.486199999999997,0.0,695.5856,1691.6104000000005,0.0,8.5508,262.3135,422.40469999999993,0.0,0.0,0.0,0.0,0.0,22.9773,150.70589999999999,0.0,0.0,0.0,0.0,0.7906,0.0,0.0,0.0,0.0,0.0,0.0,0.0,0.0,0.0,0.0,0.0,0.0,0.0,0.0,0.0,0.0,0.0,0.29269999999999996,0.0,0.0,0.0,0.0,0.0,0.0,4.8628,0.0,0.0,0.0,0.0,0.0,0.0,284.628,0.0,0.0,0.0,0.0,17.5349,43.6314,0.0,89.7348,0.0,0.0,0.0,0.0,0.0,0.0,0.0,0.9053,0.0,0.0,0.0,0.0,0.0,28.0583,0.0,0.0,0.0,0.0,0.0,19.1477,0.0,0.0,100.4487,38.196,0.0,0.0,0.0,0.0,3.8308999999999997,163.20590000000004,59.1454,0.0,0.0,0.0,52.5865,18.5681,48.8693,0.0,0.0,66.4029,10.6712,32.6706,16.0954,422.6943,149.7678,0.0,0.0,7.743
0.0,0.0,0.0,26.434,0.0,332.0714,95.08019999999999,0.0,0.0,35.5533,0.8943,0.0,14.569800000000003,609.7991999999999,919.3960999999999,0.49369999999999997,0.0,29.967499999999998,0.0,588.1135,1600.6540000000002,0.0,6.5075,284.01759999999996,484.85699999999997,0.0,0.0,0.0,0.0,0.0,26.5454,282.07140000000004,0.0,0.0,0.0,0.0,0.6826,0.0,0.0,0.0,0.0,0.0,0.0,0.0,0.0,0.0,0.0,0.0,0.0,0.0,0.0,0.0,0.0,0.0,0.25029999999999997,0.0,0.0,0.0,0.0,0.0,0.0,4.8465,0.0,0.0,0.0,0.0,0.0,0.0,241.51440000000002,0.0,0.0,0.0,0.0,20.407999999999998,41.6966,0.0,78.4405,0.0,0.0,0.0,0.0,0.0,0.0,0.0,0.4343,0.0,0.0,0.0,0.0,0.0,465.7721,0.0,0.0,0.0,0.0,0.0,17.6655,0.0,0.0,92.7474,36.6781,0.0,0.0,0.0,0.0,6.0836,118.3557,54.6863,0.0,0.0,0.0,48.516,16.2413,62.66029999999999,0.0,0.0,65.66069999999999,9.0973,30.1418,56.7688,366.99649999999997,109.50070000000001,0.0,0.0,7.7871
0.0,0.0,0.0,26.434,0.0,332.0714,95.08019999999999,0.0,0.0,35.5533,0.8943,0.0,14.569800000000003,609.7991999999999,919.3960999999999,0.49369999999999997,0.0,29.967499999999998,0.0,588.1135,1600.6540000000002,0.0,6.5075,284.01759999999996,484.85699999999997,0.0,0.0,0.0,0.0,0.0,26.5454,282.07140000000004,0.0,0.0,0.0,0.0,0.6826,0.0,0.0,0.0,0.0,0.0,0.0,0.0,0.0,0.0,0.0,0.0,0.0,0.0,0.0,0.0,0.0,0.0,0.25029999999999997,0.0,0.0,0.0,0.0,0.0,0.0,4.8465,0.0,0.0,0.0,0.0,0.0,0.0,241.51440000000002,0.0,0.0,0.0,0.0,20.407999999999998,41.6966,0.0,78.4405,0.0,0.0,0.0,0.0,0.0,0.0,0.0,0.4343,0.0,0.0,0.0,0.0,0.0,465.7721,0.0,0.0,0.0,0.0,0.0,17.6655,0.0,0.0,92.7474,36.6781,0.0,0.0,0.0,0.0,6.0836,118.3557,54.6863,0.0,0.0,0.0,48.516,16.2413,62.66029999999999,0.0,0.0,65.66069999999999,9.0973,30.1418,56.7688,366.99649999999997,109.50070000000001,0.0,0.0,7.7871
0.0,0.0,0.0,26.434,0.0,332.0714,95.08019999999999,0.0,0.0,35.5533,0.8943,0.0,14.569800000000003,609.7991999999999,919.3960999999999,0.49369999999999997,0.0,29.967499999999998,0.0,588.1135,1600.6540000000002,0.0,6.5075,284.01759999999996,484.85699999999997,0.0,0.0,0.0,0.0,0.0,26.5454,282.07140000000004,0.0,0.0,0.0,0.0,0.6826,0.0,0.0,0.0,0.0,0.0,0.0,0.0,0.0,0.0,0.0,0.0,0.0,0.0,0.0,0.0,0.0,0.0,0.25029999999999997,0.0,0.0,0.0,0.0,0.0,0.0,4.8465,0.0,0.0,0.0,0.0,0.0,0.0,241.51440000000002,0.0,0.0,0.0,0.0,20.407999999999998,41.6966,0.0,78.4405,0.0,0.0,0.0,0.0,0.0,0.0,0.0,0.4343,0.0,0.0,0.0,0.0,0.0,465.7721,0.0,0.0,0.0,0.0,0.0,17.6655,0.0,0.0,92.7474,36.6781,0.0,0.0,0.0,0.0,6.0836,118.3557,54.6863,0.0,0.0,0.0,48.516,16.2413,62.66029999999999,0.0,0.0,65.66069999999999,9.0973,30.1418,56.7688,366.99649999999997,109.50070000000001,0.0,0.0,7.7871
0.0,0.0,0.0,26.434,0.0,332.0714,95.08019999999999,0.0,0.0,35.5533,0.8943,0.0,14.569800000000003,609.7991999999999,919.3960999999999,0.49369999999999997,0.0,29.967499999999998,0.0,588.1135,1600.6540000000002,0.0,6.5075,284.01759999999996,484.85699999999997,0.0,0.0,0.0,0.0,0.0,26.5454,282.07140000000004,0.0,0.0,0.0,0.0,0.6826,0.0,0.0,0.0,0.0,0.0,0.0,0.0,0.0,0.0,0.0,0.0,0.0,0.0,0.0,0.0,0.0,0.0,0.25029999999999997,0.0,0.0,0.0,0.0,0.0,0.0,4.8465,0.0,0.0,0.0,0.0,0.0,0.0,241.51440000000002,0.0,0.0,0.0,0.0,20.407999999999998,41.6966,0.0,78.4405,0.0,0.0,0.0,0.0,0.0,0.0,0.0,0.4343,0.0,0.0,0.0,0.0,0.0,465.7721,0.0,0.0,0.0,0.0,0.0,17.6655,0.0,0.0,92.7474,36.6781,0.0,0.0,0.0,0.0,6.0836,118.3557,54.6863,0.0,0.0,0.0,48.516,16.2413,62.66029999999999,0.0,0.0,65.66069999999999,9.0973,30.1418,56.7688,366.99649999999997,109.50070000000001,0.0,0.0,7.7871
0.0,0.0,0.0,26.434,0.0,332.0714,95.08019999999999,0.0,0.0,35.5533,0.8943,0.0,14.569800000000003,609.7991999999999,919.3960999999999,0.49369999999999997,0.0,29.967499999999998,0.0,588.1135,1600.6540000000002,0.0,6.5075,284.01759999999996,484.85699999999997,0.0,0.0,0.0,0.0,0.0,26.5454,282.07140000000004,0.0,0.0,0.0,0.0,0.6826,0.0,0.0,0.0,0.0,0.0,0.0,0.0,0.0,0.0,0.0,0.0,0.0,0.0,0.0,0.0,0.0,0.0,0.25029999999999997,0.0,0.0,0.0,0.0,0.0,0.0,4.8465,0.0,0.0,0.0,0.0,0.0,0.0,241.51440000000002,0.0,0.0,0.0,0.0,20.407999999999998,41.6966,0.0,78.4405,0.0,0.0,0.0,0.0,0.0,0.0,0.0,0.4343,0.0,0.0,0.0,0.0,0.0,465.7721,0.0,0.0,0.0,0.0,0.0,17.6655,0.0,0.0,92.7474,36.6781,0.0,0.0,0.0,0.0,6.0836,118.3557,54.6863,0.0,0.0,0.0,48.516,16.2413,62.66029999999999,0.0,0.0,65.66069999999999,9.0973,30.1418,56.7688,366.99649999999997,109.50070000000001,0.0,0.0,7.7871
0.0,0.0,0.0,26.434,0.0,332.0714,95.08019999999999,0.0,0.0,35.5533,0.8943,0.0,14.569800000000003,609.7991999999999,919.3960999999999,0.49369999999999997,0.0,29.967499999999998,0.0,588.1135,1600.6540000000002,0.0,6.5075,284.01759999999996,484.85699999999997,0.0,0.0,0.0,0.0,0.0,26.5454,282.07140000000004,0.0,0.0,0.0,0.0,0.6826,0.0,0.0,0.0,0.0,0.0,0.0,0.0,0.0,0.0,0.0,0.0,0.0,0.0,0.0,0.0,0.0,0.0,0.25029999999999997,0.0,0.0,0.0,0.0,0.0,0.0,4.8465,0.0,0.0,0.0,0.0,0.0,0.0,241.51440000000002,0.0,0.0,0.0,0.0,20.407999999999998,41.6966,0.0,78.4405,0.0,0.0,0.0,0.0,0.0,0.0,0.0,0.4343,0.0,0.0,0.0,0.0,0.0,465.7721,0.0,0.0,0.0,0.0,0.0,17.6655,0.0,0.0,92.7474,36.6781,0.0,0.0,0.0,0.0,6.0836,118.3557,54.6863,0.0,0.0,0.0,48.516,16.2413,62.66029999999999,0.0,0.0,65.66069999999999,9.0973,30.1418,56.7688,366.99649999999997,109.50070000000001,0.0,0.0,7.7871
0.0,0.0,0.0,26.434,0.0,332.0714,95.08019999999999,0.0,0.0,35.5533,0.8943,0.0,14.569800000000003,609.7991999999999,919.3960999999999,0.49369999999999997,0.0,29.967499999999998,0.0,588.1135,1600.6540000000002,0.0,6.5075,284.01759999999996,484.85699999999997,0.0,0.0,0.0,0.0,0.0,26.5454,282.07140000000004,0.0,0.0,0.0,0.0,0.6826,0.0,0.0,0.0,0.0,0.0,0.0,0.0,0.0,0.0,0.0,0.0,0.0,0.0,0.0,0.0,0.0,0.0,0.25029999999999997,0.0,0.0,0.0,0.0,0.0,0.0,4.8465,0.0,0.0,0.0,0.0,0.0,0.0,241.51440000000002,0.0,0.0,0.0,0.0,20.407999999999998,41.6966,0.0,78.4405,0.0,0.0,0.0,0.0,0.0,0.0,0.0,0.4343,0.0,0.0,0.0,0.0,0.0,465.7721,0.0,0.0,0.0,0.0,0.0,17.6655,0.0,0.0,92.7474,36.6781,0.0,0.0,0.0,0.0,6.0836,118.3557,54.6863,0.0,0.0,0.0,48.516,16.2413,62.66029999999999,0.0,0.0,65.66069999999999,9.0973,30.1418,56.7688,366.99649999999997,109.50070000000001,0.0,0.0,7.7871
0.0,0.0,0.0,25.1741,0.0,323.8796,88.7901,0.0,0.0,28.1014,1.0003,0.0,15.6499,481.9859,763.3452,0.4458,0.0,28.017400000000002,0.0,817.3138000000001,1413.7427,0.0,7.7973,312.6588,529.5401999999999,0.0,0.0,0.0,0.0,0.0,29.266299999999998,305.1886,0.0,0.0,0.0,0.0,0.5802,0.0,0.0,0.0,0.0,0.0,0.0,0.0,0.0,0.0,0.0,0.0,0.0,0.0,0.0,0.0,0.0,0.0,0.2875,0.0,0.0,0.0,0.0,0.0,0.0,5.3025,0.0,0.0,0.0,0.0,0.0,0.0,247.1617,0.0,0.0,0.0,0.0,20.9148,42.6716,0.0,80.2746,0.0,0.0,0.0,0.0,0.0,0.0,0.0,1.5358,0.0,0.0,0.0,0.0,0.0,750.88,0.0,0.0,0.0,0.0,0.0,18.6996,0.0,0.0,86.25730000000001,38.9007,0.0,0.0,0.0,0.0,9.4529,130.742,48.673899999999996,0.0,0.0,0.0,51.3559,12.6441,49.6705,0.0,0.0,84.30060000000002,9.7716,31.906100000000002,146.3291,394.20090000000005,99.37880000000001,0.0,0.0,7.9671
0.0,0.0,0.0,25.1741,0.0,323.8796,88.7901,0.0,0.0,28.1014,1.0003,0.0,15.6499,481.9859,763.3452,0.4458,0.0,28.017400000000002,0.0,817.3138000000001,1413.7427,0.0,7.7973,312.6588,529.5401999999999,0.0,0.0,0.0,0.0,0.0,29.266299999999998,305.1886,0.0,0.0,0.0,0.0,0.5802,0.0,0.0,0.0,0.0,0.0,0.0,0.0,0.0,0.0,0.0,0.0,0.0,0.0,0.0,0.0,0.0,0.0,0.2875,0.0,0.0,0.0,0.0,0.0,0.0,5.3025,0.0,0.0,0.0,0.0,0.0,0.0,247.1617,0.0,0.0,0.0,0.0,20.9148,42.6716,0.0,80.2746,0.0,0.0,0.0,0.0,0.0,0.0,0.0,1.5358,0.0,0.0,0.0,0.0,0.0,750.88,0.0,0.0,0.0,0.0,0.0,18.6996,0.0,0.0,86.25730000000001,38.9007,0.0,0.0,0.0,0.0,9.4529,130.742,48.673899999999996,0.0,0.0,0.0,51.3559,12.6441,49.6705,0.0,0.0,84.30060000000002,9.7716,31.906100000000002,146.3291,394.20090000000005,99.37880000000001,0.0,0.0,7.9671
0.0,0.0,0.0,25.1741,0.0,323.8796,88.7901,0.0,0.0,28.1014,1.0003,0.0,15.6499,481.9859,763.3452,0.4458,0.0,28.017400000000002,0.0,817.3138000000001,1413.7427,0.0,7.7973,312.6588,529.5401999999999,0.0,0.0,0.0,0.0,0.0,29.266299999999998,305.1886,0.0,0.0,0.0,0.0,0.5802,0.0,0.0,0.0,0.0,0.0,0.0,0.0,0.0,0.0,0.0,0.0,0.0,0.0,0.0,0.0,0.0,0.0,0.2875,0.0,0.0,0.0,0.0,0.0,0.0,5.3025,0.0,0.0,0.0,0.0,0.0,0.0,247.1617,0.0,0.0,0.0,0.0,20.9148,42.6716,0.0,80.2746,0.0,0.0,0.0,0.0,0.0,0.0,0.0,1.5358,0.0,0.0,0.0,0.0,0.0,750.88,0.0,0.0,0.0,0.0,0.0,18.6996,0.0,0.0,86.25730000000001,38.9007,0.0,0.0,0.0,0.0,9.4529,130.742,48.673899999999996,0.0,0.0,0.0,51.3559,12.6441,49.6705,0.0,0.0,84.30060000000002,9.7716,31.906100000000002,146.3291,394.20090000000005,99.37880000000001,0.0,0.0,7.9671
0.0,0.0,0.0,25.1741,0.0,323.8796,88.7901,0.0,0.0,28.1014,1.0003,0.0,15.6499,481.9859,763.3452,0.4458,0.0,28.017400000000002,0.0,817.3138000000001,1413.7427,0.0,7.7973,312.6588,529.5401999999999,0.0,0.0,0.0,0.0,0.0,29.266299999999998,305.1886,0.0,0.0,0.0,0.0,0.5802,0.0,0.0,0.0,0.0,0.0,0.0,0.0,0.0,0.0,0.0,0.0,0.0,0.0,0.0,0.0,0.0,0.0,0.2875,0.0,0.0,0.0,0.0,0.0,0.0,5.3025,0.0,0.0,0.0,0.0,0.0,0.0,247.1617,0.0,0.0,0.0,0.0,20.9148,42.6716,0.0,80.2746,0.0,0.0,0.0,0.0,0.0,0.0,0.0,1.5358,0.0,0.0,0.0,0.0,0.0,750.88,0.0,0.0,0.0,0.0,0.0,18.6996,0.0,0.0,86.25730000000001,38.9007,0.0,0.0,0.0,0.0,9.4529,130.742,48.673899999999996,0.0,0.0,0.0,51.3559,12.6441,49.6705,0.0,0.0,84.30060000000002,9.7716,31.906100000000002,146.3291,394.20090000000005,99.37880000000001,0.0,0.0,7.9671
0.0,0.0,0.0,25.1741,0.0,323.8796,88.7901,0.0,0.0,28.1014,1.0003,0.0,15.6499,481.9859,763.3452,0.4458,0.0,28.017400000000002,0.0,817.3138000000001,1413.7427,0.0,7.7973,312.6588,529.5401999999999,0.0,0.0,0.0,0.0,0.0,29.266299999999998,305.1886,0.0,0.0,0.0,0.0,0.5802,0.0,0.0,0.0,0.0,0.0,0.0,0.0,0.0,0.0,0.0,0.0,0.0,0.0,0.0,0.0,0.0,0.0,0.2875,0.0,0.0,0.0,0.0,0.0,0.0,5.3025,0.0,0.0,0.0,0.0,0.0,0.0,247.1617,0.0,0.0,0.0,0.0,20.9148,42.6716,0.0,80.2746,0.0,0.0,0.0,0.0,0.0,0.0,0.0,1.5358,0.0,0.0,0.0,0.0,0.0,750.88,0.0,0.0,0.0,0.0,0.0,18.6996,0.0,0.0,86.25730000000001,38.9007,0.0,0.0,0.0,0.0,9.4529,130.742,48.673899999999996,0.0,0.0,0.0,51.3559,12.6441,49.6705,0.0,0.0,84.30060000000002,9.7716,31.906100000000002,146.3291,394.20090000000005,99.37880000000001,0.0,0.0,7.9671
0.0,0.0,0.0,25.1741,0.0,323.8796,88.7901,0.0,0.0,28.1014,1.0003,0.0,15.6499,481.9859,763.3452,0.4458,0.0,28.017400000000002,0.0,817.3138000000001,1413.7427,0.0,7.7973,312.6588,529.5401999999999,0.0,0.0,0.0,0.0,0.0,29.266299999999998,305.1886,0.0,0.0,0.0,0.0,0.5802,0.0,0.0,0.0,0.0,0.0,0.0,0.0,0.0,0.0,0.0,0.0,0.0,0.0,0.0,0.0,0.0,0.0,0.2875,0.0,0.0,0.0,0.0,0.0,0.0,5.3025,0.0,0.0,0.0,0.0,0.0,0.0,247.1617,0.0,0.0,0.0,0.0,20.9148,42.6716,0.0,80.2746,0.0,0.0,0.0,0.0,0.0,0.0,0.0,1.5358,0.0,0.0,0.0,0.0,0.0,750.88,0.0,0.0,0.0,0.0,0.0,18.6996,0.0,0.0,86.25730000000001,38.9007,0.0,0.0,0.0,0.0,9.4529,130.742,48.673899999999996,0.0,0.0,0.0,51.3559,12.6441,49.6705,0.0,0.0,84.30060000000002,9.7716,31.906100000000002,146.3291,394.20090000000005,99.37880000000001,0.0,0.0,7.9671
0.0,0.0,0.0,25.1741,0.0,323.8796,88.7901,0.0,0.0,28.1014,1.0003,0.0,15.6499,481.9859,763.3452,0.4458,0.0,28.017400000000002,0.0,817.3138000000001,1413.7427,0.0,7.7973,312.6588,529.5401999999999,0.0,0.0,0.0,0.0,0.0,29.266299999999998,305.1886,0.0,0.0,0.0,0.0,0.5802,0.0,0.0,0.0,0.0,0.0,0.0,0.0,0.0,0.0,0.0,0.0,0.0,0.0,0.0,0.0,0.0,0.0,0.2875,0.0,0.0,0.0,0.0,0.0,0.0,5.3025,0.0,0.0,0.0,0.0,0.0,0.0,247.1617,0.0,0.0,0.0,0.0,20.9148,42.6716,0.0,80.2746,0.0,0.0,0.0,0.0,0.0,0.0,0.0,1.5358,0.0,0.0,0.0,0.0,0.0,750.88,0.0,0.0,0.0,0.0,0.0,18.6996,0.0,0.0,86.25730000000001,38.9007,0.0,0.0,0.0,0.0,9.4529,130.742,48.673899999999996,0.0,0.0,0.0,51.3559,12.6441,49.6705,0.0,0.0,84.30060000000002,9.7716,31.906100000000002,146.3291,394.20090000000005,99.37880000000001,0.0,0.0,7.9671
0.0,0.0,0.0,25.6025,0.0,324.7168,82.9737,0.0,0.0,31.9375,0.8501,0.0,14.206999999999999,547.7819000000001,835.8125,0.4001,0.0,24.9836,0.0,755.5731,1532.6715000000002,0.0,7.0293,296.6469,516.7797999999998,0.0,0.0,0.0,0.0,0.0,25.1374,263.14849999999996,0.0,0.0,0.0,0.0,0.4711,0.0,0.0,0.0,0.0,0.0,0.0,0.0,0.0,0.0,0.0,0.0,0.0,0.0,0.0,0.0,0.0,0.0,1.0455,0.0,0.0,0.0,0.0,0.0,0.0,5.0586,0.0,0.0,0.0,0.0,0.0,0.0,252.6206,0.0,0.0,0.0,0.0,21.456399999999995,43.6141,0.0,82.0476,0.0,0.0,0.0,0.0,0.0,0.0,0.0,0.8451,0.0,0.0,0.0,0.0,0.0,405.8295,0.0,0.0,0.0,0.0,0.0,18.3599,0.0,0.0,80.03059999999999,36.7633,0.0,0.0,0.0,0.0,5.2669,113.5408,46.1453,0.0,0.0,0.0,50.4231,10.4534,50.8722,0.0,0.0,81.2262,8.8706,31.326500000000003,45.7627,357.8533,68.2925,0.0,0.0,7.9221
0.0,0.0,0.0,25.6025,0.0,324.7168,82.9737,0.0,0.0,31.9375,0.8501,0.0,14.206999999999999,547.7819000000001,835.8125,0.4001,0.0,24.9836,0.0,755.5731,1532.6715000000002,0.0,7.0293,296.6469,516.7797999999998,0.0,0.0,0.0,0.0,0.0,25.1374,263.14849999999996,0.0,0.0,0.0,0.0,0.4711,0.0,0.0,0.0,0.0,0.0,0.0,0.0,0.0,0.0,0.0,0.0,0.0,0.0,0.0,0.0,0.0,0.0,1.0455,0.0,0.0,0.0,0.0,0.0,0.0,5.0586,0.0,0.0,0.0,0.0,0.0,0.0,252.6206,0.0,0.0,0.0,0.0,21.456399999999995,43.6141,0.0,82.0476,0.0,0.0,0.0,0.0,0.0,0.0,0.0,0.8451,0.0,0.0,0.0,0.0,0.0,405.8295,0.0,0.0,0.0,0.0,0.0,18.3599,0.0,0.0,80.03059999999999,36.7633,0.0,0.0,0.0,0.0,5.2669,113.5408,46.1453,0.0,0.0,0.0,50.4231,10.4534,50.8722,0.0,0.0,81.2262,8.8706,31.326500000000003,45.7627,357.8533,68.2925,0.0,0.0,7.9221
0.0,0.0,0.0,25.6025,0.0,324.7168,82.9737,0.0,0.0,31.9375,0.8501,0.0,14.206999999999999,547.7819000000001,835.8125,0.4001,0.0,24.9836,0.0,755.5731,1532.6715000000002,0.0,7.0293,296.6469,516.7797999999998,0.0,0.0,0.0,0.0,0.0,25.1374,263.14849999999996,0.0,0.0,0.0,0.0,0.4711,0.0,0.0,0.0,0.0,0.0,0.0,0.0,0.0,0.0,0.0,0.0,0.0,0.0,0.0,0.0,0.0,0.0,1.0455,0.0,0.0,0.0,0.0,0.0,0.0,5.0586,0.0,0.0,0.0,0.0,0.0,0.0,252.6206,0.0,0.0,0.0,0.0,21.456399999999995,43.6141,0.0,82.0476,0.0,0.0,0.0,0.0,0.0,0.0,0.0,0.8451,0.0,0.0,0.0,0.0,0.0,405.8295,0.0,0.0,0.0,0.0,0.0,18.3599,0.0,0.0,80.03059999999999,36.7633,0.0,0.0,0.0,0.0,5.2669,113.5408,46.1453,0.0,0.0,0.0,50.4231,10.4534,50.8722,0.0,0.0,81.2262,8.8706,31.326500000000003,45.7627,357.8533,68.2925,0.0,0.0,7.9221
0.0,0.0,0.0,25.6025,0.0,324.7168,82.9737,0.0,0.0,31.9375,0.8501,0.0,14.206999999999999,547.7819000000001,835.8125,0.4001,0.0,24.9836,0.0,755.5731,1532.6715000000002,0.0,7.0293,296.6469,516.7797999999998,0.0,0.0,0.0,0.0,0.0,25.1374,263.14849999999996,0.0,0.0,0.0,0.0,0.4711,0.0,0.0,0.0,0.0,0.0,0.0,0.0,0.0,0.0,0.0,0.0,0.0,0.0,0.0,0.0,0.0,0.0,1.0455,0.0,0.0,0.0,0.0,0.0,0.0,5.0586,0.0,0.0,0.0,0.0,0.0,0.0,252.6206,0.0,0.0,0.0,0.0,21.456399999999995,43.6141,0.0,82.0476,0.0,0.0,0.0,0.0,0.0,0.0,0.0,0.8451,0.0,0.0,0.0,0.0,0.0,405.8295,0.0,0.0,0.0,0.0,0.0,18.3599,0.0,0.0,80.03059999999999,36.7633,0.0,0.0,0.0,0.0,5.2669,113.5408,46.1453,0.0,0.0,0.0,50.4231,10.4534,50.8722,0.0,0.0,81.2262,8.8706,31.326500000000003,45.7627,357.8533,68.2925,0.0,0.0,7.9221
0.0,0.0,0.0,25.6025,0.0,324.7168,82.9737,0.0,0.0,31.9375,0.8501,0.0,14.206999999999999,547.7819000000001,835.8125,0.4001,0.0,24.9836,0.0,755.5731,1532.6715000000002,0.0,7.0293,296.6469,516.7797999999998,0.0,0.0,0.0,0.0,0.0,25.1374,263.14849999999996,0.0,0.0,0.0,0.0,0.4711,0.0,0.0,0.0,0.0,0.0,0.0,0.0,0.0,0.0,0.0,0.0,0.0,0.0,0.0,0.0,0.0,0.0,1.0455,0.0,0.0,0.0,0.0,0.0,0.0,5.0586,0.0,0.0,0.0,0.0,0.0,0.0,252.6206,0.0,0.0,0.0,0.0,21.456399999999995,43.6141,0.0,82.0476,0.0,0.0,0.0,0.0,0.0,0.0,0.0,0.8451,0.0,0.0,0.0,0.0,0.0,405.8295,0.0,0.0,0.0,0.0,0.0,18.3599,0.0,0.0,80.03059999999999,36.7633,0.0,0.0,0.0,0.0,5.2669,113.5408,46.1453,0.0,0.0,0.0,50.4231,10.4534,50.8722,0.0,0.0,81.2262,8.8706,31.326500000000003,45.7627,357.8533,68.2925,0.0,0.0,7.9221
0.0,0.0,0.0,25.6025,0.0,324.7168,82.9737,0.0,0.0,31.9375,0.8501,0.0,14.206999999999999,547.7819000000001,835.8125,0.4001,0.0,24.9836,0.0,755.5731,1532.6715000000002,0.0,7.0293,296.6469,516.7797999999998,0.0,0.0,0.0,0.0,0.0,25.1374,263.14849999999996,0.0,0.0,0.0,0.0,0.4711,0.0,0.0,0.0,0.0,0.0,0.0,0.0,0.0,0.0,0.0,0.0,0.0,0.0,0.0,0.0,0.0,0.0,1.0455,0.0,0.0,0.0,0.0,0.0,0.0,5.0586,0.0,0.0,0.0,0.0,0.0,0.0,252.6206,0.0,0.0,0.0,0.0,21.456399999999995,43.6141,0.0,82.0476,0.0,0.0,0.0,0.0,0.0,0.0,0.0,0.8451,0.0,0.0,0.0,0.0,0.0,405.8295,0.0,0.0,0.0,0.0,0.0,18.3599,0.0,0.0,80.03059999999999,36.7633,0.0,0.0,0.0,0.0,5.2669,113.5408,46.1453,0.0,0.0,0.0,50.4231,10.4534,50.8722,0.0,0.0,81.2262,8.8706,31.326500000000003,45.7627,357.8533,68.2925,0.0,0.0,7.9221
0.0,0.0,0.0,25.6025,0.0,324.7168,82.9737,0.0,0.0,31.9375,0.8501,0.0,14.206999999999999,547.7819000000001,835.8125,0.4001,0.0,24.9836,0.0,755.5731,1532.6715000000002,0.0,7.0293,296.6469,516.7797999999998,0.0,0.0,0.0,0.0,0.0,25.1374,263.14849999999996,0.0,0.0,0.0,0.0,0.4711,0.0,0.0,0.0,0.0,0.0,0.0,0.0,0.0,0.0,0.0,0.0,0.0,0.0,0.0,0.0,0.0,0.0,1.0455,0.0,0.0,0.0,0.0,0.0,0.0,5.0586,0.0,0.0,0.0,0.0,0.0,0.0,252.6206,0.0,0.0,0.0,0.0,21.456399999999995,43.6141,0.0,82.0476,0.0,0.0,0.0,0.0,0.0,0.0,0.0,0.8451,0.0,0.0,0.0,0.0,0.0,405.8295,0.0,0.0,0.0,0.0,0.0,18.3599,0.0,0.0,80.03059999999999,36.7633,0.0,0.0,0.0,0.0,5.2669,113.5408,46.1453,0.0,0.0,0.0,50.4231,10.4534,50.8722,0.0,0.0,81.2262,8.8706,31.326500000000003,45.7627,357.8533,68.2925,0.0,0.0,7.9221
0.0,0.0,0.0,24.1157,0.0,312.81600000000003,81.47569999999999,0.0,0.0,31.9936,0.9543,0.0,13.582099999999999,548.7453,831.5208,0.3815,0.0,23.720899999999997,0.0,698.2443999999999,1458.7048,0.0,7.7228,285.7163,506.2667999999999,0.0,0.0,0.0,0.0,0.0,28.5197,295.63569999999993,0.0,0.0,0.0,0.0,0.4884,0.0,0.0,0.0,0.0,0.0,0.0,0.0,0.0,0.0,0.0,0.0,0.0,0.0,0.0,0.0,0.0,0.0,0.6249,0.0,0.0,0.0,0.0,0.0,0.0,5.0878,0.0,0.0,0.0,0.0,0.0,0.0,240.0084,0.0,0.0,0.0,0.0,20.228599999999997,41.4367,0.0,77.9514,0.0,0.0,0.0,0.0,0.0,0.0,0.0,0.3406,0.0,0.0,0.0,0.0,0.0,110.5676,0.0,0.0,0.0,0.0,0.0,18.7298,0.0,0.0,84.53500000000001,36.5593,0.0,0.0,0.0,0.0,2.5038,73.89620000000001,40.588300000000004,0.0,0.0,0.0,51.4388,7.2473,46.923700000000004,0.0,0.0,74.5201,8.4805,31.9576,64.82759999999999,342.1155,53.9543,0.0,0.0,6.0316
0.0,0.0,0.0,24.1157,0.0,312.81600000000003,81.47569999999999,0.0,0.0,31.9936,0.9543,0.0,13.582099999999999,548.7453,831.5208,0.3815,0.0,23.720899999999997,0.0,698.2443999999999,1458.7048,0.0,7.7228,285.7163,506.2667999999999,0.0,0.0,0.0,0.0,0.0,28.5197,295.63569999999993,0.0,0.0,0.0,0.0,0.4884,0.0,0.0,0.0,0.0,0.0,0.0,0.0,0.0,0.0,0.0,0.0,0.0,0.0,0.0,0.0,0.0,0.0,0.6249,0.0,0.0,0.0,0.0,0.0,0.0,5.0878,0.0,0.0,0.0,0.0,0.0,0.0,240.0084,0.0,0.0,0.0,0.0,20.228599999999997,41.4367,0.0,77.9514,0.0,0.0,0.0,0.0,0.0,0.0,0.0,0.3406,0.0,0.0,0.0,0.0,0.0,110.5676,0.0,0.0,0.0,0.0,0.0,18.7298,0.0,0.0,84.53500000000001,36.5593,0.0,0.0,0.0,0.0,2.5038,73.89620000000001,40.588300000000004,0.0,0.0,0.0,51.4388,7.2473,46.923700000000004,0.0,0.0,74.5201,8.4805,31.9576,64.82759999999999,342.1155,53.9543,0.0,0.0,6.0316
0.0,0.0,0.0,24.1157,0.0,312.81600000000003,81.47569999999999,0.0,0.0,31.9936,0.9543,0.0,13.582099999999999,548.7453,831.5208,0.3815,0.0,23.720899999999997,0.0,698.2443999999999,1458.7048,0.0,7.7228,285.7163,506.2667999999999,0.0,0.0,0.0,0.0,0.0,28.5197,295.63569999999993,0.0,0.0,0.0,0.0,0.4884,0.0,0.0,0.0,0.0,0.0,0.0,0.0,0.0,0.0,0.0,0.0,0.0,0.0,0.0,0.0,0.0,0.0,0.6249,0.0,0.0,0.0,0.0,0.0,0.0,5.0878,0.0,0.0,0.0,0.0,0.0,0.0,240.0084,0.0,0.0,0.0,0.0,20.228599999999997,41.4367,0.0,77.9514,0.0,0.0,0.0,0.0,0.0,0.0,0.0,0.3406,0.0,0.0,0.0,0.0,0.0,110.5676,0.0,0.0,0.0,0.0,0.0,18.7298,0.0,0.0,84.53500000000001,36.5593,0.0,0.0,0.0,0.0,2.5038,73.89620000000001,40.588300000000004,0.0,0.0,0.0,51.4388,7.2473,46.923700000000004,0.0,0.0,74.5201,8.4805,31.9576,64.82759999999999,342.1155,53.9543,0.0,0.0,6.0316
0.0,0.0,0.0,24.1157,0.0,312.81600000000003,81.47569999999999,0.0,0.0,31.9936,0.9543,0.0,13.582099999999999,548.7453,831.5208,0.3815,0.0,23.720899999999997,0.0,698.2443999999999,1458.7048,0.0,7.7228,285.7163,506.2667999999999,0.0,0.0,0.0,0.0,0.0,28.5197,295.63569999999993,0.0,0.0,0.0,0.0,0.4884,0.0,0.0,0.0,0.0,0.0,0.0,0.0,0.0,0.0,0.0,0.0,0.0,0.0,0.0,0.0,0.0,0.0,0.6249,0.0,0.0,0.0,0.0,0.0,0.0,5.0878,0.0,0.0,0.0,0.0,0.0,0.0,240.0084,0.0,0.0,0.0,0.0,20.228599999999997,41.4367,0.0,77.9514,0.0,0.0,0.0,0.0,0.0,0.0,0.0,0.3406,0.0,0.0,0.0,0.0,0.0,110.5676,0.0,0.0,0.0,0.0,0.0,18.7298,0.0,0.0,84.53500000000001,36.5593,0.0,0.0,0.0,0.0,2.5038,73.89620000000001,40.588300000000004,0.0,0.0,0.0,51.4388,7.2473,46.923700000000004,0.0,0.0,74.5201,8.4805,31.9576,64.82759999999999,342.1155,53.9543,0.0,0.0,6.0316
0.0,0.0,0.0,24.1157,0.0,312.81600000000003,81.47569999999999,0.0,0.0,31.9936,0.9543,0.0,13.582099999999999,548.7453,831.5208,0.3815,0.0,23.720899999999997,0.0,698.2443999999999,1458.7048,0.0,7.7228,285.7163,506.2667999999999,0.0,0.0,0.0,0.0,0.0,28.5197,295.63569999999993,0.0,0.0,0.0,0.0,0.4884,0.0,0.0,0.0,0.0,0.0,0.0,0.0,0.0,0.0,0.0,0.0,0.0,0.0,0.0,0.0,0.0,0.0,0.6249,0.0,0.0,0.0,0.0,0.0,0.0,5.0878,0.0,0.0,0.0,0.0,0.0,0.0,240.0084,0.0,0.0,0.0,0.0,20.228599999999997,41.4367,0.0,77.9514,0.0,0.0,0.0,0.0,0.0,0.0,0.0,0.3406,0.0,0.0,0.0,0.0,0.0,110.5676,0.0,0.0,0.0,0.0,0.0,18.7298,0.0,0.0,84.53500000000001,36.5593,0.0,0.0,0.0,0.0,2.5038,73.89620000000001,40.588300000000004,0.0,0.0,0.0,51.4388,7.2473,46.923700000000004,0.0,0.0,74.5201,8.4805,31.9576,64.82759999999999,342.1155,53.9543,0.0,0.0,6.0316
0.0,0.0,0.0,24.1157,0.0,312.81600000000003,81.47569999999999,0.0,0.0,31.9936,0.9543,0.0,13.582099999999999,548.7453,831.5208,0.3815,0.0,23.720899999999997,0.0,698.2443999999999,1458.7048,0.0,7.7228,285.7163,506.2667999999999,0.0,0.0,0.0,0.0,0.0,28.5197,295.63569999999993,0.0,0.0,0.0,0.0,0.4884,0.0,0.0,0.0,0.0,0.0,0.0,0.0,0.0,0.0,0.0,0.0,0.0,0.0,0.0,0.0,0.0,0.0,0.6249,0.0,0.0,0.0,0.0,0.0,0.0,5.0878,0.0,0.0,0.0,0.0,0.0,0.0,240.0084,0.0,0.0,0.0,0.0,20.228599999999997,41.4367,0.0,77.9514,0.0,0.0,0.0,0.0,0.0,0.0,0.0,0.3406,0.0,0.0,0.0,0.0,0.0,110.5676,0.0,0.0,0.0,0.0,0.0,18.7298,0.0,0.0,84.53500000000001,36.5593,0.0,0.0,0.0,0.0,2.5038,73.89620000000001,40.588300000000004,0.0,0.0,0.0,51.4388,7.2473,46.923700000000004,0.0,0.0,74.5201,8.4805,31.9576,64.82759999999999,342.1155,53.9543,0.0,0.0,6.0316
0.0,0.0,0.0,24.1157,0.0,312.81600000000003,81.47569999999999,0.0,0.0,31.9936,0.9543,0.0,13.582099999999999,548.7453,831.5208,0.3815,0.0,23.720899999999997,0.0,698.2443999999999,1458.7048,0.0,7.7228,285.7163,506.2667999999999,0.0,0.0,0.0,0.0,0.0,28.5197,295.63569999999993,0.0,0.0,0.0,0.0,0.4884,0.0,0.0,0.0,0.0,0.0,0.0,0.0,0.0,0.0,0.0,0.0,0.0,0.0,0.0,0.0,0.0,0.0,0.6249,0.0,0.0,0.0,0.0,0.0,0.0,5.0878,0.0,0.0,0.0,0.0,0.0,0.0,240.0084,0.0,0.0,0.0,0.0,20.228599999999997,41.4367,0.0,77.9514,0.0,0.0,0.0,0.0,0.0,0.0,0.0,0.3406,0.0,0.0,0.0,0.0,0.0,110.5676,0.0,0.0,0.0,0.0,0.0,18.7298,0.0,0.0,84.53500000000001,36.5593,0.0,0.0,0.0,0.0,2.5038,73.89620000000001,40.588300000000004,0.0,0.0,0.0,51.4388,7.2473,46.923700000000004,0.0,0.0,74.5201,8.4805,31.9576,64.82759999999999,342.1155,53.9543,0.0,0.0,6.0316
0.0,0.0,0.0,24.9221,0.0,293.5233,64.90289999999999,0.0,0.0,30.784100000000002,0.8928,0.0,13.4035,543.0507,789.3648,0.3236,0.0,27.971400000000003,0.0,658.4634,1561.118,0.0,5.6186,276.01509999999996,442.88669999999996,0.0,0.0,0.0,0.0,0.0,28.320599999999995,250.41389999999996,0.0,0.0,0.0,0.0,0.3251,0.0,0.0,0.0,0.0,0.0,0.0,0.0,0.0,0.0,0.0,0.0,0.0,0.0,0.0,0.0,0.0,0.0,0.3712,0.0,0.0,0.0,0.0,0.0,0.0,5.3163,0.0,0.0,0.0,0.0,0.0,0.0,258.9933,0.0,0.0,0.0,0.0,18.1798,41.373,0.0,82.0903,0.0,0.0,0.0,0.0,0.0,0.0,0.0,2.2303,0.0,0.0,0.0,0.0,0.0,808.5616,0.0,0.0,0.0,0.0,0.0,16.7485,0.0,0.0,75.64,37.842099999999995,0.0,0.0,0.0,0.0,11.035,63.992900000000006,40.787299999999995,0.0,0.0,0.0,45.9974,9.5188,50.104,0.0,0.0,69.4427,8.3691,28.577099999999998,147.3556,316.34839999999997,64.8261,0.0,0.0,6.268
0.0,0.0,0.0,24.9221,0.0,293.5233,64.90289999999999,0.0,0.0,30.784100000000002,0.8928,0.0,13.4035,543.0507,789.3648,0.3236,0.0,27.971400000000003,0.0,658.4634,1561.118,0.0,5.6186,276.01509999999996,442.88669999999996,0.0,0.0,0.0,0.0,0.0,28.320599999999995,250.41389999999996,0.0,0.0,0.0,0.0,0.3251,0.0,0.0,0.0,0.0,0.0,0.0,0.0,0.0,0.0,0.0,0.0,0.0,0.0,0.0,0.0,0.0,0.0,0.3712,0.0,0.0,0.0,0.0,0.0,0.0,5.3163,0.0,0.0,0.0,0.0,0.0,0.0,258.9933,0.0,0.0,0.0,0.0,18.1798,41.373,0.0,82.0903,0.0,0.0,0.0,0.0,0.0,0.0,0.0,2.2303,0.0,0.0,0.0,0.0,0.0,808.5616,0.0,0.0,0.0,0.0,0.0,16.7485,0.0,0.0,75.64,37.842099999999995,0.0,0.0,0.0,0.0,11.035,63.992900000000006,40.787299999999995,0.0,0.0,0.0,45.9974,9.5188,50.104,0.0,0.0,69.4427,8.3691,28.577099999999998,147.3556,316.34839999999997,64.8261,0.0,0.0,6.268
0.0,0.0,0.0,24.9221,0.0,293.5233,64.90289999999999,0.0,0.0,30.784100000000002,0.8928,0.0,13.4035,543.0507,789.3648,0.3236,0.0,27.971400000000003,0.0,658.4634,1561.118,0.0,5.6186,276.01509999999996,442.88669999999996,0.0,0.0,0.0,0.0,0.0,28.320599999999995,250.41389999999996,0.0,0.0,0.0,0.0,0.3251,0.0,0.0,0.0,0.0,0.0,0.0,0.0,0.0,0.0,0.0,0.0,0.0,0.0,0.0,0.0,0.0,0.0,0.3712,0.0,0.0,0.0,0.0,0.0,0.0,5.3163,0.0,0.0,0.0,0.0,0.0,0.0,258.9933,0.0,0.0,0.0,0.0,18.1798,41.373,0.0,82.0903,0.0,0.0,0.0,0.0,0.0,0.0,0.0,2.2303,0.0,0.0,0.0,0.0,0.0,808.5616,0.0,0.0,0.0,0.0,0.0,16.7485,0.0,0.0,75.64,37.842099999999995,0.0,0.0,0.0,0.0,11.035,63.992900000000006,40.787299999999995,0.0,0.0,0.0,45.9974,9.5188,50.104,0.0,0.0,69.4427,8.3691,28.577099999999998,147.3556,316.34839999999997,64.8261,0.0,0.0,6.268
0.0,0.0,0.0,24.9221,0.0,293.5233,64.90289999999999,0.0,0.0,30.784100000000002,0.8928,0.0,13.4035,543.0507,789.3648,0.3236,0.0,27.971400000000003,0.0,658.4634,1561.118,0.0,5.6186,276.01509999999996,442.88669999999996,0.0,0.0,0.0,0.0,0.0,28.320599999999995,250.41389999999996,0.0,0.0,0.0,0.0,0.3251,0.0,0.0,0.0,0.0,0.0,0.0,0.0,0.0,0.0,0.0,0.0,0.0,0.0,0.0,0.0,0.0,0.0,0.3712,0.0,0.0,0.0,0.0,0.0,0.0,5.3163,0.0,0.0,0.0,0.0,0.0,0.0,258.9933,0.0,0.0,0.0,0.0,18.1798,41.373,0.0,82.0903,0.0,0.0,0.0,0.0,0.0,0.0,0.0,2.2303,0.0,0.0,0.0,0.0,0.0,808.5616,0.0,0.0,0.0,0.0,0.0,16.7485,0.0,0.0,75.64,37.842099999999995,0.0,0.0,0.0,0.0,11.035,63.992900000000006,40.787299999999995,0.0,0.0,0.0,45.9974,9.5188,50.104,0.0,0.0,69.4427,8.3691,28.577099999999998,147.3556,316.34839999999997,64.8261,0.0,0.0,6.268
0.0,0.0,0.0,24.9221,0.0,293.5233,64.90289999999999,0.0,0.0,30.784100000000002,0.8928,0.0,13.4035,543.0507,789.3648,0.3236,0.0,27.971400000000003,0.0,658.4634,1561.118,0.0,5.6186,276.01509999999996,442.88669999999996,0.0,0.0,0.0,0.0,0.0,28.320599999999995,250.41389999999996,0.0,0.0,0.0,0.0,0.3251,0.0,0.0,0.0,0.0,0.0,0.0,0.0,0.0,0.0,0.0,0.0,0.0,0.0,0.0,0.0,0.0,0.0,0.3712,0.0,0.0,0.0,0.0,0.0,0.0,5.3163,0.0,0.0,0.0,0.0,0.0,0.0,258.9933,0.0,0.0,0.0,0.0,18.1798,41.373,0.0,82.0903,0.0,0.0,0.0,0.0,0.0,0.0,0.0,2.2303,0.0,0.0,0.0,0.0,0.0,808.5616,0.0,0.0,0.0,0.0,0.0,16.7485,0.0,0.0,75.64,37.842099999999995,0.0,0.0,0.0,0.0,11.035,63.992900000000006,40.787299999999995,0.0,0.0,0.0,45.9974,9.5188,50.104,0.0,0.0,69.4427,8.3691,28.577099999999998,147.3556,316.34839999999997,64.8261,0.0,0.0,6.268
0.0,0.0,0.0,24.9221,0.0,293.5233,64.90289999999999,0.0,0.0,30.784100000000002,0.8928,0.0,13.4035,543.0507,789.3648,0.3236,0.0,27.971400000000003,0.0,658.4634,1561.118,0.0,5.6186,276.01509999999996,442.88669999999996,0.0,0.0,0.0,0.0,0.0,28.320599999999995,250.41389999999996,0.0,0.0,0.0,0.0,0.3251,0.0,0.0,0.0,0.0,0.0,0.0,0.0,0.0,0.0,0.0,0.0,0.0,0.0,0.0,0.0,0.0,0.0,0.3712,0.0,0.0,0.0,0.0,0.0,0.0,5.3163,0.0,0.0,0.0,0.0,0.0,0.0,258.9933,0.0,0.0,0.0,0.0,18.1798,41.373,0.0,82.0903,0.0,0.0,0.0,0.0,0.0,0.0,0.0,2.2303,0.0,0.0,0.0,0.0,0.0,808.5616,0.0,0.0,0.0,0.0,0.0,16.7485,0.0,0.0,75.64,37.842099999999995,0.0,0.0,0.0,0.0,11.035,63.992900000000006,40.787299999999995,0.0,0.0,0.0,45.9974,9.5188,50.104,0.0,0.0,69.4427,8.3691,28.577099999999998,147.3556,316.34839999999997,64.8261,0.0,0.0,6.268
0.0,0.0,0.0,24.9221,0.0,293.5233,64.90289999999999,0.0,0.0,30.784100000000002,0.8928,0.0,13.4035,543.0507,789.3648,0.3236,0.0,27.971400000000003,0.0,658.4634,1561.118,0.0,5.6186,276.01509999999996,442.88669999999996,0.0,0.0,0.0,0.0,0.0,28.320599999999995,250.41389999999996,0.0,0.0,0.0,0.0,0.3251,0.0,0.0,0.0,0.0,0.0,0.0,0.0,0.0,0.0,0.0,0.0,0.0,0.0,0.0,0.0,0.0,0.0,0.3712,0.0,0.0,0.0,0.0,0.0,0.0,5.3163,0.0,0.0,0.0,0.0,0.0,0.0,258.9933,0.0,0.0,0.0,0.0,18.1798,41.373,0.0,82.0903,0.0,0.0,0.0,0.0,0.0,0.0,0.0,2.2303,0.0,0.0,0.0,0.0,0.0,808.5616,0.0,0.0,0.0,0.0,0.0,16.7485,0.0,0.0,75.64,37.842099999999995,0.0,0.0,0.0,0.0,11.035,63.992900000000006,40.787299999999995,0.0,0.0,0.0,45.9974,9.5188,50.104,0.0,0.0,69.4427,8.3691,28.577099999999998,147.3556,316.34839999999997,64.8261,0.0,0.0,6.268
0.0,0.0,0.0,26.7868,0.0,318.28380000000004,56.93180000000001,0.0,0.0,33.5618,1.044,0.0,12.421700000000001,599.5264,844.3032,0.2805,0.0,27.6525,0.0,516.6481,1612.9586999999997,0.0,8.2195,273.0661,419.9251,0.0,0.0,0.0,0.0,0.0,29.813599999999994,250.40330000000006,0.0,0.0,0.0,0.0,0.2634,0.0,0.0,0.0,0.0,0.0,0.0,0.0,0.0,0.0,0.0,0.0,0.0,0.0,0.0,0.0,0.0,0.0,0.27090000000000003,0.0,0.0,0.0,0.0,0.0,0.0,5.5004,0.0,0.0,0.0,0.0,0.0,0.0,264.59659999999997,0.0,0.0,0.0,0.0,17.0948,41.0171,0.0,83.1074,0.0,0.0,0.0,0.0,0.0,0.0,0.0,1.5116,0.0,0.0,0.0,0.0,0.0,126.1817,0.0,0.0,0.0,0.0,0.0,17.3334,0.0,0.0,65.9271,36.8923,0.0,0.0,0.0,0.0,10.2457,69.1202,39.0794,0.0,0.0,0.0,47.6039,10.852500000000001,52.113200000000006,0.0,0.0,67.0317,7.756,29.5753,123.7476,284.8737,66.0608,0.0,0.0,7.5903
0.0,0.0,0.0,26.7868,0.0,318.28380000000004,56.93180000000001,0.0,0.0,33.5618,1.044,0.0,12.421700000000001,599.5264,844.3032,0.2805,0.0,27.6525,0.0,516.6481,1612.9586999999997,0.0,8.2195,273.0661,419.9251,0.0,0.0,0.0,0.0,0.0,29.813599999999994,250.40330000000006,0.0,0.0,0.0,0.0,0.2634,0.0,0.0,0.0,0.0,0.0,0.0,0.0,0.0,0.0,0.0,0.0,0.0,0.0,0.0,0.0,0.0,0.0,0.27090000000000003,0.0,0.0,0.0,0.0,0.0,0.0,5.5004,0.0,0.0,0.0,0.0,0.0,0.0,264.59659999999997,0.0,0.0,0.0,0.0,17.0948,41.0171,0.0,83.1074,0.0,0.0,0.0,0.0,0.0,0.0,0.0,1.5116,0.0,0.0,0.0,0.0,0.0,126.1817,0.0,0.0,0.0,0.0,0.0,17.3334,0.0,0.0,65.9271,36.8923,0.0,0.0,0.0,0.0,10.2457,69.1202,39.0794,0.0,0.0,0.0,47.6039,10.852500000000001,52.113200000000006,0.0,0.0,67.0317,7.756,29.5753,123.7476,284.8737,66.0608,0.0,0.0,7.5903
0.0,0.0,0.0,26.7868,0.0,318.28380000000004,56.93180000000001,0.0,0.0,33.5618,1.044,0.0,12.421700000000001,599.5264,844.3032,0.2805,0.0,27.6525,0.0,516.6481,1612.9586999999997,0.0,8.2195,273.0661,419.9251,0.0,0.0,0.0,0.0,0.0,29.813599999999994,250.40330000000006,0.0,0.0,0.0,0.0,0.2634,0.0,0.0,0.0,0.0,0.0,0.0,0.0,0.0,0.0,0.0,0.0,0.0,0.0,0.0,0.0,0.0,0.0,0.27090000000000003,0.0,0.0,0.0,0.0,0.0,0.0,5.5004,0.0,0.0,0.0,0.0,0.0,0.0,264.59659999999997,0.0,0.0,0.0,0.0,17.0948,41.0171,0.0,83.1074,0.0,0.0,0.0,0.0,0.0,0.0,0.0,1.5116,0.0,0.0,0.0,0.0,0.0,126.1817,0.0,0.0,0.0,0.0,0.0,17.3334,0.0,0.0,65.9271,36.8923,0.0,0.0,0.0,0.0,10.2457,69.1202,39.0794,0.0,0.0,0.0,47.6039,10.852500000000001,52.113200000000006,0.0,0.0,67.0317,7.756,29.5753,123.7476,284.8737,66.0608,0.0,0.0,7.5903
0.0,0.0,0.0,26.7868,0.0,318.28380000000004,56.93180000000001,0.0,0.0,33.5618,1.044,0.0,12.421700000000001,599.5264,844.3032,0.2805,0.0,27.6525,0.0,516.6481,1612.9586999999997,0.0,8.2195,273.0661,419.9251,0.0,0.0,0.0,0.0,0.0,29.813599999999994,250.40330000000006,0.0,0.0,0.0,0.0,0.2634,0.0,0.0,0.0,0.0,0.0,0.0,0.0,0.0,0.0,0.0,0.0,0.0,0.0,0.0,0.0,0.0,0.0,0.27090000000000003,0.0,0.0,0.0,0.0,0.0,0.0,5.5004,0.0,0.0,0.0,0.0,0.0,0.0,264.59659999999997,0.0,0.0,0.0,0.0,17.0948,41.0171,0.0,83.1074,0.0,0.0,0.0,0.0,0.0,0.0,0.0,1.5116,0.0,0.0,0.0,0.0,0.0,126.1817,0.0,0.0,0.0,0.0,0.0,17.3334,0.0,0.0,65.9271,36.8923,0.0,0.0,0.0,0.0,10.2457,69.1202,39.0794,0.0,0.0,0.0,47.6039,10.852500000000001,52.113200000000006,0.0,0.0,67.0317,7.756,29.5753,123.7476,284.8737,66.0608,0.0,0.0,7.5903
0.0,0.0,0.0,26.7868,0.0,318.28380000000004,56.93180000000001,0.0,0.0,33.5618,1.044,0.0,12.421700000000001,599.5264,844.3032,0.2805,0.0,27.6525,0.0,516.6481,1612.9586999999997,0.0,8.2195,273.0661,419.9251,0.0,0.0,0.0,0.0,0.0,29.813599999999994,250.40330000000006,0.0,0.0,0.0,0.0,0.2634,0.0,0.0,0.0,0.0,0.0,0.0,0.0,0.0,0.0,0.0,0.0,0.0,0.0,0.0,0.0,0.0,0.0,0.27090000000000003,0.0,0.0,0.0,0.0,0.0,0.0,5.5004,0.0,0.0,0.0,0.0,0.0,0.0,264.59659999999997,0.0,0.0,0.0,0.0,17.0948,41.0171,0.0,83.1074,0.0,0.0,0.0,0.0,0.0,0.0,0.0,1.5116,0.0,0.0,0.0,0.0,0.0,126.1817,0.0,0.0,0.0,0.0,0.0,17.3334,0.0,0.0,65.9271,36.8923,0.0,0.0,0.0,0.0,10.2457,69.1202,39.0794,0.0,0.0,0.0,47.6039,10.852500000000001,52.113200000000006,0.0,0.0,67.0317,7.756,29.5753,123.7476,284.8737,66.0608,0.0,0.0,7.5903
0.0,0.0,0.0,26.7868,0.0,318.28380000000004,56.93180000000001,0.0,0.0,33.5618,1.044,0.0,12.421700000000001,599.5264,844.3032,0.2805,0.0,27.6525,0.0,516.6481,1612.9586999999997,0.0,8.2195,273.0661,419.9251,0.0,0.0,0.0,0.0,0.0,29.813599999999994,250.40330000000006,0.0,0.0,0.0,0.0,0.2634,0.0,0.0,0.0,0.0,0.0,0.0,0.0,0.0,0.0,0.0,0.0,0.0,0.0,0.0,0.0,0.0,0.0,0.27090000000000003,0.0,0.0,0.0,0.0,0.0,0.0,5.5004,0.0,0.0,0.0,0.0,0.0,0.0,264.59659999999997,0.0,0.0,0.0,0.0,17.0948,41.0171,0.0,83.1074,0.0,0.0,0.0,0.0,0.0,0.0,0.0,1.5116,0.0,0.0,0.0,0.0,0.0,126.1817,0.0,0.0,0.0,0.0,0.0,17.3334,0.0,0.0,65.9271,36.8923,0.0,0.0,0.0,0.0,10.2457,69.1202,39.0794,0.0,0.0,0.0,47.6039,10.852500000000001,52.113200000000006,0.0,0.0,67.0317,7.756,29.5753,123.7476,284.8737,66.0608,0.0,0.0,7.5903
0.0,0.0,0.0,26.7868,0.0,318.28380000000004,56.93180000000001,0.0,0.0,33.5618,1.044,0.0,12.421700000000001,599.5264,844.3032,0.2805,0.0,27.6525,0.0,516.6481,1612.9586999999997,0.0,8.2195,273.0661,419.9251,0.0,0.0,0.0,0.0,0.0,29.813599999999994,250.40330000000006,0.0,0.0,0.0,0.0,0.2634,0.0,0.0,0.0,0.0,0.0,0.0,0.0,0.0,0.0,0.0,0.0,0.0,0.0,0.0,0.0,0.0,0.0,0.27090000000000003,0.0,0.0,0.0,0.0,0.0,0.0,5.5004,0.0,0.0,0.0,0.0,0.0,0.0,264.59659999999997,0.0,0.0,0.0,0.0,17.0948,41.0171,0.0,83.1074,0.0,0.0,0.0,0.0,0.0,0.0,0.0,1.5116,0.0,0.0,0.0,0.0,0.0,126.1817,0.0,0.0,0.0,0.0,0.0,17.3334,0.0,0.0,65.9271,36.8923,0.0,0.0,0.0,0.0,10.2457,69.1202,39.0794,0.0,0.0,0.0,47.6039,10.852500000000001,52.113200000000006,0.0,0.0,67.0317,7.756,29.5753,123.7476,284.8737,66.0608,0.0,0.0,7.5903
0.0,0.0,0.0,26.8624,0.0,310.79459999999995,57.77369999999999,0.0,0.0,35.8557,1.1247,0.0,12.867999999999997,640.5029999999999,900.0124999999999,0.2727,0.0,27.4351,0.0,519.5837,1700.9740000000004,0.0,6.6865000000000006,266.10859999999997,389.2887999999999,0.0,0.0,0.0,0.0,0.0,30.2827,254.36359999999996,0.0,0.0,0.0,0.0,0.2724,0.0,0.0,0.0,0.0,0.0,0.0,0.0,0.0,0.0,0.0,0.0,0.0,0.0,0.0,0.0,0.0,0.0,0.23409999999999997,0.0,0.0,0.0,0.0,0.0,0.0,5.2003,0.0,0.0,0.0,0.0,0.0,0.0,255.8682,0.0,0.0,0.0,0.0,16.750600000000002,39.6641,0.0,80.3658,0.0,0.0,0.0,0.0,0.0,0.0,0.0,0.7466,0.0,0.0,0.0,0.0,0.0,64.9125,0.0,0.0,0.0,0.0,0.0,16.556,0.0,0.0,65.82249999999999,36.014300000000006,0.0,0.0,0.0,0.0,5.9589,69.5508,33.5363,0.0,0.0,0.0,45.468900000000005,10.7574,55.9622,0.0,0.0,67.4915,8.0347,28.2487,10.8188,295.1088,41.8476,0.0,0.0,7.7479
0.0,0.0,0.0,26.8624,0.0,310.79459999999995,57.77369999999999,0.0,0.0,35.8557,1.1247,0.0,12.867999999999997,640.5029999999999,900.0124999999999,0.2727,0.0,27.4351,0.0,519.5837,1700.9740000000004,0.0,6.6865000000000006,266.10859999999997,389.2887999999999,0.0,0.0,0.0,0.0,0.0,30.2827,254.36359999999996,0.0,0.0,0.0,0.0,0.2724,0.0,0.0,0.0,0.0,0.0,0.0,0.0,0.0,0.0,0.0,0.0,0.0,0.0,0.0,0.0,0.0,0.0,0.23409999999999997,0.0,0.0,0.0,0.0,0.0,0.0,5.2003,0.0,0.0,0.0,0.0,0.0,0.0,255.8682,0.0,0.0,0.0,0.0,16.750600000000002,39.6641,0.0,80.3658,0.0,0.0,0.0,0.0,0.0,0.0,0.0,0.7466,0.0,0.0,0.0,0.0,0.0,64.9125,0.0,0.0,0.0,0.0,0.0,16.556,0.0,0.0,65.82249999999999,36.014300000000006,0.0,0.0,0.0,0.0,5.9589,69.5508,33.5363,0.0,0.0,0.0,45.468900000000005,10.7574,55.9622,0.0,0.0,67.4915,8.0347,28.2487,10.8188,295.1088,41.8476,0.0,0.0,7.7479
0.0,0.0,0.0,26.8624,0.0,310.79459999999995,57.77369999999999,0.0,0.0,35.8557,1.1247,0.0,12.867999999999997,640.5029999999999,900.0124999999999,0.2727,0.0,27.4351,0.0,519.5837,1700.9740000000004,0.0,6.6865000000000006,266.10859999999997,389.2887999999999,0.0,0.0,0.0,0.0,0.0,30.2827,254.36359999999996,0.0,0.0,0.0,0.0,0.2724,0.0,0.0,0.0,0.0,0.0,0.0,0.0,0.0,0.0,0.0,0.0,0.0,0.0,0.0,0.0,0.0,0.0,0.23409999999999997,0.0,0.0,0.0,0.0,0.0,0.0,5.2003,0.0,0.0,0.0,0.0,0.0,0.0,255.8682,0.0,0.0,0.0,0.0,16.750600000000002,39.6641,0.0,80.3658,0.0,0.0,0.0,0.0,0.0,0.0,0.0,0.7466,0.0,0.0,0.0,0.0,0.0,64.9125,0.0,0.0,0.0,0.0,0.0,16.556,0.0,0.0,65.82249999999999,36.014300000000006,0.0,0.0,0.0,0.0,5.9589,69.5508,33.5363,0.0,0.0,0.0,45.468900000000005,10.7574,55.9622,0.0,0.0,67.4915,8.0347,28.2487,10.8188,295.1088,41.8476,0.0,0.0,7.7479
0.0,0.0,0.0,26.8624,0.0,310.79459999999995,57.77369999999999,0.0,0.0,35.8557,1.1247,0.0,12.867999999999997,640.5029999999999,900.0124999999999,0.2727,0.0,27.4351,0.0,519.5837,1700.9740000000004,0.0,6.6865000000000006,266.10859999999997,389.2887999999999,0.0,0.0,0.0,0.0,0.0,30.2827,254.36359999999996,0.0,0.0,0.0,0.0,0.2724,0.0,0.0,0.0,0.0,0.0,0.0,0.0,0.0,0.0,0.0,0.0,0.0,0.0,0.0,0.0,0.0,0.0,0.23409999999999997,0.0,0.0,0.0,0.0,0.0,0.0,5.2003,0.0,0.0,0.0,0.0,0.0,0.0,255.8682,0.0,0.0,0.0,0.0,16.750600000000002,39.6641,0.0,80.3658,0.0,0.0,0.0,0.0,0.0,0.0,0.0,0.7466,0.0,0.0,0.0,0.0,0.0,64.9125,0.0,0.0,0.0,0.0,0.0,16.556,0.0,0.0,65.82249999999999,36.014300000000006,0.0,0.0,0.0,0.0,5.9589,69.5508,33.5363,0.0,0.0,0.0,45.468900000000005,10.7574,55.9622,0.0,0.0,67.4915,8.0347,28.2487,10.8188,295.1088,41.8476,0.0,0.0,7.7479
0.0,0.0,0.0,26.8624,0.0,310.79459999999995,57.77369999999999,0.0,0.0,35.8557,1.1247,0.0,12.867999999999997,640.5029999999999,900.0124999999999,0.2727,0.0,27.4351,0.0,519.5837,1700.9740000000004,0.0,6.6865000000000006,266.10859999999997,389.2887999999999,0.0,0.0,0.0,0.0,0.0,30.2827,254.36359999999996,0.0,0.0,0.0,0.0,0.2724,0.0,0.0,0.0,0.0,0.0,0.0,0.0,0.0,0.0,0.0,0.0,0.0,0.0,0.0,0.0,0.0,0.0,0.23409999999999997,0.0,0.0,0.0,0.0,0.0,0.0,5.2003,0.0,0.0,0.0,0.0,0.0,0.0,255.8682,0.0,0.0,0.0,0.0,16.750600000000002,39.6641,0.0,80.3658,0.0,0.0,0.0,0.0,0.0,0.0,0.0,0.7466,0.0,0.0,0.0,0.0,0.0,64.9125,0.0,0.0,0.0,0.0,0.0,16.556,0.0,0.0,65.82249999999999,36.014300000000006,0.0,0.0,0.0,0.0,5.9589,69.5508,33.5363,0.0,0.0,0.0,45.468900000000005,10.7574,55.9622,0.0,0.0,67.4915,8.0347,28.2487,10.8188,295.1088,41.8476,0.0,0.0,7.7479
0.0,0.0,0.0,26.8624,0.0,310.79459999999995,57.77369999999999,0.0,0.0,35.8557,1.1247,0.0,12.867999999999997,640.5029999999999,900.0124999999999,0.2727,0.0,27.4351,0.0,519.5837,1700.9740000000004,0.0,6.6865000000000006,266.10859999999997,389.2887999999999,0.0,0.0,0.0,0.0,0.0,30.2827,254.36359999999996,0.0,0.0,0.0,0.0,0.2724,0.0,0.0,0.0,0.0,0.0,0.0,0.0,0.0,0.0,0.0,0.0,0.0,0.0,0.0,0.0,0.0,0.0,0.23409999999999997,0.0,0.0,0.0,0.0,0.0,0.0,5.2003,0.0,0.0,0.0,0.0,0.0,0.0,255.8682,0.0,0.0,0.0,0.0,16.750600000000002,39.6641,0.0,80.3658,0.0,0.0,0.0,0.0,0.0,0.0,0.0,0.7466,0.0,0.0,0.0,0.0,0.0,64.9125,0.0,0.0,0.0,0.0,0.0,16.556,0.0,0.0,65.82249999999999,36.014300000000006,0.0,0.0,0.0,0.0,5.9589,69.5508,33.5363,0.0,0.0,0.0,45.468900000000005,10.7574,55.9622,0.0,0.0,67.4915,8.0347,28.2487,10.8188,295.1088,41.8476,0.0,0.0,7.7479
0.0,0.0,0.0,26.8624,0.0,310.79459999999995,57.77369999999999,0.0,0.0,35.8557,1.1247,0.0,12.867999999999997,640.5029999999999,900.0124999999999,0.2727,0.0,27.4351,0.0,519.5837,1700.9740000000004,0.0,6.6865000000000006,266.10859999999997,389.2887999999999,0.0,0.0,0.0,0.0,0.0,30.2827,254.36359999999996,0.0,0.0,0.0,0.0,0.2724,0.0,0.0,0.0,0.0,0.0,0.0,0.0,0.0,0.0,0.0,0.0,0.0,0.0,0.0,0.0,0.0,0.0,0.23409999999999997,0.0,0.0,0.0,0.0,0.0,0.0,5.2003,0.0,0.0,0.0,0.0,0.0,0.0,255.8682,0.0,0.0,0.0,0.0,16.750600000000002,39.6641,0.0,80.3658,0.0,0.0,0.0,0.0,0.0,0.0,0.0,0.7466,0.0,0.0,0.0,0.0,0.0,64.9125,0.0,0.0,0.0,0.0,0.0,16.556,0.0,0.0,65.82249999999999,36.014300000000006,0.0,0.0,0.0,0.0,5.9589,69.5508,33.5363,0.0,0.0,0.0,45.468900000000005,10.7574,55.9622,0.0,0.0,67.4915,8.0347,28.2487,10.8188,295.1088,41.8476,0.0,0.0,7.7479
0.0,0.0,0.0,27.5932,0.0,320.943,55.842099999999995,0.0,0.0,36.5037,1.1667,0.0,12.168800000000001,652.0783999999999,911.6559,0.2434,0.0,25.495599999999996,0.0,473.4737,1705.3713000000002,0.0,7.329699999999999,303.093,440.3848,0.0,0.0,0.0,0.0,0.0,29.4574,248.4321,0.0,0.0,0.0,0.0,0.2995,0.0,0.0,0.0,0.0,0.0,0.0,0.0,0.0,0.0,0.0,0.0,0.0,0.0,0.0,0.0,0.0,0.0,0.29359999999999997,0.0,0.0,0.0,0.0,0.0,0.0,5.6991,0.0,0.0,0.0,0.0,0.0,0.0,244.64589999999998,0.0,0.0,0.0,0.0,16.2316,37.9244,0.0,76.841,0.0,0.0,0.0,0.0,0.0,0.0,0.0,0.5415,0.0,0.0,0.0,0.0,0.0,245.979,0.0,0.0,0.0,0.0,0.0,16.4956,0.0,0.0,75.5167,35.8172,0.0,0.0,0.0,0.0,2.9701000000000004,61.33330000000001,28.3115,0.0,0.0,0.0,45.303,10.3264,50.09089999999999,0.0,0.0,71.18310000000001,7.5981000000000005,28.145599999999998,0.0,279.0739,37.8304,0.0,0.0,7.6747
0.0,0.0,0.0,27.5932,0.0,320.943,55.842099999999995,0.0,0.0,36.5037,1.1667,0.0,12.168800000000001,652.0783999999999,911.6559,0.2434,0.0,25.495599999999996,0.0,473.4737,1705.3713000000002,0.0,7.329699999999999,303.093,440.3848,0.0,0.0,0.0,0.0,0.0,29.4574,248.4321,0.0,0.0,0.0,0.0,0.2995,0.0,0.0,0.0,0.0,0.0,0.0,0.0,0.0,0.0,0.0,0.0,0.0,0.0,0.0,0.0,0.0,0.0,0.29359999999999997,0.0,0.0,0.0,0.0,0.0,0.0,5.6991,0.0,0.0,0.0,0.0,0.0,0.0,244.64589999999998,0.0,0.0,0.0,0.0,16.2316,37.9244,0.0,76.841,0.0,0.0,0.0,0.0,0.0,0.0,0.0,0.5415,0.0,0.0,0.0,0.0,0.0,245.979,0.0,0.0,0.0,0.0,0.0,16.4956,0.0,0.0,75.5167,35.8172,0.0,0.0,0.0,0.0,2.9701000000000004,61.33330000000001,28.3115,0.0,0.0,0.0,45.303,10.3264,50.09089999999999,0.0,0.0,71.18310000000001,7.5981000000000005,28.145599999999998,0.0,279.0739,37.8304,0.0,0.0,7.6747
0.0,0.0,0.0,27.5932,0.0,320.943,55.842099999999995,0.0,0.0,36.5037,1.1667,0.0,12.168800000000001,652.0783999999999,911.6559,0.2434,0.0,25.495599999999996,0.0,473.4737,1705.3713000000002,0.0,7.329699999999999,303.093,440.3848,0.0,0.0,0.0,0.0,0.0,29.4574,248.4321,0.0,0.0,0.0,0.0,0.2995,0.0,0.0,0.0,0.0,0.0,0.0,0.0,0.0,0.0,0.0,0.0,0.0,0.0,0.0,0.0,0.0,0.0,0.29359999999999997,0.0,0.0,0.0,0.0,0.0,0.0,5.6991,0.0,0.0,0.0,0.0,0.0,0.0,244.64589999999998,0.0,0.0,0.0,0.0,16.2316,37.9244,0.0,76.841,0.0,0.0,0.0,0.0,0.0,0.0,0.0,0.5415,0.0,0.0,0.0,0.0,0.0,245.979,0.0,0.0,0.0,0.0,0.0,16.4956,0.0,0.0,75.5167,35.8172,0.0,0.0,0.0,0.0,2.9701000000000004,61.33330000000001,28.3115,0.0,0.0,0.0,45.303,10.3264,50.09089999999999,0.0,0.0,71.18310000000001,7.5981000000000005,28.145599999999998,0.0,279.0739,37.8304,0.0,0.0,7.6747
0.0,0.0,0.0,27.5932,0.0,320.943,55.842099999999995,0.0,0.0,36.5037,1.1667,0.0,12.168800000000001,652.0783999999999,911.6559,0.2434,0.0,25.495599999999996,0.0,473.4737,1705.3713000000002,0.0,7.329699999999999,303.093,440.3848,0.0,0.0,0.0,0.0,0.0,29.4574,248.4321,0.0,0.0,0.0,0.0,0.2995,0.0,0.0,0.0,0.0,0.0,0.0,0.0,0.0,0.0,0.0,0.0,0.0,0.0,0.0,0.0,0.0,0.0,0.29359999999999997,0.0,0.0,0.0,0.0,0.0,0.0,5.6991,0.0,0.0,0.0,0.0,0.0,0.0,244.64589999999998,0.0,0.0,0.0,0.0,16.2316,37.9244,0.0,76.841,0.0,0.0,0.0,0.0,0.0,0.0,0.0,0.5415,0.0,0.0,0.0,0.0,0.0,245.979,0.0,0.0,0.0,0.0,0.0,16.4956,0.0,0.0,75.5167,35.8172,0.0,0.0,0.0,0.0,2.9701000000000004,61.33330000000001,28.3115,0.0,0.0,0.0,45.303,10.3264,50.09089999999999,0.0,0.0,71.18310000000001,7.5981000000000005,28.145599999999998,0.0,279.0739,37.8304,0.0,0.0,7.6747
0.0,0.0,0.0,27.5932,0.0,320.943,55.842099999999995,0.0,0.0,36.5037,1.1667,0.0,12.168800000000001,652.0783999999999,911.6559,0.2434,0.0,25.495599999999996,0.0,473.4737,1705.3713000000002,0.0,7.329699999999999,303.093,440.3848,0.0,0.0,0.0,0.0,0.0,29.4574,248.4321,0.0,0.0,0.0,0.0,0.2995,0.0,0.0,0.0,0.0,0.0,0.0,0.0,0.0,0.0,0.0,0.0,0.0,0.0,0.0,0.0,0.0,0.0,0.29359999999999997,0.0,0.0,0.0,0.0,0.0,0.0,5.6991,0.0,0.0,0.0,0.0,0.0,0.0,244.64589999999998,0.0,0.0,0.0,0.0,16.2316,37.9244,0.0,76.841,0.0,0.0,0.0,0.0,0.0,0.0,0.0,0.5415,0.0,0.0,0.0,0.0,0.0,245.979,0.0,0.0,0.0,0.0,0.0,16.4956,0.0,0.0,75.5167,35.8172,0.0,0.0,0.0,0.0,2.9701000000000004,61.33330000000001,28.3115,0.0,0.0,0.0,45.303,10.3264,50.09089999999999,0.0,0.0,71.18310000000001,7.5981000000000005,28.145599999999998,0.0,279.0739,37.8304,0.0,0.0,7.6747
0.0,0.0,0.0,27.5932,0.0,320.943,55.842099999999995,0.0,0.0,36.5037,1.1667,0.0,12.168800000000001,652.0783999999999,911.6559,0.2434,0.0,25.495599999999996,0.0,473.4737,1705.3713000000002,0.0,7.329699999999999,303.093,440.3848,0.0,0.0,0.0,0.0,0.0,29.4574,248.4321,0.0,0.0,0.0,0.0,0.2995,0.0,0.0,0.0,0.0,0.0,0.0,0.0,0.0,0.0,0.0,0.0,0.0,0.0,0.0,0.0,0.0,0.0,0.29359999999999997,0.0,0.0,0.0,0.0,0.0,0.0,5.6991,0.0,0.0,0.0,0.0,0.0,0.0,244.64589999999998,0.0,0.0,0.0,0.0,16.2316,37.9244,0.0,76.841,0.0,0.0,0.0,0.0,0.0,0.0,0.0,0.5415,0.0,0.0,0.0,0.0,0.0,245.979,0.0,0.0,0.0,0.0,0.0,16.4956,0.0,0.0,75.5167,35.8172,0.0,0.0,0.0,0.0,2.9701000000000004,61.33330000000001,28.3115,0.0,0.0,0.0,45.303,10.3264,50.09089999999999,0.0,0.0,71.18310000000001,7.5981000000000005,28.145599999999998,0.0,279.0739,37.8304,0.0,0.0,7.6747
0.0,0.0,0.0,27.5932,0.0,320.943,55.842099999999995,0.0,0.0,36.5037,1.1667,0.0,12.168800000000001,652.0783999999999,911.6559,0.2434,0.0,25.495599999999996,0.0,473.4737,1705.3713000000002,0.0,7.329699999999999,303.093,440.3848,0.0,0.0,0.0,0.0,0.0,29.4574,248.4321,0.0,0.0,0.0,0.0,0.2995,0.0,0.0,0.0,0.0,0.0,0.0,0.0,0.0,0.0,0.0,0.0,0.0,0.0,0.0,0.0,0.0,0.0,0.29359999999999997,0.0,0.0,0.0,0.0,0.0,0.0,5.6991,0.0,0.0,0.0,0.0,0.0,0.0,244.64589999999998,0.0,0.0,0.0,0.0,16.2316,37.9244,0.0,76.841,0.0,0.0,0.0,0.0,0.0,0.0,0.0,0.5415,0.0,0.0,0.0,0.0,0.0,245.979,0.0,0.0,0.0,0.0,0.0,16.4956,0.0,0.0,75.5167,35.8172,0.0,0.0,0.0,0.0,2.9701000000000004,61.33330000000001,28.3115,0.0,0.0,0.0,45.303,10.3264,50.09089999999999,0.0,0.0,71.18310000000001,7.5981000000000005,28.145599999999998,0.0,279.0739,37.8304,0.0,0.0,7.6747
0.0,0.0,0.0,23.2951,0.0,351.09450000000004,100.46900000000001,0.0,0.0,28.4352,1.9609,0.0,14.2014,509.0792,739.7330000000001,0.3886,0.0,32.7785,0.0,523.1305,1506.9366999999997,0.0,6.8981,324.94430000000006,466.26270000000005,0.0,0.0,0.0,0.0,0.0,24.7956,193.60409999999996,0.0,0.0,0.0,0.0,0.2524,0.0,0.0,0.0,0.0,0.0,0.0,0.0,0.0,0.0,0.0,0.0,0.0,0.0,0.0,0.0,0.0,0.0,0.2525,0.0,0.0,0.0,0.0,0.0,0.0,6.4824,0.0,0.0,0.0,0.0,0.0,0.0,253.387,0.0,0.0,0.0,0.0,16.7377,38.7815,0.0,82.5282,0.0,0.0,0.0,0.0,0.0,0.0,0.0,0.9092,0.0,0.0,0.0,0.0,0.0,452.9629,0.0,0.0,0.0,0.0,0.0,16.9939,0.0,0.0,79.9413,36.0048,0.0,0.0,0.0,0.0,5.9013,71.3153,20.469,0.0,0.0,0.0,46.6714,9.5816,42.2931,0.0,0.0,68.5779,8.8672,28.9959,0.0,320.76959999999997,36.9022,0.0,0.0,5.4465
0.0,0.0,0.0,23.2951,0.0,351.09450000000004,100.46900000000001,0.0,0.0,28.4352,1.9609,0.0,14.2014,509.0792,739.7330000000001,0.3886,0.0,32.7785,0.0,523.1305,1506.9366999999997,0.0,6.8981,324.94430000000006,466.26270000000005,0.0,0.0,0.0,0.0,0.0,24.7956,193.60409999999996,0.0,0.0,0.0,0.0,0.2524,0.0,0.0,0.0,0.0,0.0,0.0,0.0,0.0,0.0,0.0,0.0,0.0,0.0,0.0,0.0,0.0,0.0,0.2525,0.0,0.0,0.0,0.0,0.0,0.0,6.4824,0.0,0.0,0.0,0.0,0.0,0.0,253.387,0.0,0.0,0.0,0.0,16.7377,38.7815,0.0,82.5282,0.0,0.0,0.0,0.0,0.0,0.0,0.0,0.9092,0.0,0.0,0.0,0.0,0.0,452.9629,0.0,0.0,0.0,0.0,0.0,16.9939,0.0,0.0,79.9413,36.0048,0.0,0.0,0.0,0.0,5.9013,71.3153,20.469,0.0,0.0,0.0,46.6714,9.5816,42.2931,0.0,0.0,68.5779,8.8672,28.9959,0.0,320.76959999999997,36.9022,0.0,0.0,5.4465
0.0,0.0,0.0,23.2951,0.0,351.09450000000004,100.46900000000001,0.0,0.0,28.4352,1.9609,0.0,14.2014,509.0792,739.7330000000001,0.3886,0.0,32.7785,0.0,523.1305,1506.9366999999997,0.0,6.8981,324.94430000000006,466.26270000000005,0.0,0.0,0.0,0.0,0.0,24.7956,193.60409999999996,0.0,0.0,0.0,0.0,0.2524,0.0,0.0,0.0,0.0,0.0,0.0,0.0,0.0,0.0,0.0,0.0,0.0,0.0,0.0,0.0,0.0,0.0,0.2525,0.0,0.0,0.0,0.0,0.0,0.0,6.4824,0.0,0.0,0.0,0.0,0.0,0.0,253.387,0.0,0.0,0.0,0.0,16.7377,38.7815,0.0,82.5282,0.0,0.0,0.0,0.0,0.0,0.0,0.0,0.9092,0.0,0.0,0.0,0.0,0.0,452.9629,0.0,0.0,0.0,0.0,0.0,16.9939,0.0,0.0,79.9413,36.0048,0.0,0.0,0.0,0.0,5.9013,71.3153,20.469,0.0,0.0,0.0,46.6714,9.5816,42.2931,0.0,0.0,68.5779,8.8672,28.9959,0.0,320.76959999999997,36.9022,0.0,0.0,5.4465
0.0,0.0,0.0,23.2951,0.0,351.09450000000004,100.46900000000001,0.0,0.0,28.4352,1.9609,0.0,14.2014,509.0792,739.7330000000001,0.3886,0.0,32.7785,0.0,523.1305,1506.9366999999997,0.0,6.8981,324.94430000000006,466.26270000000005,0.0,0.0,0.0,0.0,0.0,24.7956,193.60409999999996,0.0,0.0,0.0,0.0,0.2524,0.0,0.0,0.0,0.0,0.0,0.0,0.0,0.0,0.0,0.0,0.0,0.0,0.0,0.0,0.0,0.0,0.0,0.2525,0.0,0.0,0.0,0.0,0.0,0.0,6.4824,0.0,0.0,0.0,0.0,0.0,0.0,253.387,0.0,0.0,0.0,0.0,16.7377,38.7815,0.0,82.5282,0.0,0.0,0.0,0.0,0.0,0.0,0.0,0.9092,0.0,0.0,0.0,0.0,0.0,452.9629,0.0,0.0,0.0,0.0,0.0,16.9939,0.0,0.0,79.9413,36.0048,0.0,0.0,0.0,0.0,5.9013,71.3153,20.469,0.0,0.0,0.0,46.6714,9.5816,42.2931,0.0,0.0,68.5779,8.8672,28.9959,0.0,320.76959999999997,36.9022,0.0,0.0,5.4465
0.0,0.0,0.0,23.2951,0.0,351.09450000000004,100.46900000000001,0.0,0.0,28.4352,1.9609,0.0,14.2014,509.0792,739.7330000000001,0.3886,0.0,32.7785,0.0,523.1305,1506.9366999999997,0.0,6.8981,324.94430000000006,466.26270000000005,0.0,0.0,0.0,0.0,0.0,24.7956,193.60409999999996,0.0,0.0,0.0,0.0,0.2524,0.0,0.0,0.0,0.0,0.0,0.0,0.0,0.0,0.0,0.0,0.0,0.0,0.0,0.0,0.0,0.0,0.0,0.2525,0.0,0.0,0.0,0.0,0.0,0.0,6.4824,0.0,0.0,0.0,0.0,0.0,0.0,253.387,0.0,0.0,0.0,0.0,16.7377,38.7815,0.0,82.5282,0.0,0.0,0.0,0.0,0.0,0.0,0.0,0.9092,0.0,0.0,0.0,0.0,0.0,452.9629,0.0,0.0,0.0,0.0,0.0,16.9939,0.0,0.0,79.9413,36.0048,0.0,0.0,0.0,0.0,5.9013,71.3153,20.469,0.0,0.0,0.0,46.6714,9.5816,42.2931,0.0,0.0,68.5779,8.8672,28.9959,0.0,320.76959999999997,36.9022,0.0,0.0,5.4465
0.0,0.0,0.0,23.2951,0.0,351.09450000000004,100.46900000000001,0.0,0.0,28.4352,1.9609,0.0,14.2014,509.0792,739.7330000000001,0.3886,0.0,32.7785,0.0,523.1305,1506.9366999999997,0.0,6.8981,324.94430000000006,466.26270000000005,0.0,0.0,0.0,0.0,0.0,24.7956,193.60409999999996,0.0,0.0,0.0,0.0,0.2524,0.0,0.0,0.0,0.0,0.0,0.0,0.0,0.0,0.0,0.0,0.0,0.0,0.0,0.0,0.0,0.0,0.0,0.2525,0.0,0.0,0.0,0.0,0.0,0.0,6.4824,0.0,0.0,0.0,0.0,0.0,0.0,253.387,0.0,0.0,0.0,0.0,16.7377,38.7815,0.0,82.5282,0.0,0.0,0.0,0.0,0.0,0.0,0.0,0.9092,0.0,0.0,0.0,0.0,0.0,452.9629,0.0,0.0,0.0,0.0,0.0,16.9939,0.0,0.0,79.9413,36.0048,0.0,0.0,0.0,0.0,5.9013,71.3153,20.469,0.0,0.0,0.0,46.6714,9.5816,42.2931,0.0,0.0,68.5779,8.8672,28.9959,0.0,320.76959999999997,36.9022,0.0,0.0,5.4465
0.0,0.0,0.0,23.2951,0.0,351.09450000000004,100.46900000000001,0.0,0.0,28.4352,1.9609,0.0,14.2014,509.0792,739.7330000000001,0.3886,0.0,32.7785,0.0,523.1305,1506.9366999999997,0.0,6.8981,324.94430000000006,466.26270000000005,0.0,0.0,0.0,0.0,0.0,24.7956,193.60409999999996,0.0,0.0,0.0,0.0,0.2524,0.0,0.0,0.0,0.0,0.0,0.0,0.0,0.0,0.0,0.0,0.0,0.0,0.0,0.0,0.0,0.0,0.0,0.2525,0.0,0.0,0.0,0.0,0.0,0.0,6.4824,0.0,0.0,0.0,0.0,0.0,0.0,253.387,0.0,0.0,0.0,0.0,16.7377,38.7815,0.0,82.5282,0.0,0.0,0.0,0.0,0.0,0.0,0.0,0.9092,0.0,0.0,0.0,0.0,0.0,452.9629,0.0,0.0,0.0,0.0,0.0,16.9939,0.0,0.0,79.9413,36.0048,0.0,0.0,0.0,0.0,5.9013,71.3153,20.469,0.0,0.0,0.0,46.6714,9.5816,42.2931,0.0,0.0,68.5779,8.8672,28.9959,0.0,320.76959999999997,36.9022,0.0,0.0,5.4465
0.0,0.0,0.0,20.9356,0.0,511.44169999999997,118.74430000000001,0.0,0.0,21.6591,1.5109,0.0,13.7428,389.9435,598.8733,0.4326,0.0,26.107799999999997,0.0,612.9918,1579.3341000000005,0.0,7.3462000000000005,274.32640000000004,348.6989000000001,0.0,0.0,0.0,0.0,0.0,27.9341,184.7744,0.0,0.0,0.0,0.0,0.2877,0.0,0.0,0.0,0.0,0.0,0.0,0.0,0.0,0.0,0.0,0.0,0.0,0.0,0.0,0.0,0.0,0.0,0.31799999999999995,0.0,0.0,0.0,0.0,0.0,0.0,7.081999999999999,0.0,0.0,0.0,0.0,0.0,0.0,236.18759999999997,0.0,0.0,0.0,0.0,15.745000000000001,34.9873,0.0,83.7896,0.0,0.0,0.0,0.0,0.0,0.0,0.0,1.2755,0.0,0.0,0.0,0.0,0.0,272.76,0.0,0.0,0.0,0.0,0.0,18.3012,0.0,0.0,72.37569999999998,36.12930000000001,0.0,0.0,0.0,0.0,8.301400000000001,76.62039999999999,12.482199999999999,0.0,0.0,0.0,50.2617,8.546600000000002,35.9903,0.0,0.0,66.8347,8.5809,31.226300000000002,0.0,298.3842,38.1557,0.0,0.0,2.7296
0.0,0.0,0.0,20.9356,0.0,511.44169999999997,118.74430000000001,0.0,0.0,21.6591,1.5109,0.0,13.7428,389.9435,598.8733,0.4326,0.0,26.107799999999997,0.0,612.9918,1579.3341000000005,0.0,7.3462000000000005,274.32640000000004,348.6989000000001,0.0,0.0,0.0,0.0,0.0,27.9341,184.7744,0.0,0.0,0.0,0.0,0.2877,0.0,0.0,0.0,0.0,0.0,0.0,0.0,0.0,0.0,0.0,0.0,0.0,0.0,0.0,0.0,0.0,0.0,0.31799999999999995,0.0,0.0,0.0,0.0,0.0,0.0,7.081999999999999,0.0,0.0,0.0,0.0,0.0,0.0,236.18759999999997,0.0,0.0,0.0,0.0,15.745000000000001,34.9873,0.0,83.7896,0.0,0.0,0.0,0.0,0.0,0.0,0.0,1.2755,0.0,0.0,0.0,0.0,0.0,272.76,0.0,0.0,0.0,0.0,0.0,18.3012,0.0,0.0,72.37569999999998,36.12930000000001,0.0,0.0,0.0,0.0,8.301400000000001,76.62039999999999,12.482199999999999,0.0,0.0,0.0,50.2617,8.546600000000002,35.9903,0.0,0.0,66.8347,8.5809,31.226300000000002,0.0,298.3842,38.1557,0.0,0.0,2.7296
0.0,0.0,0.0,20.9356,0.0,511.44169999999997,118.74430000000001,0.0,0.0,21.6591,1.5109,0.0,13.7428,389.9435,598.8733,0.4326,0.0,26.107799999999997,0.0,612.9918,1579.3341000000005,0.0,7.3462000000000005,274.32640000000004,348.6989000000001,0.0,0.0,0.0,0.0,0.0,27.9341,184.7744,0.0,0.0,0.0,0.0,0.2877,0.0,0.0,0.0,0.0,0.0,0.0,0.0,0.0,0.0,0.0,0.0,0.0,0.0,0.0,0.0,0.0,0.0,0.31799999999999995,0.0,0.0,0.0,0.0,0.0,0.0,7.081999999999999,0.0,0.0,0.0,0.0,0.0,0.0,236.18759999999997,0.0,0.0,0.0,0.0,15.745000000000001,34.9873,0.0,83.7896,0.0,0.0,0.0,0.0,0.0,0.0,0.0,1.2755,0.0,0.0,0.0,0.0,0.0,272.76,0.0,0.0,0.0,0.0,0.0,18.3012,0.0,0.0,72.37569999999998,36.12930000000001,0.0,0.0,0.0,0.0,8.301400000000001,76.62039999999999,12.482199999999999,0.0,0.0,0.0,50.2617,8.546600000000002,35.9903,0.0,0.0,66.8347,8.5809,31.226300000000002,0.0,298.3842,38.1557,0.0,0.0,2.7296
0.0,0.0,0.0,20.9356,0.0,511.44169999999997,118.74430000000001,0.0,0.0,21.6591,1.5109,0.0,13.7428,389.9435,598.8733,0.4326,0.0,26.107799999999997,0.0,612.9918,1579.3341000000005,0.0,7.3462000000000005,274.32640000000004,348.6989000000001,0.0,0.0,0.0,0.0,0.0,27.9341,184.7744,0.0,0.0,0.0,0.0,0.2877,0.0,0.0,0.0,0.0,0.0,0.0,0.0,0.0,0.0,0.0,0.0,0.0,0.0,0.0,0.0,0.0,0.0,0.31799999999999995,0.0,0.0,0.0,0.0,0.0,0.0,7.081999999999999,0.0,0.0,0.0,0.0,0.0,0.0,236.18759999999997,0.0,0.0,0.0,0.0,15.745000000000001,34.9873,0.0,83.7896,0.0,0.0,0.0,0.0,0.0,0.0,0.0,1.2755,0.0,0.0,0.0,0.0,0.0,272.76,0.0,0.0,0.0,0.0,0.0,18.3012,0.0,0.0,72.37569999999998,36.12930000000001,0.0,0.0,0.0,0.0,8.301400000000001,76.62039999999999,12.482199999999999,0.0,0.0,0.0,50.2617,8.546600000000002,35.9903,0.0,0.0,66.8347,8.5809,31.226300000000002,0.0,298.3842,38.1557,0.0,0.0,2.7296
0.0,0.0,0.0,20.9356,0.0,511.44169999999997,118.74430000000001,0.0,0.0,21.6591,1.5109,0.0,13.7428,389.9435,598.8733,0.4326,0.0,26.107799999999997,0.0,612.9918,1579.3341000000005,0.0,7.3462000000000005,274.32640000000004,348.6989000000001,0.0,0.0,0.0,0.0,0.0,27.9341,184.7744,0.0,0.0,0.0,0.0,0.2877,0.0,0.0,0.0,0.0,0.0,0.0,0.0,0.0,0.0,0.0,0.0,0.0,0.0,0.0,0.0,0.0,0.0,0.31799999999999995,0.0,0.0,0.0,0.0,0.0,0.0,7.081999999999999,0.0,0.0,0.0,0.0,0.0,0.0,236.18759999999997,0.0,0.0,0.0,0.0,15.745000000000001,34.9873,0.0,83.7896,0.0,0.0,0.0,0.0,0.0,0.0,0.0,1.2755,0.0,0.0,0.0,0.0,0.0,272.76,0.0,0.0,0.0,0.0,0.0,18.3012,0.0,0.0,72.37569999999998,36.12930000000001,0.0,0.0,0.0,0.0,8.301400000000001,76.62039999999999,12.482199999999999,0.0,0.0,0.0,50.2617,8.546600000000002,35.9903,0.0,0.0,66.8347,8.5809,31.226300000000002,0.0,298.3842,38.1557,0.0,0.0,2.7296
0.0,0.0,0.0,20.9356,0.0,511.44169999999997,118.74430000000001,0.0,0.0,21.6591,1.5109,0.0,13.7428,389.9435,598.8733,0.4326,0.0,26.107799999999997,0.0,612.9918,1579.3341000000005,0.0,7.3462000000000005,274.32640000000004,348.6989000000001,0.0,0.0,0.0,0.0,0.0,27.9341,184.7744,0.0,0.0,0.0,0.0,0.2877,0.0,0.0,0.0,0.0,0.0,0.0,0.0,0.0,0.0,0.0,0.0,0.0,0.0,0.0,0.0,0.0,0.0,0.31799999999999995,0.0,0.0,0.0,0.0,0.0,0.0,7.081999999999999,0.0,0.0,0.0,0.0,0.0,0.0,236.18759999999997,0.0,0.0,0.0,0.0,15.745000000000001,34.9873,0.0,83.7896,0.0,0.0,0.0,0.0,0.0,0.0,0.0,1.2755,0.0,0.0,0.0,0.0,0.0,272.76,0.0,0.0,0.0,0.0,0.0,18.3012,0.0,0.0,72.37569999999998,36.12930000000001,0.0,0.0,0.0,0.0,8.301400000000001,76.62039999999999,12.482199999999999,0.0,0.0,0.0,50.2617,8.546600000000002,35.9903,0.0,0.0,66.8347,8.5809,31.226300000000002,0.0,298.3842,38.1557,0.0,0.0,2.7296
0.0,0.0,0.0,20.9356,0.0,511.44169999999997,118.74430000000001,0.0,0.0,21.6591,1.5109,0.0,13.7428,389.9435,598.8733,0.4326,0.0,26.107799999999997,0.0,612.9918,1579.3341000000005,0.0,7.3462000000000005,274.32640000000004,348.6989000000001,0.0,0.0,0.0,0.0,0.0,27.9341,184.7744,0.0,0.0,0.0,0.0,0.2877,0.0,0.0,0.0,0.0,0.0,0.0,0.0,0.0,0.0,0.0,0.0,0.0,0.0,0.0,0.0,0.0,0.0,0.31799999999999995,0.0,0.0,0.0,0.0,0.0,0.0,7.081999999999999,0.0,0.0,0.0,0.0,0.0,0.0,236.18759999999997,0.0,0.0,0.0,0.0,15.745000000000001,34.9873,0.0,83.7896,0.0,0.0,0.0,0.0,0.0,0.0,0.0,1.2755,0.0,0.0,0.0,0.0,0.0,272.76,0.0,0.0,0.0,0.0,0.0,18.3012,0.0,0.0,72.37569999999998,36.12930000000001,0.0,0.0,0.0,0.0,8.301400000000001,76.62039999999999,12.482199999999999,0.0,0.0,0.0,50.2617,8.546600000000002,35.9903,0.0,0.0,66.8347,8.5809,31.226300000000002,0.0,298.3842,38.1557,0.0,0.0,2.7296
0.0,0.0,0.0,20.2481,0.0,488.3530999999999,105.7859,0.0,0.0,23.1546,1.0487,0.0,14.25,416.8665,636.6668,0.3239,0.0,21.78,0.0,588.2786000000001,1636.748,0.0,5.9085,283.59229999999997,347.2977,0.0,0.0,0.0,0.0,0.0,34.3606,226.45040000000006,0.0,0.0,0.0,0.0,0.2986,0.0,0.0,0.0,0.0,0.0,0.0,0.0,0.0,0.0,0.0,0.0,0.0,0.0,0.0,0.0,0.0,0.0,0.8044,0.0,0.0,0.0,0.0,0.0,0.0,7.3831999999999995,0.0,0.0,0.0,0.0,0.0,0.0,235.15050000000002,0.0,0.0,0.0,0.0,15.517800000000001,34.8337,0.0,83.4217,0.0,0.0,0.0,0.0,0.0,0.0,0.0,1.2076,0.0,0.0,0.0,0.0,0.0,254.0779,0.0,0.0,0.0,0.0,0.0,18.9368,0.0,0.0,71.66959999999999,37.501999999999995,0.0,0.0,0.0,0.0,6.214300000000001,71.1154,10.2736,0.0,0.0,0.0,52.007400000000004,8.6895,29.100099999999998,0.0,0.0,71.1475,8.8976,32.3109,98.8297,309.3983,60.9267,0.0,0.0,2.5633
0.0,0.0,0.0,20.2481,0.0,488.3530999999999,105.7859,0.0,0.0,23.1546,1.0487,0.0,14.25,416.8665,636.6668,0.3239,0.0,21.78,0.0,588.2786000000001,1636.748,0.0,5.9085,283.59229999999997,347.2977,0.0,0.0,0.0,0.0,0.0,34.3606,226.45040000000006,0.0,0.0,0.0,0.0,0.2986,0.0,0.0,0.0,0.0,0.0,0.0,0.0,0.0,0.0,0.0,0.0,0.0,0.0,0.0,0.0,0.0,0.0,0.8044,0.0,0.0,0.0,0.0,0.0,0.0,7.3831999999999995,0.0,0.0,0.0,0.0,0.0,0.0,235.15050000000002,0.0,0.0,0.0,0.0,15.517800000000001,34.8337,0.0,83.4217,0.0,0.0,0.0,0.0,0.0,0.0,0.0,1.2076,0.0,0.0,0.0,0.0,0.0,254.0779,0.0,0.0,0.0,0.0,0.0,18.9368,0.0,0.0,71.66959999999999,37.501999999999995,0.0,0.0,0.0,0.0,6.214300000000001,71.1154,10.2736,0.0,0.0,0.0,52.007400000000004,8.6895,29.100099999999998,0.0,0.0,71.1475,8.8976,32.3109,98.8297,309.3983,60.9267,0.0,0.0,2.5633
0.0,0.0,0.0,20.2481,0.0,488.3530999999999,105.7859,0.0,0.0,23.1546,1.0487,0.0,14.25,416.8665,636.6668,0.3239,0.0,21.78,0.0,588.2786000000001,1636.748,0.0,5.9085,283.59229999999997,347.2977,0.0,0.0,0.0,0.0,0.0,34.3606,226.45040000000006,0.0,0.0,0.0,0.0,0.2986,0.0,0.0,0.0,0.0,0.0,0.0,0.0,0.0,0.0,0.0,0.0,0.0,0.0,0.0,0.0,0.0,0.0,0.8044,0.0,0.0,0.0,0.0,0.0,0.0,7.3831999999999995,0.0,0.0,0.0,0.0,0.0,0.0,235.15050000000002,0.0,0.0,0.0,0.0,15.517800000000001,34.8337,0.0,83.4217,0.0,0.0,0.0,0.0,0.0,0.0,0.0,1.2076,0.0,0.0,0.0,0.0,0.0,254.0779,0.0,0.0,0.0,0.0,0.0,18.9368,0.0,0.0,71.66959999999999,37.501999999999995,0.0,0.0,0.0,0.0,6.214300000000001,71.1154,10.2736,0.0,0.0,0.0,52.007400000000004,8.6895,29.100099999999998,0.0,0.0,71.1475,8.8976,32.3109,98.8297,309.3983,60.9267,0.0,0.0,2.5633
0.0,0.0,0.0,20.2481,0.0,488.3530999999999,105.7859,0.0,0.0,23.1546,1.0487,0.0,14.25,416.8665,636.6668,0.3239,0.0,21.78,0.0,588.2786000000001,1636.748,0.0,5.9085,283.59229999999997,347.2977,0.0,0.0,0.0,0.0,0.0,34.3606,226.45040000000006,0.0,0.0,0.0,0.0,0.2986,0.0,0.0,0.0,0.0,0.0,0.0,0.0,0.0,0.0,0.0,0.0,0.0,0.0,0.0,0.0,0.0,0.0,0.8044,0.0,0.0,0.0,0.0,0.0,0.0,7.3831999999999995,0.0,0.0,0.0,0.0,0.0,0.0,235.15050000000002,0.0,0.0,0.0,0.0,15.517800000000001,34.8337,0.0,83.4217,0.0,0.0,0.0,0.0,0.0,0.0,0.0,1.2076,0.0,0.0,0.0,0.0,0.0,254.0779,0.0,0.0,0.0,0.0,0.0,18.9368,0.0,0.0,71.66959999999999,37.501999999999995,0.0,0.0,0.0,0.0,6.214300000000001,71.1154,10.2736,0.0,0.0,0.0,52.007400000000004,8.6895,29.100099999999998,0.0,0.0,71.1475,8.8976,32.3109,98.8297,309.3983,60.9267,0.0,0.0,2.5633
0.0,0.0,0.0,20.2481,0.0,488.3530999999999,105.7859,0.0,0.0,23.1546,1.0487,0.0,14.25,416.8665,636.6668,0.3239,0.0,21.78,0.0,588.2786000000001,1636.748,0.0,5.9085,283.59229999999997,347.2977,0.0,0.0,0.0,0.0,0.0,34.3606,226.45040000000006,0.0,0.0,0.0,0.0,0.2986,0.0,0.0,0.0,0.0,0.0,0.0,0.0,0.0,0.0,0.0,0.0,0.0,0.0,0.0,0.0,0.0,0.0,0.8044,0.0,0.0,0.0,0.0,0.0,0.0,7.3831999999999995,0.0,0.0,0.0,0.0,0.0,0.0,235.15050000000002,0.0,0.0,0.0,0.0,15.517800000000001,34.8337,0.0,83.4217,0.0,0.0,0.0,0.0,0.0,0.0,0.0,1.2076,0.0,0.0,0.0,0.0,0.0,254.0779,0.0,0.0,0.0,0.0,0.0,18.9368,0.0,0.0,71.66959999999999,37.501999999999995,0.0,0.0,0.0,0.0,6.214300000000001,71.1154,10.2736,0.0,0.0,0.0,52.007400000000004,8.6895,29.100099999999998,0.0,0.0,71.1475,8.8976,32.3109,98.8297,309.3983,60.9267,0.0,0.0,2.5633
0.0,0.0,0.0,20.2481,0.0,488.3530999999999,105.7859,0.0,0.0,23.1546,1.0487,0.0,14.25,416.8665,636.6668,0.3239,0.0,21.78,0.0,588.2786000000001,1636.748,0.0,5.9085,283.59229999999997,347.2977,0.0,0.0,0.0,0.0,0.0,34.3606,226.45040000000006,0.0,0.0,0.0,0.0,0.2986,0.0,0.0,0.0,0.0,0.0,0.0,0.0,0.0,0.0,0.0,0.0,0.0,0.0,0.0,0.0,0.0,0.0,0.8044,0.0,0.0,0.0,0.0,0.0,0.0,7.3831999999999995,0.0,0.0,0.0,0.0,0.0,0.0,235.15050000000002,0.0,0.0,0.0,0.0,15.517800000000001,34.8337,0.0,83.4217,0.0,0.0,0.0,0.0,0.0,0.0,0.0,1.2076,0.0,0.0,0.0,0.0,0.0,254.0779,0.0,0.0,0.0,0.0,0.0,18.9368,0.0,0.0,71.66959999999999,37.501999999999995,0.0,0.0,0.0,0.0,6.214300000000001,71.1154,10.2736,0.0,0.0,0.0,52.007400000000004,8.6895,29.100099999999998,0.0,0.0,71.1475,8.8976,32.3109,98.8297,309.3983,60.9267,0.0,0.0,2.5633
0.0,0.0,0.0,20.2481,0.0,488.3530999999999,105.7859,0.0,0.0,23.1546,1.0487,0.0,14.25,416.8665,636.6668,0.3239,0.0,21.78,0.0,588.2786000000001,1636.748,0.0,5.9085,283.59229999999997,347.2977,0.0,0.0,0.0,0.0,0.0,34.3606,226.45040000000006,0.0,0.0,0.0,0.0,0.2986,0.0,0.0,0.0,0.0,0.0,0.0,0.0,0.0,0.0,0.0,0.0,0.0,0.0,0.0,0.0,0.0,0.0,0.8044,0.0,0.0,0.0,0.0,0.0,0.0,7.3831999999999995,0.0,0.0,0.0,0.0,0.0,0.0,235.15050000000002,0.0,0.0,0.0,0.0,15.517800000000001,34.8337,0.0,83.4217,0.0,0.0,0.0,0.0,0.0,0.0,0.0,1.2076,0.0,0.0,0.0,0.0,0.0,254.0779,0.0,0.0,0.0,0.0,0.0,18.9368,0.0,0.0,71.66959999999999,37.501999999999995,0.0,0.0,0.0,0.0,6.214300000000001,71.1154,10.2736,0.0,0.0,0.0,52.007400000000004,8.6895,29.100099999999998,0.0,0.0,71.1475,8.8976,32.3109,98.8297,309.3983,60.9267,0.0,0.0,2.5633
0.0,0.0,0.0,19.0113,0.0,475.8398,130.8244,0.0,0.0,21.355600000000003,1.1884,0.0,13.834900000000001,384.47850000000005,592.7735,0.3868,0.0,23.719,0.0,454.25199999999995,1452.6784999999998,0.0,7.686299999999999,274.16159999999996,355.4761,0.0,0.0,0.0,0.0,0.0,34.382099999999994,227.60060000000001,0.0,0.0,0.0,0.0,0.3406,0.0,0.0,0.0,0.0,0.0,0.0,0.0,0.0,0.0,0.0,0.0,0.0,0.0,0.0,0.0,0.0,0.0,0.6486999999999999,0.0,0.0,0.0,0.0,0.0,0.0,7.5173000000000005,0.0,0.0,0.0,0.0,0.0,0.0,236.4468,0.0,0.0,0.0,0.0,15.5563,35.0257,0.0,83.8815,0.0,0.0,0.0,0.0,0.0,0.0,0.0,0.8396,0.0,0.0,0.0,0.0,0.0,176.9471,0.0,0.0,0.0,0.0,0.0,20.2237,0.0,0.0,60.748000000000005,37.5691,0.0,0.0,0.0,0.0,4.5641,73.1629,16.570700000000002,0.0,0.0,0.0,55.5418,9.060799999999999,49.3201,0.0,0.0,88.4465,8.638399999999999,34.5066,116.09020000000001,300.3866,66.7543,0.0,0.0,0.0028
0.0,0.0,0.0,19.0113,0.0,475.8398,130.8244,0.0,0.0,21.355600000000003,1.1884,0.0,13.834900000000001,384.47850000000005,592.7735,0.3868,0.0,23.719,0.0,454.25199999999995,1452.6784999999998,0.0,7.686299999999999,274.16159999999996,355.4761,0.0,0.0,0.0,0.0,0.0,34.382099999999994,227.60060000000001,0.0,0.0,0.0,0.0,0.3406,0.0,0.0,0.0,0.0,0.0,0.0,0.0,0.0,0.0,0.0,0.0,0.0,0.0,0.0,0.0,0.0,0.0,0.6486999999999999,0.0,0.0,0.0,0.0,0.0,0.0,7.5173000000000005,0.0,0.0,0.0,0.0,0.0,0.0,236.4468,0.0,0.0,0.0,0.0,15.5563,35.0257,0.0,83.8815,0.0,0.0,0.0,0.0,0.0,0.0,0.0,0.8396,0.0,0.0,0.0,0.0,0.0,176.9471,0.0,0.0,0.0,0.0,0.0,20.2237,0.0,0.0,60.748000000000005,37.5691,0.0,0.0,0.0,0.0,4.5641,73.1629,16.570700000000002,0.0,0.0,0.0,55.5418,9.060799999999999,49.3201,0.0,0.0,88.4465,8.638399999999999,34.5066,116.09020000000001,300.3866,66.7543,0.0,0.0,0.0028
0.0,0.0,0.0,19.0113,0.0,475.8398,130.8244,0.0,0.0,21.355600000000003,1.1884,0.0,13.834900000000001,384.47850000000005,592.7735,0.3868,0.0,23.719,0.0,454.25199999999995,1452.6784999999998,0.0,7.686299999999999,274.16159999999996,355.4761,0.0,0.0,0.0,0.0,0.0,34.382099999999994,227.60060000000001,0.0,0.0,0.0,0.0,0.3406,0.0,0.0,0.0,0.0,0.0,0.0,0.0,0.0,0.0,0.0,0.0,0.0,0.0,0.0,0.0,0.0,0.0,0.6486999999999999,0.0,0.0,0.0,0.0,0.0,0.0,7.5173000000000005,0.0,0.0,0.0,0.0,0.0,0.0,236.4468,0.0,0.0,0.0,0.0,15.5563,35.0257,0.0,83.8815,0.0,0.0,0.0,0.0,0.0,0.0,0.0,0.8396,0.0,0.0,0.0,0.0,0.0,176.9471,0.0,0.0,0.0,0.0,0.0,20.2237,0.0,0.0,60.748000000000005,37.5691,0.0,0.0,0.0,0.0,4.5641,73.1629,16.570700000000002,0.0,0.0,0.0,55.5418,9.060799999999999,49.3201,0.0,0.0,88.4465,8.638399999999999,34.5066,116.09020000000001,300.3866,66.7543,0.0,0.0,0.0028
0.0,0.0,0.0,19.0113,0.0,475.8398,130.8244,0.0,0.0,21.355600000000003,1.1884,0.0,13.834900000000001,384.47850000000005,592.7735,0.3868,0.0,23.719,0.0,454.25199999999995,1452.6784999999998,0.0,7.686299999999999,274.16159999999996,355.4761,0.0,0.0,0.0,0.0,0.0,34.382099999999994,227.60060000000001,0.0,0.0,0.0,0.0,0.3406,0.0,0.0,0.0,0.0,0.0,0.0,0.0,0.0,0.0,0.0,0.0,0.0,0.0,0.0,0.0,0.0,0.0,0.6486999999999999,0.0,0.0,0.0,0.0,0.0,0.0,7.5173000000000005,0.0,0.0,0.0,0.0,0.0,0.0,236.4468,0.0,0.0,0.0,0.0,15.5563,35.0257,0.0,83.8815,0.0,0.0,0.0,0.0,0.0,0.0,0.0,0.8396,0.0,0.0,0.0,0.0,0.0,176.9471,0.0,0.0,0.0,0.0,0.0,20.2237,0.0,0.0,60.748000000000005,37.5691,0.0,0.0,0.0,0.0,4.5641,73.1629,16.570700000000002,0.0,0.0,0.0,55.5418,9.060799999999999,49.3201,0.0,0.0,88.4465,8.638399999999999,34.5066,116.09020000000001,300.3866,66.7543,0.0,0.0,0.0028
0.0,0.0,0.0,19.0113,0.0,475.8398,130.8244,0.0,0.0,21.355600000000003,1.1884,0.0,13.834900000000001,384.47850000000005,592.7735,0.3868,0.0,23.719,0.0,454.25199999999995,1452.6784999999998,0.0,7.686299999999999,274.16159999999996,355.4761,0.0,0.0,0.0,0.0,0.0,34.382099999999994,227.60060000000001,0.0,0.0,0.0,0.0,0.3406,0.0,0.0,0.0,0.0,0.0,0.0,0.0,0.0,0.0,0.0,0.0,0.0,0.0,0.0,0.0,0.0,0.0,0.6486999999999999,0.0,0.0,0.0,0.0,0.0,0.0,7.5173000000000005,0.0,0.0,0.0,0.0,0.0,0.0,236.4468,0.0,0.0,0.0,0.0,15.5563,35.0257,0.0,83.8815,0.0,0.0,0.0,0.0,0.0,0.0,0.0,0.8396,0.0,0.0,0.0,0.0,0.0,176.9471,0.0,0.0,0.0,0.0,0.0,20.2237,0.0,0.0,60.748000000000005,37.5691,0.0,0.0,0.0,0.0,4.5641,73.1629,16.570700000000002,0.0,0.0,0.0,55.5418,9.060799999999999,49.3201,0.0,0.0,88.4465,8.638399999999999,34.5066,116.09020000000001,300.3866,66.7543,0.0,0.0,0.0028
0.0,0.0,0.0,19.0113,0.0,475.8398,130.8244,0.0,0.0,21.355600000000003,1.1884,0.0,13.834900000000001,384.47850000000005,592.7735,0.3868,0.0,23.719,0.0,454.25199999999995,1452.6784999999998,0.0,7.686299999999999,274.16159999999996,355.4761,0.0,0.0,0.0,0.0,0.0,34.382099999999994,227.60060000000001,0.0,0.0,0.0,0.0,0.3406,0.0,0.0,0.0,0.0,0.0,0.0,0.0,0.0,0.0,0.0,0.0,0.0,0.0,0.0,0.0,0.0,0.0,0.6486999999999999,0.0,0.0,0.0,0.0,0.0,0.0,7.5173000000000005,0.0,0.0,0.0,0.0,0.0,0.0,236.4468,0.0,0.0,0.0,0.0,15.5563,35.0257,0.0,83.8815,0.0,0.0,0.0,0.0,0.0,0.0,0.0,0.8396,0.0,0.0,0.0,0.0,0.0,176.9471,0.0,0.0,0.0,0.0,0.0,20.2237,0.0,0.0,60.748000000000005,37.5691,0.0,0.0,0.0,0.0,4.5641,73.1629,16.570700000000002,0.0,0.0,0.0,55.5418,9.060799999999999,49.3201,0.0,0.0,88.4465,8.638399999999999,34.5066,116.09020000000001,300.3866,66.7543,0.0,0.0,0.0028
0.0,0.0,0.0,19.0113,0.0,475.8398,130.8244,0.0,0.0,21.355600000000003,1.1884,0.0,13.834900000000001,384.47850000000005,592.7735,0.3868,0.0,23.719,0.0,454.25199999999995,1452.6784999999998,0.0,7.686299999999999,274.16159999999996,355.4761,0.0,0.0,0.0,0.0,0.0,34.382099999999994,227.60060000000001,0.0,0.0,0.0,0.0,0.3406,0.0,0.0,0.0,0.0,0.0,0.0,0.0,0.0,0.0,0.0,0.0,0.0,0.0,0.0,0.0,0.0,0.0,0.6486999999999999,0.0,0.0,0.0,0.0,0.0,0.0,7.5173000000000005,0.0,0.0,0.0,0.0,0.0,0.0,236.4468,0.0,0.0,0.0,0.0,15.5563,35.0257,0.0,83.8815,0.0,0.0,0.0,0.0,0.0,0.0,0.0,0.8396,0.0,0.0,0.0,0.0,0.0,176.9471,0.0,0.0,0.0,0.0,0.0,20.2237,0.0,0.0,60.748000000000005,37.5691,0.0,0.0,0.0,0.0,4.5641,73.1629,16.570700000000002,0.0,0.0,0.0,55.5418,9.060799999999999,49.3201,0.0,0.0,88.4465,8.638399999999999,34.5066,116.09020000000001,300.3866,66.7543,0.0,0.0,0.0028
0.0,0.0,0.0,21.0892,0.0,513.9851999999998,126.3214,0.0,0.0,24.5652,1.2479,0.0,14.784999999999998,442.2626,672.771,0.3176,0.0,19.3779,0.0,342.99,1638.8263,0.0,6.4873,257.6089,347.62850000000003,0.0,0.0,0.0,0.0,0.0,31.533,208.9956,0.0,0.0,0.0,0.0,0.3235,0.0,0.0,0.0,0.0,0.0,0.0,0.0,0.0,0.0,0.0,0.0,0.0,0.0,0.0,0.0,0.0,0.0,0.5482,0.0,0.0,0.0,0.0,0.0,0.0,7.2459999999999996,0.0,0.0,0.0,0.0,0.0,0.0,235.15050000000002,0.0,0.0,0.0,0.0,15.837700000000002,34.8337,0.0,83.4217,0.0,0.0,0.0,0.0,0.0,0.0,0.0,0.5878,0.0,0.0,0.0,0.0,0.0,94.6787,0.0,0.0,0.0,0.0,0.0,19.2215,0.0,0.0,57.93059999999999,36.0135,0.0,0.0,0.0,0.0,6.0035,68.27109999999999,17.7516,0.0,0.0,0.0,52.7892,9.236899999999999,53.5028,0.0,0.0,79.7488,9.2316,32.7967,107.4367,321.01329999999996,66.30250000000001,0.0,0.0,0.002
0.0,0.0,0.0,21.0892,0.0,513.9851999999998,126.3214,0.0,0.0,24.5652,1.2479,0.0,14.784999999999998,442.2626,672.771,0.3176,0.0,19.3779,0.0,342.99,1638.8263,0.0,6.4873,257.6089,347.62850000000003,0.0,0.0,0.0,0.0,0.0,31.533,208.9956,0.0,0.0,0.0,0.0,0.3235,0.0,0.0,0.0,0.0,0.0,0.0,0.0,0.0,0.0,0.0,0.0,0.0,0.0,0.0,0.0,0.0,0.0,0.5482,0.0,0.0,0.0,0.0,0.0,0.0,7.2459999999999996,0.0,0.0,0.0,0.0,0.0,0.0,235.15050000000002,0.0,0.0,0.0,0.0,15.837700000000002,34.8337,0.0,83.4217,0.0,0.0,0.0,0.0,0.0,0.0,0.0,0.5878,0.0,0.0,0.0,0.0,0.0,94.6787,0.0,0.0,0.0,0.0,0.0,19.2215,0.0,0.0,57.93059999999999,36.0135,0.0,0.0,0.0,0.0,6.0035,68.27109999999999,17.7516,0.0,0.0,0.0,52.7892,9.236899999999999,53.5028,0.0,0.0,79.7488,9.2316,32.7967,107.4367,321.01329999999996,66.30250000000001,0.0,0.0,0.002
0.0,0.0,0.0,21.0892,0.0,513.9851999999998,126.3214,0.0,0.0,24.5652,1.2479,0.0,14.784999999999998,442.2626,672.771,0.3176,0.0,19.3779,0.0,342.99,1638.8263,0.0,6.4873,257.6089,347.62850000000003,0.0,0.0,0.0,0.0,0.0,31.533,208.9956,0.0,0.0,0.0,0.0,0.3235,0.0,0.0,0.0,0.0,0.0,0.0,0.0,0.0,0.0,0.0,0.0,0.0,0.0,0.0,0.0,0.0,0.0,0.5482,0.0,0.0,0.0,0.0,0.0,0.0,7.2459999999999996,0.0,0.0,0.0,0.0,0.0,0.0,235.15050000000002,0.0,0.0,0.0,0.0,15.837700000000002,34.8337,0.0,83.4217,0.0,0.0,0.0,0.0,0.0,0.0,0.0,0.5878,0.0,0.0,0.0,0.0,0.0,94.6787,0.0,0.0,0.0,0.0,0.0,19.2215,0.0,0.0,57.93059999999999,36.0135,0.0,0.0,0.0,0.0,6.0035,68.27109999999999,17.7516,0.0,0.0,0.0,52.7892,9.236899999999999,53.5028,0.0,0.0,79.7488,9.2316,32.7967,107.4367,321.01329999999996,66.30250000000001,0.0,0.0,0.002
0.0,0.0,0.0,21.0892,0.0,513.9851999999998,126.3214,0.0,0.0,24.5652,1.2479,0.0,14.784999999999998,442.2626,672.771,0.3176,0.0,19.3779,0.0,342.99,1638.8263,0.0,6.4873,257.6089,347.62850000000003,0.0,0.0,0.0,0.0,0.0,31.533,208.9956,0.0,0.0,0.0,0.0,0.3235,0.0,0.0,0.0,0.0,0.0,0.0,0.0,0.0,0.0,0.0,0.0,0.0,0.0,0.0,0.0,0.0,0.0,0.5482,0.0,0.0,0.0,0.0,0.0,0.0,7.2459999999999996,0.0,0.0,0.0,0.0,0.0,0.0,235.15050000000002,0.0,0.0,0.0,0.0,15.837700000000002,34.8337,0.0,83.4217,0.0,0.0,0.0,0.0,0.0,0.0,0.0,0.5878,0.0,0.0,0.0,0.0,0.0,94.6787,0.0,0.0,0.0,0.0,0.0,19.2215,0.0,0.0,57.93059999999999,36.0135,0.0,0.0,0.0,0.0,6.0035,68.27109999999999,17.7516,0.0,0.0,0.0,52.7892,9.236899999999999,53.5028,0.0,0.0,79.7488,9.2316,32.7967,107.4367,321.01329999999996,66.30250000000001,0.0,0.0,0.002
0.0,0.0,0.0,21.0892,0.0,513.9851999999998,126.3214,0.0,0.0,24.5652,1.2479,0.0,14.784999999999998,442.2626,672.771,0.3176,0.0,19.3779,0.0,342.99,1638.8263,0.0,6.4873,257.6089,347.62850000000003,0.0,0.0,0.0,0.0,0.0,31.533,208.9956,0.0,0.0,0.0,0.0,0.3235,0.0,0.0,0.0,0.0,0.0,0.0,0.0,0.0,0.0,0.0,0.0,0.0,0.0,0.0,0.0,0.0,0.0,0.5482,0.0,0.0,0.0,0.0,0.0,0.0,7.2459999999999996,0.0,0.0,0.0,0.0,0.0,0.0,235.15050000000002,0.0,0.0,0.0,0.0,15.837700000000002,34.8337,0.0,83.4217,0.0,0.0,0.0,0.0,0.0,0.0,0.0,0.5878,0.0,0.0,0.0,0.0,0.0,94.6787,0.0,0.0,0.0,0.0,0.0,19.2215,0.0,0.0,57.93059999999999,36.0135,0.0,0.0,0.0,0.0,6.0035,68.27109999999999,17.7516,0.0,0.0,0.0,52.7892,9.236899999999999,53.5028,0.0,0.0,79.7488,9.2316,32.7967,107.4367,321.01329999999996,66.30250000000001,0.0,0.0,0.002
0.0,0.0,0.0,21.0892,0.0,513.9851999999998,126.3214,0.0,0.0,24.5652,1.2479,0.0,14.784999999999998,442.2626,672.771,0.3176,0.0,19.3779,0.0,342.99,1638.8263,0.0,6.4873,257.6089,347.62850000000003,0.0,0.0,0.0,0.0,0.0,31.533,208.9956,0.0,0.0,0.0,0.0,0.3235,0.0,0.0,0.0,0.0,0.0,0.0,0.0,0.0,0.0,0.0,0.0,0.0,0.0,0.0,0.0,0.0,0.0,0.5482,0.0,0.0,0.0,0.0,0.0,0.0,7.2459999999999996,0.0,0.0,0.0,0.0,0.0,0.0,235.15050000000002,0.0,0.0,0.0,0.0,15.837700000000002,34.8337,0.0,83.4217,0.0,0.0,0.0,0.0,0.0,0.0,0.0,0.5878,0.0,0.0,0.0,0.0,0.0,94.6787,0.0,0.0,0.0,0.0,0.0,19.2215,0.0,0.0,57.93059999999999,36.0135,0.0,0.0,0.0,0.0,6.0035,68.27109999999999,17.7516,0.0,0.0,0.0,52.7892,9.236899999999999,53.5028,0.0,0.0,79.7488,9.2316,32.7967,107.4367,321.01329999999996,66.30250000000001,0.0,0.0,0.002
0.0,0.0,0.0,21.0892,0.0,513.9851999999998,126.3214,0.0,0.0,24.5652,1.2479,0.0,14.784999999999998,442.2626,672.771,0.3176,0.0,19.3779,0.0,342.99,1638.8263,0.0,6.4873,257.6089,347.62850000000003,0.0,0.0,0.0,0.0,0.0,31.533,208.9956,0.0,0.0,0.0,0.0,0.3235,0.0,0.0,0.0,0.0,0.0,0.0,0.0,0.0,0.0,0.0,0.0,0.0,0.0,0.0,0.0,0.0,0.0,0.5482,0.0,0.0,0.0,0.0,0.0,0.0,7.2459999999999996,0.0,0.0,0.0,0.0,0.0,0.0,235.15050000000002,0.0,0.0,0.0,0.0,15.837700000000002,34.8337,0.0,83.4217,0.0,0.0,0.0,0.0,0.0,0.0,0.0,0.5878,0.0,0.0,0.0,0.0,0.0,94.6787,0.0,0.0,0.0,0.0,0.0,19.2215,0.0,0.0,57.93059999999999,36.0135,0.0,0.0,0.0,0.0,6.0035,68.27109999999999,17.7516,0.0,0.0,0.0,52.7892,9.236899999999999,53.5028,0.0,0.0,79.7488,9.2316,32.7967,107.4367,321.01329999999996,66.30250000000001,0.0,0.0,0.002
0.0,0.0,0.0,15.0238,0.0,411.41100000000006,107.53679999999999,0.0,0.0,22.822400000000002,1.2486,0.0,14.7573,411.8898,750.3156,0.2865,0.0,7.4733,0.0,351.0214,1555.9158,0.0,6.3039000000000005,209.62910000000002,286.08259999999996,0.0,0.0,0.0,0.0,0.0,20.125,49.62420000000001,0.0,0.0,0.0,0.0,1.7377,0.0,0.0,0.0,0.0,0.0,0.0,0.0,0.0,0.0,0.0,0.0,0.0,0.0,0.0,0.0,0.0,0.0,0.8070999999999999,0.0,0.0,0.0,0.0,0.0,0.0,7.8612,0.0,0.0,0.0,0.0,0.0,0.0,189.71570000000003,0.0,0.0,0.0,0.0,13.962,32.214800000000004,0.0,69.9311,0.0,0.0,0.0,0.0,0.0,0.0,0.0,0.1704,0.0,0.0,0.0,0.0,0.0,215.0074,0.0,0.0,0.0,0.0,0.0,19.9978,0.0,0.0,53.42770000000001,38.7079,0.0,0.0,0.0,0.0,5.5756,55.5118,3.9146,0.0,0.0,0.0,54.9212,4.2917,22.1419,0.0,0.0,51.3407,9.214400000000001,34.1211,62.3445,244.1221,47.2261,0.0,0.0,0.0017
0.0,0.0,0.0,15.0238,0.0,411.41100000000006,107.53679999999999,0.0,0.0,22.822400000000002,1.2486,0.0,14.7573,411.8898,750.3156,0.2865,0.0,7.4733,0.0,351.0214,1555.9158,0.0,6.3039000000000005,209.62910000000002,286.08259999999996,0.0,0.0,0.0,0.0,0.0,20.125,49.62420000000001,0.0,0.0,0.0,0.0,1.7377,0.0,0.0,0.0,0.0,0.0,0.0,0.0,0.0,0.0,0.0,0.0,0.0,0.0,0.0,0.0,0.0,0.0,0.8070999999999999,0.0,0.0,0.0,0.0,0.0,0.0,7.8612,0.0,0.0,0.0,0.0,0.0,0.0,189.71570000000003,0.0,0.0,0.0,0.0,13.962,32.214800000000004,0.0,69.9311,0.0,0.0,0.0,0.0,0.0,0.0,0.0,0.1704,0.0,0.0,0.0,0.0,0.0,215.0074,0.0,0.0,0.0,0.0,0.0,19.9978,0.0,0.0,53.42770000000001,38.7079,0.0,0.0,0.0,0.0,5.5756,55.5118,3.9146,0.0,0.0,0.0,54.9212,4.2917,22.1419,0.0,0.0,51.3407,9.214400000000001,34.1211,62.3445,244.1221,47.2261,0.0,0.0,0.0017
0.0,0.0,0.0,15.0238,0.0,411.41100000000006,107.53679999999999,0.0,0.0,22.822400000000002,1.2486,0.0,14.7573,411.8898,750.3156,0.2865,0.0,7.4733,0.0,351.0214,1555.9158,0.0,6.3039000000000005,209.62910000000002,286.08259999999996,0.0,0.0,0.0,0.0,0.0,20.125,49.62420000000001,0.0,0.0,0.0,0.0,1.7377,0.0,0.0,0.0,0.0,0.0,0.0,0.0,0.0,0.0,0.0,0.0,0.0,0.0,0.0,0.0,0.0,0.0,0.8070999999999999,0.0,0.0,0.0,0.0,0.0,0.0,7.8612,0.0,0.0,0.0,0.0,0.0,0.0,189.71570000000003,0.0,0.0,0.0,0.0,13.962,32.214800000000004,0.0,69.9311,0.0,0.0,0.0,0.0,0.0,0.0,0.0,0.1704,0.0,0.0,0.0,0.0,0.0,215.0074,0.0,0.0,0.0,0.0,0.0,19.9978,0.0,0.0,53.42770000000001,38.7079,0.0,0.0,0.0,0.0,5.5756,55.5118,3.9146,0.0,0.0,0.0,54.9212,4.2917,22.1419,0.0,0.0,51.3407,9.214400000000001,34.1211,62.3445,244.1221,47.2261,0.0,0.0,0.0017
0.0,0.0,0.0,15.0238,0.0,411.41100000000006,107.53679999999999,0.0,0.0,22.822400000000002,1.2486,0.0,14.7573,411.8898,750.3156,0.2865,0.0,7.4733,0.0,351.0214,1555.9158,0.0,6.3039000000000005,209.62910000000002,286.08259999999996,0.0,0.0,0.0,0.0,0.0,20.125,49.62420000000001,0.0,0.0,0.0,0.0,1.7377,0.0,0.0,0.0,0.0,0.0,0.0,0.0,0.0,0.0,0.0,0.0,0.0,0.0,0.0,0.0,0.0,0.0,0.8070999999999999,0.0,0.0,0.0,0.0,0.0,0.0,7.8612,0.0,0.0,0.0,0.0,0.0,0.0,189.71570000000003,0.0,0.0,0.0,0.0,13.962,32.214800000000004,0.0,69.9311,0.0,0.0,0.0,0.0,0.0,0.0,0.0,0.1704,0.0,0.0,0.0,0.0,0.0,215.0074,0.0,0.0,0.0,0.0,0.0,19.9978,0.0,0.0,53.42770000000001,38.7079,0.0,0.0,0.0,0.0,5.5756,55.5118,3.9146,0.0,0.0,0.0,54.9212,4.2917,22.1419,0.0,0.0,51.3407,9.214400000000001,34.1211,62.3445,244.1221,47.2261,0.0,0.0,0.0017
0.0,0.0,0.0,15.0238,0.0,411.41100000000006,107.53679999999999,0.0,0.0,22.822400000000002,1.2486,0.0,14.7573,411.8898,750.3156,0.2865,0.0,7.4733,0.0,351.0214,1555.9158,0.0,6.3039000000000005,209.62910000000002,286.08259999999996,0.0,0.0,0.0,0.0,0.0,20.125,49.62420000000001,0.0,0.0,0.0,0.0,1.7377,0.0,0.0,0.0,0.0,0.0,0.0,0.0,0.0,0.0,0.0,0.0,0.0,0.0,0.0,0.0,0.0,0.0,0.8070999999999999,0.0,0.0,0.0,0.0,0.0,0.0,7.8612,0.0,0.0,0.0,0.0,0.0,0.0,189.71570000000003,0.0,0.0,0.0,0.0,13.962,32.214800000000004,0.0,69.9311,0.0,0.0,0.0,0.0,0.0,0.0,0.0,0.1704,0.0,0.0,0.0,0.0,0.0,215.0074,0.0,0.0,0.0,0.0,0.0,19.9978,0.0,0.0,53.42770000000001,38.7079,0.0,0.0,0.0,0.0,5.5756,55.5118,3.9146,0.0,0.0,0.0,54.9212,4.2917,22.1419,0.0,0.0,51.3407,9.214400000000001,34.1211,62.3445,244.1221,47.2261,0.0,0.0,0.0017
0.0,0.0,0.0,15.0238,0.0,411.41100000000006,107.53679999999999,0.0,0.0,22.822400000000002,1.2486,0.0,14.7573,411.8898,750.3156,0.2865,0.0,7.4733,0.0,351.0214,1555.9158,0.0,6.3039000000000005,209.62910000000002,286.08259999999996,0.0,0.0,0.0,0.0,0.0,20.125,49.62420000000001,0.0,0.0,0.0,0.0,1.7377,0.0,0.0,0.0,0.0,0.0,0.0,0.0,0.0,0.0,0.0,0.0,0.0,0.0,0.0,0.0,0.0,0.0,0.8070999999999999,0.0,0.0,0.0,0.0,0.0,0.0,7.8612,0.0,0.0,0.0,0.0,0.0,0.0,189.71570000000003,0.0,0.0,0.0,0.0,13.962,32.214800000000004,0.0,69.9311,0.0,0.0,0.0,0.0,0.0,0.0,0.0,0.1704,0.0,0.0,0.0,0.0,0.0,215.0074,0.0,0.0,0.0,0.0,0.0,19.9978,0.0,0.0,53.42770000000001,38.7079,0.0,0.0,0.0,0.0,5.5756,55.5118,3.9146,0.0,0.0,0.0,54.9212,4.2917,22.1419,0.0,0.0,51.3407,9.214400000000001,34.1211,62.3445,244.1221,47.2261,0.0,0.0,0.0017
0.0,0.0,0.0,15.0238,0.0,411.41100000000006,107.53679999999999,0.0,0.0,22.822400000000002,1.2486,0.0,14.7573,411.8898,750.3156,0.2865,0.0,7.4733,0.0,351.0214,1555.9158,0.0,6.3039000000000005,209.62910000000002,286.08259999999996,0.0,0.0,0.0,0.0,0.0,20.125,49.62420000000001,0.0,0.0,0.0,0.0,1.7377,0.0,0.0,0.0,0.0,0.0,0.0,0.0,0.0,0.0,0.0,0.0,0.0,0.0,0.0,0.0,0.0,0.0,0.8070999999999999,0.0,0.0,0.0,0.0,0.0,0.0,7.8612,0.0,0.0,0.0,0.0,0.0,0.0,189.71570000000003,0.0,0.0,0.0,0.0,13.962,32.214800000000004,0.0,69.9311,0.0,0.0,0.0,0.0,0.0,0.0,0.0,0.1704,0.0,0.0,0.0,0.0,0.0,215.0074,0.0,0.0,0.0,0.0,0.0,19.9978,0.0,0.0,53.42770000000001,38.7079,0.0,0.0,0.0,0.0,5.5756,55.5118,3.9146,0.0,0.0,0.0,54.9212,4.2917,22.1419,0.0,0.0,51.3407,9.214400000000001,34.1211,62.3445,244.1221,47.2261,0.0,0.0,0.0017
0.0,0.0,0.0,18.0074,0.0,480.7011,151.7205,0.0,0.0,19.5305,1.4233,0.0,14.6827,352.4803,672.2377,0.4205,0.0,9.2135,0.0,366.3096,1430.8196000000003,0.0,6.265,206.0684,282.53069999999997,0.0,0.0,0.0,0.0,0.0,23.0409,57.78270000000001,0.0,0.0,0.0,0.0,2.5513,0.0,0.0,0.0,0.0,0.0,0.0,0.0,0.0,0.0,0.0,0.0,0.0,0.0,0.0,0.0,0.0,0.0,0.8410000000000001,0.0,0.0,0.0,0.0,0.0,0.0,8.154,0.0,0.0,0.0,0.0,0.0,0.0,181.8977,0.0,0.0,0.0,0.0,13.634699999999999,30.887300000000003,0.0,67.0493,0.0,0.0,0.0,0.0,0.0,0.0,0.0,0.2973,0.0,0.0,0.0,0.0,0.0,31.0052,0.0,0.0,0.0,0.0,0.0,19.4506,0.0,0.0,50.506299999999996,43.9143,0.0,0.0,0.0,0.0,3.9498,60.421200000000006,4.0882,0.0,0.0,0.0,53.418400000000005,4.1425,12.5699,0.0,0.0,52.1343,9.1679,33.1875,71.961,242.89170000000001,47.9653,0.0,0.0,0.0014
0.0,0.0,0.0,18.0074,0.0,480.7011,151.7205,0.0,0.0,19.5305,1.4233,0.0,14.6827,352.4803,672.2377,0.4205,0.0,9.2135,0.0,366.3096,1430.8196000000003,0.0,6.265,206.0684,282.53069999999997,0.0,0.0,0.0,0.0,0.0,23.0409,57.78270000000001,0.0,0.0,0.0,0.0,2.5513,0.0,0.0,0.0,0.0,0.0,0.0,0.0,0.0,0.0,0.0,0.0,0.0,0.0,0.0,0.0,0.0,0.0,0.8410000000000001,0.0,0.0,0.0,0.0,0.0,0.0,8.154,0.0,0.0,0.0,0.0,0.0,0.0,181.8977,0.0,0.0,0.0,0.0,13.634699999999999,30.887300000000003,0.0,67.0493,0.0,0.0,0.0,0.0,0.0,0.0,0.0,0.2973,0.0,0.0,0.0,0.0,0.0,31.0052,0.0,0.0,0.0,0.0,0.0,19.4506,0.0,0.0,50.506299999999996,43.9143,0.0,0.0,0.0,0.0,3.9498,60.421200000000006,4.0882,0.0,0.0,0.0,53.418400000000005,4.1425,12.5699,0.0,0.0,52.1343,9.1679,33.1875,71.961,242.89170000000001,47.9653,0.0,0.0,0.0014
0.0,0.0,0.0,18.0074,0.0,480.7011,151.7205,0.0,0.0,19.5305,1.4233,0.0,14.6827,352.4803,672.2377,0.4205,0.0,9.2135,0.0,366.3096,1430.8196000000003,0.0,6.265,206.0684,282.53069999999997,0.0,0.0,0.0,0.0,0.0,23.0409,57.78270000000001,0.0,0.0,0.0,0.0,2.5513,0.0,0.0,0.0,0.0,0.0,0.0,0.0,0.0,0.0,0.0,0.0,0.0,0.0,0.0,0.0,0.0,0.0,0.8410000000000001,0.0,0.0,0.0,0.0,0.0,0.0,8.154,0.0,0.0,0.0,0.0,0.0,0.0,181.8977,0.0,0.0,0.0,0.0,13.634699999999999,30.887300000000003,0.0,67.0493,0.0,0.0,0.0,0.0,0.0,0.0,0.0,0.2973,0.0,0.0,0.0,0.0,0.0,31.0052,0.0,0.0,0.0,0.0,0.0,19.4506,0.0,0.0,50.506299999999996,43.9143,0.0,0.0,0.0,0.0,3.9498,60.421200000000006,4.0882,0.0,0.0,0.0,53.418400000000005,4.1425,12.5699,0.0,0.0,52.1343,9.1679,33.1875,71.961,242.89170000000001,47.9653,0.0,0.0,0.0014
0.0,0.0,0.0,18.0074,0.0,480.7011,151.7205,0.0,0.0,19.5305,1.4233,0.0,14.6827,352.4803,672.2377,0.4205,0.0,9.2135,0.0,366.3096,1430.8196000000003,0.0,6.265,206.0684,282.53069999999997,0.0,0.0,0.0,0.0,0.0,23.0409,57.78270000000001,0.0,0.0,0.0,0.0,2.5513,0.0,0.0,0.0,0.0,0.0,0.0,0.0,0.0,0.0,0.0,0.0,0.0,0.0,0.0,0.0,0.0,0.0,0.8410000000000001,0.0,0.0,0.0,0.0,0.0,0.0,8.154,0.0,0.0,0.0,0.0,0.0,0.0,181.8977,0.0,0.0,0.0,0.0,13.634699999999999,30.887300000000003,0.0,67.0493,0.0,0.0,0.0,0.0,0.0,0.0,0.0,0.2973,0.0,0.0,0.0,0.0,0.0,31.0052,0.0,0.0,0.0,0.0,0.0,19.4506,0.0,0.0,50.506299999999996,43.9143,0.0,0.0,0.0,0.0,3.9498,60.421200000000006,4.0882,0.0,0.0,0.0,53.418400000000005,4.1425,12.5699,0.0,0.0,52.1343,9.1679,33.1875,71.961,242.89170000000001,47.9653,0.0,0.0,0.0014
0.0,0.0,0.0,18.0074,0.0,480.7011,151.7205,0.0,0.0,19.5305,1.4233,0.0,14.6827,352.4803,672.2377,0.4205,0.0,9.2135,0.0,366.3096,1430.8196000000003,0.0,6.265,206.0684,282.53069999999997,0.0,0.0,0.0,0.0,0.0,23.0409,57.78270000000001,0.0,0.0,0.0,0.0,2.5513,0.0,0.0,0.0,0.0,0.0,0.0,0.0,0.0,0.0,0.0,0.0,0.0,0.0,0.0,0.0,0.0,0.0,0.8410000000000001,0.0,0.0,0.0,0.0,0.0,0.0,8.154,0.0,0.0,0.0,0.0,0.0,0.0,181.8977,0.0,0.0,0.0,0.0,13.634699999999999,30.887300000000003,0.0,67.0493,0.0,0.0,0.0,0.0,0.0,0.0,0.0,0.2973,0.0,0.0,0.0,0.0,0.0,31.0052,0.0,0.0,0.0,0.0,0.0,19.4506,0.0,0.0,50.506299999999996,43.9143,0.0,0.0,0.0,0.0,3.9498,60.421200000000006,4.0882,0.0,0.0,0.0,53.418400000000005,4.1425,12.5699,0.0,0.0,52.1343,9.1679,33.1875,71.961,242.89170000000001,47.9653,0.0,0.0,0.0014
0.0,0.0,0.0,18.0074,0.0,480.7011,151.7205,0.0,0.0,19.5305,1.4233,0.0,14.6827,352.4803,672.2377,0.4205,0.0,9.2135,0.0,366.3096,1430.8196000000003,0.0,6.265,206.0684,282.53069999999997,0.0,0.0,0.0,0.0,0.0,23.0409,57.78270000000001,0.0,0.0,0.0,0.0,2.5513,0.0,0.0,0.0,0.0,0.0,0.0,0.0,0.0,0.0,0.0,0.0,0.0,0.0,0.0,0.0,0.0,0.0,0.8410000000000001,0.0,0.0,0.0,0.0,0.0,0.0,8.154,0.0,0.0,0.0,0.0,0.0,0.0,181.8977,0.0,0.0,0.0,0.0,13.634699999999999,30.887300000000003,0.0,67.0493,0.0,0.0,0.0,0.0,0.0,0.0,0.0,0.2973,0.0,0.0,0.0,0.0,0.0,31.0052,0.0,0.0,0.0,0.0,0.0,19.4506,0.0,0.0,50.506299999999996,43.9143,0.0,0.0,0.0,0.0,3.9498,60.421200000000006,4.0882,0.0,0.0,0.0,53.418400000000005,4.1425,12.5699,0.0,0.0,52.1343,9.1679,33.1875,71.961,242.89170000000001,47.9653,0.0,0.0,0.0014
0.0,0.0,0.0,18.0074,0.0,480.7011,151.7205,0.0,0.0,19.5305,1.4233,0.0,14.6827,352.4803,672.2377,0.4205,0.0,9.2135,0.0,366.3096,1430.8196000000003,0.0,6.265,206.0684,282.53069999999997,0.0,0.0,0.0,0.0,0.0,23.0409,57.78270000000001,0.0,0.0,0.0,0.0,2.5513,0.0,0.0,0.0,0.0,0.0,0.0,0.0,0.0,0.0,0.0,0.0,0.0,0.0,0.0,0.0,0.0,0.0,0.8410000000000001,0.0,0.0,0.0,0.0,0.0,0.0,8.154,0.0,0.0,0.0,0.0,0.0,0.0,181.8977,0.0,0.0,0.0,0.0,13.634699999999999,30.887300000000003,0.0,67.0493,0.0,0.0,0.0,0.0,0.0,0.0,0.0,0.2973,0.0,0.0,0.0,0.0,0.0,31.0052,0.0,0.0,0.0,0.0,0.0,19.4506,0.0,0.0,50.506299999999996,43.9143,0.0,0.0,0.0,0.0,3.9498,60.421200000000006,4.0882,0.0,0.0,0.0,53.418400000000005,4.1425,12.5699,0.0,0.0,52.1343,9.1679,33.1875,71.961,242.89170000000001,47.9653,0.0,0.0,0.0014
0.0,0.0,0.0,19.096,0.0,497.46510000000006,124.8594,0.0,0.0,21.4789,3.0403,0.0,16.988799999999998,387.6427,751.6412,0.39289999999999997,0.0,8.919599999999999,0.0,375.727,1584.9450000000002,0.0,5.3461,205.6957,282.37840000000006,0.0,0.0,0.0,0.0,0.0,24.1759,61.224700000000006,0.0,0.0,0.0,0.0,2.8079,0.0,0.0,0.0,0.0,0.0,0.0,0.0,0.0,0.0,0.0,0.0,0.0,0.0,0.0,0.0,0.0,0.0,1.0155,0.0,0.0,0.0,0.0,0.0,0.0,8.2911,0.0,0.0,0.0,0.0,0.0,0.0,183.98090000000002,0.0,0.0,0.0,0.0,13.7064,31.241,0.0,67.8172,0.0,0.0,0.0,0.0,0.0,0.0,0.0,0.2704,0.0,0.0,0.0,0.0,0.0,478.9954,0.0,0.0,0.0,0.0,0.0,19.0657,0.0,0.0,49.5275,44.13230000000001,0.0,0.0,0.0,0.0,3.2314,59.1626,3.5324999999999998,0.0,0.0,0.0,52.3612,4.2446,10.1493,0.0,0.0,54.43129999999999,10.607700000000001,32.5306,72.0919,281.0358,48.8159,0.0,0.0,0.0016
0.0,0.0,0.0,19.096,0.0,497.46510000000006,124.8594,0.0,0.0,21.4789,3.0403,0.0,16.988799999999998,387.6427,751.6412,0.39289999999999997,0.0,8.919599999999999,0.0,375.727,1584.9450000000002,0.0,5.3461,205.6957,282.37840000000006,0.0,0.0,0.0,0.0,0.0,24.1759,61.224700000000006,0.0,0.0,0.0,0.0,2.8079,0.0,0.0,0.0,0.0,0.0,0.0,0.0,0.0,0.0,0.0,0.0,0.0,0.0,0.0,0.0,0.0,0.0,1.0155,0.0,0.0,0.0,0.0,0.0,0.0,8.2911,0.0,0.0,0.0,0.0,0.0,0.0,183.98090000000002,0.0,0.0,0.0,0.0,13.7064,31.241,0.0,67.8172,0.0,0.0,0.0,0.0,0.0,0.0,0.0,0.2704,0.0,0.0,0.0,0.0,0.0,478.9954,0.0,0.0,0.0,0.0,0.0,19.0657,0.0,0.0,49.5275,44.13230000000001,0.0,0.0,0.0,0.0,3.2314,59.1626,3.5324999999999998,0.0,0.0,0.0,52.3612,4.2446,10.1493,0.0,0.0,54.43129999999999,10.607700000000001,32.5306,72.0919,281.0358,48.8159,0.0,0.0,0.0016
0.0,0.0,0.0,19.096,0.0,497.46510000000006,124.8594,0.0,0.0,21.4789,3.0403,0.0,16.988799999999998,387.6427,751.6412,0.39289999999999997,0.0,8.919599999999999,0.0,375.727,1584.9450000000002,0.0,5.3461,205.6957,282.37840000000006,0.0,0.0,0.0,0.0,0.0,24.1759,61.224700000000006,0.0,0.0,0.0,0.0,2.8079,0.0,0.0,0.0,0.0,0.0,0.0,0.0,0.0,0.0,0.0,0.0,0.0,0.0,0.0,0.0,0.0,0.0,1.0155,0.0,0.0,0.0,0.0,0.0,0.0,8.2911,0.0,0.0,0.0,0.0,0.0,0.0,183.98090000000002,0.0,0.0,0.0,0.0,13.7064,31.241,0.0,67.8172,0.0,0.0,0.0,0.0,0.0,0.0,0.0,0.2704,0.0,0.0,0.0,0.0,0.0,478.9954,0.0,0.0,0.0,0.0,0.0,19.0657,0.0,0.0,49.5275,44.13230000000001,0.0,0.0,0.0,0.0,3.2314,59.1626,3.5324999999999998,0.0,0.0,0.0,52.3612,4.2446,10.1493,0.0,0.0,54.43129999999999,10.607700000000001,32.5306,72.0919,281.0358,48.8159,0.0,0.0,0.0016
0.0,0.0,0.0,19.096,0.0,497.46510000000006,124.8594,0.0,0.0,21.4789,3.0403,0.0,16.988799999999998,387.6427,751.6412,0.39289999999999997,0.0,8.919599999999999,0.0,375.727,1584.9450000000002,0.0,5.3461,205.6957,282.37840000000006,0.0,0.0,0.0,0.0,0.0,24.1759,61.224700000000006,0.0,0.0,0.0,0.0,2.8079,0.0,0.0,0.0,0.0,0.0,0.0,0.0,0.0,0.0,0.0,0.0,0.0,0.0,0.0,0.0,0.0,0.0,1.0155,0.0,0.0,0.0,0.0,0.0,0.0,8.2911,0.0,0.0,0.0,0.0,0.0,0.0,183.98090000000002,0.0,0.0,0.0,0.0,13.7064,31.241,0.0,67.8172,0.0,0.0,0.0,0.0,0.0,0.0,0.0,0.2704,0.0,0.0,0.0,0.0,0.0,478.9954,0.0,0.0,0.0,0.0,0.0,19.0657,0.0,0.0,49.5275,44.13230000000001,0.0,0.0,0.0,0.0,3.2314,59.1626,3.5324999999999998,0.0,0.0,0.0,52.3612,4.2446,10.1493,0.0,0.0,54.43129999999999,10.607700000000001,32.5306,72.0919,281.0358,48.8159,0.0,0.0,0.0016
0.0,0.0,0.0,19.096,0.0,497.46510000000006,124.8594,0.0,0.0,21.4789,3.0403,0.0,16.988799999999998,387.6427,751.6412,0.39289999999999997,0.0,8.919599999999999,0.0,375.727,1584.9450000000002,0.0,5.3461,205.6957,282.37840000000006,0.0,0.0,0.0,0.0,0.0,24.1759,61.224700000000006,0.0,0.0,0.0,0.0,2.8079,0.0,0.0,0.0,0.0,0.0,0.0,0.0,0.0,0.0,0.0,0.0,0.0,0.0,0.0,0.0,0.0,0.0,1.0155,0.0,0.0,0.0,0.0,0.0,0.0,8.2911,0.0,0.0,0.0,0.0,0.0,0.0,183.98090000000002,0.0,0.0,0.0,0.0,13.7064,31.241,0.0,67.8172,0.0,0.0,0.0,0.0,0.0,0.0,0.0,0.2704,0.0,0.0,0.0,0.0,0.0,478.9954,0.0,0.0,0.0,0.0,0.0,19.0657,0.0,0.0,49.5275,44.13230000000001,0.0,0.0,0.0,0.0,3.2314,59.1626,3.5324999999999998,0.0,0.0,0.0,52.3612,4.2446,10.1493,0.0,0.0,54.43129999999999,10.607700000000001,32.5306,72.0919,281.0358,48.8159,0.0,0.0,0.0016
0.0,0.0,0.0,19.096,0.0,497.46510000000006,124.8594,0.0,0.0,21.4789,3.0403,0.0,16.988799999999998,387.6427,751.6412,0.39289999999999997,0.0,8.919599999999999,0.0,375.727,1584.9450000000002,0.0,5.3461,205.6957,282.37840000000006,0.0,0.0,0.0,0.0,0.0,24.1759,61.224700000000006,0.0,0.0,0.0,0.0,2.8079,0.0,0.0,0.0,0.0,0.0,0.0,0.0,0.0,0.0,0.0,0.0,0.0,0.0,0.0,0.0,0.0,0.0,1.0155,0.0,0.0,0.0,0.0,0.0,0.0,8.2911,0.0,0.0,0.0,0.0,0.0,0.0,183.98090000000002,0.0,0.0,0.0,0.0,13.7064,31.241,0.0,67.8172,0.0,0.0,0.0,0.0,0.0,0.0,0.0,0.2704,0.0,0.0,0.0,0.0,0.0,478.9954,0.0,0.0,0.0,0.0,0.0,19.0657,0.0,0.0,49.5275,44.13230000000001,0.0,0.0,0.0,0.0,3.2314,59.1626,3.5324999999999998,0.0,0.0,0.0,52.3612,4.2446,10.1493,0.0,0.0,54.43129999999999,10.607700000000001,32.5306,72.0919,281.0358,48.8159,0.0,0.0,0.0016
0.0,0.0,0.0,19.096,0.0,497.46510000000006,124.8594,0.0,0.0,21.4789,3.0403,0.0,16.988799999999998,387.6427,751.6412,0.39289999999999997,0.0,8.919599999999999,0.0,375.727,1584.9450000000002,0.0,5.3461,205.6957,282.37840000000006,0.0,0.0,0.0,0.0,0.0,24.1759,61.224700000000006,0.0,0.0,0.0,0.0,2.8079,0.0,0.0,0.0,0.0,0.0,0.0,0.0,0.0,0.0,0.0,0.0,0.0,0.0,0.0,0.0,0.0,0.0,1.0155,0.0,0.0,0.0,0.0,0.0,0.0,8.2911,0.0,0.0,0.0,0.0,0.0,0.0,183.98090000000002,0.0,0.0,0.0,0.0,13.7064,31.241,0.0,67.8172,0.0,0.0,0.0,0.0,0.0,0.0,0.0,0.2704,0.0,0.0,0.0,0.0,0.0,478.9954,0.0,0.0,0.0,0.0,0.0,19.0657,0.0,0.0,49.5275,44.13230000000001,0.0,0.0,0.0,0.0,3.2314,59.1626,3.5324999999999998,0.0,0.0,0.0,52.3612,4.2446,10.1493,0.0,0.0,54.43129999999999,10.607700000000001,32.5306,72.0919,281.0358,48.8159,0.0,0.0,0.0016
0.0,0.0,0.0,21.0918,0.0,543.7720999999999,102.97030000000001,0.0,0.0,23.029799999999998,2.9086,0.0,20.588699999999996,415.632,840.7428,0.7484,0.0,13.3597,0.0,398.8683,1741.7714000000003,0.0,6.3279,193.05849999999998,277.3124999999999,0.0,0.0,0.0,0.0,0.0,46.5617,109.132,0.0,0.0,0.0,0.0,2.5001,0.0,0.0,0.0,0.0,0.0,0.0,0.0,0.0,0.0,0.0,0.0,0.0,0.0,0.0,0.0,0.0,0.0,0.8319,0.0,0.0,0.0,0.0,0.0,0.0,10.956800000000001,0.0,0.0,0.0,0.0,0.0,0.0,185.5727,0.0,0.0,0.0,0.0,13.738100000000001,31.5112,0.0,68.4039,0.0,0.0,0.0,0.0,0.0,0.0,0.0,0.9555,0.0,0.0,0.0,0.0,0.0,216.8462,0.0,0.0,0.0,0.0,0.0,18.5184,0.0,0.0,48.19200000000001,44.0436,0.0,0.0,0.0,0.0,5.6313,73.52570000000001,4.254,0.0,0.0,0.0,50.8583,4.3387,9.200099999999999,0.0,0.0,56.3006,12.8554,31.597099999999998,75.68979999999999,340.58979999999997,50.3009,0.0,0.0,0.0069
0.0,0.0,0.0,21.0918,0.0,543.7720999999999,102.97030000000001,0.0,0.0,23.029799999999998,2.9086,0.0,20.588699999999996,415.632,840.7428,0.7484,0.0,13.3597,0.0,398.8683,1741.7714000000003,0.0,6.3279,193.05849999999998,277.3124999999999,0.0,0.0,0.0,0.0,0.0,46.5617,109.132,0.0,0.0,0.0,0.0,2.5001,0.0,0.0,0.0,0.0,0.0,0.0,0.0,0.0,0.0,0.0,0.0,0.0,0.0,0.0,0.0,0.0,0.0,0.8319,0.0,0.0,0.0,0.0,0.0,0.0,10.956800000000001,0.0,0.0,0.0,0.0,0.0,0.0,185.5727,0.0,0.0,0.0,0.0,13.738100000000001,31.5112,0.0,68.4039,0.0,0.0,0.0,0.0,0.0,0.0,0.0,0.9555,0.0,0.0,0.0,0.0,0.0,216.8462,0.0,0.0,0.0,0.0,0.0,18.5184,0.0,0.0,48.19200000000001,44.0436,0.0,0.0,0.0,0.0,5.6313,73.52570000000001,4.254,0.0,0.0,0.0,50.8583,4.3387,9.200099999999999,0.0,0.0,56.3006,12.8554,31.597099999999998,75.68979999999999,340.58979999999997,50.3009,0.0,0.0,0.0069
0.0,0.0,0.0,21.0918,0.0,543.7720999999999,102.97030000000001,0.0,0.0,23.029799999999998,2.9086,0.0,20.588699999999996,415.632,840.7428,0.7484,0.0,13.3597,0.0,398.8683,1741.7714000000003,0.0,6.3279,193.05849999999998,277.3124999999999,0.0,0.0,0.0,0.0,0.0,46.5617,109.132,0.0,0.0,0.0,0.0,2.5001,0.0,0.0,0.0,0.0,0.0,0.0,0.0,0.0,0.0,0.0,0.0,0.0,0.0,0.0,0.0,0.0,0.0,0.8319,0.0,0.0,0.0,0.0,0.0,0.0,10.956800000000001,0.0,0.0,0.0,0.0,0.0,0.0,185.5727,0.0,0.0,0.0,0.0,13.738100000000001,31.5112,0.0,68.4039,0.0,0.0,0.0,0.0,0.0,0.0,0.0,0.9555,0.0,0.0,0.0,0.0,0.0,216.8462,0.0,0.0,0.0,0.0,0.0,18.5184,0.0,0.0,48.19200000000001,44.0436,0.0,0.0,0.0,0.0,5.6313,73.52570000000001,4.254,0.0,0.0,0.0,50.8583,4.3387,9.200099999999999,0.0,0.0,56.3006,12.8554,31.597099999999998,75.68979999999999,340.58979999999997,50.3009,0.0,0.0,0.0069
0.0,0.0,0.0,21.0918,0.0,543.7720999999999,102.97030000000001,0.0,0.0,23.029799999999998,2.9086,0.0,20.588699999999996,415.632,840.7428,0.7484,0.0,13.3597,0.0,398.8683,1741.7714000000003,0.0,6.3279,193.05849999999998,277.3124999999999,0.0,0.0,0.0,0.0,0.0,46.5617,109.132,0.0,0.0,0.0,0.0,2.5001,0.0,0.0,0.0,0.0,0.0,0.0,0.0,0.0,0.0,0.0,0.0,0.0,0.0,0.0,0.0,0.0,0.0,0.8319,0.0,0.0,0.0,0.0,0.0,0.0,10.956800000000001,0.0,0.0,0.0,0.0,0.0,0.0,185.5727,0.0,0.0,0.0,0.0,13.738100000000001,31.5112,0.0,68.4039,0.0,0.0,0.0,0.0,0.0,0.0,0.0,0.9555,0.0,0.0,0.0,0.0,0.0,216.8462,0.0,0.0,0.0,0.0,0.0,18.5184,0.0,0.0,48.19200000000001,44.0436,0.0,0.0,0.0,0.0,5.6313,73.52570000000001,4.254,0.0,0.0,0.0,50.8583,4.3387,9.200099999999999,0.0,0.0,56.3006,12.8554,31.597099999999998,75.68979999999999,340.58979999999997,50.3009,0.0,0.0,0.0069
0.0,0.0,0.0,21.0918,0.0,543.7720999999999,102.97030000000001,0.0,0.0,23.029799999999998,2.9086,0.0,20.588699999999996,415.632,840.7428,0.7484,0.0,13.3597,0.0,398.8683,1741.7714000000003,0.0,6.3279,193.05849999999998,277.3124999999999,0.0,0.0,0.0,0.0,0.0,46.5617,109.132,0.0,0.0,0.0,0.0,2.5001,0.0,0.0,0.0,0.0,0.0,0.0,0.0,0.0,0.0,0.0,0.0,0.0,0.0,0.0,0.0,0.0,0.0,0.8319,0.0,0.0,0.0,0.0,0.0,0.0,10.956800000000001,0.0,0.0,0.0,0.0,0.0,0.0,185.5727,0.0,0.0,0.0,0.0,13.738100000000001,31.5112,0.0,68.4039,0.0,0.0,0.0,0.0,0.0,0.0,0.0,0.9555,0.0,0.0,0.0,0.0,0.0,216.8462,0.0,0.0,0.0,0.0,0.0,18.5184,0.0,0.0,48.19200000000001,44.0436,0.0,0.0,0.0,0.0,5.6313,73.52570000000001,4.254,0.0,0.0,0.0,50.8583,4.3387,9.200099999999999,0.0,0.0,56.3006,12.8554,31.597099999999998,75.68979999999999,340.58979999999997,50.3009,0.0,0.0,0.0069
0.0,0.0,0.0,21.0918,0.0,543.7720999999999,102.97030000000001,0.0,0.0,23.029799999999998,2.9086,0.0,20.588699999999996,415.632,840.7428,0.7484,0.0,13.3597,0.0,398.8683,1741.7714000000003,0.0,6.3279,193.05849999999998,277.3124999999999,0.0,0.0,0.0,0.0,0.0,46.5617,109.132,0.0,0.0,0.0,0.0,2.5001,0.0,0.0,0.0,0.0,0.0,0.0,0.0,0.0,0.0,0.0,0.0,0.0,0.0,0.0,0.0,0.0,0.0,0.8319,0.0,0.0,0.0,0.0,0.0,0.0,10.956800000000001,0.0,0.0,0.0,0.0,0.0,0.0,185.5727,0.0,0.0,0.0,0.0,13.738100000000001,31.5112,0.0,68.4039,0.0,0.0,0.0,0.0,0.0,0.0,0.0,0.9555,0.0,0.0,0.0,0.0,0.0,216.8462,0.0,0.0,0.0,0.0,0.0,18.5184,0.0,0.0,48.19200000000001,44.0436,0.0,0.0,0.0,0.0,5.6313,73.52570000000001,4.254,0.0,0.0,0.0,50.8583,4.3387,9.200099999999999,0.0,0.0,56.3006,12.8554,31.597099999999998,75.68979999999999,340.58979999999997,50.3009,0.0,0.0,0.0069
0.0,0.0,0.0,21.0918,0.0,543.7720999999999,102.97030000000001,0.0,0.0,23.029799999999998,2.9086,0.0,20.588699999999996,415.632,840.7428,0.7484,0.0,13.3597,0.0,398.8683,1741.7714000000003,0.0,6.3279,193.05849999999998,277.3124999999999,0.0,0.0,0.0,0.0,0.0,46.5617,109.132,0.0,0.0,0.0,0.0,2.5001,0.0,0.0,0.0,0.0,0.0,0.0,0.0,0.0,0.0,0.0,0.0,0.0,0.0,0.0,0.0,0.0,0.0,0.8319,0.0,0.0,0.0,0.0,0.0,0.0,10.956800000000001,0.0,0.0,0.0,0.0,0.0,0.0,185.5727,0.0,0.0,0.0,0.0,13.738100000000001,31.5112,0.0,68.4039,0.0,0.0,0.0,0.0,0.0,0.0,0.0,0.9555,0.0,0.0,0.0,0.0,0.0,216.8462,0.0,0.0,0.0,0.0,0.0,18.5184,0.0,0.0,48.19200000000001,44.0436,0.0,0.0,0.0,0.0,5.6313,73.52570000000001,4.254,0.0,0.0,0.0,50.8583,4.3387,9.200099999999999,0.0,0.0,56.3006,12.8554,31.597099999999998,75.68979999999999,340.58979999999997,50.3009,0.0,0.0,0.0069
0.0,0.0,0.0,26.2123,0.0,667.204,253.5962,0.0,0.0,22.879,3.7686,0.0,24.723000000000006,394.8133,759.5904,12.6126,0.0,75.42060000000001,0.0,503.5052,1639.3126999999995,0.0,30.4358,171.24030000000002,254.6593,0.0,0.0,0.0,0.0,0.0,73.8928,149.109,0.0,0.0,0.0,0.0,3.0816,0.0,0.0,0.0,0.0,0.0,0.0,0.0,0.0,0.0,0.0,0.0,0.0,0.0,0.0,0.0,0.0,0.0,1.1560000000000001,0.0,0.0,0.0,0.0,0.0,0.0,16.505699999999997,0.0,0.0,0.0,0.0,0.0,0.0,198.2825,0.0,0.0,0.0,0.0,13.341499999999998,28.874399999999998,0.0,66.5838,0.0,0.0,0.0,0.0,0.0,0.0,0.0,0.5481,0.0,0.0,0.0,0.0,0.0,154.5827,0.0,0.0,0.0,0.0,0.0,18.9376,0.0,0.0,47.589099999999995,45.2189,0.0,0.0,0.0,0.0,3.1961999999999997,48.82450000000001,4.3068,0.0,0.0,0.0,52.009499999999996,2.6677,15.145000000000001,0.0,0.0,54.11039999999999,15.436800000000002,32.312200000000004,74.7079,366.7206,52.103899999999996,0.0,0.0,0.0003
0.0,0.0,0.0,26.2123,0.0,667.204,253.5962,0.0,0.0,22.879,3.7686,0.0,24.723000000000006,394.8133,759.5904,12.6126,0.0,75.42060000000001,0.0,503.5052,1639.3126999999995,0.0,30.4358,171.24030000000002,254.6593,0.0,0.0,0.0,0.0,0.0,73.8928,149.109,0.0,0.0,0.0,0.0,3.0816,0.0,0.0,0.0,0.0,0.0,0.0,0.0,0.0,0.0,0.0,0.0,0.0,0.0,0.0,0.0,0.0,0.0,1.1560000000000001,0.0,0.0,0.0,0.0,0.0,0.0,16.505699999999997,0.0,0.0,0.0,0.0,0.0,0.0,198.2825,0.0,0.0,0.0,0.0,13.341499999999998,28.874399999999998,0.0,66.5838,0.0,0.0,0.0,0.0,0.0,0.0,0.0,0.5481,0.0,0.0,0.0,0.0,0.0,154.5827,0.0,0.0,0.0,0.0,0.0,18.9376,0.0,0.0,47.589099999999995,45.2189,0.0,0.0,0.0,0.0,3.1961999999999997,48.82450000000001,4.3068,0.0,0.0,0.0,52.009499999999996,2.6677,15.145000000000001,0.0,0.0,54.11039999999999,15.436800000000002,32.312200000000004,74.7079,366.7206,52.103899999999996,0.0,0.0,0.0003
0.0,0.0,0.0,26.2123,0.0,667.204,253.5962,0.0,0.0,22.879,3.7686,0.0,24.723000000000006,394.8133,759.5904,12.6126,0.0,75.42060000000001,0.0,503.5052,1639.3126999999995,0.0,30.4358,171.24030000000002,254.6593,0.0,0.0,0.0,0.0,0.0,73.8928,149.109,0.0,0.0,0.0,0.0,3.0816,0.0,0.0,0.0,0.0,0.0,0.0,0.0,0.0,0.0,0.0,0.0,0.0,0.0,0.0,0.0,0.0,0.0,1.1560000000000001,0.0,0.0,0.0,0.0,0.0,0.0,16.505699999999997,0.0,0.0,0.0,0.0,0.0,0.0,198.2825,0.0,0.0,0.0,0.0,13.341499999999998,28.874399999999998,0.0,66.5838,0.0,0.0,0.0,0.0,0.0,0.0,0.0,0.5481,0.0,0.0,0.0,0.0,0.0,154.5827,0.0,0.0,0.0,0.0,0.0,18.9376,0.0,0.0,47.589099999999995,45.2189,0.0,0.0,0.0,0.0,3.1961999999999997,48.82450000000001,4.3068,0.0,0.0,0.0,52.009499999999996,2.6677,15.145000000000001,0.0,0.0,54.11039999999999,15.436800000000002,32.312200000000004,74.7079,366.7206,52.103899999999996,0.0,0.0,0.0003
0.0,0.0,0.0,26.2123,0.0,667.204,253.5962,0.0,0.0,22.879,3.7686,0.0,24.723000000000006,394.8133,759.5904,12.6126,0.0,75.42060000000001,0.0,503.5052,1639.3126999999995,0.0,30.4358,171.24030000000002,254.6593,0.0,0.0,0.0,0.0,0.0,73.8928,149.109,0.0,0.0,0.0,0.0,3.0816,0.0,0.0,0.0,0.0,0.0,0.0,0.0,0.0,0.0,0.0,0.0,0.0,0.0,0.0,0.0,0.0,0.0,1.1560000000000001,0.0,0.0,0.0,0.0,0.0,0.0,16.505699999999997,0.0,0.0,0.0,0.0,0.0,0.0,198.2825,0.0,0.0,0.0,0.0,13.341499999999998,28.874399999999998,0.0,66.5838,0.0,0.0,0.0,0.0,0.0,0.0,0.0,0.5481,0.0,0.0,0.0,0.0,0.0,154.5827,0.0,0.0,0.0,0.0,0.0,18.9376,0.0,0.0,47.589099999999995,45.2189,0.0,0.0,0.0,0.0,3.1961999999999997,48.82450000000001,4.3068,0.0,0.0,0.0,52.009499999999996,2.6677,15.145000000000001,0.0,0.0,54.11039999999999,15.436800000000002,32.312200000000004,74.7079,366.7206,52.103899999999996,0.0,0.0,0.0003
0.0,0.0,0.0,26.2123,0.0,667.204,253.5962,0.0,0.0,22.879,3.7686,0.0,24.723000000000006,394.8133,759.5904,12.6126,0.0,75.42060000000001,0.0,503.5052,1639.3126999999995,0.0,30.4358,171.24030000000002,254.6593,0.0,0.0,0.0,0.0,0.0,73.8928,149.109,0.0,0.0,0.0,0.0,3.0816,0.0,0.0,0.0,0.0,0.0,0.0,0.0,0.0,0.0,0.0,0.0,0.0,0.0,0.0,0.0,0.0,0.0,1.1560000000000001,0.0,0.0,0.0,0.0,0.0,0.0,16.505699999999997,0.0,0.0,0.0,0.0,0.0,0.0,198.2825,0.0,0.0,0.0,0.0,13.341499999999998,28.874399999999998,0.0,66.5838,0.0,0.0,0.0,0.0,0.0,0.0,0.0,0.5481,0.0,0.0,0.0,0.0,0.0,154.5827,0.0,0.0,0.0,0.0,0.0,18.9376,0.0,0.0,47.589099999999995,45.2189,0.0,0.0,0.0,0.0,3.1961999999999997,48.82450000000001,4.3068,0.0,0.0,0.0,52.009499999999996,2.6677,15.145000000000001,0.0,0.0,54.11039999999999,15.436800000000002,32.312200000000004,74.7079,366.7206,52.103899999999996,0.0,0.0,0.0003
0.0,0.0,0.0,26.2123,0.0,667.204,253.5962,0.0,0.0,22.879,3.7686,0.0,24.723000000000006,394.8133,759.5904,12.6126,0.0,75.42060000000001,0.0,503.5052,1639.3126999999995,0.0,30.4358,171.24030000000002,254.6593,0.0,0.0,0.0,0.0,0.0,73.8928,149.109,0.0,0.0,0.0,0.0,3.0816,0.0,0.0,0.0,0.0,0.0,0.0,0.0,0.0,0.0,0.0,0.0,0.0,0.0,0.0,0.0,0.0,0.0,1.1560000000000001,0.0,0.0,0.0,0.0,0.0,0.0,16.505699999999997,0.0,0.0,0.0,0.0,0.0,0.0,198.2825,0.0,0.0,0.0,0.0,13.341499999999998,28.874399999999998,0.0,66.5838,0.0,0.0,0.0,0.0,0.0,0.0,0.0,0.5481,0.0,0.0,0.0,0.0,0.0,154.5827,0.0,0.0,0.0,0.0,0.0,18.9376,0.0,0.0,47.589099999999995,45.2189,0.0,0.0,0.0,0.0,3.1961999999999997,48.82450000000001,4.3068,0.0,0.0,0.0,52.009499999999996,2.6677,15.145000000000001,0.0,0.0,54.11039999999999,15.436800000000002,32.312200000000004,74.7079,366.7206,52.103899999999996,0.0,0.0,0.0003
0.0,0.0,0.0,26.2123,0.0,667.204,253.5962,0.0,0.0,22.879,3.7686,0.0,24.723000000000006,394.8133,759.5904,12.6126,0.0,75.42060000000001,0.0,503.5052,1639.3126999999995,0.0,30.4358,171.24030000000002,254.6593,0.0,0.0,0.0,0.0,0.0,73.8928,149.109,0.0,0.0,0.0,0.0,3.0816,0.0,0.0,0.0,0.0,0.0,0.0,0.0,0.0,0.0,0.0,0.0,0.0,0.0,0.0,0.0,0.0,0.0,1.1560000000000001,0.0,0.0,0.0,0.0,0.0,0.0,16.505699999999997,0.0,0.0,0.0,0.0,0.0,0.0,198.2825,0.0,0.0,0.0,0.0,13.341499999999998,28.874399999999998,0.0,66.5838,0.0,0.0,0.0,0.0,0.0,0.0,0.0,0.5481,0.0,0.0,0.0,0.0,0.0,154.5827,0.0,0.0,0.0,0.0,0.0,18.9376,0.0,0.0,47.589099999999995,45.2189,0.0,0.0,0.0,0.0,3.1961999999999997,48.82450000000001,4.3068,0.0,0.0,0.0,52.009499999999996,2.6677,15.145000000000001,0.0,0.0,54.11039999999999,15.436800000000002,32.312200000000004,74.7079,366.7206,52.103899999999996,0.0,0.0,0.0003
0.0,0.0,0.0,26.508,0.0,603.9703000000001,160.9994,0.0,0.0,27.6542,3.1647,0.0,30.652099999999994,461.38259999999997,800.5425,3.9419,0.0,16.245400000000004,0.0,424.02759999999995,1882.8211999999999,0.0,13.738900000000001,151.79609999999997,214.2535,0.0,0.0,0.0,0.0,0.0,55.288799999999995,101.9003,0.0,0.0,0.0,0.0,4.2492,0.0,0.0,0.0,0.0,0.0,0.0,0.0,0.0,0.0,0.0,0.0,0.0,0.0,0.0,0.0,0.0,0.0,1.1577,0.0,0.0,0.0,0.0,0.0,0.0,14.5866,0.0,0.0,0.0,0.0,0.0,0.0,203.7465,0.0,0.0,0.0,0.0,13.0279,26.587699999999998,0.0,64.2368,0.0,0.0,0.0,0.0,0.0,0.0,0.0,0.525,0.0,0.0,0.0,0.0,0.0,217.3183,0.0,0.0,0.0,0.0,0.0,19.0811,0.0,0.0,46.8069,45.708299999999994,0.0,0.0,0.0,0.0,3.5195999999999996,34.553000000000004,5.037599999999999,0.0,0.0,0.0,52.4037,1.2965,19.736,0.0,0.0,53.5017,19.1389,32.557,80.4301,416.1644,51.48909999999999,0.0,0.0,0.0003
0.0,0.0,0.0,26.508,0.0,603.9703000000001,160.9994,0.0,0.0,27.6542,3.1647,0.0,30.652099999999994,461.38259999999997,800.5425,3.9419,0.0,16.245400000000004,0.0,424.02759999999995,1882.8211999999999,0.0,13.738900000000001,151.79609999999997,214.2535,0.0,0.0,0.0,0.0,0.0,55.288799999999995,101.9003,0.0,0.0,0.0,0.0,4.2492,0.0,0.0,0.0,0.0,0.0,0.0,0.0,0.0,0.0,0.0,0.0,0.0,0.0,0.0,0.0,0.0,0.0,1.1577,0.0,0.0,0.0,0.0,0.0,0.0,14.5866,0.0,0.0,0.0,0.0,0.0,0.0,203.7465,0.0,0.0,0.0,0.0,13.0279,26.587699999999998,0.0,64.2368,0.0,0.0,0.0,0.0,0.0,0.0,0.0,0.525,0.0,0.0,0.0,0.0,0.0,217.3183,0.0,0.0,0.0,0.0,0.0,19.0811,0.0,0.0,46.8069,45.708299999999994,0.0,0.0,0.0,0.0,3.5195999999999996,34.553000000000004,5.037599999999999,0.0,0.0,0.0,52.4037,1.2965,19.736,0.0,0.0,53.5017,19.1389,32.557,80.4301,416.1644,51.48909999999999,0.0,0.0,0.0003
0.0,0.0,0.0,26.508,0.0,603.9703000000001,160.9994,0.0,0.0,27.6542,3.1647,0.0,30.652099999999994,461.38259999999997,800.5425,3.9419,0.0,16.245400000000004,0.0,424.02759999999995,1882.8211999999999,0.0,13.738900000000001,151.79609999999997,214.2535,0.0,0.0,0.0,0.0,0.0,55.288799999999995,101.9003,0.0,0.0,0.0,0.0,4.2492,0.0,0.0,0.0,0.0,0.0,0.0,0.0,0.0,0.0,0.0,0.0,0.0,0.0,0.0,0.0,0.0,0.0,1.1577,0.0,0.0,0.0,0.0,0.0,0.0,14.5866,0.0,0.0,0.0,0.0,0.0,0.0,203.7465,0.0,0.0,0.0,0.0,13.0279,26.587699999999998,0.0,64.2368,0.0,0.0,0.0,0.0,0.0,0.0,0.0,0.525,0.0,0.0,0.0,0.0,0.0,217.3183,0.0,0.0,0.0,0.0,0.0,19.0811,0.0,0.0,46.8069,45.708299999999994,0.0,0.0,0.0,0.0,3.5195999999999996,34.553000000000004,5.037599999999999,0.0,0.0,0.0,52.4037,1.2965,19.736,0.0,0.0,53.5017,19.1389,32.557,80.4301,416.1644,51.48909999999999,0.0,0.0,0.0003
0.0,0.0,0.0,26.508,0.0,603.9703000000001,160.9994,0.0,0.0,27.6542,3.1647,0.0,30.652099999999994,461.38259999999997,800.5425,3.9419,0.0,16.245400000000004,0.0,424.02759999999995,1882.8211999999999,0.0,13.738900000000001,151.79609999999997,214.2535,0.0,0.0,0.0,0.0,0.0,55.288799999999995,101.9003,0.0,0.0,0.0,0.0,4.2492,0.0,0.0,0.0,0.0,0.0,0.0,0.0,0.0,0.0,0.0,0.0,0.0,0.0,0.0,0.0,0.0,0.0,1.1577,0.0,0.0,0.0,0.0,0.0,0.0,14.5866,0.0,0.0,0.0,0.0,0.0,0.0,203.7465,0.0,0.0,0.0,0.0,13.0279,26.587699999999998,0.0,64.2368,0.0,0.0,0.0,0.0,0.0,0.0,0.0,0.525,0.0,0.0,0.0,0.0,0.0,217.3183,0.0,0.0,0.0,0.0,0.0,19.0811,0.0,0.0,46.8069,45.708299999999994,0.0,0.0,0.0,0.0,3.5195999999999996,34.553000000000004,5.037599999999999,0.0,0.0,0.0,52.4037,1.2965,19.736,0.0,0.0,53.5017,19.1389,32.557,80.4301,416.1644,51.48909999999999,0.0,0.0,0.0003
0.0,0.0,0.0,26.508,0.0,603.9703000000001,160.9994,0.0,0.0,27.6542,3.1647,0.0,30.652099999999994,461.38259999999997,800.5425,3.9419,0.0,16.245400000000004,0.0,424.02759999999995,1882.8211999999999,0.0,13.738900000000001,151.79609999999997,214.2535,0.0,0.0,0.0,0.0,0.0,55.288799999999995,101.9003,0.0,0.0,0.0,0.0,4.2492,0.0,0.0,0.0,0.0,0.0,0.0,0.0,0.0,0.0,0.0,0.0,0.0,0.0,0.0,0.0,0.0,0.0,1.1577,0.0,0.0,0.0,0.0,0.0,0.0,14.5866,0.0,0.0,0.0,0.0,0.0,0.0,203.7465,0.0,0.0,0.0,0.0,13.0279,26.587699999999998,0.0,64.2368,0.0,0.0,0.0,0.0,0.0,0.0,0.0,0.525,0.0,0.0,0.0,0.0,0.0,217.3183,0.0,0.0,0.0,0.0,0.0,19.0811,0.0,0.0,46.8069,45.708299999999994,0.0,0.0,0.0,0.0,3.5195999999999996,34.553000000000004,5.037599999999999,0.0,0.0,0.0,52.4037,1.2965,19.736,0.0,0.0,53.5017,19.1389,32.557,80.4301,416.1644,51.48909999999999,0.0,0.0,0.0003
0.0,0.0,0.0,26.508,0.0,603.9703000000001,160.9994,0.0,0.0,27.6542,3.1647,0.0,30.652099999999994,461.38259999999997,800.5425,3.9419,0.0,16.245400000000004,0.0,424.02759999999995,1882.8211999999999,0.0,13.738900000000001,151.79609999999997,214.2535,0.0,0.0,0.0,0.0,0.0,55.288799999999995,101.9003,0.0,0.0,0.0,0.0,4.2492,0.0,0.0,0.0,0.0,0.0,0.0,0.0,0.0,0.0,0.0,0.0,0.0,0.0,0.0,0.0,0.0,0.0,1.1577,0.0,0.0,0.0,0.0,0.0,0.0,14.5866,0.0,0.0,0.0,0.0,0.0,0.0,203.7465,0.0,0.0,0.0,0.0,13.0279,26.587699999999998,0.0,64.2368,0.0,0.0,0.0,0.0,0.0,0.0,0.0,0.525,0.0,0.0,0.0,0.0,0.0,217.3183,0.0,0.0,0.0,0.0,0.0,19.0811,0.0,0.0,46.8069,45.708299999999994,0.0,0.0,0.0,0.0,3.5195999999999996,34.553000000000004,5.037599999999999,0.0,0.0,0.0,52.4037,1.2965,19.736,0.0,0.0,53.5017,19.1389,32.557,80.4301,416.1644,51.48909999999999,0.0,0.0,0.0003
0.0,0.0,0.0,26.508,0.0,603.9703000000001,160.9994,0.0,0.0,27.6542,3.1647,0.0,30.652099999999994,461.38259999999997,800.5425,3.9419,0.0,16.245400000000004,0.0,424.02759999999995,1882.8211999999999,0.0,13.738900000000001,151.79609999999997,214.2535,0.0,0.0,0.0,0.0,0.0,55.288799999999995,101.9003,0.0,0.0,0.0,0.0,4.2492,0.0,0.0,0.0,0.0,0.0,0.0,0.0,0.0,0.0,0.0,0.0,0.0,0.0,0.0,0.0,0.0,0.0,1.1577,0.0,0.0,0.0,0.0,0.0,0.0,14.5866,0.0,0.0,0.0,0.0,0.0,0.0,203.7465,0.0,0.0,0.0,0.0,13.0279,26.587699999999998,0.0,64.2368,0.0,0.0,0.0,0.0,0.0,0.0,0.0,0.525,0.0,0.0,0.0,0.0,0.0,217.3183,0.0,0.0,0.0,0.0,0.0,19.0811,0.0,0.0,46.8069,45.708299999999994,0.0,0.0,0.0,0.0,3.5195999999999996,34.553000000000004,5.037599999999999,0.0,0.0,0.0,52.4037,1.2965,19.736,0.0,0.0,53.5017,19.1389,32.557,80.4301,416.1644,51.48909999999999,0.0,0.0,0.0003
0.0,0.0,0.0,34.5281,0.0,815.8176999999998,417.0670999999999,0.0,0.0,30.502200000000002,3.6234,0.0,31.5744,508.8986,868.5235,35.1882,0.0,76.386,0.0,416.9285,1943.5303000000001,0.0,44.6746,158.38639999999998,211.14669999999992,0.0,0.0,0.0,0.0,0.0,35.1618,69.30079999999998,0.0,0.0,0.0,0.0,4.764,0.0,0.0,0.0,0.0,0.0,0.0,0.0,0.0,0.0,0.0,0.0,0.0,0.0,0.0,0.0,0.0,0.0,1.2216,0.0,0.0,0.0,0.0,0.0,0.0,11.056000000000001,0.0,0.0,0.0,0.0,0.0,0.0,203.4906,0.0,0.0,0.0,0.0,12.9299,26.5543,0.0,64.1562,0.0,0.0,0.0,0.0,0.0,0.0,0.0,1.1668,0.0,0.0,0.0,0.0,0.0,219.2878,0.0,0.0,0.0,0.0,0.0,20.5435,0.0,0.0,66.0768,45.3968,0.0,0.0,0.0,0.0,3.8832000000000004,35.352700000000006,6.2700000000000005,0.0,0.0,0.0,56.42,1.2782,19.086399999999998,0.0,0.0,53.370900000000006,19.7148,35.0522,85.7007,428.68690000000004,52.0659,0.0,0.0,0.0018
0.0,0.0,0.0,34.5281,0.0,815.8176999999998,417.0670999999999,0.0,0.0,30.502200000000002,3.6234,0.0,31.5744,508.8986,868.5235,35.1882,0.0,76.386,0.0,416.9285,1943.5303000000001,0.0,44.6746,158.38639999999998,211.14669999999992,0.0,0.0,0.0,0.0,0.0,35.1618,69.30079999999998,0.0,0.0,0.0,0.0,4.764,0.0,0.0,0.0,0.0,0.0,0.0,0.0,0.0,0.0,0.0,0.0,0.0,0.0,0.0,0.0,0.0,0.0,1.2216,0.0,0.0,0.0,0.0,0.0,0.0,11.056000000000001,0.0,0.0,0.0,0.0,0.0,0.0,203.4906,0.0,0.0,0.0,0.0,12.9299,26.5543,0.0,64.1562,0.0,0.0,0.0,0.0,0.0,0.0,0.0,1.1668,0.0,0.0,0.0,0.0,0.0,219.2878,0.0,0.0,0.0,0.0,0.0,20.5435,0.0,0.0,66.0768,45.3968,0.0,0.0,0.0,0.0,3.8832000000000004,35.352700000000006,6.2700000000000005,0.0,0.0,0.0,56.42,1.2782,19.086399999999998,0.0,0.0,53.370900000000006,19.7148,35.0522,85.7007,428.68690000000004,52.0659,0.0,0.0,0.0018
0.0,0.0,0.0,34.5281,0.0,815.8176999999998,417.0670999999999,0.0,0.0,30.502200000000002,3.6234,0.0,31.5744,508.8986,868.5235,35.1882,0.0,76.386,0.0,416.9285,1943.5303000000001,0.0,44.6746,158.38639999999998,211.14669999999992,0.0,0.0,0.0,0.0,0.0,35.1618,69.30079999999998,0.0,0.0,0.0,0.0,4.764,0.0,0.0,0.0,0.0,0.0,0.0,0.0,0.0,0.0,0.0,0.0,0.0,0.0,0.0,0.0,0.0,0.0,1.2216,0.0,0.0,0.0,0.0,0.0,0.0,11.056000000000001,0.0,0.0,0.0,0.0,0.0,0.0,203.4906,0.0,0.0,0.0,0.0,12.9299,26.5543,0.0,64.1562,0.0,0.0,0.0,0.0,0.0,0.0,0.0,1.1668,0.0,0.0,0.0,0.0,0.0,219.2878,0.0,0.0,0.0,0.0,0.0,20.5435,0.0,0.0,66.0768,45.3968,0.0,0.0,0.0,0.0,3.8832000000000004,35.352700000000006,6.2700000000000005,0.0,0.0,0.0,56.42,1.2782,19.086399999999998,0.0,0.0,53.370900000000006,19.7148,35.0522,85.7007,428.68690000000004,52.0659,0.0,0.0,0.0018
0.0,0.0,0.0,34.5281,0.0,815.8176999999998,417.0670999999999,0.0,0.0,30.502200000000002,3.6234,0.0,31.5744,508.8986,868.5235,35.1882,0.0,76.386,0.0,416.9285,1943.5303000000001,0.0,44.6746,158.38639999999998,211.14669999999992,0.0,0.0,0.0,0.0,0.0,35.1618,69.30079999999998,0.0,0.0,0.0,0.0,4.764,0.0,0.0,0.0,0.0,0.0,0.0,0.0,0.0,0.0,0.0,0.0,0.0,0.0,0.0,0.0,0.0,0.0,1.2216,0.0,0.0,0.0,0.0,0.0,0.0,11.056000000000001,0.0,0.0,0.0,0.0,0.0,0.0,203.4906,0.0,0.0,0.0,0.0,12.9299,26.5543,0.0,64.1562,0.0,0.0,0.0,0.0,0.0,0.0,0.0,1.1668,0.0,0.0,0.0,0.0,0.0,219.2878,0.0,0.0,0.0,0.0,0.0,20.5435,0.0,0.0,66.0768,45.3968,0.0,0.0,0.0,0.0,3.8832000000000004,35.352700000000006,6.2700000000000005,0.0,0.0,0.0,56.42,1.2782,19.086399999999998,0.0,0.0,53.370900000000006,19.7148,35.0522,85.7007,428.68690000000004,52.0659,0.0,0.0,0.0018
0.0,0.0,0.0,34.5281,0.0,815.8176999999998,417.0670999999999,0.0,0.0,30.502200000000002,3.6234,0.0,31.5744,508.8986,868.5235,35.1882,0.0,76.386,0.0,416.9285,1943.5303000000001,0.0,44.6746,158.38639999999998,211.14669999999992,0.0,0.0,0.0,0.0,0.0,35.1618,69.30079999999998,0.0,0.0,0.0,0.0,4.764,0.0,0.0,0.0,0.0,0.0,0.0,0.0,0.0,0.0,0.0,0.0,0.0,0.0,0.0,0.0,0.0,0.0,1.2216,0.0,0.0,0.0,0.0,0.0,0.0,11.056000000000001,0.0,0.0,0.0,0.0,0.0,0.0,203.4906,0.0,0.0,0.0,0.0,12.9299,26.5543,0.0,64.1562,0.0,0.0,0.0,0.0,0.0,0.0,0.0,1.1668,0.0,0.0,0.0,0.0,0.0,219.2878,0.0,0.0,0.0,0.0,0.0,20.5435,0.0,0.0,66.0768,45.3968,0.0,0.0,0.0,0.0,3.8832000000000004,35.352700000000006,6.2700000000000005,0.0,0.0,0.0,56.42,1.2782,19.086399999999998,0.0,0.0,53.370900000000006,19.7148,35.0522,85.7007,428.68690000000004,52.0659,0.0,0.0,0.0018
0.0,0.0,0.0,34.5281,0.0,815.8176999999998,417.0670999999999,0.0,0.0,30.502200000000002,3.6234,0.0,31.5744,508.8986,868.5235,35.1882,0.0,76.386,0.0,416.9285,1943.5303000000001,0.0,44.6746,158.38639999999998,211.14669999999992,0.0,0.0,0.0,0.0,0.0,35.1618,69.30079999999998,0.0,0.0,0.0,0.0,4.764,0.0,0.0,0.0,0.0,0.0,0.0,0.0,0.0,0.0,0.0,0.0,0.0,0.0,0.0,0.0,0.0,0.0,1.2216,0.0,0.0,0.0,0.0,0.0,0.0,11.056000000000001,0.0,0.0,0.0,0.0,0.0,0.0,203.4906,0.0,0.0,0.0,0.0,12.9299,26.5543,0.0,64.1562,0.0,0.0,0.0,0.0,0.0,0.0,0.0,1.1668,0.0,0.0,0.0,0.0,0.0,219.2878,0.0,0.0,0.0,0.0,0.0,20.5435,0.0,0.0,66.0768,45.3968,0.0,0.0,0.0,0.0,3.8832000000000004,35.352700000000006,6.2700000000000005,0.0,0.0,0.0,56.42,1.2782,19.086399999999998,0.0,0.0,53.370900000000006,19.7148,35.0522,85.7007,428.68690000000004,52.0659,0.0,0.0,0.0018
0.0,0.0,0.0,34.5281,0.0,815.8176999999998,417.0670999999999,0.0,0.0,30.502200000000002,3.6234,0.0,31.5744,508.8986,868.5235,35.1882,0.0,76.386,0.0,416.9285,1943.5303000000001,0.0,44.6746,158.38639999999998,211.14669999999992,0.0,0.0,0.0,0.0,0.0,35.1618,69.30079999999998,0.0,0.0,0.0,0.0,4.764,0.0,0.0,0.0,0.0,0.0,0.0,0.0,0.0,0.0,0.0,0.0,0.0,0.0,0.0,0.0,0.0,0.0,1.2216,0.0,0.0,0.0,0.0,0.0,0.0,11.056000000000001,0.0,0.0,0.0,0.0,0.0,0.0,203.4906,0.0,0.0,0.0,0.0,12.9299,26.5543,0.0,64.1562,0.0,0.0,0.0,0.0,0.0,0.0,0.0,1.1668,0.0,0.0,0.0,0.0,0.0,219.2878,0.0,0.0,0.0,0.0,0.0,20.5435,0.0,0.0,66.0768,45.3968,0.0,0.0,0.0,0.0,3.8832000000000004,35.352700000000006,6.2700000000000005,0.0,0.0,0.0,56.42,1.2782,19.086399999999998,0.0,0.0,53.370900000000006,19.7148,35.0522,85.7007,428.68690000000004,52.0659,0.0,0.0,0.0018
0.0,0.0,0.0,43.9803,0.0,1049.6794000000002,245.6595,0.0,0.0,31.935200000000002,8.0334,0.0,33.1579,532.8057,909.9725000000001,23.913400000000003,0.0,67.20700000000001,0.0,415.99850000000004,2208.5305,0.0,55.808299999999996,154.9823,201.95390000000003,0.0,0.0,0.0,0.0,0.0,31.396099999999997,64.40509999999999,0.0,0.0,0.0,0.0,5.2703,0.0,0.0,0.0,0.0,0.0,0.0,0.0,0.0,0.0,0.0,0.0,0.0,0.0,0.0,0.0,0.0,0.0,1.4578,0.0,0.0,0.0,0.0,0.0,0.0,10.190999999999999,0.0,0.0,0.0,0.0,0.0,0.0,217.5078,0.0,0.0,0.0,0.0,13.6148,28.3835,0.0,68.5755,0.0,0.0,0.0,0.0,0.0,0.0,0.0,1.7745,0.0,0.0,0.0,0.0,0.0,221.8419,0.0,0.0,0.0,0.0,0.0,18.9992,0.0,0.0,48.108999999999995,45.3396,0.0,0.0,0.0,0.0,3.6227,42.224900000000005,6.7204,0.0,0.0,0.0,52.1788,1.2174,18.7866,0.0,0.0,53.2111,20.7035,32.4174,70.27340000000001,450.1837,47.2795,0.0,0.0,0.0015
0.0,0.0,0.0,43.9803,0.0,1049.6794000000002,245.6595,0.0,0.0,31.935200000000002,8.0334,0.0,33.1579,532.8057,909.9725000000001,23.913400000000003,0.0,67.20700000000001,0.0,415.99850000000004,2208.5305,0.0,55.808299999999996,154.9823,201.95390000000003,0.0,0.0,0.0,0.0,0.0,31.396099999999997,64.40509999999999,0.0,0.0,0.0,0.0,5.2703,0.0,0.0,0.0,0.0,0.0,0.0,0.0,0.0,0.0,0.0,0.0,0.0,0.0,0.0,0.0,0.0,0.0,1.4578,0.0,0.0,0.0,0.0,0.0,0.0,10.190999999999999,0.0,0.0,0.0,0.0,0.0,0.0,217.5078,0.0,0.0,0.0,0.0,13.6148,28.3835,0.0,68.5755,0.0,0.0,0.0,0.0,0.0,0.0,0.0,1.7745,0.0,0.0,0.0,0.0,0.0,221.8419,0.0,0.0,0.0,0.0,0.0,18.9992,0.0,0.0,48.108999999999995,45.3396,0.0,0.0,0.0,0.0,3.6227,42.224900000000005,6.7204,0.0,0.0,0.0,52.1788,1.2174,18.7866,0.0,0.0,53.2111,20.7035,32.4174,70.27340000000001,450.1837,47.2795,0.0,0.0,0.0015
0.0,0.0,0.0,43.9803,0.0,1049.6794000000002,245.6595,0.0,0.0,31.935200000000002,8.0334,0.0,33.1579,532.8057,909.9725000000001,23.913400000000003,0.0,67.20700000000001,0.0,415.99850000000004,2208.5305,0.0,55.808299999999996,154.9823,201.95390000000003,0.0,0.0,0.0,0.0,0.0,31.396099999999997,64.40509999999999,0.0,0.0,0.0,0.0,5.2703,0.0,0.0,0.0,0.0,0.0,0.0,0.0,0.0,0.0,0.0,0.0,0.0,0.0,0.0,0.0,0.0,0.0,1.4578,0.0,0.0,0.0,0.0,0.0,0.0,10.190999999999999,0.0,0.0,0.0,0.0,0.0,0.0,217.5078,0.0,0.0,0.0,0.0,13.6148,28.3835,0.0,68.5755,0.0,0.0,0.0,0.0,0.0,0.0,0.0,1.7745,0.0,0.0,0.0,0.0,0.0,221.8419,0.0,0.0,0.0,0.0,0.0,18.9992,0.0,0.0,48.108999999999995,45.3396,0.0,0.0,0.0,0.0,3.6227,42.224900000000005,6.7204,0.0,0.0,0.0,52.1788,1.2174,18.7866,0.0,0.0,53.2111,20.7035,32.4174,70.27340000000001,450.1837,47.2795,0.0,0.0,0.0015
0.0,0.0,0.0,43.9803,0.0,1049.6794000000002,245.6595,0.0,0.0,31.935200000000002,8.0334,0.0,33.1579,532.8057,909.9725000000001,23.913400000000003,0.0,67.20700000000001,0.0,415.99850000000004,2208.5305,0.0,55.808299999999996,154.9823,201.95390000000003,0.0,0.0,0.0,0.0,0.0,31.396099999999997,64.40509999999999,0.0,0.0,0.0,0.0,5.2703,0.0,0.0,0.0,0.0,0.0,0.0,0.0,0.0,0.0,0.0,0.0,0.0,0.0,0.0,0.0,0.0,0.0,1.4578,0.0,0.0,0.0,0.0,0.0,0.0,10.190999999999999,0.0,0.0,0.0,0.0,0.0,0.0,217.5078,0.0,0.0,0.0,0.0,13.6148,28.3835,0.0,68.5755,0.0,0.0,0.0,0.0,0.0,0.0,0.0,1.7745,0.0,0.0,0.0,0.0,0.0,221.8419,0.0,0.0,0.0,0.0,0.0,18.9992,0.0,0.0,48.108999999999995,45.3396,0.0,0.0,0.0,0.0,3.6227,42.224900000000005,6.7204,0.0,0.0,0.0,52.1788,1.2174,18.7866,0.0,0.0,53.2111,20.7035,32.4174,70.27340000000001,450.1837,47.2795,0.0,0.0,0.0015
0.0,0.0,0.0,43.9803,0.0,1049.6794000000002,245.6595,0.0,0.0,31.935200000000002,8.0334,0.0,33.1579,532.8057,909.9725000000001,23.913400000000003,0.0,67.20700000000001,0.0,415.99850000000004,2208.5305,0.0,55.808299999999996,154.9823,201.95390000000003,0.0,0.0,0.0,0.0,0.0,31.396099999999997,64.40509999999999,0.0,0.0,0.0,0.0,5.2703,0.0,0.0,0.0,0.0,0.0,0.0,0.0,0.0,0.0,0.0,0.0,0.0,0.0,0.0,0.0,0.0,0.0,1.4578,0.0,0.0,0.0,0.0,0.0,0.0,10.190999999999999,0.0,0.0,0.0,0.0,0.0,0.0,217.5078,0.0,0.0,0.0,0.0,13.6148,28.3835,0.0,68.5755,0.0,0.0,0.0,0.0,0.0,0.0,0.0,1.7745,0.0,0.0,0.0,0.0,0.0,221.8419,0.0,0.0,0.0,0.0,0.0,18.9992,0.0,0.0,48.108999999999995,45.3396,0.0,0.0,0.0,0.0,3.6227,42.224900000000005,6.7204,0.0,0.0,0.0,52.1788,1.2174,18.7866,0.0,0.0,53.2111,20.7035,32.4174,70.27340000000001,450.1837,47.2795,0.0,0.0,0.0015
0.0,0.0,0.0,43.9803,0.0,1049.6794000000002,245.6595,0.0,0.0,31.935200000000002,8.0334,0.0,33.1579,532.8057,909.9725000000001,23.913400000000003,0.0,67.20700000000001,0.0,415.99850000000004,2208.5305,0.0,55.808299999999996,154.9823,201.95390000000003,0.0,0.0,0.0,0.0,0.0,31.396099999999997,64.40509999999999,0.0,0.0,0.0,0.0,5.2703,0.0,0.0,0.0,0.0,0.0,0.0,0.0,0.0,0.0,0.0,0.0,0.0,0.0,0.0,0.0,0.0,0.0,1.4578,0.0,0.0,0.0,0.0,0.0,0.0,10.190999999999999,0.0,0.0,0.0,0.0,0.0,0.0,217.5078,0.0,0.0,0.0,0.0,13.6148,28.3835,0.0,68.5755,0.0,0.0,0.0,0.0,0.0,0.0,0.0,1.7745,0.0,0.0,0.0,0.0,0.0,221.8419,0.0,0.0,0.0,0.0,0.0,18.9992,0.0,0.0,48.108999999999995,45.3396,0.0,0.0,0.0,0.0,3.6227,42.224900000000005,6.7204,0.0,0.0,0.0,52.1788,1.2174,18.7866,0.0,0.0,53.2111,20.7035,32.4174,70.27340000000001,450.1837,47.2795,0.0,0.0,0.0015
0.0,0.0,0.0,43.9803,0.0,1049.6794000000002,245.6595,0.0,0.0,31.935200000000002,8.0334,0.0,33.1579,532.8057,909.9725000000001,23.913400000000003,0.0,67.20700000000001,0.0,415.99850000000004,2208.5305,0.0,55.808299999999996,154.9823,201.95390000000003,0.0,0.0,0.0,0.0,0.0,31.396099999999997,64.40509999999999,0.0,0.0,0.0,0.0,5.2703,0.0,0.0,0.0,0.0,0.0,0.0,0.0,0.0,0.0,0.0,0.0,0.0,0.0,0.0,0.0,0.0,0.0,1.4578,0.0,0.0,0.0,0.0,0.0,0.0,10.190999999999999,0.0,0.0,0.0,0.0,0.0,0.0,217.5078,0.0,0.0,0.0,0.0,13.6148,28.3835,0.0,68.5755,0.0,0.0,0.0,0.0,0.0,0.0,0.0,1.7745,0.0,0.0,0.0,0.0,0.0,221.8419,0.0,0.0,0.0,0.0,0.0,18.9992,0.0,0.0,48.108999999999995,45.3396,0.0,0.0,0.0,0.0,3.6227,42.224900000000005,6.7204,0.0,0.0,0.0,52.1788,1.2174,18.7866,0.0,0.0,53.2111,20.7035,32.4174,70.27340000000001,450.1837,47.2795,0.0,0.0,0.0015
0.0,0.0,0.0,32.7288,0.0,694.395,138.07199999999997,0.0,0.0,32.4493,4.2183,0.0,32.7491,547.9535999999999,905.5704000000001,7.9282,0.0,28.183,0.0,338.1507,2136.9812999999995,0.0,23.076,144.25619999999998,205.33369999999996,0.0,0.0,0.0,0.0,0.0,36.0518,75.0415,0.0,0.0,0.0,0.0,5.7099,0.0,0.0,0.0,0.0,0.0,0.0,0.0,0.0,0.0,0.0,0.0,0.0,0.0,0.0,0.0,0.0,0.0,1.4313,0.0,0.0,0.0,0.0,0.0,0.0,10.4344,0.0,0.0,0.0,0.0,0.0,0.0,198.2484,0.0,0.0,0.0,0.0,13.302800000000001,25.377,0.0,60.6719,0.0,0.0,0.0,0.0,0.0,0.0,0.0,1.7455,0.0,0.0,0.0,0.0,0.0,250.2051,0.0,0.0,0.0,0.0,0.0,18.413,0.0,0.0,44.61449999999999,45.0743,0.0,0.0,0.0,0.0,3.6345,41.456,7.664199999999999,0.0,0.0,0.0,50.5689,1.2104000000000001,18.9779,0.0,0.0,48.7645,20.448300000000003,31.417199999999998,58.454800000000006,454.0118,44.4662,0.0,0.0,0.0015
0.0,0.0,0.0,32.7288,0.0,694.395,138.07199999999997,0.0,0.0,32.4493,4.2183,0.0,32.7491,547.9535999999999,905.5704000000001,7.9282,0.0,28.183,0.0,338.1507,2136.9812999999995,0.0,23.076,144.25619999999998,205.33369999999996,0.0,0.0,0.0,0.0,0.0,36.0518,75.0415,0.0,0.0,0.0,0.0,5.7099,0.0,0.0,0.0,0.0,0.0,0.0,0.0,0.0,0.0,0.0,0.0,0.0,0.0,0.0,0.0,0.0,0.0,1.4313,0.0,0.0,0.0,0.0,0.0,0.0,10.4344,0.0,0.0,0.0,0.0,0.0,0.0,198.2484,0.0,0.0,0.0,0.0,13.302800000000001,25.377,0.0,60.6719,0.0,0.0,0.0,0.0,0.0,0.0,0.0,1.7455,0.0,0.0,0.0,0.0,0.0,250.2051,0.0,0.0,0.0,0.0,0.0,18.413,0.0,0.0,44.61449999999999,45.0743,0.0,0.0,0.0,0.0,3.6345,41.456,7.664199999999999,0.0,0.0,0.0,50.5689,1.2104000000000001,18.9779,0.0,0.0,48.7645,20.448300000000003,31.417199999999998,58.454800000000006,454.0118,44.4662,0.0,0.0,0.0015
0.0,0.0,0.0,32.7288,0.0,694.395,138.07199999999997,0.0,0.0,32.4493,4.2183,0.0,32.7491,547.9535999999999,905.5704000000001,7.9282,0.0,28.183,0.0,338.1507,2136.9812999999995,0.0,23.076,144.25619999999998,205.33369999999996,0.0,0.0,0.0,0.0,0.0,36.0518,75.0415,0.0,0.0,0.0,0.0,5.7099,0.0,0.0,0.0,0.0,0.0,0.0,0.0,0.0,0.0,0.0,0.0,0.0,0.0,0.0,0.0,0.0,0.0,1.4313,0.0,0.0,0.0,0.0,0.0,0.0,10.4344,0.0,0.0,0.0,0.0,0.0,0.0,198.2484,0.0,0.0,0.0,0.0,13.302800000000001,25.377,0.0,60.6719,0.0,0.0,0.0,0.0,0.0,0.0,0.0,1.7455,0.0,0.0,0.0,0.0,0.0,250.2051,0.0,0.0,0.0,0.0,0.0,18.413,0.0,0.0,44.61449999999999,45.0743,0.0,0.0,0.0,0.0,3.6345,41.456,7.664199999999999,0.0,0.0,0.0,50.5689,1.2104000000000001,18.9779,0.0,0.0,48.7645,20.448300000000003,31.417199999999998,58.454800000000006,454.0118,44.4662,0.0,0.0,0.0015
0.0,0.0,0.0,32.7288,0.0,694.395,138.07199999999997,0.0,0.0,32.4493,4.2183,0.0,32.7491,547.9535999999999,905.5704000000001,7.9282,0.0,28.183,0.0,338.1507,2136.9812999999995,0.0,23.076,144.25619999999998,205.33369999999996,0.0,0.0,0.0,0.0,0.0,36.0518,75.0415,0.0,0.0,0.0,0.0,5.7099,0.0,0.0,0.0,0.0,0.0,0.0,0.0,0.0,0.0,0.0,0.0,0.0,0.0,0.0,0.0,0.0,0.0,1.4313,0.0,0.0,0.0,0.0,0.0,0.0,10.4344,0.0,0.0,0.0,0.0,0.0,0.0,198.2484,0.0,0.0,0.0,0.0,13.302800000000001,25.377,0.0,60.6719,0.0,0.0,0.0,0.0,0.0,0.0,0.0,1.7455,0.0,0.0,0.0,0.0,0.0,250.2051,0.0,0.0,0.0,0.0,0.0,18.413,0.0,0.0,44.61449999999999,45.0743,0.0,0.0,0.0,0.0,3.6345,41.456,7.664199999999999,0.0,0.0,0.0,50.5689,1.2104000000000001,18.9779,0.0,0.0,48.7645,20.448300000000003,31.417199999999998,58.454800000000006,454.0118,44.4662,0.0,0.0,0.0015
0.0,0.0,0.0,32.7288,0.0,694.395,138.07199999999997,0.0,0.0,32.4493,4.2183,0.0,32.7491,547.9535999999999,905.5704000000001,7.9282,0.0,28.183,0.0,338.1507,2136.9812999999995,0.0,23.076,144.25619999999998,205.33369999999996,0.0,0.0,0.0,0.0,0.0,36.0518,75.0415,0.0,0.0,0.0,0.0,5.7099,0.0,0.0,0.0,0.0,0.0,0.0,0.0,0.0,0.0,0.0,0.0,0.0,0.0,0.0,0.0,0.0,0.0,1.4313,0.0,0.0,0.0,0.0,0.0,0.0,10.4344,0.0,0.0,0.0,0.0,0.0,0.0,198.2484,0.0,0.0,0.0,0.0,13.302800000000001,25.377,0.0,60.6719,0.0,0.0,0.0,0.0,0.0,0.0,0.0,1.7455,0.0,0.0,0.0,0.0,0.0,250.2051,0.0,0.0,0.0,0.0,0.0,18.413,0.0,0.0,44.61449999999999,45.0743,0.0,0.0,0.0,0.0,3.6345,41.456,7.664199999999999,0.0,0.0,0.0,50.5689,1.2104000000000001,18.9779,0.0,0.0,48.7645,20.448300000000003,31.417199999999998,58.454800000000006,454.0118,44.4662,0.0,0.0,0.0015
0.0,0.0,0.0,32.7288,0.0,694.395,138.07199999999997,0.0,0.0,32.4493,4.2183,0.0,32.7491,547.9535999999999,905.5704000000001,7.9282,0.0,28.183,0.0,338.1507,2136.9812999999995,0.0,23.076,144.25619999999998,205.33369999999996,0.0,0.0,0.0,0.0,0.0,36.0518,75.0415,0.0,0.0,0.0,0.0,5.7099,0.0,0.0,0.0,0.0,0.0,0.0,0.0,0.0,0.0,0.0,0.0,0.0,0.0,0.0,0.0,0.0,0.0,1.4313,0.0,0.0,0.0,0.0,0.0,0.0,10.4344,0.0,0.0,0.0,0.0,0.0,0.0,198.2484,0.0,0.0,0.0,0.0,13.302800000000001,25.377,0.0,60.6719,0.0,0.0,0.0,0.0,0.0,0.0,0.0,1.7455,0.0,0.0,0.0,0.0,0.0,250.2051,0.0,0.0,0.0,0.0,0.0,18.413,0.0,0.0,44.61449999999999,45.0743,0.0,0.0,0.0,0.0,3.6345,41.456,7.664199999999999,0.0,0.0,0.0,50.5689,1.2104000000000001,18.9779,0.0,0.0,48.7645,20.448300000000003,31.417199999999998,58.454800000000006,454.0118,44.4662,0.0,0.0,0.0015
0.0,0.0,0.0,32.7288,0.0,694.395,138.07199999999997,0.0,0.0,32.4493,4.2183,0.0,32.7491,547.9535999999999,905.5704000000001,7.9282,0.0,28.183,0.0,338.1507,2136.9812999999995,0.0,23.076,144.25619999999998,205.33369999999996,0.0,0.0,0.0,0.0,0.0,36.0518,75.0415,0.0,0.0,0.0,0.0,5.7099,0.0,0.0,0.0,0.0,0.0,0.0,0.0,0.0,0.0,0.0,0.0,0.0,0.0,0.0,0.0,0.0,0.0,1.4313,0.0,0.0,0.0,0.0,0.0,0.0,10.4344,0.0,0.0,0.0,0.0,0.0,0.0,198.2484,0.0,0.0,0.0,0.0,13.302800000000001,25.377,0.0,60.6719,0.0,0.0,0.0,0.0,0.0,0.0,0.0,1.7455,0.0,0.0,0.0,0.0,0.0,250.2051,0.0,0.0,0.0,0.0,0.0,18.413,0.0,0.0,44.61449999999999,45.0743,0.0,0.0,0.0,0.0,3.6345,41.456,7.664199999999999,0.0,0.0,0.0,50.5689,1.2104000000000001,18.9779,0.0,0.0,48.7645,20.448300000000003,31.417199999999998,58.454800000000006,454.0118,44.4662,0.0,0.0,0.0015
0.0,0.0,0.0,46.3163,0.0,946.9069000000001,285.65500000000003,0.0,0.0,27.4318,3.5389,0.0,35.613800000000005,479.79519999999997,770.9892,40.1253,0.0,103.3853,0.0,442.76689999999996,1988.3942000000002,0.0,75.4039,125.4556,214.68110000000001,0.0,0.0,0.0,0.0,0.0,45.52230000000001,96.825,0.0,0.0,0.0,0.0,5.9454,0.0,0.0,0.0,0.0,0.0,0.0,0.0,0.0,0.0,0.0,0.0,0.0,0.0,0.0,0.0,0.0,0.0,1.5029000000000001,0.0,0.0,0.0,0.0,0.0,0.0,10.8369,0.0,0.0,0.0,0.0,0.0,0.0,204.96359999999999,0.0,0.0,0.0,0.0,17.067800000000002,24.3319,0.0,55.655,0.0,0.0,0.0,0.0,0.0,0.0,0.0,1.5166,0.0,0.0,0.0,0.0,0.0,309.2837,0.0,0.0,0.0,0.0,0.0,17.0127,0.0,0.0,41.5329,44.4695,0.0,0.0,0.0,0.0,3.6906,33.4574,6.110799999999999,0.0,0.0,0.0,46.723,1.2661,19.0467,0.0,0.0,45.6659,22.237,29.0277,82.9041,520.5070000000001,50.5418,0.0,0.0,0.0012
0.0,0.0,0.0,46.3163,0.0,946.9069000000001,285.65500000000003,0.0,0.0,27.4318,3.5389,0.0,35.613800000000005,479.79519999999997,770.9892,40.1253,0.0,103.3853,0.0,442.76689999999996,1988.3942000000002,0.0,75.4039,125.4556,214.68110000000001,0.0,0.0,0.0,0.0,0.0,45.52230000000001,96.825,0.0,0.0,0.0,0.0,5.9454,0.0,0.0,0.0,0.0,0.0,0.0,0.0,0.0,0.0,0.0,0.0,0.0,0.0,0.0,0.0,0.0,0.0,1.5029000000000001,0.0,0.0,0.0,0.0,0.0,0.0,10.8369,0.0,0.0,0.0,0.0,0.0,0.0,204.96359999999999,0.0,0.0,0.0,0.0,17.067800000000002,24.3319,0.0,55.655,0.0,0.0,0.0,0.0,0.0,0.0,0.0,1.5166,0.0,0.0,0.0,0.0,0.0,309.2837,0.0,0.0,0.0,0.0,0.0,17.0127,0.0,0.0,41.5329,44.4695,0.0,0.0,0.0,0.0,3.6906,33.4574,6.110799999999999,0.0,0.0,0.0,46.723,1.2661,19.0467,0.0,0.0,45.6659,22.237,29.0277,82.9041,520.5070000000001,50.5418,0.0,0.0,0.0012
0.0,0.0,0.0,46.3163,0.0,946.9069000000001,285.65500000000003,0.0,0.0,27.4318,3.5389,0.0,35.613800000000005,479.79519999999997,770.9892,40.1253,0.0,103.3853,0.0,442.76689999999996,1988.3942000000002,0.0,75.4039,125.4556,214.68110000000001,0.0,0.0,0.0,0.0,0.0,45.52230000000001,96.825,0.0,0.0,0.0,0.0,5.9454,0.0,0.0,0.0,0.0,0.0,0.0,0.0,0.0,0.0,0.0,0.0,0.0,0.0,0.0,0.0,0.0,0.0,1.5029000000000001,0.0,0.0,0.0,0.0,0.0,0.0,10.8369,0.0,0.0,0.0,0.0,0.0,0.0,204.96359999999999,0.0,0.0,0.0,0.0,17.067800000000002,24.3319,0.0,55.655,0.0,0.0,0.0,0.0,0.0,0.0,0.0,1.5166,0.0,0.0,0.0,0.0,0.0,309.2837,0.0,0.0,0.0,0.0,0.0,17.0127,0.0,0.0,41.5329,44.4695,0.0,0.0,0.0,0.0,3.6906,33.4574,6.110799999999999,0.0,0.0,0.0,46.723,1.2661,19.0467,0.0,0.0,45.6659,22.237,29.0277,82.9041,520.5070000000001,50.5418,0.0,0.0,0.0012
0.0,0.0,0.0,46.3163,0.0,946.9069000000001,285.65500000000003,0.0,0.0,27.4318,3.5389,0.0,35.613800000000005,479.79519999999997,770.9892,40.1253,0.0,103.3853,0.0,442.76689999999996,1988.3942000000002,0.0,75.4039,125.4556,214.68110000000001,0.0,0.0,0.0,0.0,0.0,45.52230000000001,96.825,0.0,0.0,0.0,0.0,5.9454,0.0,0.0,0.0,0.0,0.0,0.0,0.0,0.0,0.0,0.0,0.0,0.0,0.0,0.0,0.0,0.0,0.0,1.5029000000000001,0.0,0.0,0.0,0.0,0.0,0.0,10.8369,0.0,0.0,0.0,0.0,0.0,0.0,204.96359999999999,0.0,0.0,0.0,0.0,17.067800000000002,24.3319,0.0,55.655,0.0,0.0,0.0,0.0,0.0,0.0,0.0,1.5166,0.0,0.0,0.0,0.0,0.0,309.2837,0.0,0.0,0.0,0.0,0.0,17.0127,0.0,0.0,41.5329,44.4695,0.0,0.0,0.0,0.0,3.6906,33.4574,6.110799999999999,0.0,0.0,0.0,46.723,1.2661,19.0467,0.0,0.0,45.6659,22.237,29.0277,82.9041,520.5070000000001,50.5418,0.0,0.0,0.0012
0.0,0.0,0.0,46.3163,0.0,946.9069000000001,285.65500000000003,0.0,0.0,27.4318,3.5389,0.0,35.613800000000005,479.79519999999997,770.9892,40.1253,0.0,103.3853,0.0,442.76689999999996,1988.3942000000002,0.0,75.4039,125.4556,214.68110000000001,0.0,0.0,0.0,0.0,0.0,45.52230000000001,96.825,0.0,0.0,0.0,0.0,5.9454,0.0,0.0,0.0,0.0,0.0,0.0,0.0,0.0,0.0,0.0,0.0,0.0,0.0,0.0,0.0,0.0,0.0,1.5029000000000001,0.0,0.0,0.0,0.0,0.0,0.0,10.8369,0.0,0.0,0.0,0.0,0.0,0.0,204.96359999999999,0.0,0.0,0.0,0.0,17.067800000000002,24.3319,0.0,55.655,0.0,0.0,0.0,0.0,0.0,0.0,0.0,1.5166,0.0,0.0,0.0,0.0,0.0,309.2837,0.0,0.0,0.0,0.0,0.0,17.0127,0.0,0.0,41.5329,44.4695,0.0,0.0,0.0,0.0,3.6906,33.4574,6.110799999999999,0.0,0.0,0.0,46.723,1.2661,19.0467,0.0,0.0,45.6659,22.237,29.0277,82.9041,520.5070000000001,50.5418,0.0,0.0,0.0012
0.0,0.0,0.0,46.3163,0.0,946.9069000000001,285.65500000000003,0.0,0.0,27.4318,3.5389,0.0,35.613800000000005,479.79519999999997,770.9892,40.1253,0.0,103.3853,0.0,442.76689999999996,1988.3942000000002,0.0,75.4039,125.4556,214.68110000000001,0.0,0.0,0.0,0.0,0.0,45.52230000000001,96.825,0.0,0.0,0.0,0.0,5.9454,0.0,0.0,0.0,0.0,0.0,0.0,0.0,0.0,0.0,0.0,0.0,0.0,0.0,0.0,0.0,0.0,0.0,1.5029000000000001,0.0,0.0,0.0,0.0,0.0,0.0,10.8369,0.0,0.0,0.0,0.0,0.0,0.0,204.96359999999999,0.0,0.0,0.0,0.0,17.067800000000002,24.3319,0.0,55.655,0.0,0.0,0.0,0.0,0.0,0.0,0.0,1.5166,0.0,0.0,0.0,0.0,0.0,309.2837,0.0,0.0,0.0,0.0,0.0,17.0127,0.0,0.0,41.5329,44.4695,0.0,0.0,0.0,0.0,3.6906,33.4574,6.110799999999999,0.0,0.0,0.0,46.723,1.2661,19.0467,0.0,0.0,45.6659,22.237,29.0277,82.9041,520.5070000000001,50.5418,0.0,0.0,0.0012
0.0,0.0,0.0,46.3163,0.0,946.9069000000001,285.65500000000003,0.0,0.0,27.4318,3.5389,0.0,35.613800000000005,479.79519999999997,770.9892,40.1253,0.0,103.3853,0.0,442.76689999999996,1988.3942000000002,0.0,75.4039,125.4556,214.68110000000001,0.0,0.0,0.0,0.0,0.0,45.52230000000001,96.825,0.0,0.0,0.0,0.0,5.9454,0.0,0.0,0.0,0.0,0.0,0.0,0.0,0.0,0.0,0.0,0.0,0.0,0.0,0.0,0.0,0.0,0.0,1.5029000000000001,0.0,0.0,0.0,0.0,0.0,0.0,10.8369,0.0,0.0,0.0,0.0,0.0,0.0,204.96359999999999,0.0,0.0,0.0,0.0,17.067800000000002,24.3319,0.0,55.655,0.0,0.0,0.0,0.0,0.0,0.0,0.0,1.5166,0.0,0.0,0.0,0.0,0.0,309.2837,0.0,0.0,0.0,0.0,0.0,17.0127,0.0,0.0,41.5329,44.4695,0.0,0.0,0.0,0.0,3.6906,33.4574,6.110799999999999,0.0,0.0,0.0,46.723,1.2661,19.0467,0.0,0.0,45.6659,22.237,29.0277,82.9041,520.5070000000001,50.5418,0.0,0.0,0.0012
0.0,0.0,0.0,74.8419,0.0,1411.56,336.6362,0.0,0.0,28.3562,8.0334,0.0,53.2869,495.9648,861.7967000000001,42.5313,0.0,142.40879999999999,0.0,611.6384,2438.6461,0.0,109.80430000000001,161.45740000000004,254.93900000000005,0.0,0.0,0.0,0.0,0.0,47.1663,101.60360000000001,0.0,0.0,0.0,0.0,6.8711,0.0,0.0,0.0,0.0,0.0,0.0,0.0,0.0,0.0,0.0,0.0,0.0,0.0,0.0,0.0,0.0,0.0,1.6321,0.0,0.0,0.0,0.0,0.0,0.0,12.1349,0.0,0.0,0.0,0.0,0.0,0.0,206.52370000000002,0.0,0.0,0.0,0.0,17.2507,24.5171,0.0,56.0786,0.0,0.0,0.0,0.0,0.0,0.0,0.0,1.824,0.0,0.0,0.0,0.0,0.0,392.0498,0.0,0.0,0.0,0.0,0.0,17.2391,0.0,0.0,42.116299999999995,44.7225,0.0,0.0,0.0,0.0,3.8051000000000004,33.108599999999996,5.882799999999999,0.0,0.0,0.0,47.3448,1.3022999999999998,19.0467,0.0,0.0,56.514300000000006,33.2719,29.4142,73.9272,778.8036999999999,49.500699999999995,0.0,0.0,0.0162
0.0,0.0,0.0,74.8419,0.0,1411.56,336.6362,0.0,0.0,28.3562,8.0334,0.0,53.2869,495.9648,861.7967000000001,42.5313,0.0,142.40879999999999,0.0,611.6384,2438.6461,0.0,109.80430000000001,161.45740000000004,254.93900000000005,0.0,0.0,0.0,0.0,0.0,47.1663,101.60360000000001,0.0,0.0,0.0,0.0,6.8711,0.0,0.0,0.0,0.0,0.0,0.0,0.0,0.0,0.0,0.0,0.0,0.0,0.0,0.0,0.0,0.0,0.0,1.6321,0.0,0.0,0.0,0.0,0.0,0.0,12.1349,0.0,0.0,0.0,0.0,0.0,0.0,206.52370000000002,0.0,0.0,0.0,0.0,17.2507,24.5171,0.0,56.0786,0.0,0.0,0.0,0.0,0.0,0.0,0.0,1.824,0.0,0.0,0.0,0.0,0.0,392.0498,0.0,0.0,0.0,0.0,0.0,17.2391,0.0,0.0,42.116299999999995,44.7225,0.0,0.0,0.0,0.0,3.8051000000000004,33.108599999999996,5.882799999999999,0.0,0.0,0.0,47.3448,1.3022999999999998,19.0467,0.0,0.0,56.514300000000006,33.2719,29.4142,73.9272,778.8036999999999,49.500699999999995,0.0,0.0,0.0162
0.0,0.0,0.0,74.8419,0.0,1411.56,336.6362,0.0,0.0,28.3562,8.0334,0.0,53.2869,495.9648,861.7967000000001,42.5313,0.0,142.40879999999999,0.0,611.6384,2438.6461,0.0,109.80430000000001,161.45740000000004,254.93900000000005,0.0,0.0,0.0,0.0,0.0,47.1663,101.60360000000001,0.0,0.0,0.0,0.0,6.8711,0.0,0.0,0.0,0.0,0.0,0.0,0.0,0.0,0.0,0.0,0.0,0.0,0.0,0.0,0.0,0.0,0.0,1.6321,0.0,0.0,0.0,0.0,0.0,0.0,12.1349,0.0,0.0,0.0,0.0,0.0,0.0,206.52370000000002,0.0,0.0,0.0,0.0,17.2507,24.5171,0.0,56.0786,0.0,0.0,0.0,0.0,0.0,0.0,0.0,1.824,0.0,0.0,0.0,0.0,0.0,392.0498,0.0,0.0,0.0,0.0,0.0,17.2391,0.0,0.0,42.116299999999995,44.7225,0.0,0.0,0.0,0.0,3.8051000000000004,33.108599999999996,5.882799999999999,0.0,0.0,0.0,47.3448,1.3022999999999998,19.0467,0.0,0.0,56.514300000000006,33.2719,29.4142,73.9272,778.8036999999999,49.500699999999995,0.0,0.0,0.0162
0.0,0.0,0.0,74.8419,0.0,1411.56,336.6362,0.0,0.0,28.3562,8.0334,0.0,53.2869,495.9648,861.7967000000001,42.5313,0.0,142.40879999999999,0.0,611.6384,2438.6461,0.0,109.80430000000001,161.45740000000004,254.93900000000005,0.0,0.0,0.0,0.0,0.0,47.1663,101.60360000000001,0.0,0.0,0.0,0.0,6.8711,0.0,0.0,0.0,0.0,0.0,0.0,0.0,0.0,0.0,0.0,0.0,0.0,0.0,0.0,0.0,0.0,0.0,1.6321,0.0,0.0,0.0,0.0,0.0,0.0,12.1349,0.0,0.0,0.0,0.0,0.0,0.0,206.52370000000002,0.0,0.0,0.0,0.0,17.2507,24.5171,0.0,56.0786,0.0,0.0,0.0,0.0,0.0,0.0,0.0,1.824,0.0,0.0,0.0,0.0,0.0,392.0498,0.0,0.0,0.0,0.0,0.0,17.2391,0.0,0.0,42.116299999999995,44.7225,0.0,0.0,0.0,0.0,3.8051000000000004,33.108599999999996,5.882799999999999,0.0,0.0,0.0,47.3448,1.3022999999999998,19.0467,0.0,0.0,56.514300000000006,33.2719,29.4142,73.9272,778.8036999999999,49.500699999999995,0.0,0.0,0.0162
0.0,0.0,0.0,74.8419,0.0,1411.56,336.6362,0.0,0.0,28.3562,8.0334,0.0,53.2869,495.9648,861.7967000000001,42.5313,0.0,142.40879999999999,0.0,611.6384,2438.6461,0.0,109.80430000000001,161.45740000000004,254.93900000000005,0.0,0.0,0.0,0.0,0.0,47.1663,101.60360000000001,0.0,0.0,0.0,0.0,6.8711,0.0,0.0,0.0,0.0,0.0,0.0,0.0,0.0,0.0,0.0,0.0,0.0,0.0,0.0,0.0,0.0,0.0,1.6321,0.0,0.0,0.0,0.0,0.0,0.0,12.1349,0.0,0.0,0.0,0.0,0.0,0.0,206.52370000000002,0.0,0.0,0.0,0.0,17.2507,24.5171,0.0,56.0786,0.0,0.0,0.0,0.0,0.0,0.0,0.0,1.824,0.0,0.0,0.0,0.0,0.0,392.0498,0.0,0.0,0.0,0.0,0.0,17.2391,0.0,0.0,42.116299999999995,44.7225,0.0,0.0,0.0,0.0,3.8051000000000004,33.108599999999996,5.882799999999999,0.0,0.0,0.0,47.3448,1.3022999999999998,19.0467,0.0,0.0,56.514300000000006,33.2719,29.4142,73.9272,778.8036999999999,49.500699999999995,0.0,0.0,0.0162
0.0,0.0,0.0,74.8419,0.0,1411.56,336.6362,0.0,0.0,28.3562,8.0334,0.0,53.2869,495.9648,861.7967000000001,42.5313,0.0,142.40879999999999,0.0,611.6384,2438.6461,0.0,109.80430000000001,161.45740000000004,254.93900000000005,0.0,0.0,0.0,0.0,0.0,47.1663,101.60360000000001,0.0,0.0,0.0,0.0,6.8711,0.0,0.0,0.0,0.0,0.0,0.0,0.0,0.0,0.0,0.0,0.0,0.0,0.0,0.0,0.0,0.0,0.0,1.6321,0.0,0.0,0.0,0.0,0.0,0.0,12.1349,0.0,0.0,0.0,0.0,0.0,0.0,206.52370000000002,0.0,0.0,0.0,0.0,17.2507,24.5171,0.0,56.0786,0.0,0.0,0.0,0.0,0.0,0.0,0.0,1.824,0.0,0.0,0.0,0.0,0.0,392.0498,0.0,0.0,0.0,0.0,0.0,17.2391,0.0,0.0,42.116299999999995,44.7225,0.0,0.0,0.0,0.0,3.8051000000000004,33.108599999999996,5.882799999999999,0.0,0.0,0.0,47.3448,1.3022999999999998,19.0467,0.0,0.0,56.514300000000006,33.2719,29.4142,73.9272,778.8036999999999,49.500699999999995,0.0,0.0,0.0162
0.0,0.0,0.0,74.8419,0.0,1411.56,336.6362,0.0,0.0,28.3562,8.0334,0.0,53.2869,495.9648,861.7967000000001,42.5313,0.0,142.40879999999999,0.0,611.6384,2438.6461,0.0,109.80430000000001,161.45740000000004,254.93900000000005,0.0,0.0,0.0,0.0,0.0,47.1663,101.60360000000001,0.0,0.0,0.0,0.0,6.8711,0.0,0.0,0.0,0.0,0.0,0.0,0.0,0.0,0.0,0.0,0.0,0.0,0.0,0.0,0.0,0.0,0.0,1.6321,0.0,0.0,0.0,0.0,0.0,0.0,12.1349,0.0,0.0,0.0,0.0,0.0,0.0,206.52370000000002,0.0,0.0,0.0,0.0,17.2507,24.5171,0.0,56.0786,0.0,0.0,0.0,0.0,0.0,0.0,0.0,1.824,0.0,0.0,0.0,0.0,0.0,392.0498,0.0,0.0,0.0,0.0,0.0,17.2391,0.0,0.0,42.116299999999995,44.7225,0.0,0.0,0.0,0.0,3.8051000000000004,33.108599999999996,5.882799999999999,0.0,0.0,0.0,47.3448,1.3022999999999998,19.0467,0.0,0.0,56.514300000000006,33.2719,29.4142,73.9272,778.8036999999999,49.500699999999995,0.0,0.0,0.0162
0.0,0.0,0.0,66.0977,0.0,1295.5331,193.63290000000003,0.0,0.0,30.023699999999998,6.9826,0.0,56.0241,525.1303,910.9156,38.4849,0.0,139.61039999999997,0.0,504.2664,2302.8144,0.0,109.923,197.12529999999998,308.8462999999999,0.0,0.0,0.0,0.0,0.0,50.2713,108.51910000000001,0.0,0.0,0.0,0.0,7.4581,0.0,0.0,0.0,0.0,0.0,0.0,0.0,0.0,0.0,0.0,0.0,0.0,0.0,0.0,0.0,0.0,0.0,1.747,0.0,0.0,0.0,0.0,0.0,0.0,13.9267,0.0,0.0,0.0,0.0,0.0,0.0,206.32870000000003,0.0,0.0,0.0,0.0,17.092,24.494,0.0,56.0257,0.0,0.0,0.0,0.0,0.0,0.0,0.0,1.9737,0.0,0.0,0.0,0.0,0.0,338.8955,0.0,0.0,0.0,0.0,0.0,17.8958,0.0,0.0,43.6267,44.35960000000001,0.0,0.0,0.0,0.0,3.6443,42.434000000000005,7.075399999999999,0.0,0.0,0.0,49.1482,1.2954,19.0961,0.0,0.0,56.514300000000006,34.981,30.5345,55.445299999999996,818.8091999999999,45.272,0.0,0.0,0.0047
0.0,0.0,0.0,66.0977,0.0,1295.5331,193.63290000000003,0.0,0.0,30.023699999999998,6.9826,0.0,56.0241,525.1303,910.9156,38.4849,0.0,139.61039999999997,0.0,504.2664,2302.8144,0.0,109.923,197.12529999999998,308.8462999999999,0.0,0.0,0.0,0.0,0.0,50.2713,108.51910000000001,0.0,0.0,0.0,0.0,7.4581,0.0,0.0,0.0,0.0,0.0,0.0,0.0,0.0,0.0,0.0,0.0,0.0,0.0,0.0,0.0,0.0,0.0,1.747,0.0,0.0,0.0,0.0,0.0,0.0,13.9267,0.0,0.0,0.0,0.0,0.0,0.0,206.32870000000003,0.0,0.0,0.0,0.0,17.092,24.494,0.0,56.0257,0.0,0.0,0.0,0.0,0.0,0.0,0.0,1.9737,0.0,0.0,0.0,0.0,0.0,338.8955,0.0,0.0,0.0,0.0,0.0,17.8958,0.0,0.0,43.6267,44.35960000000001,0.0,0.0,0.0,0.0,3.6443,42.434000000000005,7.075399999999999,0.0,0.0,0.0,49.1482,1.2954,19.0961,0.0,0.0,56.514300000000006,34.981,30.5345,55.445299999999996,818.8091999999999,45.272,0.0,0.0,0.0047
0.0,0.0,0.0,66.0977,0.0,1295.5331,193.63290000000003,0.0,0.0,30.023699999999998,6.9826,0.0,56.0241,525.1303,910.9156,38.4849,0.0,139.61039999999997,0.0,504.2664,2302.8144,0.0,109.923,197.12529999999998,308.8462999999999,0.0,0.0,0.0,0.0,0.0,50.2713,108.51910000000001,0.0,0.0,0.0,0.0,7.4581,0.0,0.0,0.0,0.0,0.0,0.0,0.0,0.0,0.0,0.0,0.0,0.0,0.0,0.0,0.0,0.0,0.0,1.747,0.0,0.0,0.0,0.0,0.0,0.0,13.9267,0.0,0.0,0.0,0.0,0.0,0.0,206.32870000000003,0.0,0.0,0.0,0.0,17.092,24.494,0.0,56.0257,0.0,0.0,0.0,0.0,0.0,0.0,0.0,1.9737,0.0,0.0,0.0,0.0,0.0,338.8955,0.0,0.0,0.0,0.0,0.0,17.8958,0.0,0.0,43.6267,44.35960000000001,0.0,0.0,0.0,0.0,3.6443,42.434000000000005,7.075399999999999,0.0,0.0,0.0,49.1482,1.2954,19.0961,0.0,0.0,56.514300000000006,34.981,30.5345,55.445299999999996,818.8091999999999,45.272,0.0,0.0,0.0047
0.0,0.0,0.0,66.0977,0.0,1295.5331,193.63290000000003,0.0,0.0,30.023699999999998,6.9826,0.0,56.0241,525.1303,910.9156,38.4849,0.0,139.61039999999997,0.0,504.2664,2302.8144,0.0,109.923,197.12529999999998,308.8462999999999,0.0,0.0,0.0,0.0,0.0,50.2713,108.51910000000001,0.0,0.0,0.0,0.0,7.4581,0.0,0.0,0.0,0.0,0.0,0.0,0.0,0.0,0.0,0.0,0.0,0.0,0.0,0.0,0.0,0.0,0.0,1.747,0.0,0.0,0.0,0.0,0.0,0.0,13.9267,0.0,0.0,0.0,0.0,0.0,0.0,206.32870000000003,0.0,0.0,0.0,0.0,17.092,24.494,0.0,56.0257,0.0,0.0,0.0,0.0,0.0,0.0,0.0,1.9737,0.0,0.0,0.0,0.0,0.0,338.8955,0.0,0.0,0.0,0.0,0.0,17.8958,0.0,0.0,43.6267,44.35960000000001,0.0,0.0,0.0,0.0,3.6443,42.434000000000005,7.075399999999999,0.0,0.0,0.0,49.1482,1.2954,19.0961,0.0,0.0,56.514300000000006,34.981,30.5345,55.445299999999996,818.8091999999999,45.272,0.0,0.0,0.0047
0.0,0.0,0.0,66.0977,0.0,1295.5331,193.63290000000003,0.0,0.0,30.023699999999998,6.9826,0.0,56.0241,525.1303,910.9156,38.4849,0.0,139.61039999999997,0.0,504.2664,2302.8144,0.0,109.923,197.12529999999998,308.8462999999999,0.0,0.0,0.0,0.0,0.0,50.2713,108.51910000000001,0.0,0.0,0.0,0.0,7.4581,0.0,0.0,0.0,0.0,0.0,0.0,0.0,0.0,0.0,0.0,0.0,0.0,0.0,0.0,0.0,0.0,0.0,1.747,0.0,0.0,0.0,0.0,0.0,0.0,13.9267,0.0,0.0,0.0,0.0,0.0,0.0,206.32870000000003,0.0,0.0,0.0,0.0,17.092,24.494,0.0,56.0257,0.0,0.0,0.0,0.0,0.0,0.0,0.0,1.9737,0.0,0.0,0.0,0.0,0.0,338.8955,0.0,0.0,0.0,0.0,0.0,17.8958,0.0,0.0,43.6267,44.35960000000001,0.0,0.0,0.0,0.0,3.6443,42.434000000000005,7.075399999999999,0.0,0.0,0.0,49.1482,1.2954,19.0961,0.0,0.0,56.514300000000006,34.981,30.5345,55.445299999999996,818.8091999999999,45.272,0.0,0.0,0.0047
0.0,0.0,0.0,66.0977,0.0,1295.5331,193.63290000000003,0.0,0.0,30.023699999999998,6.9826,0.0,56.0241,525.1303,910.9156,38.4849,0.0,139.61039999999997,0.0,504.2664,2302.8144,0.0,109.923,197.12529999999998,308.8462999999999,0.0,0.0,0.0,0.0,0.0,50.2713,108.51910000000001,0.0,0.0,0.0,0.0,7.4581,0.0,0.0,0.0,0.0,0.0,0.0,0.0,0.0,0.0,0.0,0.0,0.0,0.0,0.0,0.0,0.0,0.0,1.747,0.0,0.0,0.0,0.0,0.0,0.0,13.9267,0.0,0.0,0.0,0.0,0.0,0.0,206.32870000000003,0.0,0.0,0.0,0.0,17.092,24.494,0.0,56.0257,0.0,0.0,0.0,0.0,0.0,0.0,0.0,1.9737,0.0,0.0,0.0,0.0,0.0,338.8955,0.0,0.0,0.0,0.0,0.0,17.8958,0.0,0.0,43.6267,44.35960000000001,0.0,0.0,0.0,0.0,3.6443,42.434000000000005,7.075399999999999,0.0,0.0,0.0,49.1482,1.2954,19.0961,0.0,0.0,56.514300000000006,34.981,30.5345,55.445299999999996,818.8091999999999,45.272,0.0,0.0,0.0047
0.0,0.0,0.0,66.0977,0.0,1295.5331,193.63290000000003,0.0,0.0,30.023699999999998,6.9826,0.0,56.0241,525.1303,910.9156,38.4849,0.0,139.61039999999997,0.0,504.2664,2302.8144,0.0,109.923,197.12529999999998,308.8462999999999,0.0,0.0,0.0,0.0,0.0,50.2713,108.51910000000001,0.0,0.0,0.0,0.0,7.4581,0.0,0.0,0.0,0.0,0.0,0.0,0.0,0.0,0.0,0.0,0.0,0.0,0.0,0.0,0.0,0.0,0.0,1.747,0.0,0.0,0.0,0.0,0.0,0.0,13.9267,0.0,0.0,0.0,0.0,0.0,0.0,206.32870000000003,0.0,0.0,0.0,0.0,17.092,24.494,0.0,56.0257,0.0,0.0,0.0,0.0,0.0,0.0,0.0,1.9737,0.0,0.0,0.0,0.0,0.0,338.8955,0.0,0.0,0.0,0.0,0.0,17.8958,0.0,0.0,43.6267,44.35960000000001,0.0,0.0,0.0,0.0,3.6443,42.434000000000005,7.075399999999999,0.0,0.0,0.0,49.1482,1.2954,19.0961,0.0,0.0,56.514300000000006,34.981,30.5345,55.445299999999996,818.8091999999999,45.272,0.0,0.0,0.0047
0.0,0.0,0.0,60.6547,0.0,1189.271,148.85580000000002,0.0,0.0,27.189799999999998,5.2861,0.0,56.262100000000004,475.56399999999996,846.6820000000001,27.1419,0.0,102.69980000000001,0.0,438.145,1994.6380999999994,0.0,96.9092,226.2804,383.4856,0.0,0.0,0.0,0.0,0.0,78.2382,157.22969999999998,0.0,0.0,0.0,0.0,5.7716,0.0,0.0,0.0,0.0,0.0,0.0,0.0,0.0,0.0,0.0,0.0,0.0,0.0,0.0,0.0,0.0,0.0,1.6358,0.0,0.0,0.0,0.0,0.0,0.0,19.030299999999997,0.0,0.0,0.0,0.0,0.0,0.0,202.8183,0.0,0.0,0.0,0.0,16.7187,24.0772,0.0,55.0725,0.0,0.0,0.0,0.0,0.0,0.0,0.0,1.4346,0.0,0.0,0.0,0.0,0.0,237.8729,0.0,0.0,0.0,0.0,0.0,16.9259,0.0,0.0,40.999100000000006,43.8259,0.0,0.0,0.0,0.0,3.5989999999999998,44.0377,8.1931,0.0,0.0,0.0,46.4846,1.2853999999999999,18.0661,0.0,0.0,50.3894,35.1297,28.8797,50.6929,822.288,43.977399999999996,0.0,0.0,0.0
0.0,0.0,0.0,60.6547,0.0,1189.271,148.85580000000002,0.0,0.0,27.189799999999998,5.2861,0.0,56.262100000000004,475.56399999999996,846.6820000000001,27.1419,0.0,102.69980000000001,0.0,438.145,1994.6380999999994,0.0,96.9092,226.2804,383.4856,0.0,0.0,0.0,0.0,0.0,78.2382,157.22969999999998,0.0,0.0,0.0,0.0,5.7716,0.0,0.0,0.0,0.0,0.0,0.0,0.0,0.0,0.0,0.0,0.0,0.0,0.0,0.0,0.0,0.0,0.0,1.6358,0.0,0.0,0.0,0.0,0.0,0.0,19.030299999999997,0.0,0.0,0.0,0.0,0.0,0.0,202.8183,0.0,0.0,0.0,0.0,16.7187,24.0772,0.0,55.0725,0.0,0.0,0.0,0.0,0.0,0.0,0.0,1.4346,0.0,0.0,0.0,0.0,0.0,237.8729,0.0,0.0,0.0,0.0,0.0,16.9259,0.0,0.0,40.999100000000006,43.8259,0.0,0.0,0.0,0.0,3.5989999999999998,44.0377,8.1931,0.0,0.0,0.0,46.4846,1.2853999999999999,18.0661,0.0,0.0,50.3894,35.1297,28.8797,50.6929,822.288,43.977399999999996,0.0,0.0,0.0
0.0,0.0,0.0,60.6547,0.0,1189.271,148.85580000000002,0.0,0.0,27.189799999999998,5.2861,0.0,56.262100000000004,475.56399999999996,846.6820000000001,27.1419,0.0,102.69980000000001,0.0,438.145,1994.6380999999994,0.0,96.9092,226.2804,383.4856,0.0,0.0,0.0,0.0,0.0,78.2382,157.22969999999998,0.0,0.0,0.0,0.0,5.7716,0.0,0.0,0.0,0.0,0.0,0.0,0.0,0.0,0.0,0.0,0.0,0.0,0.0,0.0,0.0,0.0,0.0,1.6358,0.0,0.0,0.0,0.0,0.0,0.0,19.030299999999997,0.0,0.0,0.0,0.0,0.0,0.0,202.8183,0.0,0.0,0.0,0.0,16.7187,24.0772,0.0,55.0725,0.0,0.0,0.0,0.0,0.0,0.0,0.0,1.4346,0.0,0.0,0.0,0.0,0.0,237.8729,0.0,0.0,0.0,0.0,0.0,16.9259,0.0,0.0,40.999100000000006,43.8259,0.0,0.0,0.0,0.0,3.5989999999999998,44.0377,8.1931,0.0,0.0,0.0,46.4846,1.2853999999999999,18.0661,0.0,0.0,50.3894,35.1297,28.8797,50.6929,822.288,43.977399999999996,0.0,0.0,0.0
0.0,0.0,0.0,60.6547,0.0,1189.271,148.85580000000002,0.0,0.0,27.189799999999998,5.2861,0.0,56.262100000000004,475.56399999999996,846.6820000000001,27.1419,0.0,102.69980000000001,0.0,438.145,1994.6380999999994,0.0,96.9092,226.2804,383.4856,0.0,0.0,0.0,0.0,0.0,78.2382,157.22969999999998,0.0,0.0,0.0,0.0,5.7716,0.0,0.0,0.0,0.0,0.0,0.0,0.0,0.0,0.0,0.0,0.0,0.0,0.0,0.0,0.0,0.0,0.0,1.6358,0.0,0.0,0.0,0.0,0.0,0.0,19.030299999999997,0.0,0.0,0.0,0.0,0.0,0.0,202.8183,0.0,0.0,0.0,0.0,16.7187,24.0772,0.0,55.0725,0.0,0.0,0.0,0.0,0.0,0.0,0.0,1.4346,0.0,0.0,0.0,0.0,0.0,237.8729,0.0,0.0,0.0,0.0,0.0,16.9259,0.0,0.0,40.999100000000006,43.8259,0.0,0.0,0.0,0.0,3.5989999999999998,44.0377,8.1931,0.0,0.0,0.0,46.4846,1.2853999999999999,18.0661,0.0,0.0,50.3894,35.1297,28.8797,50.6929,822.288,43.977399999999996,0.0,0.0,0.0
0.0,0.0,0.0,60.6547,0.0,1189.271,148.85580000000002,0.0,0.0,27.189799999999998,5.2861,0.0,56.262100000000004,475.56399999999996,846.6820000000001,27.1419,0.0,102.69980000000001,0.0,438.145,1994.6380999999994,0.0,96.9092,226.2804,383.4856,0.0,0.0,0.0,0.0,0.0,78.2382,157.22969999999998,0.0,0.0,0.0,0.0,5.7716,0.0,0.0,0.0,0.0,0.0,0.0,0.0,0.0,0.0,0.0,0.0,0.0,0.0,0.0,0.0,0.0,0.0,1.6358,0.0,0.0,0.0,0.0,0.0,0.0,19.030299999999997,0.0,0.0,0.0,0.0,0.0,0.0,202.8183,0.0,0.0,0.0,0.0,16.7187,24.0772,0.0,55.0725,0.0,0.0,0.0,0.0,0.0,0.0,0.0,1.4346,0.0,0.0,0.0,0.0,0.0,237.8729,0.0,0.0,0.0,0.0,0.0,16.9259,0.0,0.0,40.999100000000006,43.8259,0.0,0.0,0.0,0.0,3.5989999999999998,44.0377,8.1931,0.0,0.0,0.0,46.4846,1.2853999999999999,18.0661,0.0,0.0,50.3894,35.1297,28.8797,50.6929,822.288,43.977399999999996,0.0,0.0,0.0
0.0,0.0,0.0,60.6547,0.0,1189.271,148.85580000000002,0.0,0.0,27.189799999999998,5.2861,0.0,56.262100000000004,475.56399999999996,846.6820000000001,27.1419,0.0,102.69980000000001,0.0,438.145,1994.6380999999994,0.0,96.9092,226.2804,383.4856,0.0,0.0,0.0,0.0,0.0,78.2382,157.22969999999998,0.0,0.0,0.0,0.0,5.7716,0.0,0.0,0.0,0.0,0.0,0.0,0.0,0.0,0.0,0.0,0.0,0.0,0.0,0.0,0.0,0.0,0.0,1.6358,0.0,0.0,0.0,0.0,0.0,0.0,19.030299999999997,0.0,0.0,0.0,0.0,0.0,0.0,202.8183,0.0,0.0,0.0,0.0,16.7187,24.0772,0.0,55.0725,0.0,0.0,0.0,0.0,0.0,0.0,0.0,1.4346,0.0,0.0,0.0,0.0,0.0,237.8729,0.0,0.0,0.0,0.0,0.0,16.9259,0.0,0.0,40.999100000000006,43.8259,0.0,0.0,0.0,0.0,3.5989999999999998,44.0377,8.1931,0.0,0.0,0.0,46.4846,1.2853999999999999,18.0661,0.0,0.0,50.3894,35.1297,28.8797,50.6929,822.288,43.977399999999996,0.0,0.0,0.0
0.0,0.0,0.0,60.6547,0.0,1189.271,148.85580000000002,0.0,0.0,27.189799999999998,5.2861,0.0,56.262100000000004,475.56399999999996,846.6820000000001,27.1419,0.0,102.69980000000001,0.0,438.145,1994.6380999999994,0.0,96.9092,226.2804,383.4856,0.0,0.0,0.0,0.0,0.0,78.2382,157.22969999999998,0.0,0.0,0.0,0.0,5.7716,0.0,0.0,0.0,0.0,0.0,0.0,0.0,0.0,0.0,0.0,0.0,0.0,0.0,0.0,0.0,0.0,0.0,1.6358,0.0,0.0,0.0,0.0,0.0,0.0,19.030299999999997,0.0,0.0,0.0,0.0,0.0,0.0,202.8183,0.0,0.0,0.0,0.0,16.7187,24.0772,0.0,55.0725,0.0,0.0,0.0,0.0,0.0,0.0,0.0,1.4346,0.0,0.0,0.0,0.0,0.0,237.8729,0.0,0.0,0.0,0.0,0.0,16.9259,0.0,0.0,40.999100000000006,43.8259,0.0,0.0,0.0,0.0,3.5989999999999998,44.0377,8.1931,0.0,0.0,0.0,46.4846,1.2853999999999999,18.0661,0.0,0.0,50.3894,35.1297,28.8797,50.6929,822.288,43.977399999999996,0.0,0.0,0.0
0.0,0.0,0.0,60.6547,0.0,1189.271,148.85580000000002,0.0,0.0,27.189799999999998,5.2861,0.0,56.262100000000004,475.56399999999996,846.6820000000001,27.1419,0.0,102.69980000000001,0.0,438.145,1994.6380999999994,0.0,96.9092,226.2804,383.4856,0.0,0.0,0.0,0.0,0.0,78.2382,157.22969999999998,0.0,0.0,0.0,0.0,5.7716,0.0,0.0,0.0,0.0,0.0,0.0,0.0,0.0,0.0,0.0,0.0,0.0,0.0,0.0,0.0,0.0,0.0,1.6358,0.0,0.0,0.0,0.0,0.0,0.0,19.030299999999997,0.0,0.0,0.0,0.0,0.0,0.0,202.8183,0.0,0.0,0.0,0.0,16.7187,24.0772,0.0,55.0725,0.0,0.0,0.0,0.0,0.0,0.0,0.0,1.4346,0.0,0.0,0.0,0.0,0.0,237.8729,0.0,0.0,0.0,0.0,0.0,16.9259,0.0,0.0,40.999100000000006,43.8259,0.0,0.0,0.0,0.0,3.5989999999999998,44.0377,8.1931,0.0,0.0,0.0,46.4846,1.2853999999999999,18.0661,0.0,0.0,50.3894,35.1297,28.8797,50.6929,822.288,43.977399999999996,0.0,0.0,0.0
